[{"Account ID": "6198751560", "Avg. CPM": 33.676471, "Advertising Channel": "Search", "Avg. CPV": 0.0, "Avg. Cost": 0.134706, "Cost": 2.29, "Campaign state": "paused", "Video played to 50%": 0.0, "Start date": "2017-07-28", "Video played to 100%": 0.0, "Interaction Rate": 25.0, "View rate": 0.0, "Advertising Sub Channel": "Search Mobile App", "Unique cookies": "", "Interaction Types": ["Clicks"], "Campaign serving status": "eligible", "Mapping": false, "Video played to 75%": 0.0, "Conversions": 11.0, "Impressions": 68, "Interactions": 17, "Date": "2017-08-02", "Avg. CPE": 0.0, "Invalid clicks": 0, "Avg. position": 1.0, "End date": "", "Engagements": 0, "Views": 0, "Campaign": "NLMB|118|1708017|AND|IN|SEM| Brand Keywords - exact | 18h - 0h", "Clicks": 17, "CTR": 25.0, "Video played to 25%": 0.0, "Campaign ID": 895659976, "Bid Strategy Type": "cpc", "Avg. CPC": 0.134706}, {"Account ID": "6198751560", "Avg. CPM": 23.441373, "Advertising Channel": "Search", "Avg. CPV": 0.0, "Avg. Cost": 0.18771, "Cost": 24.59, "Campaign state": "paused", "Video played to 50%": 0.0, "Start date": "2017-07-28", "Video played to 100%": 0.0, "Interaction Rate": 12.49, "View rate": 0.0, "Advertising Sub Channel": "Search Mobile App", "Unique cookies": "", "Interaction Types": ["Clicks"], "Campaign serving status": "eligible", "Mapping": false, "Video played to 75%": 0.0, "Conversions": 60.0, "Impressions": 1049, "Interactions": 131, "Date": "2017-08-02", "Avg. CPE": 0.0, "Invalid clicks": 10, "Avg. position": 1.0, "End date": "", "Engagements": 0, "Views": 0, "Campaign": "NLMB|118|1708017|AND|SEM| Brand Keywords - broad", "Clicks": 131, "CTR": 12.49, "Video played to 25%": 0.0, "Campaign ID": 895661260, "Bid Strategy Type": "cpc", "Avg. CPC": 0.18771}, {"Account ID": "6198751560", "Avg. CPM": 26.465296, "Advertising Channel": "Search", "Avg. CPV": 0.0, "Avg. Cost": 0.171583, "Cost": 20.59, "Campaign state": "paused", "Video played to 50%": 0.0, "Start date": "2017-07-28", "Video played to 100%": 0.0, "Interaction Rate": 15.42, "View rate": 0.0, "Advertising Sub Channel": "Search Mobile App", "Unique cookies": "", "Interaction Types": ["Clicks"], "Campaign serving status": "eligible", "Mapping": false, "Video played to 75%": 0.0, "Conversions": 7.0, "Impressions": 778, "Interactions": 120, "Date": "2017-08-02", "Avg. CPE": 0.0, "Invalid clicks": 3, "Avg. position": 1.4, "End date": "", "Engagements": 0, "Views": 0, "Campaign": "NLMB|118|1708017|AND|IN|SEM| Generic Keywords 1 - exact", "Clicks": 120, "CTR": 15.42, "Video played to 25%": 0.0, "Campaign ID": 896493012, "Bid Strategy Type": "cpc", "Avg. CPC": 0.171583}, {"Account ID": "6198751560", "Avg. CPM": 32.051282, "Advertising Channel": "Search", "Avg. CPV": 0.0, "Avg. Cost": 0.178571, "Cost": 1.25, "Campaign state": "paused", "Video played to 50%": 0.0, "Start date": "2017-07-28", "Video played to 100%": 0.0, "Interaction Rate": 17.95, "View rate": 0.0, "Advertising Sub Channel": "Search Mobile App", "Unique cookies": "", "Interaction Types": ["Clicks"], "Campaign serving status": "eligible", "Mapping": false, "Video played to 75%": 0.0, "Conversions": 1.0, "Impressions": 39, "Interactions": 7, "Date": "2017-08-02", "Avg. CPE": 0.0, "Invalid clicks": 1, "Avg. position": 1.1, "End date": "", "Engagements": 0, "Views": 0, "Campaign": "NLMB|118|1708017|AND|IN|SEM| Generic Keywords 3 - exact", "Clicks": 7, "CTR": 17.95, "Video played to 25%": 0.0, "Campaign ID": 896543028, "Bid Strategy Type": "cpc", "Avg. CPC": 0.178571}, {"Account ID": "6198751560", "Avg. CPM": 26.111111, "Advertising Channel": "Search", "Avg. CPV": 0.0, "Avg. Cost": 0.156667, "Cost": 0.47, "Campaign state": "paused", "Video played to 50%": 0.0, "Start date": "2017-07-28", "Video played to 100%": 0.0, "Interaction Rate": 16.67, "View rate": 0.0, "Advertising Sub Channel": "Search Mobile App", "Unique cookies": "", "Interaction Types": ["Clicks"], "Campaign serving status": "eligible", "Mapping": false, "Video played to 75%": 0.0, "Conversions": 3.0, "Impressions": 18, "Interactions": 3, "Date": "2017-08-02", "Avg. CPE": 0.0, "Invalid clicks": 0, "Avg. position": 1.0, "End date": "", "Engagements": 0, "Views": 0, "Campaign": "NLMB|118|1708017|AND|IN|SEM| Brand Keywords - exact | 6h - 12h", "Clicks": 3, "CTR": 16.67, "Video played to 25%": 0.0, "Campaign ID": 896576589, "Bid Strategy Type": "cpc", "Avg. CPC": 0.156667}, {"Account ID": "6198751560", "Avg. CPM": 11.944444, "Advertising Channel": "Search", "Avg. CPV": 0.0, "Avg. Cost": 0.086, "Cost": 0.43, "Campaign state": "paused", "Video played to 50%": 0.0, "Start date": "2017-07-28", "Video played to 100%": 0.0, "Interaction Rate": 13.89, "View rate": 0.0, "Advertising Sub Channel": "Search Mobile App", "Unique cookies": "", "Interaction Types": ["Clicks"], "Campaign serving status": "eligible", "Mapping": false, "Video played to 75%": 0.0, "Conversions": 3.0, "Impressions": 36, "Interactions": 5, "Date": "2017-08-02", "Avg. CPE": 0.0, "Invalid clicks": 0, "Avg. position": 1.1, "End date": "", "Engagements": 0, "Views": 0, "Campaign": "NLMB|118|1708017|AND|SEM|Brand Keywords - exact | 12h - 18h", "Clicks": 5, "CTR": 13.89, "Video played to 25%": 0.0, "Campaign ID": 895655215, "Bid Strategy Type": "cpc", "Avg. CPC": 0.086}, {"Account ID": "6198751560", "Avg. CPM": 24.89714, "Advertising Channel": "", "Avg. CPV": 0.0, "Avg. Cost": 0.175336, "Cost": 49.62, "Campaign state": "Total", "Video played to 50%": 0.0, "Start date": "", "Video played to 100%": 0.0, "Interaction Rate": 14.2, "View rate": 0.0, "Advertising Sub Channel": "", "Unique cookies": "", "Interaction Types": "", "Campaign serving status": "", "Mapping": false, "Video played to 75%": 0.0, "Conversions": 85.0, "Impressions": 1993, "Interactions": 283, "Date": "2017-08-02", "Avg. CPE": 0.0, "Invalid clicks": 14, "Avg. position": 1.2, "End date": "", "Engagements": 0, "Views": 0, "Campaign": "", "Clicks": 283, "CTR": 14.2, "Video played to 25%": 0.0, "Campaign ID": "", "Bid Strategy Type": "", "Avg. CPC": 0.175336}]