[{"Start date": "2017-07-28", "Advertising Sub Channel": "Search Mobile App", "Impressions": 68, "Avg. position": 1.0, "Campaign serving status": "eligible", "Advertising Channel": "Search", "Invalid clicks": 0, "Interactions": 17, "Video played to 50%": 0.0, "Interaction Types": ["Clicks"], "Conversions": 11.0, "Views": 0, "Engagements": 0, "Avg. CPE": 0.0, "Account Name": "VNG-PG3-Ngoa Long Mobile-Appinstall-SEM-Android", "End date": "", "Video played to 100%": 0.0, "Clicks": 17, "Avg. Cost": 0.134706, "Account ID": "6198751560", "Video played to 25%": 0.0, "View rate": 0.0, "Avg. CPV": 0.0, "Video played to 75%": 0.0, "Avg. CPM": 33.676471, "CTR": 25.0, "Campaign state": "paused", "Campaign ID": 895659976, "Interaction Rate": 25.0, "Bid Strategy Type": "cpc", "Date": "2017-08-02", "Mapping": false, "Campaign": "NLMB|118|1708017|AND|IN|SEM| Brand Keywords - exact | 18h - 0h", "Avg. CPC": 0.134706, "Unique cookies": "", "Cost": 2.29}, {"Start date": "2017-07-28", "Advertising Sub Channel": "Search Mobile App", "Impressions": 1049, "Avg. position": 1.0, "Campaign serving status": "eligible", "Advertising Channel": "Search", "Invalid clicks": 10, "Interactions": 131, "Video played to 50%": 0.0, "Interaction Types": ["Clicks"], "Conversions": 60.0, "Views": 0, "Engagements": 0, "Avg. CPE": 0.0, "Account Name": "VNG-PG3-Ngoa Long Mobile-Appinstall-SEM-Android", "End date": "", "Video played to 100%": 0.0, "Clicks": 131, "Avg. Cost": 0.18771, "Account ID": "6198751560", "Video played to 25%": 0.0, "View rate": 0.0, "Avg. CPV": 0.0, "Video played to 75%": 0.0, "Avg. CPM": 23.441373, "CTR": 12.49, "Campaign state": "paused", "Campaign ID": 895661260, "Interaction Rate": 12.49, "Bid Strategy Type": "cpc", "Date": "2017-08-02", "Mapping": false, "Campaign": "NLMB|118|1708017|AND|SEM| Brand Keywords - broad", "Avg. CPC": 0.18771, "Unique cookies": "", "Cost": 24.59}, {"Start date": "2017-07-28", "Advertising Sub Channel": "Search Mobile App", "Impressions": 778, "Avg. position": 1.4, "Campaign serving status": "eligible", "Advertising Channel": "Search", "Invalid clicks": 3, "Interactions": 120, "Video played to 50%": 0.0, "Interaction Types": ["Clicks"], "Conversions": 7.0, "Views": 0, "Engagements": 0, "Avg. CPE": 0.0, "Account Name": "VNG-PG3-Ngoa Long Mobile-Appinstall-SEM-Android", "End date": "", "Video played to 100%": 0.0, "Clicks": 120, "Avg. Cost": 0.171583, "Account ID": "6198751560", "Video played to 25%": 0.0, "View rate": 0.0, "Avg. CPV": 0.0, "Video played to 75%": 0.0, "Avg. CPM": 26.465296, "CTR": 15.42, "Campaign state": "paused", "Campaign ID": 896493012, "Interaction Rate": 15.42, "Bid Strategy Type": "cpc", "Date": "2017-08-02", "Mapping": false, "Campaign": "NLMB|118|1708017|AND|IN|SEM| Generic Keywords 1 - exact", "Avg. CPC": 0.171583, "Unique cookies": "", "Cost": 20.59}, {"Start date": "2017-07-28", "Advertising Sub Channel": "Search Mobile App", "Impressions": 39, "Avg. position": 1.1, "Campaign serving status": "eligible", "Advertising Channel": "Search", "Invalid clicks": 1, "Interactions": 7, "Video played to 50%": 0.0, "Interaction Types": ["Clicks"], "Conversions": 1.0, "Views": 0, "Engagements": 0, "Avg. CPE": 0.0, "Account Name": "VNG-PG3-Ngoa Long Mobile-Appinstall-SEM-Android", "End date": "", "Video played to 100%": 0.0, "Clicks": 7, "Avg. Cost": 0.178571, "Account ID": "6198751560", "Video played to 25%": 0.0, "View rate": 0.0, "Avg. CPV": 0.0, "Video played to 75%": 0.0, "Avg. CPM": 32.051282, "CTR": 17.95, "Campaign state": "paused", "Campaign ID": 896543028, "Interaction Rate": 17.95, "Bid Strategy Type": "cpc", "Date": "2017-08-02", "Mapping": false, "Campaign": "NLMB|118|1708017|AND|IN|SEM| Generic Keywords 3 - exact", "Avg. CPC": 0.178571, "Unique cookies": "", "Cost": 1.25}, {"Start date": "2017-07-28", "Advertising Sub Channel": "Search Mobile App", "Impressions": 18, "Avg. position": 1.0, "Campaign serving status": "eligible", "Advertising Channel": "Search", "Invalid clicks": 0, "Interactions": 3, "Video played to 50%": 0.0, "Interaction Types": ["Clicks"], "Conversions": 3.0, "Views": 0, "Engagements": 0, "Avg. CPE": 0.0, "Account Name": "VNG-PG3-Ngoa Long Mobile-Appinstall-SEM-Android", "End date": "", "Video played to 100%": 0.0, "Clicks": 3, "Avg. Cost": 0.156667, "Account ID": "6198751560", "Video played to 25%": 0.0, "View rate": 0.0, "Avg. CPV": 0.0, "Video played to 75%": 0.0, "Avg. CPM": 26.111111, "CTR": 16.67, "Campaign state": "paused", "Campaign ID": 896576589, "Interaction Rate": 16.67, "Bid Strategy Type": "cpc", "Date": "2017-08-02", "Mapping": false, "Campaign": "NLMB|118|1708017|AND|IN|SEM| Brand Keywords - exact | 6h - 12h", "Avg. CPC": 0.156667, "Unique cookies": "", "Cost": 0.47}, {"Start date": "2017-07-28", "Advertising Sub Channel": "Search Mobile App", "Impressions": 36, "Avg. position": 1.1, "Campaign serving status": "eligible", "Advertising Channel": "Search", "Invalid clicks": 0, "Interactions": 5, "Video played to 50%": 0.0, "Interaction Types": ["Clicks"], "Conversions": 3.0, "Views": 0, "Engagements": 0, "Avg. CPE": 0.0, "Account Name": "VNG-PG3-Ngoa Long Mobile-Appinstall-SEM-Android", "End date": "", "Video played to 100%": 0.0, "Clicks": 5, "Avg. Cost": 0.086, "Account ID": "6198751560", "Video played to 25%": 0.0, "View rate": 0.0, "Avg. CPV": 0.0, "Video played to 75%": 0.0, "Avg. CPM": 11.944444, "CTR": 13.89, "Campaign state": "paused", "Campaign ID": 895655215, "Interaction Rate": 13.89, "Bid Strategy Type": "cpc", "Date": "2017-08-02", "Mapping": false, "Campaign": "NLMB|118|1708017|AND|SEM|Brand Keywords - exact | 12h - 18h", "Avg. CPC": 0.086, "Unique cookies": "", "Cost": 0.43}, {"Start date": "", "Advertising Sub Channel": "", "Impressions": 1993, "Avg. position": 1.2, "Campaign serving status": "", "Advertising Channel": "", "Invalid clicks": 14, "Interactions": 283, "Video played to 50%": 0.0, "Interaction Types": "", "Conversions": 85.0, "Views": 0, "Engagements": 0, "Avg. CPE": 0.0, "Account Name": "VNG-PG3-Ngoa Long Mobile-Appinstall-SEM-Android", "End date": "", "Video played to 100%": 0.0, "Clicks": 283, "Avg. Cost": 0.175336, "Account ID": "6198751560", "Video played to 25%": 0.0, "View rate": 0.0, "Avg. CPV": 0.0, "Video played to 75%": 0.0, "Avg. CPM": 24.89714, "CTR": 14.2, "Campaign state": "Total", "Campaign ID": "", "Interaction Rate": 14.2, "Bid Strategy Type": "", "Date": "2017-08-02", "Mapping": false, "Campaign": "", "Avg. CPC": 0.175336, "Unique cookies": "", "Cost": 49.62}]