[{"Account ID": "6360800174", "Avg. CPM": 2.724771, "Advertising Channel": "Multi Channel", "Avg. CPV": 0.007484, "Avg. Cost": 0.068309, "Cost": 76.36987, "Campaign state": "enabled", "Video played to 50%": 36.94, "Start date": "2017-07-19", "Video played to 100%": 33.33, "Interaction Rate": 3.99, "View rate": 23.53, "Advertising Sub Channel": "Universal App Campaign", "Unique cookies": "", "Interaction Types": ["Clicks", "Engagements", "Views"], "Campaign serving status": "eligible", "Mapping": false, "Video played to 75%": 36.04, "Conversions": 276.0, "Impressions": 28028, "Interactions": 1118, "Date": "2017-08-01", "Avg. CPE": 0.009978, "Invalid clicks": 50, "Avg. position": 1.2, "End date": "", "Engagements": 6, "Views": 8, "Campaign": "TNUH|261|1707096|AND|IN|Admob_UAC 6 ph\u00e1i", "Clicks": 1109, "CTR": 3.96, "Video played to 25%": 42.34, "Campaign ID": 887293890, "Bid Strategy Type": "Target CPA", "Avg. CPC": 0.068864}, {"Account ID": "6360800174", "Avg. CPM": 1.649799, "Advertising Channel": "Multi Channel", "Avg. CPV": 0.01334, "Avg. Cost": 0.060338, "Cost": 59.61384, "Campaign state": "enabled", "Video played to 50%": 11.48, "Start date": "2017-07-15", "Video played to 100%": 8.34, "Interaction Rate": 2.73, "View rate": 14.73, "Advertising Sub Channel": "Universal App Campaign", "Unique cookies": "", "Interaction Types": ["Clicks", "Engagements", "Views"], "Campaign serving status": "eligible", "Mapping": false, "Video played to 75%": 9.53, "Conversions": 219.0, "Impressions": 36134, "Interactions": 988, "Date": "2017-08-01", "Avg. CPE": 0.067589, "Invalid clicks": 110, "Avg. position": 2.2, "End date": "", "Engagements": 15, "Views": 76, "Campaign": "TNUH|261|1707096|AND|IN|Admob_UAC CGI", "Clicks": 912, "CTR": 2.52, "Video played to 25%": 14.41, "Campaign ID": 884073093, "Bid Strategy Type": "Target CPA", "Avg. CPC": 0.065366}, {"Account ID": "6360800174", "Avg. CPM": 3.426433, "Advertising Channel": "Multi Channel", "Avg. CPV": 0.010102, "Avg. Cost": 0.079435, "Cost": 62.03899, "Campaign state": "enabled", "Video played to 50%": 19.16, "Start date": "2017-07-15", "Video played to 100%": 15.38, "Interaction Rate": 4.31, "View rate": 15.71, "Advertising Sub Channel": "Universal App Campaign", "Unique cookies": "", "Interaction Types": ["Clicks", "Engagements", "Views"], "Campaign serving status": "eligible", "Mapping": false, "Video played to 75%": 16.56, "Conversions": 195.0, "Impressions": 18106, "Interactions": 781, "Date": "2017-08-01", "Avg. CPE": 0.01934, "Invalid clicks": 75, "Avg. position": 1.8, "End date": "", "Engagements": 47, "Views": 88, "Campaign": "TNUH|261|1707096|AND|IN|Admob_UAC Ingame", "Clicks": 688, "CTR": 3.8, "Video played to 25%": 26.45, "Campaign ID": 884071395, "Bid Strategy Type": "Target CPA", "Avg. CPC": 0.090173}, {"Account ID": "6360800174", "Avg. CPM": 2.407044, "Advertising Channel": "", "Avg. CPV": 0.011411, "Avg. Cost": 0.068591, "Cost": 198.0227, "Campaign state": "Total", "Video played to 50%": 18.07, "Start date": "", "Video played to 100%": 14.42, "Interaction Rate": 3.51, "View rate": 15.5, "Advertising Sub Channel": "", "Unique cookies": "", "Interaction Types": "", "Campaign serving status": "", "Mapping": false, "Video played to 75%": 15.63, "Conversions": 690.0, "Impressions": 82268, "Interactions": 2887, "Date": "2017-08-01", "Avg. CPE": 0.029157, "Invalid clicks": 235, "Avg. position": 1.8, "End date": "", "Engagements": 68, "Views": 172, "Campaign": "", "Clicks": 2709, "CTR": 3.29, "Video played to 25%": 24.46, "Campaign ID": "", "Bid Strategy Type": "", "Avg. CPC": 0.073098}]