[{"Bid Strategy Type": "cpc", "Account Name": "[paused] G1 - WPL - tvc360-3", "End date": "", "Advertising Channel": "Search", "Mapping": false, "Campaign": "Gen-term_2_FH-G-3Q_game 3q-bmm", "Date": "2017-05-02", "Avg. CPE": 0.0, "Video played to 50%": 0.0, "Clicks": 2, "Cost": 0.27, "Video played to 25%": 0.0, "Interaction Types": ["Clicks"], "Campaign state": "paused", "Avg. position": 1.0, "Interactions": 2, "View rate": 0.0, "Campaign serving status": "eligible", "Engagements": 0, "Avg. Cost": 0.135, "Conversions": 0.0, "Avg. CPV": 0.0, "Invalid clicks": 0, "Unique cookies": "", "Campaign ID": 763975417, "Views": 0, "Interaction Rate": 7.14, "Advertising Sub Channel": "", "Account ID": "1124503774", "Video played to 100%": 0.0, "CTR": 7.14, "Start date": "2017-02-27", "Avg. CPC": 0.135, "Video played to 75%": 0.0, "Impressions": 28, "Avg. CPM": 9.642857}, {"Bid Strategy Type": "cpc", "Account Name": "[paused] G1 - WPL - tvc360-3", "End date": "", "Advertising Channel": "Search", "Mapping": false, "Campaign": "Gen-term_2_FH-G-GVL_game vo lam-bmm", "Date": "2017-05-02", "Avg. CPE": 0.0, "Video played to 50%": 0.0, "Clicks": 2, "Cost": 0.26, "Video played to 25%": 0.0, "Interaction Types": ["Clicks"], "Campaign state": "paused", "Avg. position": 2.0, "Interactions": 2, "View rate": 0.0, "Campaign serving status": "eligible", "Engagements": 0, "Avg. Cost": 0.13, "Conversions": 1.0, "Avg. CPV": 0.0, "Invalid clicks": 0, "Unique cookies": "", "Campaign ID": 763975435, "Views": 0, "Interaction Rate": 20.0, "Advertising Sub Channel": "", "Account ID": "1124503774", "Video played to 100%": 0.0, "CTR": 20.0, "Start date": "2017-02-27", "Avg. CPC": 0.13, "Video played to 75%": 0.0, "Impressions": 10, "Avg. CPM": 26.0}, {"Bid Strategy Type": "cpc", "Account Name": "[paused] G1 - WPL - tvc360-3", "End date": "", "Advertising Channel": "Search", "Mapping": false, "Campaign": "Gen-term_2_FH-G-TT_game truc tuyen-bmm", "Date": "2017-05-02", "Avg. CPE": 0.0, "Video played to 50%": 0.0, "Clicks": 17, "Cost": 1.79, "Video played to 25%": 0.0, "Interaction Types": ["Clicks"], "Campaign state": "paused", "Avg. position": 1.1, "Interactions": 17, "View rate": 0.0, "Campaign serving status": "eligible", "Engagements": 0, "Avg. Cost": 0.105294, "Conversions": 4.0, "Avg. CPV": 0.0, "Invalid clicks": 1, "Unique cookies": "", "Campaign ID": 763975582, "Views": 0, "Interaction Rate": 11.89, "Advertising Sub Channel": "", "Account ID": "1124503774", "Video played to 100%": 0.0, "CTR": 11.89, "Start date": "2017-02-27", "Avg. CPC": 0.105294, "Video played to 75%": 0.0, "Impressions": 143, "Avg. CPM": 12.517483}, {"Bid Strategy Type": "cpc", "Account Name": "[paused] G1 - WPL - tvc360-3", "End date": "", "Advertising Channel": "Search", "Mapping": false, "Campaign": "Gen-term_2_FH-G-NEW_game moi nhat-ex", "Date": "2017-05-02", "Avg. CPE": 0.0, "Video played to 50%": 0.0, "Clicks": 13, "Cost": 1.99, "Video played to 25%": 0.0, "Interaction Types": ["Clicks"], "Campaign state": "paused", "Avg. position": 1.2, "Interactions": 13, "View rate": 0.0, "Campaign serving status": "eligible", "Engagements": 0, "Avg. Cost": 0.153077, "Conversions": 4.0, "Avg. CPV": 0.0, "Invalid clicks": 0, "Unique cookies": "", "Campaign ID": 763976044, "Views": 0, "Interaction Rate": 27.08, "Advertising Sub Channel": "", "Account ID": "1124503774", "Video played to 100%": 0.0, "CTR": 27.08, "Start date": "2017-02-27", "Avg. CPC": 0.153077, "Video played to 75%": 0.0, "Impressions": 48, "Avg. CPM": 41.458333}, {"Bid Strategy Type": "cpc", "Account Name": "[paused] G1 - WPL - tvc360-3", "End date": "", "Advertising Channel": "Search", "Mapping": false, "Campaign": "Gen-term_2_FH-W-W_webgame-ex", "Date": "2017-05-02", "Avg. CPE": 0.0, "Video played to 50%": 0.0, "Clicks": 2, "Cost": 0.19, "Video played to 25%": 0.0, "Interaction Types": ["Clicks"], "Campaign state": "paused", "Avg. position": 1.7, "Interactions": 2, "View rate": 0.0, "Campaign serving status": "eligible", "Engagements": 0, "Avg. Cost": 0.095, "Conversions": 0.0, "Avg. CPV": 0.0, "Invalid clicks": 0, "Unique cookies": "", "Campaign ID": 763976080, "Views": 0, "Interaction Rate": 28.57, "Advertising Sub Channel": "", "Account ID": "1124503774", "Video played to 100%": 0.0, "CTR": 28.57, "Start date": "2017-02-27", "Avg. CPC": 0.095, "Video played to 75%": 0.0, "Impressions": 7, "Avg. CPM": 27.142857}, {"Bid Strategy Type": "cpc", "Account Name": "[paused] G1 - WPL - tvc360-3", "End date": "", "Advertising Channel": "Search", "Mapping": false, "Campaign": "Gen-term_2_FH-G-3Q_game tam qu\u1ed1c-bmm", "Date": "2017-05-02", "Avg. CPE": 0.0, "Video played to 50%": 0.0, "Clicks": 11, "Cost": 1.19, "Video played to 25%": 0.0, "Interaction Types": ["Clicks"], "Campaign state": "paused", "Avg. position": 1.7, "Interactions": 11, "View rate": 0.0, "Campaign serving status": "eligible", "Engagements": 0, "Avg. Cost": 0.108182, "Conversions": 1.0, "Avg. CPV": 0.0, "Invalid clicks": 0, "Unique cookies": "", "Campaign ID": 763975411, "Views": 0, "Interaction Rate": 14.67, "Advertising Sub Channel": "", "Account ID": "1124503774", "Video played to 100%": 0.0, "CTR": 14.67, "Start date": "2017-02-27", "Avg. CPC": 0.108182, "Video played to 75%": 0.0, "Impressions": 75, "Avg. CPM": 15.866667}, {"Bid Strategy Type": "cpc", "Account Name": "[paused] G1 - WPL - tvc360-3", "End date": "", "Advertising Channel": "Search", "Mapping": false, "Campaign": "Gen-term_2_FH-G-HAY_game hay nh\u1ea5t-ex", "Date": "2017-05-02", "Avg. CPE": 0.0, "Video played to 50%": 0.0, "Clicks": 3, "Cost": 0.45, "Video played to 25%": 0.0, "Interaction Types": ["Clicks"], "Campaign state": "paused", "Avg. position": 1.2, "Interactions": 3, "View rate": 0.0, "Campaign serving status": "eligible", "Engagements": 0, "Avg. Cost": 0.15, "Conversions": 2.0, "Avg. CPV": 0.0, "Invalid clicks": 0, "Unique cookies": "", "Campaign ID": 763976050, "Views": 0, "Interaction Rate": 15.0, "Advertising Sub Channel": "", "Account ID": "1124503774", "Video played to 100%": 0.0, "CTR": 15.0, "Start date": "2017-02-27", "Avg. CPC": 0.15, "Video played to 75%": 0.0, "Impressions": 20, "Avg. CPM": 22.5}, {"Bid Strategy Type": "cpc", "Account Name": "[paused] G1 - WPL - tvc360-3", "End date": "", "Advertising Channel": "Search", "Mapping": false, "Campaign": "Gen-term_2_FH-G-3D_game 3d-bmm", "Date": "2017-05-02", "Avg. CPE": 0.0, "Video played to 50%": 0.0, "Clicks": 131, "Cost": 7.49, "Video played to 25%": 0.0, "Interaction Types": ["Clicks"], "Campaign state": "paused", "Avg. position": 1.5, "Interactions": 131, "View rate": 0.0, "Campaign serving status": "eligible", "Engagements": 0, "Avg. Cost": 0.057176, "Conversions": 6.0, "Avg. CPV": 0.0, "Invalid clicks": 8, "Unique cookies": "", "Campaign ID": 763975588, "Views": 0, "Interaction Rate": 16.69, "Advertising Sub Channel": "", "Account ID": "1124503774", "Video played to 100%": 0.0, "CTR": 16.69, "Start date": "2017-02-27", "Avg. CPC": 0.057176, "Video played to 75%": 0.0, "Impressions": 785, "Avg. CPM": 9.541401}, {"Bid Strategy Type": "cpc", "Account Name": "[paused] G1 - WPL - tvc360-3", "End date": "", "Advertising Channel": "Search", "Mapping": false, "Campaign": "Gen-term_2_FH-G-HAY_game hay nhat-phr", "Date": "2017-05-02", "Avg. CPE": 0.0, "Video played to 50%": 0.0, "Clicks": 5, "Cost": 0.77, "Video played to 25%": 0.0, "Interaction Types": ["Clicks"], "Campaign state": "paused", "Avg. position": 1.2, "Interactions": 5, "View rate": 0.0, "Campaign serving status": "eligible", "Engagements": 0, "Avg. Cost": 0.154, "Conversions": 0.0, "Avg. CPV": 0.0, "Invalid clicks": 0, "Unique cookies": "", "Campaign ID": 763978747, "Views": 0, "Interaction Rate": 12.82, "Advertising Sub Channel": "", "Account ID": "1124503774", "Video played to 100%": 0.0, "CTR": 12.82, "Start date": "2017-02-27", "Avg. CPC": 0.154, "Video played to 75%": 0.0, "Impressions": 39, "Avg. CPM": 19.74359}, {"Bid Strategy Type": "cpc", "Account Name": "[paused] G1 - WPL - tvc360-3", "End date": "", "Advertising Channel": "Search", "Mapping": false, "Campaign": "Gen-term_2_FH-G-KH_game kiem hiep-bmm", "Date": "2017-05-02", "Avg. CPE": 0.0, "Video played to 50%": 0.0, "Clicks": 8, "Cost": 1.12, "Video played to 25%": 0.0, "Interaction Types": ["Clicks"], "Campaign state": "paused", "Avg. position": 1.7, "Interactions": 8, "View rate": 0.0, "Campaign serving status": "eligible", "Engagements": 0, "Avg. Cost": 0.14, "Conversions": 0.0, "Avg. CPV": 0.0, "Invalid clicks": 0, "Unique cookies": "", "Campaign ID": 763975423, "Views": 0, "Interaction Rate": 42.11, "Advertising Sub Channel": "", "Account ID": "1124503774", "Video played to 100%": 0.0, "CTR": 42.11, "Start date": "2017-02-27", "Avg. CPC": 0.14, "Video played to 75%": 0.0, "Impressions": 19, "Avg. CPM": 58.947368}, {"Bid Strategy Type": "cpc", "Account Name": "[paused] G1 - WPL - tvc360-3", "End date": "", "Advertising Channel": "Search", "Mapping": false, "Campaign": "Gen-term_2_FH-G-GO_game online-bmm", "Date": "2017-05-02", "Avg. CPE": 0.0, "Video played to 50%": 0.0, "Clicks": 488, "Cost": 29.16, "Video played to 25%": 0.0, "Interaction Types": ["Clicks"], "Campaign state": "paused", "Avg. position": 1.8, "Interactions": 488, "View rate": 0.0, "Campaign serving status": "eligible", "Engagements": 0, "Avg. Cost": 0.059754, "Conversions": 44.0, "Avg. CPV": 0.0, "Invalid clicks": 22, "Unique cookies": "", "Campaign ID": 763975567, "Views": 0, "Interaction Rate": 11.34, "Advertising Sub Channel": "", "Account ID": "1124503774", "Video played to 100%": 0.0, "CTR": 11.34, "Start date": "2017-02-27", "Avg. CPC": 0.059754, "Video played to 75%": 0.0, "Impressions": 4302, "Avg. CPM": 6.778243}, {"Bid Strategy Type": "cpc", "Account Name": "[paused] G1 - WPL - tvc360-3", "End date": "", "Advertising Channel": "Search", "Mapping": false, "Campaign": "Gen-term_2_MT-G-G16_game 2016 hay nh\u1ea5t-bmm", "Date": "2017-05-02", "Avg. CPE": 0.0, "Video played to 50%": 0.0, "Clicks": 1, "Cost": 0.2, "Video played to 25%": 0.0, "Interaction Types": ["Clicks"], "Campaign state": "paused", "Avg. position": 1.0, "Interactions": 1, "View rate": 0.0, "Campaign serving status": "eligible", "Engagements": 0, "Avg. Cost": 0.2, "Conversions": 0.0, "Avg. CPV": 0.0, "Invalid clicks": 0, "Unique cookies": "", "Campaign ID": 763975648, "Views": 0, "Interaction Rate": 100.0, "Advertising Sub Channel": "", "Account ID": "1124503774", "Video played to 100%": 0.0, "CTR": 100.0, "Start date": "2017-02-27", "Avg. CPC": 0.2, "Video played to 75%": 0.0, "Impressions": 1, "Avg. CPM": 200.0}, {"Bid Strategy Type": "cpc", "Account Name": "[paused] G1 - WPL - tvc360-3", "End date": "", "Advertising Channel": "Search", "Mapping": false, "Campaign": "Gen-term_2_FH-G-TT_game truc tuyen-phr", "Date": "2017-05-02", "Avg. CPE": 0.0, "Video played to 50%": 0.0, "Clicks": 2, "Cost": 0.3, "Video played to 25%": 0.0, "Interaction Types": ["Clicks"], "Campaign state": "paused", "Avg. position": 1.3, "Interactions": 2, "View rate": 0.0, "Campaign serving status": "eligible", "Engagements": 0, "Avg. Cost": 0.15, "Conversions": 0.0, "Avg. CPV": 0.0, "Invalid clicks": 0, "Unique cookies": "", "Campaign ID": 763978717, "Views": 0, "Interaction Rate": 16.67, "Advertising Sub Channel": "", "Account ID": "1124503774", "Video played to 100%": 0.0, "CTR": 16.67, "Start date": "2017-02-27", "Avg. CPC": 0.15, "Video played to 75%": 0.0, "Impressions": 12, "Avg. CPM": 25.0}, {"Bid Strategy Type": "cpc", "Account Name": "[paused] G1 - WPL - tvc360-3", "End date": "", "Advertising Channel": "Search", "Mapping": false, "Campaign": "Gen-term_2_MT-G-GO_game online hay-phr", "Date": "2017-05-02", "Avg. CPE": 0.0, "Video played to 50%": 0.0, "Clicks": 29, "Cost": 2.21, "Video played to 25%": 0.0, "Interaction Types": ["Clicks"], "Campaign state": "paused", "Avg. position": 2.0, "Interactions": 29, "View rate": 0.0, "Campaign serving status": "eligible", "Engagements": 0, "Avg. Cost": 0.076207, "Conversions": 4.0, "Avg. CPV": 0.0, "Invalid clicks": 0, "Unique cookies": "", "Campaign ID": 763981579, "Views": 0, "Interaction Rate": 10.28, "Advertising Sub Channel": "", "Account ID": "1124503774", "Video played to 100%": 0.0, "CTR": 10.28, "Start date": "2017-02-27", "Avg. CPC": 0.076207, "Video played to 75%": 0.0, "Impressions": 282, "Avg. CPM": 7.836879}, {"Bid Strategy Type": "cpc", "Account Name": "[paused] G1 - WPL - tvc360-3", "End date": "", "Advertising Channel": "Search", "Mapping": false, "Campaign": "Gen-term_2_FH-G-NV_game nhap vai-bmm", "Date": "2017-05-02", "Avg. CPE": 0.0, "Video played to 50%": 0.0, "Clicks": 2, "Cost": 0.2, "Video played to 25%": 0.0, "Interaction Types": ["Clicks"], "Campaign state": "paused", "Avg. position": 3.3, "Interactions": 2, "View rate": 0.0, "Campaign serving status": "eligible", "Engagements": 0, "Avg. Cost": 0.1, "Conversions": 0.0, "Avg. CPV": 0.0, "Invalid clicks": 0, "Unique cookies": "", "Campaign ID": 763983031, "Views": 0, "Interaction Rate": 12.5, "Advertising Sub Channel": "", "Account ID": "1124503774", "Video played to 100%": 0.0, "CTR": 12.5, "Start date": "2017-02-27", "Avg. CPC": 0.1, "Video played to 75%": 0.0, "Impressions": 16, "Avg. CPM": 12.5}, {"Bid Strategy Type": "cpc", "Account Name": "[paused] G1 - WPL - tvc360-3", "End date": "", "Advertising Channel": "Search", "Mapping": false, "Campaign": "Gen-term_2_MT-G-3Q_game 3q tam quoc-bmm", "Date": "2017-05-02", "Avg. CPE": 0.0, "Video played to 50%": 0.0, "Clicks": 2, "Cost": 0.36, "Video played to 25%": 0.0, "Interaction Types": ["Clicks"], "Campaign state": "paused", "Avg. position": 1.0, "Interactions": 2, "View rate": 0.0, "Campaign serving status": "eligible", "Engagements": 0, "Avg. Cost": 0.18, "Conversions": 1.0, "Avg. CPV": 0.0, "Invalid clicks": 0, "Unique cookies": "", "Campaign ID": 763983556, "Views": 0, "Interaction Rate": 66.67, "Advertising Sub Channel": "", "Account ID": "1124503774", "Video played to 100%": 0.0, "CTR": 66.67, "Start date": "2017-02-27", "Avg. CPC": 0.18, "Video played to 75%": 0.0, "Impressions": 3, "Avg. CPM": 120.0}, {"Bid Strategy Type": "cpc", "Account Name": "[paused] G1 - WPL - tvc360-3", "End date": "", "Advertising Channel": "Search", "Mapping": false, "Campaign": "Gen-term_2_MT-G-GO_game online m\u1edbi-phr", "Date": "2017-05-02", "Avg. CPE": 0.0, "Video played to 50%": 0.0, "Clicks": 1, "Cost": 0.08, "Video played to 25%": 0.0, "Interaction Types": ["Clicks"], "Campaign state": "paused", "Avg. position": 2.5, "Interactions": 1, "View rate": 0.0, "Campaign serving status": "eligible", "Engagements": 0, "Avg. Cost": 0.08, "Conversions": 0.0, "Avg. CPV": 0.0, "Invalid clicks": 0, "Unique cookies": "", "Campaign ID": 763981570, "Views": 0, "Interaction Rate": 50.0, "Advertising Sub Channel": "", "Account ID": "1124503774", "Video played to 100%": 0.0, "CTR": 50.0, "Start date": "2017-02-27", "Avg. CPC": 0.08, "Video played to 75%": 0.0, "Impressions": 2, "Avg. CPM": 40.0}, {"Bid Strategy Type": "cpc", "Account Name": "[paused] G1 - WPL - tvc360-3", "End date": "", "Advertising Channel": "Search", "Mapping": false, "Campaign": "Gen-term_2_FH-W-HAY_webgame hay-bmm", "Date": "2017-05-02", "Avg. CPE": 0.0, "Video played to 50%": 0.0, "Clicks": 1, "Cost": 0.08, "Video played to 25%": 0.0, "Interaction Types": ["Clicks"], "Campaign state": "paused", "Avg. position": 1.2, "Interactions": 1, "View rate": 0.0, "Campaign serving status": "eligible", "Engagements": 0, "Avg. Cost": 0.08, "Conversions": 0.0, "Avg. CPV": 0.0, "Invalid clicks": 0, "Unique cookies": "", "Campaign ID": 763983100, "Views": 0, "Interaction Rate": 20.0, "Advertising Sub Channel": "", "Account ID": "1124503774", "Video played to 100%": 0.0, "CTR": 20.0, "Start date": "2017-02-27", "Avg. CPC": 0.08, "Video played to 75%": 0.0, "Impressions": 5, "Avg. CPM": 16.0}, {"Bid Strategy Type": "cpc", "Account Name": "[paused] G1 - WPL - tvc360-3", "End date": "", "Advertising Channel": "Search", "Mapping": false, "Campaign": "Gen-term_2_FH-G-TH_game ti\u00ean hi\u1ec7p-bmm", "Date": "2017-05-02", "Avg. CPE": 0.0, "Video played to 50%": 0.0, "Clicks": 4, "Cost": 0.22, "Video played to 25%": 0.0, "Interaction Types": ["Clicks"], "Campaign state": "paused", "Avg. position": 1.5, "Interactions": 4, "View rate": 0.0, "Campaign serving status": "eligible", "Engagements": 0, "Avg. Cost": 0.055, "Conversions": 3.0, "Avg. CPV": 0.0, "Invalid clicks": 0, "Unique cookies": "", "Campaign ID": 763975426, "Views": 0, "Interaction Rate": 28.57, "Advertising Sub Channel": "", "Account ID": "1124503774", "Video played to 100%": 0.0, "CTR": 28.57, "Start date": "2017-02-27", "Avg. CPC": 0.055, "Video played to 75%": 0.0, "Impressions": 14, "Avg. CPM": 15.714286}, {"Bid Strategy Type": "cpc", "Account Name": "[paused] G1 - WPL - tvc360-3", "End date": "", "Advertising Channel": "Search", "Mapping": false, "Campaign": "Gen-term_2_FH-G-G16_game 2016-bmm", "Date": "2017-05-02", "Avg. CPE": 0.0, "Video played to 50%": 0.0, "Clicks": 6, "Cost": 0.88, "Video played to 25%": 0.0, "Interaction Types": ["Clicks"], "Campaign state": "paused", "Avg. position": 1.7, "Interactions": 6, "View rate": 0.0, "Campaign serving status": "eligible", "Engagements": 0, "Avg. Cost": 0.146667, "Conversions": 1.0, "Avg. CPV": 0.0, "Invalid clicks": 0, "Unique cookies": "", "Campaign ID": 763975594, "Views": 0, "Interaction Rate": 13.95, "Advertising Sub Channel": "", "Account ID": "1124503774", "Video played to 100%": 0.0, "CTR": 13.95, "Start date": "2017-02-27", "Avg. CPC": 0.146667, "Video played to 75%": 0.0, "Impressions": 43, "Avg. CPM": 20.465116}, {"Bid Strategy Type": "cpc", "Account Name": "[paused] G1 - WPL - tvc360-3", "End date": "", "Advertising Channel": "Search", "Mapping": false, "Campaign": "Gen-term_2_FH-G-TT_game tr\u1ef1c tuy\u1ebfn-phr", "Date": "2017-05-02", "Avg. CPE": 0.0, "Video played to 50%": 0.0, "Clicks": 6, "Cost": 0.41, "Video played to 25%": 0.0, "Interaction Types": ["Clicks"], "Campaign state": "paused", "Avg. position": 1.5, "Interactions": 6, "View rate": 0.0, "Campaign serving status": "eligible", "Engagements": 0, "Avg. Cost": 0.068333, "Conversions": 1.0, "Avg. CPV": 0.0, "Invalid clicks": 0, "Unique cookies": "", "Campaign ID": 763978714, "Views": 0, "Interaction Rate": 13.33, "Advertising Sub Channel": "", "Account ID": "1124503774", "Video played to 100%": 0.0, "CTR": 13.33, "Start date": "2017-02-27", "Avg. CPC": 0.068333, "Video played to 75%": 0.0, "Impressions": 45, "Avg. CPM": 9.111111}, {"Bid Strategy Type": "cpc", "Account Name": "[paused] G1 - WPL - tvc360-3", "End date": "", "Advertising Channel": "Search", "Mapping": false, "Campaign": "Gen-term_2_FH-G-TH_game tien hiep-bmm", "Date": "2017-05-02", "Avg. CPE": 0.0, "Video played to 50%": 0.0, "Clicks": 1, "Cost": 0.11, "Video played to 25%": 0.0, "Interaction Types": ["Clicks"], "Campaign state": "paused", "Avg. position": 1.0, "Interactions": 1, "View rate": 0.0, "Campaign serving status": "eligible", "Engagements": 0, "Avg. Cost": 0.11, "Conversions": 1.0, "Avg. CPV": 0.0, "Invalid clicks": 0, "Unique cookies": "", "Campaign ID": 763975429, "Views": 0, "Interaction Rate": 100.0, "Advertising Sub Channel": "", "Account ID": "1124503774", "Video played to 100%": 0.0, "CTR": 100.0, "Start date": "2017-02-27", "Avg. CPC": 0.11, "Video played to 75%": 0.0, "Impressions": 1, "Avg. CPM": 110.0}, {"Bid Strategy Type": "cpc", "Account Name": "[paused] G1 - WPL - tvc360-3", "End date": "", "Advertising Channel": "Search", "Mapping": false, "Campaign": "Gen-term_2_FH-G-MT_game m\u00e1y t\u00ednh-bmm", "Date": "2017-05-02", "Avg. CPE": 0.0, "Video played to 50%": 0.0, "Clicks": 1, "Cost": 0.05, "Video played to 25%": 0.0, "Interaction Types": ["Clicks"], "Campaign state": "paused", "Avg. position": 2.4, "Interactions": 1, "View rate": 0.0, "Campaign serving status": "eligible", "Engagements": 0, "Avg. Cost": 0.05, "Conversions": 0.0, "Avg. CPV": 0.0, "Invalid clicks": 0, "Unique cookies": "", "Campaign ID": 763975573, "Views": 0, "Interaction Rate": 3.03, "Advertising Sub Channel": "", "Account ID": "1124503774", "Video played to 100%": 0.0, "CTR": 3.03, "Start date": "2017-02-27", "Avg. CPC": 0.05, "Video played to 75%": 0.0, "Impressions": 33, "Avg. CPM": 1.515152}, {"Bid Strategy Type": "cpc", "Account Name": "[paused] G1 - WPL - tvc360-3", "End date": "", "Advertising Channel": "Search", "Mapping": false, "Campaign": "Gen-term_2_FH-G-MT_game may tinh-bmm", "Date": "2017-05-02", "Avg. CPE": 0.0, "Video played to 50%": 0.0, "Clicks": 42, "Cost": 4.16, "Video played to 25%": 0.0, "Interaction Types": ["Clicks"], "Campaign state": "paused", "Avg. position": 1.5, "Interactions": 42, "View rate": 0.0, "Campaign serving status": "eligible", "Engagements": 0, "Avg. Cost": 0.099048, "Conversions": 2.0, "Avg. CPV": 0.0, "Invalid clicks": 0, "Unique cookies": "", "Campaign ID": 763975576, "Views": 0, "Interaction Rate": 6.39, "Advertising Sub Channel": "", "Account ID": "1124503774", "Video played to 100%": 0.0, "CTR": 6.39, "Start date": "2017-02-27", "Avg. CPC": 0.099048, "Video played to 75%": 0.0, "Impressions": 657, "Avg. CPM": 6.331811}, {"Bid Strategy Type": "cpc", "Account Name": "[paused] G1 - WPL - tvc360-3", "End date": "", "Advertising Channel": "Search", "Mapping": false, "Campaign": "Gen-term_2_FH-G-GO_game online-phr", "Date": "2017-05-02", "Avg. CPE": 0.0, "Video played to 50%": 0.0, "Clicks": 193, "Cost": 11.5, "Video played to 25%": 0.0, "Interaction Types": ["Clicks"], "Campaign state": "paused", "Avg. position": 1.5, "Interactions": 193, "View rate": 0.0, "Campaign serving status": "eligible", "Engagements": 0, "Avg. Cost": 0.059585, "Conversions": 15.0, "Avg. CPV": 0.0, "Invalid clicks": 7, "Unique cookies": "", "Campaign ID": 763978702, "Views": 0, "Interaction Rate": 12.97, "Advertising Sub Channel": "", "Account ID": "1124503774", "Video played to 100%": 0.0, "CTR": 12.97, "Start date": "2017-02-27", "Avg. CPC": 0.059585, "Video played to 75%": 0.0, "Impressions": 1488, "Avg. CPM": 7.728495}, {"Bid Strategy Type": "cpc", "Account Name": "[paused] G1 - WPL - tvc360-3", "End date": "", "Advertising Channel": "Search", "Mapping": false, "Campaign": "Gen-term_2_FH-G-3D_game 3d-phr", "Date": "2017-05-02", "Avg. CPE": 0.0, "Video played to 50%": 0.0, "Clicks": 2, "Cost": 0.16, "Video played to 25%": 0.0, "Interaction Types": ["Clicks"], "Campaign state": "paused", "Avg. position": 1.0, "Interactions": 2, "View rate": 0.0, "Campaign serving status": "eligible", "Engagements": 0, "Avg. Cost": 0.08, "Conversions": 0.0, "Avg. CPV": 0.0, "Invalid clicks": 0, "Unique cookies": "", "Campaign ID": 763978723, "Views": 0, "Interaction Rate": 25.0, "Advertising Sub Channel": "", "Account ID": "1124503774", "Video played to 100%": 0.0, "CTR": 25.0, "Start date": "2017-02-27", "Avg. CPC": 0.08, "Video played to 75%": 0.0, "Impressions": 8, "Avg. CPM": 20.0}, {"Bid Strategy Type": "cpc", "Account Name": "[paused] G1 - WPL - tvc360-3", "End date": "", "Advertising Channel": "Search", "Mapping": false, "Campaign": "Gen-term_2_FH-G-NEW_game m\u1edbi-phr", "Date": "2017-05-02", "Avg. CPE": 0.0, "Video played to 50%": 0.0, "Clicks": 3, "Cost": 0.2, "Video played to 25%": 0.0, "Interaction Types": ["Clicks"], "Campaign state": "paused", "Avg. position": 3.2, "Interactions": 3, "View rate": 0.0, "Campaign serving status": "eligible", "Engagements": 0, "Avg. Cost": 0.066667, "Conversions": 1.0, "Avg. CPV": 0.0, "Invalid clicks": 0, "Unique cookies": "", "Campaign ID": 763978732, "Views": 0, "Interaction Rate": 3.57, "Advertising Sub Channel": "", "Account ID": "1124503774", "Video played to 100%": 0.0, "CTR": 3.57, "Start date": "2017-02-27", "Avg. CPC": 0.066667, "Video played to 75%": 0.0, "Impressions": 84, "Avg. CPM": 2.380952}, {"Bid Strategy Type": "cpc", "Account Name": "[paused] G1 - WPL - tvc360-3", "End date": "", "Advertising Channel": "Search", "Mapping": false, "Campaign": "Gen-term_2_MT-G-GO_game online nhap vai-phr", "Date": "2017-05-02", "Avg. CPE": 0.0, "Video played to 50%": 0.0, "Clicks": 1, "Cost": 0.14, "Video played to 25%": 0.0, "Interaction Types": ["Clicks"], "Campaign state": "paused", "Avg. position": 2.1, "Interactions": 1, "View rate": 0.0, "Campaign serving status": "eligible", "Engagements": 0, "Avg. Cost": 0.14, "Conversions": 0.0, "Avg. CPV": 0.0, "Invalid clicks": 0, "Unique cookies": "", "Campaign ID": 763981417, "Views": 0, "Interaction Rate": 5.88, "Advertising Sub Channel": "", "Account ID": "1124503774", "Video played to 100%": 0.0, "CTR": 5.88, "Start date": "2017-02-27", "Avg. CPC": 0.14, "Video played to 75%": 0.0, "Impressions": 17, "Avg. CPM": 8.235294}, {"Bid Strategy Type": "cpc", "Account Name": "[paused] G1 - WPL - tvc360-3", "End date": "", "Advertising Channel": "Search", "Mapping": false, "Campaign": "Gen-term_2_MT-G-GO_game online hay nh\u1ea5t-phr", "Date": "2017-05-02", "Avg. CPE": 0.0, "Video played to 50%": 0.0, "Clicks": 19, "Cost": 1.52, "Video played to 25%": 0.0, "Interaction Types": ["Clicks"], "Campaign state": "paused", "Avg. position": 1.1, "Interactions": 19, "View rate": 0.0, "Campaign serving status": "eligible", "Engagements": 0, "Avg. Cost": 0.08, "Conversions": 1.0, "Avg. CPV": 0.0, "Invalid clicks": 1, "Unique cookies": "", "Campaign ID": 763981582, "Views": 0, "Interaction Rate": 16.1, "Advertising Sub Channel": "", "Account ID": "1124503774", "Video played to 100%": 0.0, "CTR": 16.1, "Start date": "2017-02-27", "Avg. CPC": 0.08, "Video played to 75%": 0.0, "Impressions": 118, "Avg. CPM": 12.881356}, {"Bid Strategy Type": "cpc", "Account Name": "[paused] G1 - WPL - tvc360-3", "End date": "", "Advertising Channel": "Search", "Mapping": false, "Campaign": "Gen-term_2_FH-G-HAY_game hay-phr", "Date": "2017-05-02", "Avg. CPE": 0.0, "Video played to 50%": 0.0, "Clicks": 53, "Cost": 3.94, "Video played to 25%": 0.0, "Interaction Types": ["Clicks"], "Campaign state": "paused", "Avg. position": 1.5, "Interactions": 53, "View rate": 0.0, "Campaign serving status": "eligible", "Engagements": 0, "Avg. Cost": 0.07434, "Conversions": 3.0, "Avg. CPV": 0.0, "Invalid clicks": 0, "Unique cookies": "", "Campaign ID": 763978741, "Views": 0, "Interaction Rate": 8.52, "Advertising Sub Channel": "", "Account ID": "1124503774", "Video played to 100%": 0.0, "CTR": 8.52, "Start date": "2017-02-27", "Avg. CPC": 0.07434, "Video played to 75%": 0.0, "Impressions": 622, "Avg. CPM": 6.334405}, {"Bid Strategy Type": "cpc", "Account Name": "[paused] G1 - WPL - tvc360-3", "End date": "", "Advertising Channel": "Search", "Mapping": false, "Campaign": "Gen-term_2_MT-W-NV_webgame nhap vai hay nhat-bmm", "Date": "2017-05-02", "Avg. CPE": 0.0, "Video played to 50%": 0.0, "Clicks": 1, "Cost": 0.14, "Video played to 25%": 0.0, "Interaction Types": ["Clicks"], "Campaign state": "paused", "Avg. position": 1.0, "Interactions": 1, "View rate": 0.0, "Campaign serving status": "eligible", "Engagements": 0, "Avg. Cost": 0.14, "Conversions": 0.0, "Avg. CPV": 0.0, "Invalid clicks": 0, "Unique cookies": "", "Campaign ID": 764276129, "Views": 0, "Interaction Rate": 100.0, "Advertising Sub Channel": "", "Account ID": "1124503774", "Video played to 100%": 0.0, "CTR": 100.0, "Start date": "2017-02-27", "Avg. CPC": 0.14, "Video played to 75%": 0.0, "Impressions": 1, "Avg. CPM": 140.0}, {"Bid Strategy Type": "cpc", "Account Name": "[paused] G1 - WPL - tvc360-3", "End date": "", "Advertising Channel": "Search", "Mapping": false, "Campaign": "Gen-term_2_MT-G-GO_game online m\u1edbi nh\u1ea5t-phr", "Date": "2017-05-02", "Avg. CPE": 0.0, "Video played to 50%": 0.0, "Clicks": 1, "Cost": 0.19, "Video played to 25%": 0.0, "Interaction Types": ["Clicks"], "Campaign state": "paused", "Avg. position": 1.3, "Interactions": 1, "View rate": 0.0, "Campaign serving status": "eligible", "Engagements": 0, "Avg. Cost": 0.19, "Conversions": 0.0, "Avg. CPV": 0.0, "Invalid clicks": 0, "Unique cookies": "", "Campaign ID": 763981573, "Views": 0, "Interaction Rate": 25.0, "Advertising Sub Channel": "", "Account ID": "1124503774", "Video played to 100%": 0.0, "CTR": 25.0, "Start date": "2017-02-27", "Avg. CPC": 0.19, "Video played to 75%": 0.0, "Impressions": 4, "Avg. CPM": 47.5}, {"Bid Strategy Type": "cpc", "Account Name": "[paused] G1 - WPL - tvc360-3", "End date": "", "Advertising Channel": "Search", "Mapping": false, "Campaign": "Gen-term_2_MT-G-GO_game online hay nhat-phr", "Date": "2017-05-02", "Avg. CPE": 0.0, "Video played to 50%": 0.0, "Clicks": 25, "Cost": 2.04, "Video played to 25%": 0.0, "Interaction Types": ["Clicks"], "Campaign state": "paused", "Avg. position": 1.0, "Interactions": 25, "View rate": 0.0, "Campaign serving status": "eligible", "Engagements": 0, "Avg. Cost": 0.0816, "Conversions": 2.0, "Avg. CPV": 0.0, "Invalid clicks": 1, "Unique cookies": "", "Campaign ID": 763981585, "Views": 0, "Interaction Rate": 13.37, "Advertising Sub Channel": "", "Account ID": "1124503774", "Video played to 100%": 0.0, "CTR": 13.37, "Start date": "2017-02-27", "Avg. CPC": 0.0816, "Video played to 75%": 0.0, "Impressions": 187, "Avg. CPM": 10.909091}, {"Bid Strategy Type": "cpc", "Account Name": "[paused] G1 - WPL - tvc360-3", "End date": "", "Advertising Channel": "Search", "Mapping": false, "Campaign": "Gen-term_2_FH-G-NV_game nh\u1eadp vai-bmm", "Date": "2017-05-02", "Avg. CPE": 0.0, "Video played to 50%": 0.0, "Clicks": 4, "Cost": 0.31, "Video played to 25%": 0.0, "Interaction Types": ["Clicks"], "Campaign state": "paused", "Avg. position": 2.5, "Interactions": 4, "View rate": 0.0, "Campaign serving status": "eligible", "Engagements": 0, "Avg. Cost": 0.0775, "Conversions": 1.0, "Avg. CPV": 0.0, "Invalid clicks": 1, "Unique cookies": "", "Campaign ID": 763983028, "Views": 0, "Interaction Rate": 5.88, "Advertising Sub Channel": "", "Account ID": "1124503774", "Video played to 100%": 0.0, "CTR": 5.88, "Start date": "2017-02-27", "Avg. CPC": 0.0775, "Video played to 75%": 0.0, "Impressions": 68, "Avg. CPM": 4.558824}, {"Bid Strategy Type": "cpc", "Account Name": "[paused] G1 - WPL - tvc360-3", "End date": "", "Advertising Channel": "Search", "Mapping": false, "Campaign": "Gen-term_2_FH-GTT-BM-MOR", "Date": "2017-05-02", "Avg. CPE": 0.0, "Video played to 50%": 0.0, "Clicks": 27, "Cost": 2.1, "Video played to 25%": 0.0, "Interaction Types": ["Clicks"], "Campaign state": "paused", "Avg. position": 1.5, "Interactions": 27, "View rate": 0.0, "Campaign serving status": "eligible", "Engagements": 0, "Avg. Cost": 0.077778, "Conversions": 8.0, "Avg. CPV": 0.0, "Invalid clicks": 0, "Unique cookies": "", "Campaign ID": 764277248, "Views": 0, "Interaction Rate": 31.76, "Advertising Sub Channel": "", "Account ID": "1124503774", "Video played to 100%": 0.0, "CTR": 31.76, "Start date": "2017-02-27", "Avg. CPC": 0.077778, "Video played to 75%": 0.0, "Impressions": 85, "Avg. CPM": 24.705882}, {"Bid Strategy Type": "cpc", "Account Name": "[paused] G1 - WPL - tvc360-3", "End date": "", "Advertising Channel": "Search", "Mapping": false, "Campaign": "Gen-term_2_FH-GMT-BM-MOR", "Date": "2017-05-02", "Avg. CPE": 0.0, "Video played to 50%": 0.0, "Clicks": 4, "Cost": 0.74, "Video played to 25%": 0.0, "Interaction Types": ["Clicks"], "Campaign state": "paused", "Avg. position": 2.8, "Interactions": 4, "View rate": 0.0, "Campaign serving status": "eligible", "Engagements": 0, "Avg. Cost": 0.185, "Conversions": 1.0, "Avg. CPV": 0.0, "Invalid clicks": 0, "Unique cookies": "", "Campaign ID": 764277278, "Views": 0, "Interaction Rate": 11.11, "Advertising Sub Channel": "", "Account ID": "1124503774", "Video played to 100%": 0.0, "CTR": 11.11, "Start date": "2017-02-27", "Avg. CPC": 0.185, "Video played to 75%": 0.0, "Impressions": 36, "Avg. CPM": 20.555556}, {"Bid Strategy Type": "cpc", "Account Name": "[paused] G1 - WPL - tvc360-3", "End date": "", "Advertising Channel": "Search", "Mapping": false, "Campaign": "Gen-term_2_MT-G-3D_game 3d online-bmm", "Date": "2017-05-02", "Avg. CPE": 0.0, "Video played to 50%": 0.0, "Clicks": 3, "Cost": 0.18, "Video played to 25%": 0.0, "Interaction Types": ["Clicks"], "Campaign state": "paused", "Avg. position": 1.2, "Interactions": 3, "View rate": 0.0, "Campaign serving status": "eligible", "Engagements": 0, "Avg. Cost": 0.06, "Conversions": 0.0, "Avg. CPV": 0.0, "Invalid clicks": 0, "Unique cookies": "", "Campaign ID": 764277023, "Views": 0, "Interaction Rate": 12.0, "Advertising Sub Channel": "", "Account ID": "1124503774", "Video played to 100%": 0.0, "CTR": 12.0, "Start date": "2017-02-27", "Avg. CPC": 0.06, "Video played to 75%": 0.0, "Impressions": 25, "Avg. CPM": 7.2}, {"Bid Strategy Type": "cpc", "Account Name": "[paused] G1 - WPL - tvc360-3", "End date": "", "Advertising Channel": "Search", "Mapping": false, "Campaign": "Gen-term_2_MT-GO-BMM-MOR", "Date": "2017-05-02", "Avg. CPE": 0.0, "Video played to 50%": 0.0, "Clicks": 11, "Cost": 0.78, "Video played to 25%": 0.0, "Interaction Types": ["Clicks"], "Campaign state": "paused", "Avg. position": 1.5, "Interactions": 11, "View rate": 0.0, "Campaign serving status": "eligible", "Engagements": 0, "Avg. Cost": 0.070909, "Conversions": 3.0, "Avg. CPV": 0.0, "Invalid clicks": 0, "Unique cookies": "", "Campaign ID": 764277110, "Views": 0, "Interaction Rate": 14.67, "Advertising Sub Channel": "", "Account ID": "1124503774", "Video played to 100%": 0.0, "CTR": 14.67, "Start date": "2017-02-27", "Avg. CPC": 0.070909, "Video played to 75%": 0.0, "Impressions": 75, "Avg. CPM": 10.4}, {"Bid Strategy Type": "cpc", "Account Name": "[paused] G1 - WPL - tvc360-3", "End date": "", "Advertising Channel": "Search", "Mapping": false, "Campaign": "Gen-term_2_MT-GO-Exact-MOR", "Date": "2017-05-02", "Avg. CPE": 0.0, "Video played to 50%": 0.0, "Clicks": 2, "Cost": 0.12, "Video played to 25%": 0.0, "Interaction Types": ["Clicks"], "Campaign state": "paused", "Avg. position": 2.0, "Interactions": 2, "View rate": 0.0, "Campaign serving status": "eligible", "Engagements": 0, "Avg. Cost": 0.06, "Conversions": 1.0, "Avg. CPV": 0.0, "Invalid clicks": 0, "Unique cookies": "", "Campaign ID": 764277116, "Views": 0, "Interaction Rate": 50.0, "Advertising Sub Channel": "", "Account ID": "1124503774", "Video played to 100%": 0.0, "CTR": 50.0, "Start date": "2017-02-27", "Avg. CPC": 0.06, "Video played to 75%": 0.0, "Impressions": 4, "Avg. CPM": 30.0}, {"Bid Strategy Type": "cpc", "Account Name": "[paused] G1 - WPL - tvc360-3", "End date": "", "Advertising Channel": "Search", "Mapping": false, "Campaign": "Gen-term_2_FH-G-NEW_game m\u1edbi-bmm", "Date": "2017-05-02", "Avg. CPE": 0.0, "Video played to 50%": 0.0, "Clicks": 8, "Cost": 0.54, "Video played to 25%": 0.0, "Interaction Types": ["Clicks"], "Campaign state": "paused", "Avg. position": 2.1, "Interactions": 8, "View rate": 0.0, "Campaign serving status": "eligible", "Engagements": 0, "Avg. Cost": 0.0675, "Conversions": 0.0, "Avg. CPV": 0.0, "Invalid clicks": 1, "Unique cookies": "", "Campaign ID": 764301540, "Views": 0, "Interaction Rate": 20.51, "Advertising Sub Channel": "", "Account ID": "1124503774", "Video played to 100%": 0.0, "CTR": 20.51, "Start date": "2017-02-27", "Avg. CPC": 0.0675, "Video played to 75%": 0.0, "Impressions": 39, "Avg. CPM": 13.846154}, {"Bid Strategy Type": "cpc", "Account Name": "[paused] G1 - WPL - tvc360-3", "End date": "", "Advertising Channel": "Search", "Mapping": false, "Campaign": "Gen-term_2_MT-G-VL_game v\u00f5 l\u00e2m online-bmm", "Date": "2017-05-02", "Avg. CPE": 0.0, "Video played to 50%": 0.0, "Clicks": 2, "Cost": 0.39, "Video played to 25%": 0.0, "Interaction Types": ["Clicks"], "Campaign state": "paused", "Avg. position": 1.0, "Interactions": 2, "View rate": 0.0, "Campaign serving status": "eligible", "Engagements": 0, "Avg. Cost": 0.195, "Conversions": 0.0, "Avg. CPV": 0.0, "Invalid clicks": 0, "Unique cookies": "", "Campaign ID": 764302710, "Views": 0, "Interaction Rate": 40.0, "Advertising Sub Channel": "", "Account ID": "1124503774", "Video played to 100%": 0.0, "CTR": 40.0, "Start date": "2017-02-27", "Avg. CPC": 0.195, "Video played to 75%": 0.0, "Impressions": 5, "Avg. CPM": 78.0}, {"Bid Strategy Type": "cpc", "Account Name": "[paused] G1 - WPL - tvc360-3", "End date": "", "Advertising Channel": "Search", "Mapping": false, "Campaign": "Gen-term_2_FH-G-NEW_game m\u1edbi nh\u1ea5t-bmm", "Date": "2017-05-02", "Avg. CPE": 0.0, "Video played to 50%": 0.0, "Clicks": 3, "Cost": 0.2, "Video played to 25%": 0.0, "Interaction Types": ["Clicks"], "Campaign state": "paused", "Avg. position": 2.0, "Interactions": 3, "View rate": 0.0, "Campaign serving status": "eligible", "Engagements": 0, "Avg. Cost": 0.066667, "Conversions": 0.0, "Avg. CPV": 0.0, "Invalid clicks": 0, "Unique cookies": "", "Campaign ID": 764301543, "Views": 0, "Interaction Rate": 2.8, "Advertising Sub Channel": "", "Account ID": "1124503774", "Video played to 100%": 0.0, "CTR": 2.8, "Start date": "2017-02-27", "Avg. CPC": 0.066667, "Video played to 75%": 0.0, "Impressions": 107, "Avg. CPM": 1.869159}, {"Bid Strategy Type": "cpc", "Account Name": "[paused] G1 - WPL - tvc360-3", "End date": "", "Advertising Channel": "Search", "Mapping": false, "Campaign": "Gen-term_2_FH-G-NEW_game moi nhat-bmm", "Date": "2017-05-02", "Avg. CPE": 0.0, "Video played to 50%": 0.0, "Clicks": 6, "Cost": 0.47, "Video played to 25%": 0.0, "Interaction Types": ["Clicks"], "Campaign state": "paused", "Avg. position": 2.3, "Interactions": 6, "View rate": 0.0, "Campaign serving status": "eligible", "Engagements": 0, "Avg. Cost": 0.078333, "Conversions": 3.0, "Avg. CPV": 0.0, "Invalid clicks": 0, "Unique cookies": "", "Campaign ID": 764301546, "Views": 0, "Interaction Rate": 37.5, "Advertising Sub Channel": "", "Account ID": "1124503774", "Video played to 100%": 0.0, "CTR": 37.5, "Start date": "2017-02-27", "Avg. CPC": 0.078333, "Video played to 75%": 0.0, "Impressions": 16, "Avg. CPM": 29.375}, {"Bid Strategy Type": "cpc", "Account Name": "[paused] G1 - WPL - tvc360-3", "End date": "", "Advertising Channel": "Search", "Mapping": false, "Campaign": "Gen-term_2_FH-G-3Q_game tam qu\u1ed1c-phr", "Date": "2017-05-02", "Avg. CPE": 0.0, "Video played to 50%": 0.0, "Clicks": 11, "Cost": 1.42, "Video played to 25%": 0.0, "Interaction Types": ["Clicks"], "Campaign state": "paused", "Avg. position": 1.3, "Interactions": 11, "View rate": 0.0, "Campaign serving status": "eligible", "Engagements": 0, "Avg. Cost": 0.129091, "Conversions": 3.0, "Avg. CPV": 0.0, "Invalid clicks": 0, "Unique cookies": "", "Campaign ID": 764305677, "Views": 0, "Interaction Rate": 20.37, "Advertising Sub Channel": "", "Account ID": "1124503774", "Video played to 100%": 0.0, "CTR": 20.37, "Start date": "2017-02-27", "Avg. CPC": 0.129091, "Video played to 75%": 0.0, "Impressions": 54, "Avg. CPM": 26.296296}, {"Bid Strategy Type": "cpc", "Account Name": "[paused] G1 - WPL - tvc360-3", "End date": "", "Advertising Channel": "Search", "Mapping": false, "Campaign": "Gen-term_2_MT-G-3D_game 3d pc-bmm", "Date": "2017-05-02", "Avg. CPE": 0.0, "Video played to 50%": 0.0, "Clicks": 1, "Cost": 0.05, "Video played to 25%": 0.0, "Interaction Types": ["Clicks"], "Campaign state": "paused", "Avg. position": 1.5, "Interactions": 1, "View rate": 0.0, "Campaign serving status": "eligible", "Engagements": 0, "Avg. Cost": 0.05, "Conversions": 0.0, "Avg. CPV": 0.0, "Invalid clicks": 1, "Unique cookies": "", "Campaign ID": 764306793, "Views": 0, "Interaction Rate": 50.0, "Advertising Sub Channel": "", "Account ID": "1124503774", "Video played to 100%": 0.0, "CTR": 50.0, "Start date": "2017-02-27", "Avg. CPC": 0.05, "Video played to 75%": 0.0, "Impressions": 2, "Avg. CPM": 25.0}, {"Bid Strategy Type": "cpc", "Account Name": "[paused] G1 - WPL - tvc360-3", "End date": "", "Advertising Channel": "Search", "Mapping": false, "Campaign": "Gen-term_2_FH-G-TT_game tr\u1ef1c tuy\u1ebfn-ex", "Date": "2017-05-02", "Avg. CPE": 0.0, "Video played to 50%": 0.0, "Clicks": 2, "Cost": 0.39, "Video played to 25%": 0.0, "Interaction Types": ["Clicks"], "Campaign state": "paused", "Avg. position": 1.6, "Interactions": 2, "View rate": 0.0, "Campaign serving status": "eligible", "Engagements": 0, "Avg. Cost": 0.195, "Conversions": 1.0, "Avg. CPV": 0.0, "Invalid clicks": 0, "Unique cookies": "", "Campaign ID": 764307063, "Views": 0, "Interaction Rate": 13.33, "Advertising Sub Channel": "", "Account ID": "1124503774", "Video played to 100%": 0.0, "CTR": 13.33, "Start date": "2017-02-27", "Avg. CPC": 0.195, "Video played to 75%": 0.0, "Impressions": 15, "Avg. CPM": 26.0}, {"Bid Strategy Type": "cpc", "Account Name": "[paused] G1 - WPL - tvc360-3", "End date": "", "Advertising Channel": "Search", "Mapping": false, "Campaign": "Gen-term_2_FH-G-NEW_game m\u1edbi-ex", "Date": "2017-05-02", "Avg. CPE": 0.0, "Video played to 50%": 0.0, "Clicks": 4, "Cost": 0.28, "Video played to 25%": 0.0, "Interaction Types": ["Clicks"], "Campaign state": "paused", "Avg. position": 1.2, "Interactions": 4, "View rate": 0.0, "Campaign serving status": "eligible", "Engagements": 0, "Avg. Cost": 0.07, "Conversions": 0.0, "Avg. CPV": 0.0, "Invalid clicks": 0, "Unique cookies": "", "Campaign ID": 764307081, "Views": 0, "Interaction Rate": 28.57, "Advertising Sub Channel": "", "Account ID": "1124503774", "Video played to 100%": 0.0, "CTR": 28.57, "Start date": "2017-02-27", "Avg. CPC": 0.07, "Video played to 75%": 0.0, "Impressions": 14, "Avg. CPM": 20.0}, {"Bid Strategy Type": "cpc", "Account Name": "[paused] G1 - WPL - tvc360-3", "End date": "", "Advertising Channel": "Search", "Mapping": false, "Campaign": "Gen-term_2_MT-G-NV_game nh\u1eadp vai online-ex", "Date": "2017-05-02", "Avg. CPE": 0.0, "Video played to 50%": 0.0, "Clicks": 2, "Cost": 0.23, "Video played to 25%": 0.0, "Interaction Types": ["Clicks"], "Campaign state": "paused", "Avg. position": 2.2, "Interactions": 2, "View rate": 0.0, "Campaign serving status": "eligible", "Engagements": 0, "Avg. Cost": 0.115, "Conversions": 1.0, "Avg. CPV": 0.0, "Invalid clicks": 0, "Unique cookies": "", "Campaign ID": 764307090, "Views": 0, "Interaction Rate": 18.18, "Advertising Sub Channel": "", "Account ID": "1124503774", "Video played to 100%": 0.0, "CTR": 18.18, "Start date": "2017-02-27", "Avg. CPC": 0.115, "Video played to 75%": 0.0, "Impressions": 11, "Avg. CPM": 20.909091}, {"Bid Strategy Type": "cpc", "Account Name": "[paused] G1 - WPL - tvc360-3", "End date": "", "Advertising Channel": "Search", "Mapping": false, "Campaign": "Gen-term_2_MT-G-3D_game 3d m\u1edbi nh\u1ea5t-bmm", "Date": "2017-05-02", "Avg. CPE": 0.0, "Video played to 50%": 0.0, "Clicks": 1, "Cost": 0.12, "Video played to 25%": 0.0, "Interaction Types": ["Clicks"], "Campaign state": "paused", "Avg. position": 1.2, "Interactions": 1, "View rate": 0.0, "Campaign serving status": "eligible", "Engagements": 0, "Avg. Cost": 0.12, "Conversions": 0.0, "Avg. CPV": 0.0, "Invalid clicks": 0, "Unique cookies": "", "Campaign ID": 764277044, "Views": 0, "Interaction Rate": 20.0, "Advertising Sub Channel": "", "Account ID": "1124503774", "Video played to 100%": 0.0, "CTR": 20.0, "Start date": "2017-02-27", "Avg. CPC": 0.12, "Video played to 75%": 0.0, "Impressions": 5, "Avg. CPM": 24.0}, {"Bid Strategy Type": "cpc", "Account Name": "[paused] G1 - WPL - tvc360-3", "End date": "", "Advertising Channel": "Search", "Mapping": false, "Campaign": "Gen-term_2_MT-G-3D_game 3d hay-bmm", "Date": "2017-05-02", "Avg. CPE": 0.0, "Video played to 50%": 0.0, "Clicks": 1, "Cost": 0.14, "Video played to 25%": 0.0, "Interaction Types": ["Clicks"], "Campaign state": "paused", "Avg. position": 1.5, "Interactions": 1, "View rate": 0.0, "Campaign serving status": "eligible", "Engagements": 0, "Avg. Cost": 0.14, "Conversions": 0.0, "Avg. CPV": 0.0, "Invalid clicks": 0, "Unique cookies": "", "Campaign ID": 764277050, "Views": 0, "Interaction Rate": 10.0, "Advertising Sub Channel": "", "Account ID": "1124503774", "Video played to 100%": 0.0, "CTR": 10.0, "Start date": "2017-02-27", "Avg. CPC": 0.14, "Video played to 75%": 0.0, "Impressions": 10, "Avg. CPM": 14.0}, {"Bid Strategy Type": "cpc", "Account Name": "[paused] G1 - WPL - tvc360-3", "End date": "", "Advertising Channel": "Search", "Mapping": false, "Campaign": "Gen-term_2_MT-G-3D_game 3d nhap vai-ex", "Date": "2017-05-02", "Avg. CPE": 0.0, "Video played to 50%": 0.0, "Clicks": 1, "Cost": 0.06, "Video played to 25%": 0.0, "Interaction Types": ["Clicks"], "Campaign state": "paused", "Avg. position": 1.8, "Interactions": 1, "View rate": 0.0, "Campaign serving status": "eligible", "Engagements": 0, "Avg. Cost": 0.06, "Conversions": 0.0, "Avg. CPV": 0.0, "Invalid clicks": 0, "Unique cookies": "", "Campaign ID": 764278682, "Views": 0, "Interaction Rate": 16.67, "Advertising Sub Channel": "", "Account ID": "1124503774", "Video played to 100%": 0.0, "CTR": 16.67, "Start date": "2017-02-27", "Avg. CPC": 0.06, "Video played to 75%": 0.0, "Impressions": 6, "Avg. CPM": 10.0}, {"Bid Strategy Type": "cpc", "Account Name": "[paused] G1 - WPL - tvc360-3", "End date": "", "Advertising Channel": "Search", "Mapping": false, "Campaign": "Gen-term_2_MT-G-3D_game 3d m\u1edbi nh\u1ea5t-ex", "Date": "2017-05-02", "Avg. CPE": 0.0, "Video played to 50%": 0.0, "Clicks": 2, "Cost": 0.3, "Video played to 25%": 0.0, "Interaction Types": ["Clicks"], "Campaign state": "paused", "Avg. position": 1.3, "Interactions": 2, "View rate": 0.0, "Campaign serving status": "eligible", "Engagements": 0, "Avg. Cost": 0.15, "Conversions": 0.0, "Avg. CPV": 0.0, "Invalid clicks": 0, "Unique cookies": "", "Campaign ID": 764278727, "Views": 0, "Interaction Rate": 66.67, "Advertising Sub Channel": "", "Account ID": "1124503774", "Video played to 100%": 0.0, "CTR": 66.67, "Start date": "2017-02-27", "Avg. CPC": 0.15, "Video played to 75%": 0.0, "Impressions": 3, "Avg. CPM": 100.0}, {"Bid Strategy Type": "cpc", "Account Name": "[paused] G1 - WPL - tvc360-3", "End date": "", "Advertising Channel": "Search", "Mapping": false, "Campaign": "Gen-term_2_MT-G-VL_game v\u00f5 l\u00e2m 3d-bmm", "Date": "2017-05-02", "Avg. CPE": 0.0, "Video played to 50%": 0.0, "Clicks": 1, "Cost": 0.14, "Video played to 25%": 0.0, "Interaction Types": ["Clicks"], "Campaign state": "paused", "Avg. position": 1.5, "Interactions": 1, "View rate": 0.0, "Campaign serving status": "eligible", "Engagements": 0, "Avg. Cost": 0.14, "Conversions": 0.0, "Avg. CPV": 0.0, "Invalid clicks": 0, "Unique cookies": "", "Campaign ID": 764302731, "Views": 0, "Interaction Rate": 50.0, "Advertising Sub Channel": "", "Account ID": "1124503774", "Video played to 100%": 0.0, "CTR": 50.0, "Start date": "2017-02-27", "Avg. CPC": 0.14, "Video played to 75%": 0.0, "Impressions": 2, "Avg. CPM": 70.0}, {"Bid Strategy Type": "cpc", "Account Name": "[paused] G1 - WPL - tvc360-3", "End date": "", "Advertising Channel": "Search", "Mapping": false, "Campaign": "Gen-term_2_FH-G-MMO_game mmorpg-phr", "Date": "2017-05-02", "Avg. CPE": 0.0, "Video played to 50%": 0.0, "Clicks": 1, "Cost": 0.18, "Video played to 25%": 0.0, "Interaction Types": ["Clicks"], "Campaign state": "paused", "Avg. position": 1.0, "Interactions": 1, "View rate": 0.0, "Campaign serving status": "eligible", "Engagements": 0, "Avg. Cost": 0.18, "Conversions": 0.0, "Avg. CPV": 0.0, "Invalid clicks": 0, "Unique cookies": "", "Campaign ID": 764305671, "Views": 0, "Interaction Rate": 100.0, "Advertising Sub Channel": "", "Account ID": "1124503774", "Video played to 100%": 0.0, "CTR": 100.0, "Start date": "2017-02-27", "Avg. CPC": 0.18, "Video played to 75%": 0.0, "Impressions": 1, "Avg. CPM": 180.0}, {"Bid Strategy Type": "cpc", "Account Name": "[paused] G1 - WPL - tvc360-3", "End date": "", "Advertising Channel": "Search", "Mapping": false, "Campaign": "Gen-term_2_MT-G-NV_game nh\u1eadp vai m\u1edbi-ex", "Date": "2017-05-02", "Avg. CPE": 0.0, "Video played to 50%": 0.0, "Clicks": 1, "Cost": 0.16, "Video played to 25%": 0.0, "Interaction Types": ["Clicks"], "Campaign state": "paused", "Avg. position": 2.8, "Interactions": 1, "View rate": 0.0, "Campaign serving status": "eligible", "Engagements": 0, "Avg. Cost": 0.16, "Conversions": 0.0, "Avg. CPV": 0.0, "Invalid clicks": 0, "Unique cookies": "", "Campaign ID": 764307240, "Views": 0, "Interaction Rate": 7.69, "Advertising Sub Channel": "", "Account ID": "1124503774", "Video played to 100%": 0.0, "CTR": 7.69, "Start date": "2017-02-27", "Avg. CPC": 0.16, "Video played to 75%": 0.0, "Impressions": 13, "Avg. CPM": 12.307692}, {"Bid Strategy Type": "cpc", "Account Name": "[paused] G1 - WPL - tvc360-3", "End date": "", "Advertising Channel": "Search", "Mapping": false, "Campaign": "Gen-term_2_MT-G-NV_game nhap vai 3d-ex", "Date": "2017-05-02", "Avg. CPE": 0.0, "Video played to 50%": 0.0, "Clicks": 1, "Cost": 0.17, "Video played to 25%": 0.0, "Interaction Types": ["Clicks"], "Campaign state": "paused", "Avg. position": 1.4, "Interactions": 1, "View rate": 0.0, "Campaign serving status": "eligible", "Engagements": 0, "Avg. Cost": 0.17, "Conversions": 0.0, "Avg. CPV": 0.0, "Invalid clicks": 0, "Unique cookies": "", "Campaign ID": 764307315, "Views": 0, "Interaction Rate": 20.0, "Advertising Sub Channel": "", "Account ID": "1124503774", "Video played to 100%": 0.0, "CTR": 20.0, "Start date": "2017-02-27", "Avg. CPC": 0.17, "Video played to 75%": 0.0, "Impressions": 5, "Avg. CPM": 34.0}, {"Bid Strategy Type": "cpc", "Account Name": "[paused] G1 - WPL - tvc360-3", "End date": "", "Advertising Channel": "Search", "Mapping": false, "Campaign": "Gen-term_2_FH-PCG-BM-MOR", "Date": "2017-05-02", "Avg. CPE": 0.0, "Video played to 50%": 0.0, "Clicks": 8, "Cost": 1.34, "Video played to 25%": 0.0, "Interaction Types": ["Clicks"], "Campaign state": "paused", "Avg. position": 1.9, "Interactions": 8, "View rate": 0.0, "Campaign serving status": "eligible", "Engagements": 0, "Avg. Cost": 0.1675, "Conversions": 2.0, "Avg. CPV": 0.0, "Invalid clicks": 0, "Unique cookies": "", "Campaign ID": 764306850, "Views": 0, "Interaction Rate": 11.27, "Advertising Sub Channel": "", "Account ID": "1124503774", "Video played to 100%": 0.0, "CTR": 11.27, "Start date": "2017-02-27", "Avg. CPC": 0.1675, "Video played to 75%": 0.0, "Impressions": 71, "Avg. CPM": 18.873239}, {"Bid Strategy Type": "cpc", "Account Name": "[paused] G1 - WPL - tvc360-3", "End date": "", "Advertising Channel": "Search", "Mapping": false, "Campaign": "Gen-term_2_FH-G-GO_game online-ex", "Date": "2017-05-02", "Avg. CPE": 0.0, "Video played to 50%": 0.0, "Clicks": 27, "Cost": 2.0, "Video played to 25%": 0.0, "Interaction Types": ["Clicks"], "Campaign state": "paused", "Avg. position": 1.6, "Interactions": 27, "View rate": 0.0, "Campaign serving status": "eligible", "Engagements": 0, "Avg. Cost": 0.074074, "Conversions": 6.0, "Avg. CPV": 0.0, "Invalid clicks": 1, "Unique cookies": "", "Campaign ID": 764307051, "Views": 0, "Interaction Rate": 11.02, "Advertising Sub Channel": "", "Account ID": "1124503774", "Video played to 100%": 0.0, "CTR": 11.02, "Start date": "2017-02-27", "Avg. CPC": 0.074074, "Video played to 75%": 0.0, "Impressions": 245, "Avg. CPM": 8.163265}, {"Bid Strategy Type": "cpc", "Account Name": "[paused] G1 - WPL - tvc360-3", "End date": "", "Advertising Channel": "Search", "Mapping": false, "Campaign": "Gen-term_2_MT-G-NV_game nh\u1eadp vai hay-ex", "Date": "2017-05-02", "Avg. CPE": 0.0, "Video played to 50%": 0.0, "Clicks": 2, "Cost": 0.36, "Video played to 25%": 0.0, "Interaction Types": ["Clicks"], "Campaign state": "paused", "Avg. position": 1.9, "Interactions": 2, "View rate": 0.0, "Campaign serving status": "eligible", "Engagements": 0, "Avg. Cost": 0.18, "Conversions": 1.0, "Avg. CPV": 0.0, "Invalid clicks": 0, "Unique cookies": "", "Campaign ID": 764307249, "Views": 0, "Interaction Rate": 10.53, "Advertising Sub Channel": "", "Account ID": "1124503774", "Video played to 100%": 0.0, "CTR": 10.53, "Start date": "2017-02-27", "Avg. CPC": 0.18, "Video played to 75%": 0.0, "Impressions": 19, "Avg. CPM": 18.947368}, {"Bid Strategy Type": "cpc", "Account Name": "[paused] G1 - WPL - tvc360-3", "End date": "", "Advertising Channel": "Search", "Mapping": false, "Campaign": "Gen-term_2_MT-G-NV_game nh\u1eadp vai hay nh\u1ea5t-ex", "Date": "2017-05-02", "Avg. CPE": 0.0, "Video played to 50%": 0.0, "Clicks": 1, "Cost": 0.19, "Video played to 25%": 0.0, "Interaction Types": ["Clicks"], "Campaign state": "paused", "Avg. position": 1.5, "Interactions": 1, "View rate": 0.0, "Campaign serving status": "eligible", "Engagements": 0, "Avg. Cost": 0.19, "Conversions": 1.0, "Avg. CPV": 0.0, "Invalid clicks": 0, "Unique cookies": "", "Campaign ID": 764307252, "Views": 0, "Interaction Rate": 50.0, "Advertising Sub Channel": "", "Account ID": "1124503774", "Video played to 100%": 0.0, "CTR": 50.0, "Start date": "2017-02-27", "Avg. CPC": 0.19, "Video played to 75%": 0.0, "Impressions": 2, "Avg. CPM": 95.0}, {"Bid Strategy Type": "cpc", "Account Name": "[paused] G1 - WPL - tvc360-3", "End date": "", "Advertising Channel": "Search", "Mapping": false, "Campaign": "Gen-term_2_MT-G-NV_game nhap vai moi nhat-ex", "Date": "2017-05-02", "Avg. CPE": 0.0, "Video played to 50%": 0.0, "Clicks": 1, "Cost": 0.14, "Video played to 25%": 0.0, "Interaction Types": ["Clicks"], "Campaign state": "paused", "Avg. position": 2.0, "Interactions": 1, "View rate": 0.0, "Campaign serving status": "eligible", "Engagements": 0, "Avg. Cost": 0.14, "Conversions": 1.0, "Avg. CPV": 0.0, "Invalid clicks": 0, "Unique cookies": "", "Campaign ID": 764307330, "Views": 0, "Interaction Rate": 20.0, "Advertising Sub Channel": "", "Account ID": "1124503774", "Video played to 100%": 0.0, "CTR": 20.0, "Start date": "2017-02-27", "Avg. CPC": 0.14, "Video played to 75%": 0.0, "Impressions": 5, "Avg. CPM": 28.0}, {"Bid Strategy Type": "cpc", "Account Name": "[paused] G1 - WPL - tvc360-3", "End date": "", "Advertising Channel": "Search", "Mapping": false, "Campaign": "Gen-term_2_FH-W-HAY_webgame hay nh\u1ea5t-ex", "Date": "2017-05-02", "Avg. CPE": 0.0, "Video played to 50%": 0.0, "Clicks": 1, "Cost": 0.14, "Video played to 25%": 0.0, "Interaction Types": ["Clicks"], "Campaign state": "paused", "Avg. position": 1.0, "Interactions": 1, "View rate": 0.0, "Campaign serving status": "eligible", "Engagements": 0, "Avg. Cost": 0.14, "Conversions": 0.0, "Avg. CPV": 0.0, "Invalid clicks": 0, "Unique cookies": "", "Campaign ID": 764303739, "Views": 0, "Interaction Rate": 33.33, "Advertising Sub Channel": "", "Account ID": "1124503774", "Video played to 100%": 0.0, "CTR": 33.33, "Start date": "2017-02-27", "Avg. CPC": 0.14, "Video played to 75%": 0.0, "Impressions": 3, "Avg. CPM": 46.666667}, {"Bid Strategy Type": "cpc", "Account Name": "[paused] G1 - WPL - tvc360-3", "End date": "", "Advertising Channel": "Search", "Mapping": false, "Campaign": "Gen-term_2_MT-G-GO_game online hay-ex", "Date": "2017-05-02", "Avg. CPE": 0.0, "Video played to 50%": 0.0, "Clicks": 2, "Cost": 0.16, "Video played to 25%": 0.0, "Interaction Types": ["Clicks"], "Campaign state": "paused", "Avg. position": 2.3, "Interactions": 2, "View rate": 0.0, "Campaign serving status": "eligible", "Engagements": 0, "Avg. Cost": 0.08, "Conversions": 1.0, "Avg. CPV": 0.0, "Invalid clicks": 0, "Unique cookies": "", "Campaign ID": 764309016, "Views": 0, "Interaction Rate": 9.09, "Advertising Sub Channel": "", "Account ID": "1124503774", "Video played to 100%": 0.0, "CTR": 9.09, "Start date": "2017-02-27", "Avg. CPC": 0.08, "Video played to 75%": 0.0, "Impressions": 22, "Avg. CPM": 7.272727}, {"Bid Strategy Type": "cpc", "Account Name": "[paused] G1 - WPL - tvc360-3", "End date": "", "Advertising Channel": "Search", "Mapping": false, "Campaign": "Gen-term_2_FH-GPC-Phrase-MOR", "Date": "2017-05-02", "Avg. CPE": 0.0, "Video played to 50%": 0.0, "Clicks": 1, "Cost": 0.19, "Video played to 25%": 0.0, "Interaction Types": ["Clicks"], "Campaign state": "paused", "Avg. position": 1.0, "Interactions": 1, "View rate": 0.0, "Campaign serving status": "eligible", "Engagements": 0, "Avg. Cost": 0.19, "Conversions": 0.0, "Avg. CPV": 0.0, "Invalid clicks": 0, "Unique cookies": "", "Campaign ID": 764306835, "Views": 0, "Interaction Rate": 25.0, "Advertising Sub Channel": "", "Account ID": "1124503774", "Video played to 100%": 0.0, "CTR": 25.0, "Start date": "2017-02-27", "Avg. CPC": 0.19, "Video played to 75%": 0.0, "Impressions": 4, "Avg. CPM": 47.5}, {"Bid Strategy Type": "cpc", "Account Name": "[paused] G1 - WPL - tvc360-3", "End date": "", "Advertising Channel": "Search", "Mapping": false, "Campaign": "Gen-term_2_FH-G-PC_game pc-ex", "Date": "2017-05-02", "Avg. CPE": 0.0, "Video played to 50%": 0.0, "Clicks": 1, "Cost": 0.09, "Video played to 25%": 0.0, "Interaction Types": ["Clicks"], "Campaign state": "paused", "Avg. position": 1.2, "Interactions": 1, "View rate": 0.0, "Campaign serving status": "eligible", "Engagements": 0, "Avg. Cost": 0.09, "Conversions": 1.0, "Avg. CPV": 0.0, "Invalid clicks": 0, "Unique cookies": "", "Campaign ID": 764307048, "Views": 0, "Interaction Rate": 3.12, "Advertising Sub Channel": "", "Account ID": "1124503774", "Video played to 100%": 0.0, "CTR": 3.12, "Start date": "2017-02-27", "Avg. CPC": 0.09, "Video played to 75%": 0.0, "Impressions": 32, "Avg. CPM": 2.8125}, {"Bid Strategy Type": "cpc", "Account Name": "[paused] G1 - WPL - tvc360-3", "End date": "", "Advertising Channel": "Search", "Mapping": false, "Campaign": "Gen-term_2_MT-G-NV_game nhap vai pc-ex", "Date": "2017-05-02", "Avg. CPE": 0.0, "Video played to 50%": 0.0, "Clicks": 6, "Cost": 0.86, "Video played to 25%": 0.0, "Interaction Types": ["Clicks"], "Campaign state": "paused", "Avg. position": 2.5, "Interactions": 6, "View rate": 0.0, "Campaign serving status": "eligible", "Engagements": 0, "Avg. Cost": 0.143333, "Conversions": 4.0, "Avg. CPV": 0.0, "Invalid clicks": 0, "Unique cookies": "", "Campaign ID": 764307291, "Views": 0, "Interaction Rate": 15.79, "Advertising Sub Channel": "", "Account ID": "1124503774", "Video played to 100%": 0.0, "CTR": 15.79, "Start date": "2017-02-27", "Avg. CPC": 0.143333, "Video played to 75%": 0.0, "Impressions": 38, "Avg. CPM": 22.631579}, {"Bid Strategy Type": "cpc", "Account Name": "[paused] G1 - WPL - tvc360-3", "End date": "", "Advertising Channel": "Search", "Mapping": false, "Campaign": "Gen-term_2_MT-G-GO_game online tam qu\u1ed1c-ex", "Date": "2017-05-02", "Avg. CPE": 0.0, "Video played to 50%": 0.0, "Clicks": 1, "Cost": 0.11, "Video played to 25%": 0.0, "Interaction Types": ["Clicks"], "Campaign state": "paused", "Avg. position": 1.0, "Interactions": 1, "View rate": 0.0, "Campaign serving status": "eligible", "Engagements": 0, "Avg. Cost": 0.11, "Conversions": 0.0, "Avg. CPV": 0.0, "Invalid clicks": 0, "Unique cookies": "", "Campaign ID": 764308938, "Views": 0, "Interaction Rate": 100.0, "Advertising Sub Channel": "", "Account ID": "1124503774", "Video played to 100%": 0.0, "CTR": 100.0, "Start date": "2017-02-27", "Avg. CPC": 0.11, "Video played to 75%": 0.0, "Impressions": 1, "Avg. CPM": 110.0}, {"Bid Strategy Type": "cpc", "Account Name": "[paused] G1 - WPL - tvc360-3", "End date": "", "Advertising Channel": "Search", "Mapping": false, "Campaign": "Gen-term_2_MT-G-GO_game online nhap vai-ex", "Date": "2017-05-02", "Avg. CPE": 0.0, "Video played to 50%": 0.0, "Clicks": 1, "Cost": 0.17, "Video played to 25%": 0.0, "Interaction Types": ["Clicks"], "Campaign state": "paused", "Avg. position": 1.7, "Interactions": 1, "View rate": 0.0, "Campaign serving status": "eligible", "Engagements": 0, "Avg. Cost": 0.17, "Conversions": 0.0, "Avg. CPV": 0.0, "Invalid clicks": 0, "Unique cookies": "", "Campaign ID": 764308974, "Views": 0, "Interaction Rate": 33.33, "Advertising Sub Channel": "", "Account ID": "1124503774", "Video played to 100%": 0.0, "CTR": 33.33, "Start date": "2017-02-27", "Avg. CPC": 0.17, "Video played to 75%": 0.0, "Impressions": 3, "Avg. CPM": 56.666667}, {"Bid Strategy Type": "cpc", "Account Name": "[paused] G1 - WPL - tvc360-3", "End date": "", "Advertising Channel": "Search", "Mapping": false, "Campaign": "Gen-term_2_MT-G-GO_game online hay nhat-ex", "Date": "2017-05-02", "Avg. CPE": 0.0, "Video played to 50%": 0.0, "Clicks": 1, "Cost": 0.19, "Video played to 25%": 0.0, "Interaction Types": ["Clicks"], "Campaign state": "paused", "Avg. position": 1.0, "Interactions": 1, "View rate": 0.0, "Campaign serving status": "eligible", "Engagements": 0, "Avg. Cost": 0.19, "Conversions": 1.0, "Avg. CPV": 0.0, "Invalid clicks": 0, "Unique cookies": "", "Campaign ID": 764309022, "Views": 0, "Interaction Rate": 33.33, "Advertising Sub Channel": "", "Account ID": "1124503774", "Video played to 100%": 0.0, "CTR": 33.33, "Start date": "2017-02-27", "Avg. CPC": 0.19, "Video played to 75%": 0.0, "Impressions": 3, "Avg. CPM": 63.333333}, {"Bid Strategy Type": "cpc", "Account Name": "[paused] G1 - WPL - tvc360-3", "End date": "", "Advertising Channel": "Search", "Mapping": false, "Campaign": "Gen-term_2_MT-G-3D_game 3d online-ex", "Date": "2017-05-02", "Avg. CPE": 0.0, "Video played to 50%": 0.0, "Clicks": 3, "Cost": 0.37, "Video played to 25%": 0.0, "Interaction Types": ["Clicks"], "Campaign state": "paused", "Avg. position": 2.3, "Interactions": 3, "View rate": 0.0, "Campaign serving status": "eligible", "Engagements": 0, "Avg. Cost": 0.123333, "Conversions": 0.0, "Avg. CPV": 0.0, "Invalid clicks": 0, "Unique cookies": "", "Campaign ID": 764278706, "Views": 0, "Interaction Rate": 10.34, "Advertising Sub Channel": "", "Account ID": "1124503774", "Video played to 100%": 0.0, "CTR": 10.34, "Start date": "2017-02-27", "Avg. CPC": 0.123333, "Video played to 75%": 0.0, "Impressions": 29, "Avg. CPM": 12.758621}, {"Bid Strategy Type": "cpc", "Account Name": "[paused] G1 - WPL - tvc360-3", "End date": "", "Advertising Channel": "Search", "Mapping": false, "Campaign": "Gen-term_2_FH-GPC-BM-MOR", "Date": "2017-05-02", "Avg. CPE": 0.0, "Video played to 50%": 0.0, "Clicks": 27, "Cost": 4.16, "Video played to 25%": 0.0, "Interaction Types": ["Clicks"], "Campaign state": "paused", "Avg. position": 1.8, "Interactions": 27, "View rate": 0.0, "Campaign serving status": "eligible", "Engagements": 0, "Avg. Cost": 0.154074, "Conversions": 9.0, "Avg. CPV": 0.0, "Invalid clicks": 0, "Unique cookies": "", "Campaign ID": 764277290, "Views": 0, "Interaction Rate": 14.21, "Advertising Sub Channel": "", "Account ID": "1124503774", "Video played to 100%": 0.0, "CTR": 14.21, "Start date": "2017-02-27", "Avg. CPC": 0.154074, "Video played to 75%": 0.0, "Impressions": 190, "Avg. CPM": 21.894737}, {"Bid Strategy Type": "cpc", "Account Name": "[paused] G1 - WPL - tvc360-3", "End date": "", "Advertising Channel": "Search", "Mapping": false, "Campaign": "Gen-term_2_FH-W-W_webgame-bmm", "Date": "2017-05-02", "Avg. CPE": 0.0, "Video played to 50%": 0.0, "Clicks": 7, "Cost": 0.54, "Video played to 25%": 0.0, "Interaction Types": ["Clicks"], "Campaign state": "paused", "Avg. position": 2.5, "Interactions": 7, "View rate": 0.0, "Campaign serving status": "eligible", "Engagements": 0, "Avg. Cost": 0.077143, "Conversions": 2.0, "Avg. CPV": 0.0, "Invalid clicks": 0, "Unique cookies": "", "Campaign ID": 764301582, "Views": 0, "Interaction Rate": 3.52, "Advertising Sub Channel": "", "Account ID": "1124503774", "Video played to 100%": 0.0, "CTR": 3.52, "Start date": "2017-02-27", "Avg. CPC": 0.077143, "Video played to 75%": 0.0, "Impressions": 199, "Avg. CPM": 2.713568}, {"Bid Strategy Type": "cpc", "Account Name": "[paused] G1 - WPL - tvc360-3", "End date": "", "Advertising Channel": "Search", "Mapping": false, "Campaign": "Gen-term_2_FH-W-3D_webgame 3d-ex", "Date": "2017-05-02", "Avg. CPE": 0.0, "Video played to 50%": 0.0, "Clicks": 1, "Cost": 0.04, "Video played to 25%": 0.0, "Interaction Types": ["Clicks"], "Campaign state": "paused", "Avg. position": 2.9, "Interactions": 1, "View rate": 0.0, "Campaign serving status": "eligible", "Engagements": 0, "Avg. Cost": 0.04, "Conversions": 0.0, "Avg. CPV": 0.0, "Invalid clicks": 0, "Unique cookies": "", "Campaign ID": 764303718, "Views": 0, "Interaction Rate": 11.11, "Advertising Sub Channel": "", "Account ID": "1124503774", "Video played to 100%": 0.0, "CTR": 11.11, "Start date": "2017-02-27", "Avg. CPC": 0.04, "Video played to 75%": 0.0, "Impressions": 9, "Avg. CPM": 4.444444}, {"Bid Strategy Type": "cpc", "Account Name": "[paused] G1 - WPL - tvc360-3", "End date": "", "Advertising Channel": "Search", "Mapping": false, "Campaign": "Gen-term_2_FH-G-3Q_game 3q-ex", "Date": "2017-05-02", "Avg. CPE": 0.0, "Video played to 50%": 0.0, "Clicks": 2, "Cost": 0.27, "Video played to 25%": 0.0, "Interaction Types": ["Clicks"], "Campaign state": "paused", "Avg. position": 1.0, "Interactions": 2, "View rate": 0.0, "Campaign serving status": "eligible", "Engagements": 0, "Avg. Cost": 0.135, "Conversions": 1.0, "Avg. CPV": 0.0, "Invalid clicks": 0, "Unique cookies": "", "Campaign ID": 764307021, "Views": 0, "Interaction Rate": 11.76, "Advertising Sub Channel": "", "Account ID": "1124503774", "Video played to 100%": 0.0, "CTR": 11.76, "Start date": "2017-02-27", "Avg. CPC": 0.135, "Video played to 75%": 0.0, "Impressions": 17, "Avg. CPM": 15.882353}, {"Bid Strategy Type": "cpc", "Account Name": "[paused] G1 - WPL - tvc360-3", "End date": "", "Advertising Channel": "Search", "Mapping": false, "Campaign": "Gen-term_2_FH-G-TH_game ti\u00ean hi\u1ec7p-ex", "Date": "2017-05-02", "Avg. CPE": 0.0, "Video played to 50%": 0.0, "Clicks": 2, "Cost": 0.08, "Video played to 25%": 0.0, "Interaction Types": ["Clicks"], "Campaign state": "paused", "Avg. position": 1.0, "Interactions": 2, "View rate": 0.0, "Campaign serving status": "eligible", "Engagements": 0, "Avg. Cost": 0.04, "Conversions": 0.0, "Avg. CPV": 0.0, "Invalid clicks": 0, "Unique cookies": "", "Campaign ID": 764307030, "Views": 0, "Interaction Rate": 66.67, "Advertising Sub Channel": "", "Account ID": "1124503774", "Video played to 100%": 0.0, "CTR": 66.67, "Start date": "2017-02-27", "Avg. CPC": 0.04, "Video played to 75%": 0.0, "Impressions": 3, "Avg. CPM": 26.666667}, {"Bid Strategy Type": "cpc", "Account Name": "[paused] G1 - WPL - tvc360-3", "End date": "", "Advertising Channel": "Search", "Mapping": false, "Campaign": "Gen-term_2_FH-G-HAY_game hay-bmm", "Date": "2017-05-02", "Avg. CPE": 0.0, "Video played to 50%": 0.0, "Clicks": 7, "Cost": 0.61, "Video played to 25%": 0.0, "Interaction Types": ["Clicks"], "Campaign state": "paused", "Avg. position": 1.8, "Interactions": 7, "View rate": 0.0, "Campaign serving status": "eligible", "Engagements": 0, "Avg. Cost": 0.087143, "Conversions": 0.0, "Avg. CPV": 0.0, "Invalid clicks": 0, "Unique cookies": "", "Campaign ID": 764301549, "Views": 0, "Interaction Rate": 5.38, "Advertising Sub Channel": "", "Account ID": "1124503774", "Video played to 100%": 0.0, "CTR": 5.38, "Start date": "2017-02-27", "Avg. CPC": 0.087143, "Video played to 75%": 0.0, "Impressions": 130, "Avg. CPM": 4.692308}, {"Bid Strategy Type": "cpc", "Account Name": "[paused] G1 - WPL - tvc360-3", "End date": "", "Advertising Channel": "Search", "Mapping": false, "Campaign": "Gen-term_2_FH-G-HAY_game hay nh\u1ea5t-bmm", "Date": "2017-05-02", "Avg. CPE": 0.0, "Video played to 50%": 0.0, "Clicks": 43, "Cost": 3.22, "Video played to 25%": 0.0, "Interaction Types": ["Clicks"], "Campaign state": "paused", "Avg. position": 2.4, "Interactions": 43, "View rate": 0.0, "Campaign serving status": "eligible", "Engagements": 0, "Avg. Cost": 0.074884, "Conversions": 2.0, "Avg. CPV": 0.0, "Invalid clicks": 1, "Unique cookies": "", "Campaign ID": 764301552, "Views": 0, "Interaction Rate": 5.62, "Advertising Sub Channel": "", "Account ID": "1124503774", "Video played to 100%": 0.0, "CTR": 5.62, "Start date": "2017-02-27", "Avg. CPC": 0.074884, "Video played to 75%": 0.0, "Impressions": 765, "Avg. CPM": 4.20915}, {"Bid Strategy Type": "cpc", "Account Name": "[paused] G1 - WPL - tvc360-3", "End date": "", "Advertising Channel": "Search", "Mapping": false, "Campaign": "Gen-term_2_FH-G-HAY_game hay nhat-bmm", "Date": "2017-05-02", "Avg. CPE": 0.0, "Video played to 50%": 0.0, "Clicks": 15, "Cost": 0.98, "Video played to 25%": 0.0, "Interaction Types": ["Clicks"], "Campaign state": "paused", "Avg. position": 2.1, "Interactions": 15, "View rate": 0.0, "Campaign serving status": "eligible", "Engagements": 0, "Avg. Cost": 0.065333, "Conversions": 1.0, "Avg. CPV": 0.0, "Invalid clicks": 1, "Unique cookies": "", "Campaign ID": 764301555, "Views": 0, "Interaction Rate": 6.73, "Advertising Sub Channel": "", "Account ID": "1124503774", "Video played to 100%": 0.0, "CTR": 6.73, "Start date": "2017-02-27", "Avg. CPC": 0.065333, "Video played to 75%": 0.0, "Impressions": 223, "Avg. CPM": 4.394619}, {"Bid Strategy Type": "cpc", "Account Name": "[paused] G1 - WPL - tvc360-3", "End date": "", "Advertising Channel": "Search", "Mapping": false, "Campaign": "Gen-term_2_FH-G-TH_game ti\u00ean hi\u1ec7p-phr", "Date": "2017-05-02", "Avg. CPE": 0.0, "Video played to 50%": 0.0, "Clicks": 3, "Cost": 0.1, "Video played to 25%": 0.0, "Interaction Types": ["Clicks"], "Campaign state": "paused", "Avg. position": 1.0, "Interactions": 3, "View rate": 0.0, "Campaign serving status": "eligible", "Engagements": 0, "Avg. Cost": 0.033333, "Conversions": 1.0, "Avg. CPV": 0.0, "Invalid clicks": 0, "Unique cookies": "", "Campaign ID": 764305812, "Views": 0, "Interaction Rate": 50.0, "Advertising Sub Channel": "", "Account ID": "1124503774", "Video played to 100%": 0.0, "CTR": 50.0, "Start date": "2017-02-27", "Avg. CPC": 0.033333, "Video played to 75%": 0.0, "Impressions": 6, "Avg. CPM": 16.666667}, {"Bid Strategy Type": "cpc", "Account Name": "[paused] G1 - WPL - tvc360-3", "End date": "", "Advertising Channel": "Search", "Mapping": false, "Campaign": "Gen-term_2_FH-G-GVL_game v\u00f5 l\u00e2m-phr", "Date": "2017-05-02", "Avg. CPE": 0.0, "Video played to 50%": 0.0, "Clicks": 1, "Cost": 0.15, "Video played to 25%": 0.0, "Interaction Types": ["Clicks"], "Campaign state": "paused", "Avg. position": 2.4, "Interactions": 1, "View rate": 0.0, "Campaign serving status": "eligible", "Engagements": 0, "Avg. Cost": 0.15, "Conversions": 1.0, "Avg. CPV": 0.0, "Invalid clicks": 0, "Unique cookies": "", "Campaign ID": 764305818, "Views": 0, "Interaction Rate": 12.5, "Advertising Sub Channel": "", "Account ID": "1124503774", "Video played to 100%": 0.0, "CTR": 12.5, "Start date": "2017-02-27", "Avg. CPC": 0.15, "Video played to 75%": 0.0, "Impressions": 8, "Avg. CPM": 18.75}, {"Bid Strategy Type": "cpc", "Account Name": "[paused] G1 - WPL - tvc360-3", "End date": "", "Advertising Channel": "Search", "Mapping": false, "Campaign": "Gen-term_2_FH-G-NV_game nhap vai-ex", "Date": "2017-05-02", "Avg. CPE": 0.0, "Video played to 50%": 0.0, "Clicks": 1, "Cost": 0.05, "Video played to 25%": 0.0, "Interaction Types": ["Clicks"], "Campaign state": "paused", "Avg. position": 2.5, "Interactions": 1, "View rate": 0.0, "Campaign serving status": "eligible", "Engagements": 0, "Avg. Cost": 0.05, "Conversions": 1.0, "Avg. CPV": 0.0, "Invalid clicks": 0, "Unique cookies": "", "Campaign ID": 764306874, "Views": 0, "Interaction Rate": 3.23, "Advertising Sub Channel": "", "Account ID": "1124503774", "Video played to 100%": 0.0, "CTR": 3.23, "Start date": "2017-02-27", "Avg. CPC": 0.05, "Video played to 75%": 0.0, "Impressions": 31, "Avg. CPM": 1.612903}, {"Bid Strategy Type": "cpc", "Account Name": "[paused] G1 - WPL - tvc360-3", "End date": "", "Advertising Channel": "Search", "Mapping": false, "Campaign": "Gen-term_2_FH-G-3D_game 3d-ex", "Date": "2017-05-02", "Avg. CPE": 0.0, "Video played to 50%": 0.0, "Clicks": 1, "Cost": 0.09, "Video played to 25%": 0.0, "Interaction Types": ["Clicks"], "Campaign state": "paused", "Avg. position": 1.4, "Interactions": 1, "View rate": 0.0, "Campaign serving status": "eligible", "Engagements": 0, "Avg. Cost": 0.09, "Conversions": 1.0, "Avg. CPV": 0.0, "Invalid clicks": 0, "Unique cookies": "", "Campaign ID": 764307072, "Views": 0, "Interaction Rate": 12.5, "Advertising Sub Channel": "", "Account ID": "1124503774", "Video played to 100%": 0.0, "CTR": 12.5, "Start date": "2017-02-27", "Avg. CPC": 0.09, "Video played to 75%": 0.0, "Impressions": 8, "Avg. CPM": 11.25}, {"Bid Strategy Type": "cpc", "Account Name": "[paused] G1 - WPL - tvc360-3", "End date": "", "Advertising Channel": "Search", "Mapping": false, "Campaign": "Gen-term_2_MT-G-CT_game chien thuat hay nh\u1ea5t-ex", "Date": "2017-05-02", "Avg. CPE": 0.0, "Video played to 50%": 0.0, "Clicks": 1, "Cost": 0.1, "Video played to 25%": 0.0, "Interaction Types": ["Clicks"], "Campaign state": "paused", "Avg. position": 2.8, "Interactions": 1, "View rate": 0.0, "Campaign serving status": "eligible", "Engagements": 0, "Avg. Cost": 0.1, "Conversions": 1.0, "Avg. CPV": 0.0, "Invalid clicks": 0, "Unique cookies": "", "Campaign ID": 764307744, "Views": 0, "Interaction Rate": 3.45, "Advertising Sub Channel": "", "Account ID": "1124503774", "Video played to 100%": 0.0, "CTR": 3.45, "Start date": "2017-02-27", "Avg. CPC": 0.1, "Video played to 75%": 0.0, "Impressions": 29, "Avg. CPM": 3.448276}, {"Bid Strategy Type": "cpc", "Account Name": "[paused] G1 - WPL - tvc360-3", "End date": "", "Advertising Channel": "Search", "Mapping": false, "Campaign": "Gen-term_2_FH-W-NEW_webgame m\u1edbi-ex", "Date": "2017-05-02", "Avg. CPE": 0.0, "Video played to 50%": 0.0, "Clicks": 1, "Cost": 0.1, "Video played to 25%": 0.0, "Interaction Types": ["Clicks"], "Campaign state": "paused", "Avg. position": 2.5, "Interactions": 1, "View rate": 0.0, "Campaign serving status": "eligible", "Engagements": 0, "Avg. Cost": 0.1, "Conversions": 0.0, "Avg. CPV": 0.0, "Invalid clicks": 0, "Unique cookies": "", "Campaign ID": 764303727, "Views": 0, "Interaction Rate": 9.09, "Advertising Sub Channel": "", "Account ID": "1124503774", "Video played to 100%": 0.0, "CTR": 9.09, "Start date": "2017-02-27", "Avg. CPC": 0.1, "Video played to 75%": 0.0, "Impressions": 11, "Avg. CPM": 9.090909}, {"Bid Strategy Type": "cpc", "Account Name": "[paused] G1 - WPL - tvc360-3", "End date": "", "Advertising Channel": "Search", "Mapping": false, "Campaign": "Gen-term_2_FH-G-NV_game nh\u1eadp vai-phr", "Date": "2017-05-02", "Avg. CPE": 0.0, "Video played to 50%": 0.0, "Clicks": 8, "Cost": 0.62, "Video played to 25%": 0.0, "Interaction Types": ["Clicks"], "Campaign state": "paused", "Avg. position": 2.2, "Interactions": 8, "View rate": 0.0, "Campaign serving status": "eligible", "Engagements": 0, "Avg. Cost": 0.0775, "Conversions": 3.0, "Avg. CPV": 0.0, "Invalid clicks": 0, "Unique cookies": "", "Campaign ID": 764305653, "Views": 0, "Interaction Rate": 16.0, "Advertising Sub Channel": "", "Account ID": "1124503774", "Video played to 100%": 0.0, "CTR": 16.0, "Start date": "2017-02-27", "Avg. CPC": 0.0775, "Video played to 75%": 0.0, "Impressions": 50, "Avg. CPM": 12.4}, {"Bid Strategy Type": "cpc", "Account Name": "[paused] G1 - WPL - tvc360-3", "End date": "", "Advertising Channel": "Search", "Mapping": false, "Campaign": "Gen-term_2_FH-G-KH_game ki\u1ebfm hi\u1ec7p-phr", "Date": "2017-05-02", "Avg. CPE": 0.0, "Video played to 50%": 0.0, "Clicks": 14, "Cost": 2.0, "Video played to 25%": 0.0, "Interaction Types": ["Clicks"], "Campaign state": "paused", "Avg. position": 1.6, "Interactions": 14, "View rate": 0.0, "Campaign serving status": "eligible", "Engagements": 0, "Avg. Cost": 0.142857, "Conversions": 5.0, "Avg. CPV": 0.0, "Invalid clicks": 0, "Unique cookies": "", "Campaign ID": 764305806, "Views": 0, "Interaction Rate": 27.45, "Advertising Sub Channel": "", "Account ID": "1124503774", "Video played to 100%": 0.0, "CTR": 27.45, "Start date": "2017-02-27", "Avg. CPC": 0.142857, "Video played to 75%": 0.0, "Impressions": 51, "Avg. CPM": 39.215686}, {"Bid Strategy Type": "cpc", "Account Name": "[paused] G1 - WPL - tvc360-3", "End date": "", "Advertising Channel": "Search", "Mapping": false, "Campaign": "Gen-term_2_FH-G-CT_game chien thuat-ex", "Date": "2017-05-02", "Avg. CPE": 0.0, "Video played to 50%": 0.0, "Clicks": 4, "Cost": 0.43, "Video played to 25%": 0.0, "Interaction Types": ["Clicks"], "Campaign state": "paused", "Avg. position": 1.0, "Interactions": 4, "View rate": 0.0, "Campaign serving status": "eligible", "Engagements": 0, "Avg. Cost": 0.1075, "Conversions": 2.0, "Avg. CPV": 0.0, "Invalid clicks": 0, "Unique cookies": "", "Campaign ID": 764307000, "Views": 0, "Interaction Rate": 16.0, "Advertising Sub Channel": "", "Account ID": "1124503774", "Video played to 100%": 0.0, "CTR": 16.0, "Start date": "2017-02-27", "Avg. CPC": 0.1075, "Video played to 75%": 0.0, "Impressions": 25, "Avg. CPM": 17.2}, {"Bid Strategy Type": "cpc", "Account Name": "[paused] G1 - WPL - tvc360-3", "End date": "", "Advertising Channel": "Search", "Mapping": false, "Campaign": "Gen-term_2_MT-G-GO_game online moi nhat-ex", "Date": "2017-05-02", "Avg. CPE": 0.0, "Video played to 50%": 0.0, "Clicks": 3, "Cost": 0.45, "Video played to 25%": 0.0, "Interaction Types": ["Clicks"], "Campaign state": "paused", "Avg. position": 1.4, "Interactions": 3, "View rate": 0.0, "Campaign serving status": "eligible", "Engagements": 0, "Avg. Cost": 0.15, "Conversions": 0.0, "Avg. CPV": 0.0, "Invalid clicks": 0, "Unique cookies": "", "Campaign ID": 764309013, "Views": 0, "Interaction Rate": 17.65, "Advertising Sub Channel": "", "Account ID": "1124503774", "Video played to 100%": 0.0, "CTR": 17.65, "Start date": "2017-02-27", "Avg. CPC": 0.15, "Video played to 75%": 0.0, "Impressions": 17, "Avg. CPM": 26.470588}, {"Bid Strategy Type": "cpc", "Account Name": "[paused] G1 - WPL - tvc360-3", "End date": "", "Advertising Channel": "Search", "Mapping": false, "Campaign": "Gen-term_2_FH-G-3Q_game tam quoc-phr", "Date": "2017-05-02", "Avg. CPE": 0.0, "Video played to 50%": 0.0, "Clicks": 1, "Cost": 0.17, "Video played to 25%": 0.0, "Interaction Types": ["Clicks"], "Campaign state": "paused", "Avg. position": 1.4, "Interactions": 1, "View rate": 0.0, "Campaign serving status": "eligible", "Engagements": 0, "Avg. Cost": 0.17, "Conversions": 0.0, "Avg. CPV": 0.0, "Invalid clicks": 0, "Unique cookies": "", "Campaign ID": 764305800, "Views": 0, "Interaction Rate": 14.29, "Advertising Sub Channel": "", "Account ID": "1124503774", "Video played to 100%": 0.0, "CTR": 14.29, "Start date": "2017-02-27", "Avg. CPC": 0.17, "Video played to 75%": 0.0, "Impressions": 7, "Avg. CPM": 24.285714}, {"Bid Strategy Type": "cpc", "Account Name": "[paused] G1 - WPL - tvc360-3", "End date": "", "Advertising Channel": "Search", "Mapping": false, "Campaign": "Gen-term_2_FH-GPC-BMM-MOR", "Date": "2017-05-02", "Avg. CPE": 0.0, "Video played to 50%": 0.0, "Clicks": 4, "Cost": 0.78, "Video played to 25%": 0.0, "Interaction Types": ["Clicks"], "Campaign state": "paused", "Avg. position": 1.3, "Interactions": 4, "View rate": 0.0, "Campaign serving status": "eligible", "Engagements": 0, "Avg. Cost": 0.195, "Conversions": 0.0, "Avg. CPV": 0.0, "Invalid clicks": 0, "Unique cookies": "", "Campaign ID": 764306841, "Views": 0, "Interaction Rate": 40.0, "Advertising Sub Channel": "", "Account ID": "1124503774", "Video played to 100%": 0.0, "CTR": 40.0, "Start date": "2017-02-27", "Avg. CPC": 0.195, "Video played to 75%": 0.0, "Impressions": 10, "Avg. CPM": 78.0}, {"Bid Strategy Type": "cpc", "Account Name": "[paused] G1 - WPL - tvc360-3", "End date": "", "Advertising Channel": "Search", "Mapping": false, "Campaign": "Gen-term_2_FH-G-NV_game nh\u1eadp vai-ex", "Date": "2017-05-02", "Avg. CPE": 0.0, "Video played to 50%": 0.0, "Clicks": 10, "Cost": 1.37, "Video played to 25%": 0.0, "Interaction Types": ["Clicks"], "Campaign state": "paused", "Avg. position": 1.6, "Interactions": 10, "View rate": 0.0, "Campaign serving status": "eligible", "Engagements": 0, "Avg. Cost": 0.137, "Conversions": 5.0, "Avg. CPV": 0.0, "Invalid clicks": 0, "Unique cookies": "", "Campaign ID": 764306871, "Views": 0, "Interaction Rate": 17.86, "Advertising Sub Channel": "", "Account ID": "1124503774", "Video played to 100%": 0.0, "CTR": 17.86, "Start date": "2017-02-27", "Avg. CPC": 0.137, "Video played to 75%": 0.0, "Impressions": 56, "Avg. CPM": 24.464286}, {"Bid Strategy Type": "cpc", "Account Name": "[paused] G1 - WPL - tvc360-3", "End date": "", "Advertising Channel": "Search", "Mapping": false, "Campaign": "Gen-term_2_FH-G-3Q_game tam quoc-ex", "Date": "2017-05-02", "Avg. CPE": 0.0, "Video played to 50%": 0.0, "Clicks": 1, "Cost": 0.11, "Video played to 25%": 0.0, "Interaction Types": ["Clicks"], "Campaign state": "paused", "Avg. position": 1.0, "Interactions": 1, "View rate": 0.0, "Campaign serving status": "eligible", "Engagements": 0, "Avg. Cost": 0.11, "Conversions": 0.0, "Avg. CPV": 0.0, "Invalid clicks": 0, "Unique cookies": "", "Campaign ID": 764307018, "Views": 0, "Interaction Rate": 50.0, "Advertising Sub Channel": "", "Account ID": "1124503774", "Video played to 100%": 0.0, "CTR": 50.0, "Start date": "2017-02-27", "Avg. CPC": 0.11, "Video played to 75%": 0.0, "Impressions": 2, "Avg. CPM": 55.0}, {"Bid Strategy Type": "cpc", "Account Name": "[paused] G1 - WPL - tvc360-3", "End date": "", "Advertising Channel": "Search", "Mapping": false, "Campaign": "Gen-term_2_FH-G-GVL_game vo lam-ex", "Date": "2017-05-02", "Avg. CPE": 0.0, "Video played to 50%": 0.0, "Clicks": 8, "Cost": 1.15, "Video played to 25%": 0.0, "Interaction Types": ["Clicks"], "Campaign state": "paused", "Avg. position": 1.3, "Interactions": 8, "View rate": 0.0, "Campaign serving status": "eligible", "Engagements": 0, "Avg. Cost": 0.14375, "Conversions": 4.0, "Avg. CPV": 0.0, "Invalid clicks": 0, "Unique cookies": "", "Campaign ID": 764307039, "Views": 0, "Interaction Rate": 34.78, "Advertising Sub Channel": "", "Account ID": "1124503774", "Video played to 100%": 0.0, "CTR": 34.78, "Start date": "2017-02-27", "Avg. CPC": 0.14375, "Video played to 75%": 0.0, "Impressions": 23, "Avg. CPM": 50.0}, {"Bid Strategy Type": "cpc", "Account Name": "[paused] G1 - WPL - tvc360-3", "End date": "", "Advertising Channel": "Search", "Mapping": false, "Campaign": "Gen-term_2_MT-G-NV_game nh\u1eadp vai pc-ex", "Date": "2017-05-02", "Avg. CPE": 0.0, "Video played to 50%": 0.0, "Clicks": 1, "Cost": 0.2, "Video played to 25%": 0.0, "Interaction Types": ["Clicks"], "Campaign state": "paused", "Avg. position": 1.5, "Interactions": 1, "View rate": 0.0, "Campaign serving status": "eligible", "Engagements": 0, "Avg. Cost": 0.2, "Conversions": 1.0, "Avg. CPV": 0.0, "Invalid clicks": 0, "Unique cookies": "", "Campaign ID": 764307087, "Views": 0, "Interaction Rate": 50.0, "Advertising Sub Channel": "", "Account ID": "1124503774", "Video played to 100%": 0.0, "CTR": 50.0, "Start date": "2017-02-27", "Avg. CPC": 0.2, "Video played to 75%": 0.0, "Impressions": 2, "Avg. CPM": 100.0}, {"Bid Strategy Type": "cpc", "Account Name": "[paused] G1 - WPL - tvc360-3", "End date": "", "Advertising Channel": "Search", "Mapping": false, "Campaign": "Gen-term_2_MT-G-GO_game online m\u1edbi-ex", "Date": "2017-05-02", "Avg. CPE": 0.0, "Video played to 50%": 0.0, "Clicks": 2, "Cost": 0.15, "Video played to 25%": 0.0, "Interaction Types": ["Clicks"], "Campaign state": "paused", "Avg. position": 2.4, "Interactions": 2, "View rate": 0.0, "Campaign serving status": "eligible", "Engagements": 0, "Avg. Cost": 0.075, "Conversions": 1.0, "Avg. CPV": 0.0, "Invalid clicks": 0, "Unique cookies": "", "Campaign ID": 764309007, "Views": 0, "Interaction Rate": 7.41, "Advertising Sub Channel": "", "Account ID": "1124503774", "Video played to 100%": 0.0, "CTR": 7.41, "Start date": "2017-02-27", "Avg. CPC": 0.075, "Video played to 75%": 0.0, "Impressions": 27, "Avg. CPM": 5.555556}, {"Bid Strategy Type": "cpc", "Account Name": "[paused] G1 - WPL - tvc360-3", "End date": "", "Advertising Channel": "Search", "Mapping": false, "Campaign": "Gen-term_2_MT-G-GO_game online 2016-ex", "Date": "2017-05-02", "Avg. CPE": 0.0, "Video played to 50%": 0.0, "Clicks": 1, "Cost": 0.14, "Video played to 25%": 0.0, "Interaction Types": ["Clicks"], "Campaign state": "paused", "Avg. position": 1.7, "Interactions": 1, "View rate": 0.0, "Campaign serving status": "eligible", "Engagements": 0, "Avg. Cost": 0.14, "Conversions": 0.0, "Avg. CPV": 0.0, "Invalid clicks": 0, "Unique cookies": "", "Campaign ID": 764309004, "Views": 0, "Interaction Rate": 33.33, "Advertising Sub Channel": "", "Account ID": "1124503774", "Video played to 100%": 0.0, "CTR": 33.33, "Start date": "2017-02-27", "Avg. CPC": 0.14, "Video played to 75%": 0.0, "Impressions": 3, "Avg. CPM": 46.666667}, {"Bid Strategy Type": "cpc", "Account Name": "[paused] G1 - WPL - tvc360-3", "End date": "", "Advertising Channel": "Search", "Mapping": false, "Campaign": "Gen-term_2_MT-G-GO_game online 3d-ex", "Date": "2017-05-02", "Avg. CPE": 0.0, "Video played to 50%": 0.0, "Clicks": 1, "Cost": 0.12, "Video played to 25%": 0.0, "Interaction Types": ["Clicks"], "Campaign state": "paused", "Avg. position": 1.3, "Interactions": 1, "View rate": 0.0, "Campaign serving status": "eligible", "Engagements": 0, "Avg. Cost": 0.12, "Conversions": 1.0, "Avg. CPV": 0.0, "Invalid clicks": 0, "Unique cookies": "", "Campaign ID": 764308998, "Views": 0, "Interaction Rate": 16.67, "Advertising Sub Channel": "", "Account ID": "1124503774", "Video played to 100%": 0.0, "CTR": 16.67, "Start date": "2017-02-27", "Avg. CPC": 0.12, "Video played to 75%": 0.0, "Impressions": 6, "Avg. CPM": 20.0}, {"Bid Strategy Type": "", "Account Name": "[paused] G1 - WPL - tvc360-3", "End date": "", "Advertising Channel": "", "Mapping": false, "Campaign": "", "Date": "2017-05-02", "Avg. CPE": 0.0, "Video played to 50%": 0.0, "Clicks": 1403, "Cost": 107.73, "Video played to 25%": 0.0, "Interaction Types": "", "Campaign state": "Total", "Avg. position": 1.8, "Interactions": 1403, "View rate": 0.0, "Campaign serving status": "", "Engagements": 0, "Avg. Cost": 0.076785, "Conversions": 179.0, "Avg. CPV": 0.0, "Invalid clicks": 46, "Unique cookies": "", "Campaign ID": "", "Views": 0, "Interaction Rate": 11.2, "Advertising Sub Channel": "", "Account ID": "1124503774", "Video played to 100%": 0.0, "CTR": 11.2, "Start date": "", "Avg. CPC": 0.076785, "Video played to 75%": 0.0, "Impressions": 12530, "Avg. CPM": 8.597765}]