[{"Campaign serving status": "eligible", "Advertising Channel": "Search", "Views": 0, "Avg. CPC": 0.033512, "Video played to 75%": 0.0, "Campaign state": "paused", "Video played to 50%": 0.0, "Interaction Rate": 36.03, "Mapping": false, "Account ID": "1669629424", "Start date": "2015-04-20", "Avg. CPE": 0.0, "Account Name": "[paused] G1 - WPL - ctc360", "Impressions": 569, "Video played to 25%": 0.0, "Engagements": 0, "Conversions": 15.0, "Video played to 100%": 0.0, "Avg. Cost": 0.033512, "Interactions": 205, "Clicks": 205, "Avg. CPV": 0.0, "Unique cookies": "", "Invalid clicks": 17, "Advertising Sub Channel": "", "Interaction Types": ["Clicks"], "Avg. position": 1.2, "Date": "2017-03-02", "CTR": 36.03, "Dept": "WPL", "View rate": 0.0, "Bid Strategy Type": "cpc", "Cost": 6.87, "Campaign ID": "280039842", "Avg. CPM": 12.073814, "Campaign": "Brand-term_BM-Eve", "End date": ""}, {"Campaign serving status": "eligible", "Advertising Channel": "Search", "Views": 0, "Avg. CPC": 0.022318, "Video played to 75%": 0.0, "Campaign state": "paused", "Video played to 50%": 0.0, "Interaction Rate": 38.26, "Mapping": false, "Account ID": "1669629424", "Start date": "2015-04-20", "Avg. CPE": 0.0, "Account Name": "[paused] G1 - WPL - ctc360", "Impressions": 609, "Video played to 25%": 0.0, "Engagements": 0, "Conversions": 10.0, "Video played to 100%": 0.0, "Avg. Cost": 0.022318, "Interactions": 233, "Clicks": 233, "Avg. CPV": 0.0, "Unique cookies": "", "Invalid clicks": 12, "Advertising Sub Channel": "", "Interaction Types": ["Clicks"], "Avg. position": 1.2, "Date": "2017-03-02", "CTR": 38.26, "Dept": "WPL", "View rate": 0.0, "Bid Strategy Type": "cpc", "Cost": 5.2, "Campaign ID": "280039002", "Avg. CPM": 8.538588, "Campaign": "Brand-term_BM-Mor", "End date": ""}, {"Campaign serving status": "eligible", "Advertising Channel": "Search", "Views": 0, "Avg. CPC": 0.022125, "Video played to 75%": 0.0, "Campaign state": "paused", "Video played to 50%": 0.0, "Interaction Rate": 41.4, "Mapping": false, "Account ID": "1669629424", "Start date": "2015-04-20", "Avg. CPE": 0.0, "Account Name": "[paused] G1 - WPL - ctc360", "Impressions": 773, "Video played to 25%": 0.0, "Engagements": 0, "Conversions": 19.0, "Video played to 100%": 0.0, "Avg. Cost": 0.022125, "Interactions": 320, "Clicks": 320, "Avg. CPV": 0.0, "Unique cookies": "", "Invalid clicks": 26, "Advertising Sub Channel": "", "Interaction Types": ["Clicks"], "Avg. position": 1.1, "Date": "2017-03-02", "CTR": 41.4, "Dept": "WPL", "View rate": 0.0, "Bid Strategy Type": "cpc", "Cost": 7.08, "Campaign ID": "280039722", "Avg. CPM": 9.15912, "Campaign": "Brand-term_BM-Aft", "End date": ""}, {"Campaign serving status": "", "Advertising Channel": "", "Views": 0, "Avg. CPC": 0.025264, "Video played to 75%": 0.0, "Campaign state": "Total", "Video played to 50%": 0.0, "Interaction Rate": 38.42, "Mapping": false, "Account ID": "1669629424", "Start date": "", "Avg. CPE": 0.0, "Account Name": "[paused] G1 - WPL - ctc360", "Impressions": 1973, "Video played to 25%": 0.0, "Engagements": 0, "Conversions": 44.0, "Video played to 100%": 0.0, "Avg. Cost": 0.025264, "Interactions": 758, "Clicks": 758, "Avg. CPV": 0.0, "Unique cookies": "", "Invalid clicks": 55, "Advertising Sub Channel": "", "Interaction Types": "", "Avg. position": 1.1, "Date": "2017-03-02", "CTR": 38.42, "Dept": "WPL", "View rate": 0.0, "Bid Strategy Type": "", "Cost": 19.15, "Campaign ID": "", "Avg. CPM": 9.706031, "Campaign": "", "End date": ""}]