[{"Campaign state": "enabled", "Interaction Types": ["Clicks"], "Campaign serving status": "eligible", "Cost": 6.82, "Interactions": 588, "Avg. CPM": 7.126437, "Bid Strategy Type": "cpc", "Video played to 100%": 0.0, "Avg. CPE": 0.0, "Mapping": false, "Start date": "2016-05-17", "View rate": 0.0, "Account ID": "3764021980", "Avg. CPC": 0.011599, "Conversions": 74.0, "Video played to 75%": 0.0, "Impressions": 957, "Avg. position": 1.0, "Advertising Sub Channel": "", "Campaign ID": 420414722, "Avg. Cost": 0.011599, "Avg. CPV": 0.0, "Campaign": "Brand-term_Exa-AFT", "Interaction Rate": 61.44, "Advertising Channel": "Search", "Video played to 50%": 0.0, "Date": "2017-08-03", "End date": "", "CTR": 61.44, "Video played to 25%": 0.0, "Engagements": 0, "Invalid clicks": 49, "Clicks": 588, "Views": 0, "Unique cookies": ""}, {"Campaign state": "enabled", "Interaction Types": ["Clicks"], "Campaign serving status": "eligible", "Cost": 8.07, "Interactions": 744, "Avg. CPM": 6.560976, "Bid Strategy Type": "cpc", "Video played to 100%": 0.0, "Avg. CPE": 0.0, "Mapping": false, "Start date": "2016-05-17", "View rate": 0.0, "Account ID": "3764021980", "Avg. CPC": 0.010847, "Conversions": 61.0, "Video played to 75%": 0.0, "Impressions": 1230, "Avg. position": 1.0, "Advertising Sub Channel": "", "Campaign ID": 420415202, "Avg. Cost": 0.010847, "Avg. CPV": 0.0, "Campaign": "Brand-term_Exa-Mor", "Interaction Rate": 60.49, "Advertising Channel": "Search", "Video played to 50%": 0.0, "Date": "2017-08-03", "End date": "", "CTR": 60.49, "Video played to 25%": 0.0, "Engagements": 0, "Invalid clicks": 48, "Clicks": 744, "Views": 0, "Unique cookies": ""}, {"Campaign state": "paused", "Interaction Types": ["Clicks"], "Campaign serving status": "eligible", "Cost": 6.9, "Interactions": 109, "Avg. CPM": 18.302387, "Bid Strategy Type": "cpc", "Video played to 100%": 0.0, "Avg. CPE": 0.0, "Mapping": false, "Start date": "2016-05-17", "View rate": 0.0, "Account ID": "3764021980", "Avg. CPC": 0.063303, "Conversions": 21.0, "Video played to 75%": 0.0, "Impressions": 377, "Avg. position": 1.1, "Advertising Sub Channel": "", "Campaign ID": 420414002, "Avg. Cost": 0.063303, "Avg. CPV": 0.0, "Campaign": "Brand-term_Phr-MOR", "Interaction Rate": 28.91, "Advertising Channel": "Search", "Video played to 50%": 0.0, "Date": "2017-08-03", "End date": "", "CTR": 28.91, "Video played to 25%": 0.0, "Engagements": 0, "Invalid clicks": 5, "Clicks": 109, "Views": 0, "Unique cookies": ""}, {"Campaign state": "paused", "Interaction Types": ["Clicks"], "Campaign serving status": "eligible", "Cost": 5.59, "Interactions": 166, "Avg. CPM": 17.360248, "Bid Strategy Type": "cpc", "Video played to 100%": 0.0, "Avg. CPE": 0.0, "Mapping": false, "Start date": "2016-05-26", "View rate": 0.0, "Account ID": "3764021980", "Avg. CPC": 0.033675, "Conversions": 15.0, "Video played to 75%": 0.0, "Impressions": 322, "Avg. position": 1.0, "Advertising Sub Channel": "", "Campaign ID": 600817348, "Avg. Cost": 0.033675, "Avg. CPV": 0.0, "Campaign": "Brand-term_Phim Kiem Vu-BMM-AFT", "Interaction Rate": 51.55, "Advertising Channel": "Search", "Video played to 50%": 0.0, "Date": "2017-08-03", "End date": "", "CTR": 51.55, "Video played to 25%": 0.0, "Engagements": 0, "Invalid clicks": 8, "Clicks": 166, "Views": 0, "Unique cookies": ""}, {"Campaign state": "paused", "Interaction Types": ["Clicks"], "Campaign serving status": "eligible", "Cost": 3.97, "Interactions": 156, "Avg. CPM": 10.284974, "Bid Strategy Type": "cpc", "Video played to 100%": 0.0, "Avg. CPE": 0.0, "Mapping": false, "Start date": "2016-05-17", "View rate": 0.0, "Account ID": "3764021980", "Avg. CPC": 0.025449, "Conversions": 17.0, "Video played to 75%": 0.0, "Impressions": 386, "Avg. position": 1.2, "Advertising Sub Channel": "", "Campaign ID": 420413282, "Avg. Cost": 0.025449, "Avg. CPV": 0.0, "Campaign": "Brand-term_BMM-MOR", "Interaction Rate": 40.41, "Advertising Channel": "Search", "Video played to 50%": 0.0, "Date": "2017-08-03", "End date": "", "CTR": 40.41, "Video played to 25%": 0.0, "Engagements": 0, "Invalid clicks": 11, "Clicks": 156, "Views": 0, "Unique cookies": ""}, {"Campaign state": "paused", "Interaction Types": ["Clicks"], "Campaign serving status": "eligible", "Cost": 4.43, "Interactions": 74, "Avg. CPM": 19.515419, "Bid Strategy Type": "cpc", "Video played to 100%": 0.0, "Avg. CPE": 0.0, "Mapping": false, "Start date": "2016-05-17", "View rate": 0.0, "Account ID": "3764021980", "Avg. CPC": 0.059865, "Conversions": 10.0, "Video played to 75%": 0.0, "Impressions": 227, "Avg. position": 1.0, "Advertising Sub Channel": "", "Campaign ID": 420413522, "Avg. Cost": 0.059865, "Avg. CPV": 0.0, "Campaign": "Brand-term_BMM-AFT", "Interaction Rate": 32.6, "Advertising Channel": "Search", "Video played to 50%": 0.0, "Date": "2017-08-03", "End date": "", "CTR": 32.6, "Video played to 25%": 0.0, "Engagements": 0, "Invalid clicks": 3, "Clicks": 74, "Views": 0, "Unique cookies": ""}, {"Campaign state": "paused", "Interaction Types": ["Clicks"], "Campaign serving status": "eligible", "Cost": 6.0, "Interactions": 63, "Avg. CPM": 27.39726, "Bid Strategy Type": "cpc", "Video played to 100%": 0.0, "Avg. CPE": 0.0, "Mapping": false, "Start date": "2016-05-17", "View rate": 0.0, "Account ID": "3764021980", "Avg. CPC": 0.095238, "Conversions": 9.0, "Video played to 75%": 0.0, "Impressions": 219, "Avg. position": 1.1, "Advertising Sub Channel": "", "Campaign ID": 420414482, "Avg. Cost": 0.095238, "Avg. CPV": 0.0, "Campaign": "Brand-term_Phr-AFT", "Interaction Rate": 28.77, "Advertising Channel": "Search", "Video played to 50%": 0.0, "Date": "2017-08-03", "End date": "", "CTR": 28.77, "Video played to 25%": 0.0, "Engagements": 0, "Invalid clicks": 5, "Clicks": 63, "Views": 0, "Unique cookies": ""}, {"Campaign state": "paused", "Interaction Types": ["Clicks"], "Campaign serving status": "eligible", "Cost": 0.08, "Interactions": 8, "Avg. CPM": 4.444444, "Bid Strategy Type": "cpc", "Video played to 100%": 0.0, "Avg. CPE": 0.0, "Mapping": false, "Start date": "2016-05-26", "View rate": 0.0, "Account ID": "3764021980", "Avg. CPC": 0.01, "Conversions": 1.0, "Video played to 75%": 0.0, "Impressions": 18, "Avg. position": 1.0, "Advertising Sub Channel": "", "Campaign ID": 600817345, "Avg. Cost": 0.01, "Avg. CPV": 0.0, "Campaign": "Brand-term_Phim Kiem Vu-BMM-MOR", "Interaction Rate": 44.44, "Advertising Channel": "Search", "Video played to 50%": 0.0, "Date": "2017-08-03", "End date": "", "CTR": 44.44, "Video played to 25%": 0.0, "Engagements": 0, "Invalid clicks": 1, "Clicks": 8, "Views": 0, "Unique cookies": ""}, {"Campaign state": "paused", "Interaction Types": ["Clicks"], "Campaign serving status": "eligible", "Cost": 3.85, "Interactions": 76, "Avg. CPM": 11.424332, "Bid Strategy Type": "cpc", "Video played to 100%": 0.0, "Avg. CPE": 0.0, "Mapping": false, "Start date": "2016-05-17", "View rate": 0.0, "Account ID": "3764021980", "Avg. CPC": 0.050658, "Conversions": 9.0, "Video played to 75%": 0.0, "Impressions": 337, "Avg. position": 1.2, "Advertising Sub Channel": "", "Campaign ID": 420413762, "Avg. Cost": 0.050658, "Avg. CPV": 0.0, "Campaign": "Brand-term_BMM-EVE", "Interaction Rate": 22.55, "Advertising Channel": "Search", "Video played to 50%": 0.0, "Date": "2017-08-03", "End date": "", "CTR": 22.55, "Video played to 25%": 0.0, "Engagements": 0, "Invalid clicks": 17, "Clicks": 76, "Views": 0, "Unique cookies": ""}, {"Campaign state": "paused", "Interaction Types": ["Clicks"], "Campaign serving status": "eligible", "Cost": 5.64, "Interactions": 71, "Avg. CPM": 20.28777, "Bid Strategy Type": "cpc", "Video played to 100%": 0.0, "Avg. CPE": 0.0, "Mapping": false, "Start date": "2016-05-17", "View rate": 0.0, "Account ID": "3764021980", "Avg. CPC": 0.079437, "Conversions": 5.0, "Video played to 75%": 0.0, "Impressions": 278, "Avg. position": 1.1, "Advertising Sub Channel": "", "Campaign ID": 420414242, "Avg. Cost": 0.079437, "Avg. CPV": 0.0, "Campaign": "Brand-term_Phr-EVE", "Interaction Rate": 25.54, "Advertising Channel": "Search", "Video played to 50%": 0.0, "Date": "2017-08-03", "End date": "", "CTR": 25.54, "Video played to 25%": 0.0, "Engagements": 0, "Invalid clicks": 10, "Clicks": 71, "Views": 0, "Unique cookies": ""}, {"Campaign state": "enabled", "Interaction Types": ["Clicks"], "Campaign serving status": "eligible", "Cost": 7.29, "Interactions": 658, "Avg. CPM": 6.193713, "Bid Strategy Type": "cpc", "Video played to 100%": 0.0, "Avg. CPE": 0.0, "Mapping": false, "Start date": "2016-05-17", "View rate": 0.0, "Account ID": "3764021980", "Avg. CPC": 0.011079, "Conversions": 55.0, "Video played to 75%": 0.0, "Impressions": 1177, "Avg. position": 1.0, "Advertising Sub Channel": "", "Campaign ID": 420414962, "Avg. Cost": 0.011079, "Avg. CPV": 0.0, "Campaign": "Brand-term_Exa-Eve", "Interaction Rate": 55.9, "Advertising Channel": "Search", "Video played to 50%": 0.0, "Date": "2017-08-03", "End date": "", "CTR": 55.9, "Video played to 25%": 0.0, "Engagements": 0, "Invalid clicks": 77, "Clicks": 658, "Views": 0, "Unique cookies": ""}, {"Campaign state": "Total", "Interaction Types": "", "Campaign serving status": "", "Cost": 58.64, "Interactions": 2713, "Avg. CPM": 10.607815, "Bid Strategy Type": "", "Video played to 100%": 0.0, "Avg. CPE": 0.0, "Mapping": false, "Start date": "", "View rate": 0.0, "Account ID": "3764021980", "Avg. CPC": 0.021614, "Conversions": 277.0, "Video played to 75%": 0.0, "Impressions": 5528, "Avg. position": 1.0, "Advertising Sub Channel": "", "Campaign ID": "", "Avg. Cost": 0.021614, "Avg. CPV": 0.0, "Campaign": "", "Interaction Rate": 49.08, "Advertising Channel": "", "Video played to 50%": 0.0, "Date": "2017-08-03", "End date": "", "CTR": 49.08, "Video played to 25%": 0.0, "Engagements": 0, "Invalid clicks": 234, "Clicks": 2713, "Views": 0, "Unique cookies": ""}]