[{"Start date": "2017-05-04", "Avg. CPC": 0.0536, "Interactions": 25, "Avg. position": 4.0, "Campaign serving status": "eligible", "Campaign ID": 819296321, "Invalid clicks": 2, "Impressions": 2830, "Video played to 50%": 0.0, "Account ID": "5990401446", "Conversions": 2.0, "Views": 0, "Engagements": 0, "Avg. CPE": 0.0, "Advertising Sub Channel": "", "Account Name": "[W] G1 - WPL - vltkw360-2", "End date": "", "Video played to 100%": 0.0, "Clicks": 25, "Avg. Cost": 0.0536, "Interaction Types": ["Clicks"], "Video played to 25%": 0.0, "View rate": 0.0, "Video played to 75%": 0.0, "Avg. CPM": 0.473498, "CTR": 0.88, "Campaign state": "paused", "Unique cookies": "", "Advertising Channel": "Search", "Interaction Rate": 0.88, "Bid Strategy Type": "cpc", "Date": "2017-08-02", "Mapping": false, "Campaign": "Gen-term_BM_Other_MP", "Avg. CPV": 0.0, "Cost": 1.34}, {"Start date": "2017-05-04", "Avg. CPC": 0.061905, "Interactions": 21, "Avg. position": 3.8, "Campaign serving status": "eligible", "Campaign ID": 819296324, "Invalid clicks": 0, "Impressions": 1731, "Video played to 50%": 0.0, "Account ID": "5990401446", "Conversions": 1.0, "Views": 0, "Engagements": 0, "Avg. CPE": 0.0, "Advertising Sub Channel": "", "Account Name": "[W] G1 - WPL - vltkw360-2", "End date": "", "Video played to 100%": 0.0, "Clicks": 21, "Avg. Cost": 0.061905, "Interaction Types": ["Clicks"], "Video played to 25%": 0.0, "View rate": 0.0, "Video played to 75%": 0.0, "Avg. CPM": 0.751011, "CTR": 1.21, "Campaign state": "paused", "Unique cookies": "", "Advertising Channel": "Search", "Interaction Rate": 1.21, "Bid Strategy Type": "cpc", "Date": "2017-08-02", "Mapping": false, "Campaign": "Gen-term_BM_Other_LP", "Avg. CPV": 0.0, "Cost": 1.3}, {"Start date": "2017-05-04", "Avg. CPC": 0.178333, "Interactions": 6, "Avg. position": 2.1, "Campaign serving status": "eligible", "Campaign ID": 819296342, "Invalid clicks": 0, "Impressions": 83, "Video played to 50%": 0.0, "Account ID": "5990401446", "Conversions": 2.0, "Views": 0, "Engagements": 0, "Avg. CPE": 0.0, "Advertising Sub Channel": "", "Account Name": "[W] G1 - WPL - vltkw360-2", "End date": "", "Video played to 100%": 0.0, "Clicks": 6, "Avg. Cost": 0.178333, "Interaction Types": ["Clicks"], "Video played to 25%": 0.0, "View rate": 0.0, "Video played to 75%": 0.0, "Avg. CPM": 12.891566, "CTR": 7.23, "Campaign state": "paused", "Unique cookies": "", "Advertising Channel": "Search", "Interaction Rate": 7.23, "Bid Strategy Type": "cpc", "Date": "2017-08-02", "Mapping": false, "Campaign": "Gen-term_EX_Game_MP", "Avg. CPV": 0.0, "Cost": 1.07}, {"Start date": "2017-05-04", "Avg. CPC": 0.049444, "Interactions": 36, "Avg. position": 2.6, "Campaign serving status": "eligible", "Campaign ID": 819296291, "Invalid clicks": 2, "Impressions": 565, "Video played to 50%": 0.0, "Account ID": "5990401446", "Conversions": 5.0, "Views": 0, "Engagements": 0, "Avg. CPE": 0.0, "Advertising Sub Channel": "", "Account Name": "[W] G1 - WPL - vltkw360-2", "End date": "", "Video played to 100%": 0.0, "Clicks": 36, "Avg. Cost": 0.049444, "Interaction Types": ["Clicks"], "Video played to 25%": 0.0, "View rate": 0.0, "Video played to 75%": 0.0, "Avg. CPM": 3.150442, "CTR": 6.37, "Campaign state": "paused", "Unique cookies": "", "Advertising Channel": "Search", "Interaction Rate": 6.37, "Bid Strategy Type": "cpc", "Date": "2017-08-02", "Mapping": false, "Campaign": "Gen-term_BM_Game_LP", "Avg. CPV": 0.0, "Cost": 1.78}, {"Start date": "2017-05-04", "Avg. CPC": 0.106667, "Interactions": 132, "Avg. position": 1.0, "Campaign serving status": "eligible", "Campaign ID": 819296348, "Invalid clicks": 2, "Impressions": 1017, "Video played to 50%": 0.0, "Account ID": "5990401446", "Conversions": 25.0, "Views": 0, "Engagements": 0, "Avg. CPE": 0.0, "Advertising Sub Channel": "", "Account Name": "[W] G1 - WPL - vltkw360-2", "End date": "", "Video played to 100%": 0.0, "Clicks": 132, "Avg. Cost": 0.106667, "Interaction Types": ["Clicks"], "Video played to 25%": 0.0, "View rate": 0.0, "Video played to 75%": 0.0, "Avg. CPM": 13.844641, "CTR": 12.98, "Campaign state": "paused", "Unique cookies": "", "Advertising Channel": "Search", "Interaction Rate": 12.98, "Bid Strategy Type": "cpc", "Date": "2017-08-02", "Mapping": false, "Campaign": "Gen-term_EX_GO_LP", "Avg. CPV": 0.0, "Cost": 14.08}, {"Start date": "2017-05-04", "Avg. CPC": 0.17, "Interactions": 4, "Avg. position": 1.7, "Campaign serving status": "eligible", "Campaign ID": 819296360, "Invalid clicks": 0, "Impressions": 15, "Video played to 50%": 0.0, "Account ID": "5990401446", "Conversions": 1.0, "Views": 0, "Engagements": 0, "Avg. CPE": 0.0, "Advertising Sub Channel": "", "Account Name": "[W] G1 - WPL - vltkw360-2", "End date": "", "Video played to 100%": 0.0, "Clicks": 4, "Avg. Cost": 0.17, "Interaction Types": ["Clicks"], "Video played to 25%": 0.0, "View rate": 0.0, "Video played to 75%": 0.0, "Avg. CPM": 45.333333, "CTR": 26.67, "Campaign state": "paused", "Unique cookies": "", "Advertising Channel": "Search", "Interaction Rate": 26.67, "Bid Strategy Type": "cpc", "Date": "2017-08-02", "Mapping": false, "Campaign": "Gen-term_EX_Other_MP", "Avg. CPV": 0.0, "Cost": 0.68}, {"Start date": "2017-05-04", "Avg. CPC": 0.144, "Interactions": 5, "Avg. position": 1.0, "Campaign serving status": "eligible", "Campaign ID": 819296375, "Invalid clicks": 0, "Impressions": 55, "Video played to 50%": 0.0, "Account ID": "5990401446", "Conversions": 0.0, "Views": 0, "Engagements": 0, "Avg. CPE": 0.0, "Advertising Sub Channel": "", "Account Name": "[W] G1 - WPL - vltkw360-2", "End date": "", "Video played to 100%": 0.0, "Clicks": 5, "Avg. Cost": 0.144, "Interaction Types": ["Clicks"], "Video played to 25%": 0.0, "View rate": 0.0, "Video played to 75%": 0.0, "Avg. CPM": 13.090909, "CTR": 9.09, "Campaign state": "paused", "Unique cookies": "", "Advertising Channel": "Search", "Interaction Rate": 9.09, "Bid Strategy Type": "cpc", "Date": "2017-08-02", "Mapping": false, "Campaign": "Gen-term_EX_Zing_MP", "Avg. CPV": 0.0, "Cost": 0.72}, {"Start date": "2017-05-04", "Avg. CPC": 0.01, "Interactions": 1, "Avg. position": 1.3, "Campaign serving status": "eligible", "Campaign ID": 819296312, "Invalid clicks": 0, "Impressions": 7, "Video played to 50%": 0.0, "Account ID": "5990401446", "Conversions": 1.0, "Views": 0, "Engagements": 0, "Avg. CPE": 0.0, "Advertising Sub Channel": "", "Account Name": "[W] G1 - WPL - vltkw360-2", "End date": "", "Video played to 100%": 0.0, "Clicks": 1, "Avg. Cost": 0.01, "Interaction Types": ["Clicks"], "Video played to 25%": 0.0, "View rate": 0.0, "Video played to 75%": 0.0, "Avg. CPM": 1.428571, "CTR": 14.29, "Campaign state": "paused", "Unique cookies": "", "Advertising Channel": "Search", "Interaction Rate": 14.29, "Bid Strategy Type": "cpc", "Date": "2017-08-02", "Mapping": false, "Campaign": "Gen-term_BM_Zing_MP", "Avg. CPV": 0.0, "Cost": 0.01}, {"Start date": "2017-05-04", "Avg. CPC": 0.105839, "Interactions": 149, "Avg. position": 1.9, "Campaign serving status": "eligible", "Campaign ID": 819296399, "Invalid clicks": 13, "Impressions": 2422, "Video played to 50%": 0.0, "Account ID": "5990401446", "Conversions": 28.0, "Views": 0, "Engagements": 0, "Avg. CPE": 0.0, "Advertising Sub Channel": "", "Account Name": "[W] G1 - WPL - vltkw360-2", "End date": "", "Video played to 100%": 0.0, "Clicks": 149, "Avg. Cost": 0.105839, "Interaction Types": ["Clicks"], "Video played to 25%": 0.0, "View rate": 0.0, "Video played to 75%": 0.0, "Avg. CPM": 6.511148, "CTR": 6.15, "Campaign state": "paused", "Unique cookies": "", "Advertising Channel": "Search", "Interaction Rate": 6.15, "Bid Strategy Type": "cpc", "Date": "2017-08-02", "Mapping": false, "Campaign": "Gen-term_PM_GO_LP", "Avg. CPV": 0.0, "Cost": 15.77}, {"Start date": "2017-05-04", "Avg. CPC": 0.1225, "Interactions": 4, "Avg. position": 2.5, "Campaign serving status": "eligible", "Campaign ID": 819296540, "Invalid clicks": 0, "Impressions": 46, "Video played to 50%": 0.0, "Account ID": "5990401446", "Conversions": 2.0, "Views": 0, "Engagements": 0, "Avg. CPE": 0.0, "Advertising Sub Channel": "", "Account Name": "[W] G1 - WPL - vltkw360-2", "End date": "", "Video played to 100%": 0.0, "Clicks": 4, "Avg. Cost": 0.1225, "Interaction Types": ["Clicks"], "Video played to 25%": 0.0, "View rate": 0.0, "Video played to 75%": 0.0, "Avg. CPM": 10.652174, "CTR": 8.7, "Campaign state": "paused", "Unique cookies": "", "Advertising Channel": "Search", "Interaction Rate": 8.7, "Bid Strategy Type": "cpc", "Date": "2017-08-02", "Mapping": false, "Campaign": "Gen-term_PM_WG_MP", "Avg. CPV": 0.0, "Cost": 0.49}, {"Start date": "2017-05-04", "Avg. CPC": 0.053333, "Interactions": 24, "Avg. position": 3.2, "Campaign serving status": "eligible", "Campaign ID": 819296288, "Invalid clicks": 2, "Impressions": 390, "Video played to 50%": 0.0, "Account ID": "5990401446", "Conversions": 4.0, "Views": 0, "Engagements": 0, "Avg. CPE": 0.0, "Advertising Sub Channel": "", "Account Name": "[W] G1 - WPL - vltkw360-2", "End date": "", "Video played to 100%": 0.0, "Clicks": 24, "Avg. Cost": 0.053333, "Interaction Types": ["Clicks"], "Video played to 25%": 0.0, "View rate": 0.0, "Video played to 75%": 0.0, "Avg. CPM": 3.282051, "CTR": 6.15, "Campaign state": "paused", "Unique cookies": "", "Advertising Channel": "Search", "Interaction Rate": 6.15, "Bid Strategy Type": "cpc", "Date": "2017-08-02", "Mapping": false, "Campaign": "Gen-term_BM_Game_MP", "Avg. CPV": 0.0, "Cost": 1.28}, {"Start date": "2017-05-04", "Avg. CPC": 0.066061, "Interactions": 33, "Avg. position": 3.8, "Campaign serving status": "eligible", "Campaign ID": 819296297, "Invalid clicks": 0, "Impressions": 742, "Video played to 50%": 0.0, "Account ID": "5990401446", "Conversions": 3.0, "Views": 0, "Engagements": 0, "Avg. CPE": 0.0, "Advertising Sub Channel": "", "Account Name": "[W] G1 - WPL - vltkw360-2", "End date": "", "Video played to 100%": 0.0, "Clicks": 33, "Avg. Cost": 0.066061, "Interaction Types": ["Clicks"], "Video played to 25%": 0.0, "View rate": 0.0, "Video played to 75%": 0.0, "Avg. CPM": 2.938005, "CTR": 4.45, "Campaign state": "paused", "Unique cookies": "", "Advertising Channel": "Search", "Interaction Rate": 4.45, "Bid Strategy Type": "cpc", "Date": "2017-08-02", "Mapping": false, "Campaign": "Gen-term_BM_GO_MP", "Avg. CPV": 0.0, "Cost": 2.18}, {"Start date": "2017-05-04", "Avg. CPC": 0.112667, "Interactions": 15, "Avg. position": 2.8, "Campaign serving status": "eligible", "Campaign ID": 819296531, "Invalid clicks": 0, "Impressions": 489, "Video played to 50%": 0.0, "Account ID": "5990401446", "Conversions": 2.0, "Views": 0, "Engagements": 0, "Avg. CPE": 0.0, "Advertising Sub Channel": "", "Account Name": "[W] G1 - WPL - vltkw360-2", "End date": "", "Video played to 100%": 0.0, "Clicks": 15, "Avg. Cost": 0.112667, "Interaction Types": ["Clicks"], "Video played to 25%": 0.0, "View rate": 0.0, "Video played to 75%": 0.0, "Avg. CPM": 3.456033, "CTR": 3.07, "Campaign state": "paused", "Unique cookies": "", "Advertising Channel": "Search", "Interaction Rate": 3.07, "Bid Strategy Type": "cpc", "Date": "2017-08-02", "Mapping": false, "Campaign": "Gen-term_PM_Other_MP", "Avg. CPV": 0.0, "Cost": 1.69}, {"Start date": "2017-05-04", "Avg. CPC": 0.06087, "Interactions": 23, "Avg. position": 3.7, "Campaign serving status": "eligible", "Campaign ID": 819296300, "Invalid clicks": 0, "Impressions": 520, "Video played to 50%": 0.0, "Account ID": "5990401446", "Conversions": 4.0, "Views": 0, "Engagements": 0, "Avg. CPE": 0.0, "Advertising Sub Channel": "", "Account Name": "[W] G1 - WPL - vltkw360-2", "End date": "", "Video played to 100%": 0.0, "Clicks": 23, "Avg. Cost": 0.06087, "Interaction Types": ["Clicks"], "Video played to 25%": 0.0, "View rate": 0.0, "Video played to 75%": 0.0, "Avg. CPM": 2.692308, "CTR": 4.42, "Campaign state": "paused", "Unique cookies": "", "Advertising Channel": "Search", "Interaction Rate": 4.42, "Bid Strategy Type": "cpc", "Date": "2017-08-02", "Mapping": false, "Campaign": "Gen-term_BM_GO_LP", "Avg. CPV": 0.0, "Cost": 1.4}, {"Start date": "2017-05-04", "Avg. CPC": 0.15, "Interactions": 2, "Avg. position": 1.0, "Campaign serving status": "eligible", "Campaign ID": 819296327, "Invalid clicks": 0, "Impressions": 11, "Video played to 50%": 0.0, "Account ID": "5990401446", "Conversions": 0.0, "Views": 0, "Engagements": 0, "Avg. CPE": 0.0, "Advertising Sub Channel": "", "Account Name": "[W] G1 - WPL - vltkw360-2", "End date": "", "Video played to 100%": 0.0, "Clicks": 2, "Avg. Cost": 0.15, "Interaction Types": ["Clicks"], "Video played to 25%": 0.0, "View rate": 0.0, "Video played to 75%": 0.0, "Avg. CPM": 27.272727, "CTR": 18.18, "Campaign state": "paused", "Unique cookies": "", "Advertising Channel": "Search", "Interaction Rate": 18.18, "Bid Strategy Type": "cpc", "Date": "2017-08-02", "Mapping": false, "Campaign": "Gen-term_EX_360game_HP", "Avg. CPV": 0.0, "Cost": 0.3}, {"Start date": "2017-05-04", "Avg. CPC": 0.150588, "Interactions": 17, "Avg. position": 1.1, "Campaign serving status": "eligible", "Campaign ID": 819296339, "Invalid clicks": 0, "Impressions": 209, "Video played to 50%": 0.0, "Account ID": "5990401446", "Conversions": 3.0, "Views": 0, "Engagements": 0, "Avg. CPE": 0.0, "Advertising Sub Channel": "", "Account Name": "[W] G1 - WPL - vltkw360-2", "End date": "", "Video played to 100%": 0.0, "Clicks": 17, "Avg. Cost": 0.150588, "Interaction Types": ["Clicks"], "Video played to 25%": 0.0, "View rate": 0.0, "Video played to 75%": 0.0, "Avg. CPM": 12.248804, "CTR": 8.13, "Campaign state": "paused", "Unique cookies": "", "Advertising Channel": "Search", "Interaction Rate": 8.13, "Bid Strategy Type": "cpc", "Date": "2017-08-02", "Mapping": false, "Campaign": "Gen-term_EX_Game_LP", "Avg. CPV": 0.0, "Cost": 2.56}, {"Start date": "2017-05-04", "Avg. CPC": 0.115455, "Interactions": 11, "Avg. position": 1.2, "Campaign serving status": "eligible", "Campaign ID": 819296363, "Invalid clicks": 0, "Impressions": 50, "Video played to 50%": 0.0, "Account ID": "5990401446", "Conversions": 4.0, "Views": 0, "Engagements": 0, "Avg. CPE": 0.0, "Advertising Sub Channel": "", "Account Name": "[W] G1 - WPL - vltkw360-2", "End date": "", "Video played to 100%": 0.0, "Clicks": 11, "Avg. Cost": 0.115455, "Interaction Types": ["Clicks"], "Video played to 25%": 0.0, "View rate": 0.0, "Video played to 75%": 0.0, "Avg. CPM": 25.4, "CTR": 22.0, "Campaign state": "paused", "Unique cookies": "", "Advertising Channel": "Search", "Interaction Rate": 22.0, "Bid Strategy Type": "cpc", "Date": "2017-08-02", "Mapping": false, "Campaign": "Gen-term_EX_WG_HP", "Avg. CPV": 0.0, "Cost": 1.27}, {"Start date": "2017-05-04", "Avg. CPC": 0.04, "Interactions": 1, "Avg. position": 1.2, "Campaign serving status": "eligible", "Campaign ID": 819296378, "Invalid clicks": 0, "Impressions": 5, "Video played to 50%": 0.0, "Account ID": "5990401446", "Conversions": 0.0, "Views": 0, "Engagements": 0, "Avg. CPE": 0.0, "Advertising Sub Channel": "", "Account Name": "[W] G1 - WPL - vltkw360-2", "End date": "", "Video played to 100%": 0.0, "Clicks": 1, "Avg. Cost": 0.04, "Interaction Types": ["Clicks"], "Video played to 25%": 0.0, "View rate": 0.0, "Video played to 75%": 0.0, "Avg. CPM": 8.0, "CTR": 20.0, "Campaign state": "paused", "Unique cookies": "", "Advertising Channel": "Search", "Interaction Rate": 20.0, "Bid Strategy Type": "cpc", "Date": "2017-08-02", "Mapping": false, "Campaign": "Gen-term_PM_360game_HP", "Avg. CPV": 0.0, "Cost": 0.04}, {"Start date": "2017-05-04", "Avg. CPC": 0.103913, "Interactions": 69, "Avg. position": 2.1, "Campaign serving status": "eligible", "Campaign ID": 819296393, "Invalid clicks": 0, "Impressions": 1210, "Video played to 50%": 0.0, "Account ID": "5990401446", "Conversions": 14.0, "Views": 0, "Engagements": 0, "Avg. CPE": 0.0, "Advertising Sub Channel": "", "Account Name": "[W] G1 - WPL - vltkw360-2", "End date": "", "Video played to 100%": 0.0, "Clicks": 69, "Avg. Cost": 0.103913, "Interaction Types": ["Clicks"], "Video played to 25%": 0.0, "View rate": 0.0, "Video played to 75%": 0.0, "Avg. CPM": 5.92562, "CTR": 5.7, "Campaign state": "paused", "Unique cookies": "", "Advertising Channel": "Search", "Interaction Rate": 5.7, "Bid Strategy Type": "cpc", "Date": "2017-08-02", "Mapping": false, "Campaign": "Gen-term_PM_Game_MP", "Avg. CPV": 0.0, "Cost": 7.17}, {"Start date": "2017-05-04", "Avg. CPC": 0.1, "Interactions": 1, "Avg. position": 1.6, "Campaign serving status": "eligible", "Campaign ID": 819296396, "Invalid clicks": 0, "Impressions": 28, "Video played to 50%": 0.0, "Account ID": "5990401446", "Conversions": 0.0, "Views": 0, "Engagements": 0, "Avg. CPE": 0.0, "Advertising Sub Channel": "", "Account Name": "[W] G1 - WPL - vltkw360-2", "End date": "", "Video played to 100%": 0.0, "Clicks": 1, "Avg. Cost": 0.1, "Interaction Types": ["Clicks"], "Video played to 25%": 0.0, "View rate": 0.0, "Video played to 75%": 0.0, "Avg. CPM": 3.571429, "CTR": 3.57, "Campaign state": "paused", "Unique cookies": "", "Advertising Channel": "Search", "Interaction Rate": 3.57, "Bid Strategy Type": "cpc", "Date": "2017-08-02", "Mapping": false, "Campaign": "Gen-term_PM_GO_HP", "Avg. CPV": 0.0, "Cost": 0.1}, {"Start date": "2017-05-04", "Avg. CPC": 0.07, "Interactions": 1, "Avg. position": 1.0, "Campaign serving status": "eligible", "Campaign ID": 819296159, "Invalid clicks": 0, "Impressions": 2, "Video played to 50%": 0.0, "Account ID": "5990401446", "Conversions": 0.0, "Views": 0, "Engagements": 0, "Avg. CPE": 0.0, "Advertising Sub Channel": "", "Account Name": "[W] G1 - WPL - vltkw360-2", "End date": "", "Video played to 100%": 0.0, "Clicks": 1, "Avg. Cost": 0.07, "Interaction Types": ["Clicks"], "Video played to 25%": 0.0, "View rate": 0.0, "Video played to 75%": 0.0, "Avg. CPM": 35.0, "CTR": 50.0, "Campaign state": "paused", "Unique cookies": "", "Advertising Channel": "Search", "Interaction Rate": 50.0, "Bid Strategy Type": "cpc", "Date": "2017-08-02", "Mapping": false, "Campaign": "Gen-term_BM_360game_MP", "Avg. CPV": 0.0, "Cost": 0.07}, {"Start date": "2017-05-04", "Avg. CPC": 0.1925, "Interactions": 4, "Avg. position": 1.6, "Campaign serving status": "eligible", "Campaign ID": 819296336, "Invalid clicks": 0, "Impressions": 25, "Video played to 50%": 0.0, "Account ID": "5990401446", "Conversions": 1.0, "Views": 0, "Engagements": 0, "Avg. CPE": 0.0, "Advertising Sub Channel": "", "Account Name": "[W] G1 - WPL - vltkw360-2", "End date": "", "Video played to 100%": 0.0, "Clicks": 4, "Avg. Cost": 0.1925, "Interaction Types": ["Clicks"], "Video played to 25%": 0.0, "View rate": 0.0, "Video played to 75%": 0.0, "Avg. CPM": 30.8, "CTR": 16.0, "Campaign state": "paused", "Unique cookies": "", "Advertising Channel": "Search", "Interaction Rate": 16.0, "Bid Strategy Type": "cpc", "Date": "2017-08-02", "Mapping": false, "Campaign": "Gen-term_EX_Game_HP", "Avg. CPV": 0.0, "Cost": 0.77}, {"Start date": "2017-05-04", "Avg. CPC": 0.08, "Interactions": 1, "Avg. position": 1.4, "Campaign serving status": "eligible", "Campaign ID": 819296351, "Invalid clicks": 0, "Impressions": 23, "Video played to 50%": 0.0, "Account ID": "5990401446", "Conversions": 0.0, "Views": 0, "Engagements": 0, "Avg. CPE": 0.0, "Advertising Sub Channel": "", "Account Name": "[W] G1 - WPL - vltkw360-2", "End date": "", "Video played to 100%": 0.0, "Clicks": 1, "Avg. Cost": 0.08, "Interaction Types": ["Clicks"], "Video played to 25%": 0.0, "View rate": 0.0, "Video played to 75%": 0.0, "Avg. CPM": 3.478261, "CTR": 4.35, "Campaign state": "paused", "Unique cookies": "", "Advertising Channel": "Search", "Interaction Rate": 4.35, "Bid Strategy Type": "cpc", "Date": "2017-08-02", "Mapping": false, "Campaign": "Gen-term_EX_GO_MP", "Avg. CPV": 0.0, "Cost": 0.08}, {"Start date": "2017-05-04", "Avg. CPC": 0.03, "Interactions": 1, "Avg. position": 1.4, "Campaign serving status": "eligible", "Campaign ID": 819296384, "Invalid clicks": 0, "Impressions": 10, "Video played to 50%": 0.0, "Account ID": "5990401446", "Conversions": 1.0, "Views": 0, "Engagements": 0, "Avg. CPE": 0.0, "Advertising Sub Channel": "", "Account Name": "[W] G1 - WPL - vltkw360-2", "End date": "", "Video played to 100%": 0.0, "Clicks": 1, "Avg. Cost": 0.03, "Interaction Types": ["Clicks"], "Video played to 25%": 0.0, "View rate": 0.0, "Video played to 75%": 0.0, "Avg. CPM": 3.0, "CTR": 10.0, "Campaign state": "paused", "Unique cookies": "", "Advertising Channel": "Search", "Interaction Rate": 10.0, "Bid Strategy Type": "cpc", "Date": "2017-08-02", "Mapping": false, "Campaign": "Gen-term_PM_360game_MP", "Avg. CPV": 0.0, "Cost": 0.03}, {"Start date": "2017-05-04", "Avg. CPC": 0.133333, "Interactions": 3, "Avg. position": 1.7, "Campaign serving status": "eligible", "Campaign ID": 819296534, "Invalid clicks": 0, "Impressions": 21, "Video played to 50%": 0.0, "Account ID": "5990401446", "Conversions": 2.0, "Views": 0, "Engagements": 0, "Avg. CPE": 0.0, "Advertising Sub Channel": "", "Account Name": "[W] G1 - WPL - vltkw360-2", "End date": "", "Video played to 100%": 0.0, "Clicks": 3, "Avg. Cost": 0.133333, "Interaction Types": ["Clicks"], "Video played to 25%": 0.0, "View rate": 0.0, "Video played to 75%": 0.0, "Avg. CPM": 19.047619, "CTR": 14.29, "Campaign state": "paused", "Unique cookies": "", "Advertising Channel": "Search", "Interaction Rate": 14.29, "Bid Strategy Type": "cpc", "Date": "2017-08-02", "Mapping": false, "Campaign": "Gen-term_PM_WG_HP", "Avg. CPV": 0.0, "Cost": 0.4}, {"Start date": "2017-05-04", "Avg. CPC": 0.124, "Interactions": 5, "Avg. position": 2.3, "Campaign serving status": "eligible", "Campaign ID": 819296537, "Invalid clicks": 1, "Impressions": 25, "Video played to 50%": 0.0, "Account ID": "5990401446", "Conversions": 2.0, "Views": 0, "Engagements": 0, "Avg. CPE": 0.0, "Advertising Sub Channel": "", "Account Name": "[W] G1 - WPL - vltkw360-2", "End date": "", "Video played to 100%": 0.0, "Clicks": 5, "Avg. Cost": 0.124, "Interaction Types": ["Clicks"], "Video played to 25%": 0.0, "View rate": 0.0, "Video played to 75%": 0.0, "Avg. CPM": 24.8, "CTR": 20.0, "Campaign state": "paused", "Unique cookies": "", "Advertising Channel": "Search", "Interaction Rate": 20.0, "Bid Strategy Type": "cpc", "Date": "2017-08-02", "Mapping": false, "Campaign": "Gen-term_PM_WG_LP", "Avg. CPV": 0.0, "Cost": 0.62}, {"Start date": "2017-05-04", "Avg. CPC": 0.038571, "Interactions": 7, "Avg. position": 1.5, "Campaign serving status": "eligible", "Campaign ID": 819296285, "Invalid clicks": 0, "Impressions": 59, "Video played to 50%": 0.0, "Account ID": "5990401446", "Conversions": 2.0, "Views": 0, "Engagements": 0, "Avg. CPE": 0.0, "Advertising Sub Channel": "", "Account Name": "[W] G1 - WPL - vltkw360-2", "End date": "", "Video played to 100%": 0.0, "Clicks": 7, "Avg. Cost": 0.038571, "Interaction Types": ["Clicks"], "Video played to 25%": 0.0, "View rate": 0.0, "Video played to 75%": 0.0, "Avg. CPM": 4.576271, "CTR": 11.86, "Campaign state": "paused", "Unique cookies": "", "Advertising Channel": "Search", "Interaction Rate": 11.86, "Bid Strategy Type": "cpc", "Date": "2017-08-02", "Mapping": false, "Campaign": "Gen-term_BM_Game_HP", "Avg. CPV": 0.0, "Cost": 0.27}, {"Start date": "2017-05-04", "Avg. CPC": 0.084286, "Interactions": 14, "Avg. position": 1.0, "Campaign serving status": "eligible", "Campaign ID": 819296369, "Invalid clicks": 1, "Impressions": 75, "Video played to 50%": 0.0, "Account ID": "5990401446", "Conversions": 5.0, "Views": 0, "Engagements": 0, "Avg. CPE": 0.0, "Advertising Sub Channel": "", "Account Name": "[W] G1 - WPL - vltkw360-2", "End date": "", "Video played to 100%": 0.0, "Clicks": 14, "Avg. Cost": 0.084286, "Interaction Types": ["Clicks"], "Video played to 25%": 0.0, "View rate": 0.0, "Video played to 75%": 0.0, "Avg. CPM": 15.733333, "CTR": 18.67, "Campaign state": "paused", "Unique cookies": "", "Advertising Channel": "Search", "Interaction Rate": 18.67, "Bid Strategy Type": "cpc", "Date": "2017-08-02", "Mapping": false, "Campaign": "Gen-term_EX_WG_MP", "Avg. CPV": 0.0, "Cost": 1.18}, {"Start date": "2017-05-04", "Avg. CPC": 0.05, "Interactions": 1, "Avg. position": 1.0, "Campaign serving status": "eligible", "Campaign ID": 819296282, "Invalid clicks": 0, "Impressions": 1, "Video played to 50%": 0.0, "Account ID": "5990401446", "Conversions": 1.0, "Views": 0, "Engagements": 0, "Avg. CPE": 0.0, "Advertising Sub Channel": "", "Account Name": "[W] G1 - WPL - vltkw360-2", "End date": "", "Video played to 100%": 0.0, "Clicks": 1, "Avg. Cost": 0.05, "Interaction Types": ["Clicks"], "Video played to 25%": 0.0, "View rate": 0.0, "Video played to 75%": 0.0, "Avg. CPM": 50.0, "CTR": 100.0, "Campaign state": "paused", "Unique cookies": "", "Advertising Channel": "Search", "Interaction Rate": 100.0, "Bid Strategy Type": "cpc", "Date": "2017-08-02", "Mapping": false, "Campaign": "Gen-term_BM_360game_LP", "Avg. CPV": 0.0, "Cost": 0.05}, {"Start date": "2017-05-04", "Avg. CPC": 0.074167, "Interactions": 36, "Avg. position": 3.7, "Campaign serving status": "eligible", "Campaign ID": 819296294, "Invalid clicks": 4, "Impressions": 893, "Video played to 50%": 0.0, "Account ID": "5990401446", "Conversions": 3.0, "Views": 0, "Engagements": 0, "Avg. CPE": 0.0, "Advertising Sub Channel": "", "Account Name": "[W] G1 - WPL - vltkw360-2", "End date": "", "Video played to 100%": 0.0, "Clicks": 36, "Avg. Cost": 0.074167, "Interaction Types": ["Clicks"], "Video played to 25%": 0.0, "View rate": 0.0, "Video played to 75%": 0.0, "Avg. CPM": 2.989922, "CTR": 4.03, "Campaign state": "paused", "Unique cookies": "", "Advertising Channel": "Search", "Interaction Rate": 4.03, "Bid Strategy Type": "cpc", "Date": "2017-08-02", "Mapping": false, "Campaign": "Gen-term_BM_GO_HP", "Avg. CPV": 0.0, "Cost": 2.67}, {"Start date": "2017-05-04", "Avg. CPC": 0.03, "Interactions": 1, "Avg. position": 3.8, "Campaign serving status": "eligible", "Campaign ID": 819296306, "Invalid clicks": 0, "Impressions": 29, "Video played to 50%": 0.0, "Account ID": "5990401446", "Conversions": 0.0, "Views": 0, "Engagements": 0, "Avg. CPE": 0.0, "Advertising Sub Channel": "", "Account Name": "[W] G1 - WPL - vltkw360-2", "End date": "", "Video played to 100%": 0.0, "Clicks": 1, "Avg. Cost": 0.03, "Interaction Types": ["Clicks"], "Video played to 25%": 0.0, "View rate": 0.0, "Video played to 75%": 0.0, "Avg. CPM": 1.034483, "CTR": 3.45, "Campaign state": "paused", "Unique cookies": "", "Advertising Channel": "Search", "Interaction Rate": 3.45, "Bid Strategy Type": "cpc", "Date": "2017-08-02", "Mapping": false, "Campaign": "Gen-term_BM_WG_MP", "Avg. CPV": 0.0, "Cost": 0.03}, {"Start date": "2017-05-04", "Avg. CPC": 0.051111, "Interactions": 9, "Avg. position": 1.0, "Campaign serving status": "eligible", "Campaign ID": 819296333, "Invalid clicks": 0, "Impressions": 30, "Video played to 50%": 0.0, "Account ID": "5990401446", "Conversions": 0.0, "Views": 0, "Engagements": 0, "Avg. CPE": 0.0, "Advertising Sub Channel": "", "Account Name": "[W] G1 - WPL - vltkw360-2", "End date": "", "Video played to 100%": 0.0, "Clicks": 9, "Avg. Cost": 0.051111, "Interaction Types": ["Clicks"], "Video played to 25%": 0.0, "View rate": 0.0, "Video played to 75%": 0.0, "Avg. CPM": 15.333333, "CTR": 30.0, "Campaign state": "paused", "Unique cookies": "", "Advertising Channel": "Search", "Interaction Rate": 30.0, "Bid Strategy Type": "cpc", "Date": "2017-08-02", "Mapping": false, "Campaign": "Gen-term_EX_360game_MP", "Avg. CPV": 0.0, "Cost": 0.46}, {"Start date": "2017-05-04", "Avg. CPC": 0.100833, "Interactions": 12, "Avg. position": 1.1, "Campaign serving status": "eligible", "Campaign ID": 819296345, "Invalid clicks": 0, "Impressions": 94, "Video played to 50%": 0.0, "Account ID": "5990401446", "Conversions": 3.0, "Views": 0, "Engagements": 0, "Avg. CPE": 0.0, "Advertising Sub Channel": "", "Account Name": "[W] G1 - WPL - vltkw360-2", "End date": "", "Video played to 100%": 0.0, "Clicks": 12, "Avg. Cost": 0.100833, "Interaction Types": ["Clicks"], "Video played to 25%": 0.0, "View rate": 0.0, "Video played to 75%": 0.0, "Avg. CPM": 12.87234, "CTR": 12.77, "Campaign state": "paused", "Unique cookies": "", "Advertising Channel": "Search", "Interaction Rate": 12.77, "Bid Strategy Type": "cpc", "Date": "2017-08-02", "Mapping": false, "Campaign": "Gen-term_EX_GO_HP", "Avg. CPV": 0.0, "Cost": 1.21}, {"Start date": "2017-05-04", "Avg. CPC": 0.141667, "Interactions": 6, "Avg. position": 1.7, "Campaign serving status": "eligible", "Campaign ID": 819296366, "Invalid clicks": 1, "Impressions": 20, "Video played to 50%": 0.0, "Account ID": "5990401446", "Conversions": 3.0, "Views": 0, "Engagements": 0, "Avg. CPE": 0.0, "Advertising Sub Channel": "", "Account Name": "[W] G1 - WPL - vltkw360-2", "End date": "", "Video played to 100%": 0.0, "Clicks": 6, "Avg. Cost": 0.141667, "Interaction Types": ["Clicks"], "Video played to 25%": 0.0, "View rate": 0.0, "Video played to 75%": 0.0, "Avg. CPM": 42.5, "CTR": 30.0, "Campaign state": "paused", "Unique cookies": "", "Advertising Channel": "Search", "Interaction Rate": 30.0, "Bid Strategy Type": "cpc", "Date": "2017-08-02", "Mapping": false, "Campaign": "Gen-term_EX_WG_LP", "Avg. CPV": 0.0, "Cost": 0.85}, {"Start date": "2017-05-04", "Avg. CPC": 0.08625, "Interactions": 8, "Avg. position": 1.2, "Campaign serving status": "eligible", "Campaign ID": 819296387, "Invalid clicks": 0, "Impressions": 32, "Video played to 50%": 0.0, "Account ID": "5990401446", "Conversions": 3.0, "Views": 0, "Engagements": 0, "Avg. CPE": 0.0, "Advertising Sub Channel": "", "Account Name": "[W] G1 - WPL - vltkw360-2", "End date": "", "Video played to 100%": 0.0, "Clicks": 8, "Avg. Cost": 0.08625, "Interaction Types": ["Clicks"], "Video played to 25%": 0.0, "View rate": 0.0, "Video played to 75%": 0.0, "Avg. CPM": 21.5625, "CTR": 25.0, "Campaign state": "paused", "Unique cookies": "", "Advertising Channel": "Search", "Interaction Rate": 25.0, "Bid Strategy Type": "cpc", "Date": "2017-08-02", "Mapping": false, "Campaign": "Gen-term_PM_Game_HP", "Avg. CPV": 0.0, "Cost": 0.69}, {"Start date": "2017-05-04", "Avg. CPC": 0.111875, "Interactions": 272, "Avg. position": 1.7, "Campaign serving status": "eligible", "Campaign ID": 819296390, "Invalid clicks": 10, "Impressions": 4651, "Video played to 50%": 0.0, "Account ID": "5990401446", "Conversions": 6.0, "Views": 0, "Engagements": 0, "Avg. CPE": 0.0, "Advertising Sub Channel": "", "Account Name": "[W] G1 - WPL - vltkw360-2", "End date": "", "Video played to 100%": 0.0, "Clicks": 272, "Avg. Cost": 0.111875, "Interaction Types": ["Clicks"], "Video played to 25%": 0.0, "View rate": 0.0, "Video played to 75%": 0.0, "Avg. CPM": 6.542679, "CTR": 5.85, "Campaign state": "paused", "Unique cookies": "", "Advertising Channel": "Search", "Interaction Rate": 5.85, "Bid Strategy Type": "cpc", "Date": "2017-08-02", "Mapping": false, "Campaign": "Gen-term_PM_Game_LP", "Avg. CPV": 0.0, "Cost": 30.43}, {"Start date": "", "Avg. CPC": 0.099, "Interactions": 960, "Avg. position": 2.6, "Campaign serving status": "", "Campaign ID": "", "Invalid clicks": 38, "Impressions": 18488, "Video played to 50%": 0.0, "Account ID": "5990401446", "Conversions": 133.0, "Views": 0, "Engagements": 0, "Avg. CPE": 0.0, "Advertising Sub Channel": "", "Account Name": "[W] G1 - WPL - vltkw360-2", "End date": "", "Video played to 100%": 0.0, "Clicks": 960, "Avg. Cost": 0.099, "Interaction Types": "", "Video played to 25%": 0.0, "View rate": 0.0, "Video played to 75%": 0.0, "Avg. CPM": 5.140632, "CTR": 5.19, "Campaign state": "Total", "Unique cookies": "", "Advertising Channel": "", "Interaction Rate": 5.19, "Bid Strategy Type": "", "Date": "2017-08-02", "Mapping": false, "Campaign": "", "Avg. CPV": 0.0, "Cost": 95.04}]