[{"Campaign state": "paused", "Avg. CPC": 0.017671, "Avg. position": 1.0, "Account Name": "VNG - PG1 - JXM", "Campaign": "JXM | 1705015 1706010 1707028 | Branding GDN - iOS", "Clicks": 9426, "Avg. Cost": 0.017671, "Views": 0, "Interactions": 9426, "Unique cookies": 202156, "Impressions": 544013, "Start date": "2017-05-26", "Campaign ID": 837910039, "View rate": 0.0, "Conversions": 49.0, "CTR": 1.73, "Campaign serving status": "eligible", "Engagements": 0, "Avg. CPM": 0.306188, "End date": "", "Interaction Types": ["Clicks"], "Video played to 100%": 0.0, "Avg. CPE": 0.0, "Avg. CPV": 0.0, "Account ID": "5008396449", "Advertising Sub Channel": "", "Video played to 25%": 0.0, "Invalid clicks": 1004, "Interaction Rate": 1.73, "Video played to 50%": 0.0, "Video played to 75%": 0.0, "Advertising Channel": "Display", "Date": "2017-06-10", "Bid Strategy Type": "Maximize clicks", "Mapping": false, "Cost": 166.57}, {"Campaign state": "enabled", "Avg. CPC": 0.142241, "Avg. position": 1.0, "Account Name": "VNG - PG1 - JXM", "Campaign": "JXM | 1610105 1611013 1611026 1611062 1703048 1704016 1706008 1707026 1709039 | UAC App Store - iOS", "Clicks": 3160, "Avg. Cost": 0.015867, "Views": 22607, "Interactions": 28329, "Unique cookies": "", "Impressions": 444961, "Start date": "2016-12-28", "Campaign ID": 726209660, "View rate": 14.91, "Conversions": 425.0, "CTR": 0.71, "Campaign serving status": "eligible", "Engagements": 4885, "Avg. CPM": 1.010161, "End date": "", "Interaction Types": ["Clicks", "Engagements", "Views"], "Video played to 100%": 6.28, "Avg. CPE": 0.064844, "Avg. CPV": 0.014012, "Account ID": "5008396449", "Advertising Sub Channel": "Universal App Campaign", "Video played to 25%": 20.37, "Invalid clicks": 168, "Interaction Rate": 6.37, "Video played to 50%": 11.21, "Video played to 75%": 8.8, "Advertising Channel": "Multi Channel", "Date": "2017-06-10", "Bid Strategy Type": "Target CPA", "Mapping": false, "Cost": 449.48245}, {"Campaign state": "paused", "Avg. CPC": 0.017314, "Avg. position": 1.0, "Account Name": "VNG - PG1 - JXM", "Campaign": "JXM | 1705015 1706010 1707028 | Branding GDN - Android", "Clicks": 13684, "Avg. Cost": 0.017314, "Views": 0, "Interactions": 13684, "Unique cookies": 372247, "Impressions": 878277, "Start date": "2017-06-02", "Campaign ID": 843945598, "View rate": 0.0, "Conversions": 89.0, "CTR": 1.56, "Campaign serving status": "eligible", "Engagements": 0, "Avg. CPM": 0.269767, "End date": "", "Interaction Types": ["Clicks"], "Video played to 100%": 0.0, "Avg. CPE": 0.0, "Avg. CPV": 0.0, "Account ID": "5008396449", "Advertising Sub Channel": "", "Video played to 25%": 0.0, "Invalid clicks": 3181, "Interaction Rate": 1.56, "Video played to 50%": 0.0, "Video played to 75%": 0.0, "Advertising Channel": "Display", "Date": "2017-06-10", "Bid Strategy Type": "Maximize clicks", "Mapping": false, "Cost": 236.93}, {"Campaign state": "enabled", "Avg. CPC": 0.128605, "Avg. position": 1.1, "Account Name": "VNG - PG1 - JXM", "Campaign": "JXM | 1610105 1611013 1611026 1611062 1703048 1706008 1707026 1709039 | UAC GMG Android", "Clicks": 4685, "Avg. Cost": 0.018891, "Views": 25582, "Interactions": 31894, "Unique cookies": "", "Impressions": 383268, "Start date": "2016-11-15", "Campaign ID": 699351990, "View rate": 15.3, "Conversions": 968.0, "CTR": 1.22, "Campaign serving status": "eligible", "Engagements": 5200, "Avg. CPM": 1.572046, "End date": "", "Interaction Types": ["Clicks", "Engagements", "Views"], "Video played to 100%": 5.61, "Avg. CPE": 0.093174, "Avg. CPV": 0.018939, "Account ID": "5008396449", "Advertising Sub Channel": "Universal App Campaign", "Video played to 25%": 16.25, "Invalid clicks": 499, "Interaction Rate": 8.32, "Video played to 50%": 9.49, "Video played to 75%": 7.42, "Advertising Channel": "Multi Channel", "Date": "2017-06-10", "Bid Strategy Type": "Target CPA", "Mapping": false, "Cost": 602.51491}, {"Campaign state": "enabled", "Avg. CPC": 0.105556, "Avg. position": 1.2, "Account Name": "VNG - PG1 - JXM", "Campaign": "JXM | 1610105 1611013 1611026 1611062 1703048 1704016 1706008 1707026 1709039 | Search Google Play Store", "Clicks": 3810, "Avg. Cost": 0.105556, "Views": 0, "Interactions": 3810, "Unique cookies": "", "Impressions": 24119, "Start date": "2016-10-16", "Campaign ID": 682545537, "View rate": 0.0, "Conversions": 1736.0, "CTR": 15.8, "Campaign serving status": "eligible", "Engagements": 0, "Avg. CPM": 16.674406, "End date": "", "Interaction Types": ["Clicks"], "Video played to 100%": 0.0, "Avg. CPE": 0.0, "Avg. CPV": 0.0, "Account ID": "5008396449", "Advertising Sub Channel": "Search Mobile App", "Video played to 25%": 0.0, "Invalid clicks": 577, "Interaction Rate": 15.8, "Video played to 50%": 0.0, "Video played to 75%": 0.0, "Advertising Channel": "Search", "Date": "2017-06-10", "Bid Strategy Type": "Target CPA", "Mapping": false, "Cost": 402.17}, {"Campaign state": "enabled", "Avg. CPC": 0.012805, "Avg. position": 1.0, "Account Name": "VNG - PG1 - JXM", "Campaign": "JXM | 1610105 1611013 1611026 1611062 1703048 1704017 1705015 1706010 1707028 1709054 | Search Desktop Only", "Clicks": 2039, "Avg. Cost": 0.012805, "Views": 0, "Interactions": 2039, "Unique cookies": "", "Impressions": 2812, "Start date": "2016-10-16", "Campaign ID": 682542681, "View rate": 0.0, "Conversions": 0.0, "CTR": 72.51, "Campaign serving status": "eligible", "Engagements": 0, "Avg. CPM": 9.285206, "End date": "", "Interaction Types": ["Clicks"], "Video played to 100%": 0.0, "Avg. CPE": 0.0, "Avg. CPV": 0.0, "Account ID": "5008396449", "Advertising Sub Channel": "", "Video played to 25%": 0.0, "Invalid clicks": 75, "Interaction Rate": 72.51, "Video played to 50%": 0.0, "Video played to 75%": 0.0, "Advertising Channel": "Search", "Date": "2017-06-10", "Bid Strategy Type": "Maximize clicks", "Mapping": false, "Cost": 26.11}, {"Campaign state": "Total", "Avg. CPC": 0.051184, "Avg. position": 1.0, "Account Name": "VNG - PG1 - JXM", "Campaign": "", "Clicks": 36804, "Avg. Cost": 0.021123, "Views": 48189, "Interactions": 89182, "Unique cookies": "", "Impressions": 2277450, "Start date": "", "Campaign ID": "", "View rate": 15.11, "Conversions": 3267.0, "CTR": 1.62, "Campaign serving status": "", "Engagements": 10085, "Avg. CPM": 0.827143, "End date": "", "Interaction Types": "", "Video played to 100%": 5.93, "Avg. CPE": 0.079451, "Avg. CPV": 0.016628, "Account ID": "5008396449", "Advertising Sub Channel": "", "Video played to 25%": 18.22, "Invalid clicks": 5504, "Interaction Rate": 3.92, "Video played to 50%": 10.31, "Video played to 75%": 8.08, "Advertising Channel": "", "Date": "2017-06-10", "Bid Strategy Type": "", "Mapping": false, "Cost": 1883.77736}]