[{"Start date": "2016-04-29", "Avg. CPC": 0.0325, "Interactions": 4, "Avg. position": 1.1, "Campaign serving status": "eligible", "Campaign ID": 376727591, "Invalid clicks": 0, "Impressions": 16, "Video played to 50%": 0.0, "Account ID": "6940796638", "Conversions": 0.0, "Views": 0, "Engagements": 0, "Avg. CPE": 0.0, "Advertising Sub Channel": "", "Account Name": "[W] G1 - WPL - mudts360", "End date": "", "Video played to 100%": 0.0, "Clicks": 4, "Avg. Cost": 0.0325, "Interaction Types": ["Clicks"], "Video played to 25%": 0.0, "View rate": 0.0, "Video played to 75%": 0.0, "Avg. CPM": 8.125, "CTR": 25.0, "Campaign state": "enabled", "Unique cookies": "", "Advertising Channel": "Search", "Interaction Rate": 25.0, "Bid Strategy Type": "cpc", "Date": "2017-08-01", "Mapping": false, "Campaign": "Brand-term_MUDTS-phr-EVE", "Avg. CPV": 0.0, "Cost": 0.13}, {"Start date": "2016-04-29", "Avg. CPC": 0.0325, "Interactions": 4, "Avg. position": 1.0, "Campaign serving status": "eligible", "Campaign ID": 376727231, "Invalid clicks": 0, "Impressions": 17, "Video played to 50%": 0.0, "Account ID": "6940796638", "Conversions": 0.0, "Views": 0, "Engagements": 0, "Avg. CPE": 0.0, "Advertising Sub Channel": "", "Account Name": "[W] G1 - WPL - mudts360", "End date": "", "Video played to 100%": 0.0, "Clicks": 4, "Avg. Cost": 0.0325, "Interaction Types": ["Clicks"], "Video played to 25%": 0.0, "View rate": 0.0, "Video played to 75%": 0.0, "Avg. CPM": 7.647059, "CTR": 23.53, "Campaign state": "enabled", "Unique cookies": "", "Advertising Channel": "Search", "Interaction Rate": 23.53, "Bid Strategy Type": "cpc", "Date": "2017-08-01", "Mapping": false, "Campaign": "Brand-term_MUDTS-ex-EVE", "Avg. CPV": 0.0, "Cost": 0.13}, {"Start date": "2016-04-29", "Avg. CPC": 0.035625, "Interactions": 32, "Avg. position": 2.4, "Campaign serving status": "eligible", "Campaign ID": 376725671, "Invalid clicks": 0, "Impressions": 195, "Video played to 50%": 0.0, "Account ID": "6940796638", "Conversions": 5.0, "Views": 0, "Engagements": 0, "Avg. CPE": 0.0, "Advertising Sub Channel": "", "Account Name": "[W] G1 - WPL - mudts360", "End date": "", "Video played to 100%": 0.0, "Clicks": 32, "Avg. Cost": 0.035625, "Interaction Types": ["Clicks"], "Video played to 25%": 0.0, "View rate": 0.0, "Video played to 75%": 0.0, "Avg. CPM": 5.846154, "CTR": 16.41, "Campaign state": "enabled", "Unique cookies": "", "Advertising Channel": "Search", "Interaction Rate": 16.41, "Bid Strategy Type": "cpc", "Date": "2017-08-01", "Mapping": false, "Campaign": "Brand-term_Mu-AFT", "Avg. CPV": 0.0, "Cost": 1.14}, {"Start date": "2016-04-29", "Avg. CPC": 0.032857, "Interactions": 7, "Avg. position": 1.0, "Campaign serving status": "eligible", "Campaign ID": 376727351, "Invalid clicks": 0, "Impressions": 26, "Video played to 50%": 0.0, "Account ID": "6940796638", "Conversions": 0.0, "Views": 0, "Engagements": 0, "Avg. CPE": 0.0, "Advertising Sub Channel": "", "Account Name": "[W] G1 - WPL - mudts360", "End date": "", "Video played to 100%": 0.0, "Clicks": 7, "Avg. Cost": 0.032857, "Interaction Types": ["Clicks"], "Video played to 25%": 0.0, "View rate": 0.0, "Video played to 75%": 0.0, "Avg. CPM": 8.846154, "CTR": 26.92, "Campaign state": "enabled", "Unique cookies": "", "Advertising Channel": "Search", "Interaction Rate": 26.92, "Bid Strategy Type": "cpc", "Date": "2017-08-01", "Mapping": false, "Campaign": "Brand-term_MUDTS-ex-MOR", "Avg. CPV": 0.0, "Cost": 0.23}, {"Start date": "2016-04-29", "Avg. CPC": 0.04, "Interactions": 2, "Avg. position": 4.2, "Campaign serving status": "eligible", "Campaign ID": 376726151, "Invalid clicks": 0, "Impressions": 16, "Video played to 50%": 0.0, "Account ID": "6940796638", "Conversions": 1.0, "Views": 0, "Engagements": 0, "Avg. CPE": 0.0, "Advertising Sub Channel": "", "Account Name": "[W] G1 - WPL - mudts360", "End date": "", "Video played to 100%": 0.0, "Clicks": 2, "Avg. Cost": 0.04, "Interaction Types": ["Clicks"], "Video played to 25%": 0.0, "View rate": 0.0, "Video played to 75%": 0.0, "Avg. CPM": 5.0, "CTR": 12.5, "Campaign state": "enabled", "Unique cookies": "", "Advertising Channel": "Search", "Interaction Rate": 12.5, "Bid Strategy Type": "cpc", "Date": "2017-08-01", "Mapping": false, "Campaign": "Brand-term_Mu-Online-EVE", "Avg. CPV": 0.0, "Cost": 0.08}, {"Start date": "2016-04-29", "Avg. CPC": 0.03, "Interactions": 3, "Avg. position": 1.0, "Campaign serving status": "eligible", "Campaign ID": 376726631, "Invalid clicks": 0, "Impressions": 5, "Video played to 50%": 0.0, "Account ID": "6940796638", "Conversions": 1.0, "Views": 0, "Engagements": 0, "Avg. CPE": 0.0, "Advertising Sub Channel": "", "Account Name": "[W] G1 - WPL - mudts360", "End date": "", "Video played to 100%": 0.0, "Clicks": 3, "Avg. Cost": 0.03, "Interaction Types": ["Clicks"], "Video played to 25%": 0.0, "View rate": 0.0, "Video played to 75%": 0.0, "Avg. CPM": 18.0, "CTR": 60.0, "Campaign state": "enabled", "Unique cookies": "", "Advertising Channel": "Search", "Interaction Rate": 60.0, "Bid Strategy Type": "cpc", "Date": "2017-08-01", "Mapping": false, "Campaign": "Brand-term_MUDTS-bmm-MOR", "Avg. CPV": 0.0, "Cost": 0.09}, {"Start date": "2016-04-29", "Avg. CPC": 0.0275, "Interactions": 8, "Avg. position": 1.0, "Campaign serving status": "eligible", "Campaign ID": 376727111, "Invalid clicks": 0, "Impressions": 27, "Video played to 50%": 0.0, "Account ID": "6940796638", "Conversions": 0.0, "Views": 0, "Engagements": 0, "Avg. CPE": 0.0, "Advertising Sub Channel": "", "Account Name": "[W] G1 - WPL - mudts360", "End date": "", "Video played to 100%": 0.0, "Clicks": 8, "Avg. Cost": 0.0275, "Interaction Types": ["Clicks"], "Video played to 25%": 0.0, "View rate": 0.0, "Video played to 75%": 0.0, "Avg. CPM": 8.148148, "CTR": 29.63, "Campaign state": "enabled", "Unique cookies": "", "Advertising Channel": "Search", "Interaction Rate": 29.63, "Bid Strategy Type": "cpc", "Date": "2017-08-01", "Mapping": false, "Campaign": "Brand-term_MUDTS-ex-AFT", "Avg. CPV": 0.0, "Cost": 0.22}, {"Start date": "2016-04-29", "Avg. CPC": 0.014286, "Interactions": 14, "Avg. position": 1.0, "Campaign serving status": "eligible", "Campaign ID": 376724351, "Invalid clicks": 1, "Impressions": 33, "Video played to 50%": 0.0, "Account ID": "6940796638", "Conversions": 0.0, "Views": 0, "Engagements": 0, "Avg. CPE": 0.0, "Advertising Sub Channel": "", "Account Name": "[W] G1 - WPL - mudts360", "End date": "", "Video played to 100%": 0.0, "Clicks": 14, "Avg. Cost": 0.014286, "Interaction Types": ["Clicks"], "Video played to 25%": 0.0, "View rate": 0.0, "Video played to 75%": 0.0, "Avg. CPM": 6.060606, "CTR": 42.42, "Campaign state": "paused", "Unique cookies": "", "Advertising Channel": "Search", "Interaction Rate": 42.42, "Bid Strategy Type": "cpc", "Date": "2017-08-01", "Mapping": false, "Campaign": "Brand-term_DTSCK-br-EVE", "Avg. CPV": 0.0, "Cost": 0.2}, {"Start date": "2016-04-29", "Avg. CPC": 0.01, "Interactions": 1, "Avg. position": 1.0, "Campaign serving status": "eligible", "Campaign ID": 376727471, "Invalid clicks": 0, "Impressions": 9, "Video played to 50%": 0.0, "Account ID": "6940796638", "Conversions": 0.0, "Views": 0, "Engagements": 0, "Avg. CPE": 0.0, "Advertising Sub Channel": "", "Account Name": "[W] G1 - WPL - mudts360", "End date": "", "Video played to 100%": 0.0, "Clicks": 1, "Avg. Cost": 0.01, "Interaction Types": ["Clicks"], "Video played to 25%": 0.0, "View rate": 0.0, "Video played to 75%": 0.0, "Avg. CPM": 1.111111, "CTR": 11.11, "Campaign state": "enabled", "Unique cookies": "", "Advertising Channel": "Search", "Interaction Rate": 11.11, "Bid Strategy Type": "cpc", "Date": "2017-08-01", "Mapping": false, "Campaign": "Brand-term_MUDTS-phr-AFT", "Avg. CPV": 0.0, "Cost": 0.01}, {"Start date": "2016-04-29", "Avg. CPC": 0.027895, "Interactions": 19, "Avg. position": 1.0, "Campaign serving status": "eligible", "Campaign ID": 376724231, "Invalid clicks": 0, "Impressions": 49, "Video played to 50%": 0.0, "Account ID": "6940796638", "Conversions": 2.0, "Views": 0, "Engagements": 0, "Avg. CPE": 0.0, "Advertising Sub Channel": "", "Account Name": "[W] G1 - WPL - mudts360", "End date": "", "Video played to 100%": 0.0, "Clicks": 19, "Avg. Cost": 0.027895, "Interaction Types": ["Clicks"], "Video played to 25%": 0.0, "View rate": 0.0, "Video played to 75%": 0.0, "Avg. CPM": 10.816327, "CTR": 38.78, "Campaign state": "paused", "Unique cookies": "", "Advertising Channel": "Search", "Interaction Rate": 38.78, "Bid Strategy Type": "cpc", "Date": "2017-08-01", "Mapping": false, "Campaign": "Brand-term_DTSCK-br-AFT", "Avg. CPV": 0.0, "Cost": 0.53}, {"Start date": "2016-04-29", "Avg. CPC": 0.0175, "Interactions": 4, "Avg. position": 1.0, "Campaign serving status": "eligible", "Campaign ID": 376726511, "Invalid clicks": 0, "Impressions": 24, "Video played to 50%": 0.0, "Account ID": "6940796638", "Conversions": 0.0, "Views": 0, "Engagements": 0, "Avg. CPE": 0.0, "Advertising Sub Channel": "", "Account Name": "[W] G1 - WPL - mudts360", "End date": "", "Video played to 100%": 0.0, "Clicks": 4, "Avg. Cost": 0.0175, "Interaction Types": ["Clicks"], "Video played to 25%": 0.0, "View rate": 0.0, "Video played to 75%": 0.0, "Avg. CPM": 2.916667, "CTR": 16.67, "Campaign state": "enabled", "Unique cookies": "", "Advertising Channel": "Search", "Interaction Rate": 16.67, "Bid Strategy Type": "cpc", "Date": "2017-08-01", "Mapping": false, "Campaign": "Brand-term_MUDTS-bmm-EVE", "Avg. CPV": 0.0, "Cost": 0.07}, {"Start date": "2016-04-29", "Avg. CPC": 0.010833, "Interactions": 24, "Avg. position": 1.0, "Campaign serving status": "eligible", "Campaign ID": 376724471, "Invalid clicks": 0, "Impressions": 51, "Video played to 50%": 0.0, "Account ID": "6940796638", "Conversions": 1.0, "Views": 0, "Engagements": 0, "Avg. CPE": 0.0, "Advertising Sub Channel": "", "Account Name": "[W] G1 - WPL - mudts360", "End date": "", "Video played to 100%": 0.0, "Clicks": 24, "Avg. Cost": 0.010833, "Interaction Types": ["Clicks"], "Video played to 25%": 0.0, "View rate": 0.0, "Video played to 75%": 0.0, "Avg. CPM": 5.098039, "CTR": 47.06, "Campaign state": "paused", "Unique cookies": "", "Advertising Channel": "Search", "Interaction Rate": 47.06, "Bid Strategy Type": "cpc", "Date": "2017-08-01", "Mapping": false, "Campaign": "Brand-term_DTSCK-br-MOR", "Avg. CPV": 0.0, "Cost": 0.26}, {"Start date": "2016-04-29", "Avg. CPC": 0.033636, "Interactions": 22, "Avg. position": 2.6, "Campaign serving status": "eligible", "Campaign ID": 376725791, "Invalid clicks": 0, "Impressions": 122, "Video played to 50%": 0.0, "Account ID": "6940796638", "Conversions": 4.0, "Views": 0, "Engagements": 0, "Avg. CPE": 0.0, "Advertising Sub Channel": "", "Account Name": "[W] G1 - WPL - mudts360", "End date": "", "Video played to 100%": 0.0, "Clicks": 22, "Avg. Cost": 0.033636, "Interaction Types": ["Clicks"], "Video played to 25%": 0.0, "View rate": 0.0, "Video played to 75%": 0.0, "Avg. CPM": 6.065574, "CTR": 18.03, "Campaign state": "enabled", "Unique cookies": "", "Advertising Channel": "Search", "Interaction Rate": 18.03, "Bid Strategy Type": "cpc", "Date": "2017-08-01", "Mapping": false, "Campaign": "Brand-term_Mu-EVE", "Avg. CPV": 0.0, "Cost": 0.74}, {"Start date": "2016-04-29", "Avg. CPC": 0.046207, "Interactions": 29, "Avg. position": 2.4, "Campaign serving status": "eligible", "Campaign ID": 376725911, "Invalid clicks": 4, "Impressions": 187, "Video played to 50%": 0.0, "Account ID": "6940796638", "Conversions": 8.0, "Views": 0, "Engagements": 0, "Avg. CPE": 0.0, "Advertising Sub Channel": "", "Account Name": "[W] G1 - WPL - mudts360", "End date": "", "Video played to 100%": 0.0, "Clicks": 29, "Avg. Cost": 0.046207, "Interaction Types": ["Clicks"], "Video played to 25%": 0.0, "View rate": 0.0, "Video played to 75%": 0.0, "Avg. CPM": 7.165775, "CTR": 15.51, "Campaign state": "enabled", "Unique cookies": "", "Advertising Channel": "Search", "Interaction Rate": 15.51, "Bid Strategy Type": "cpc", "Date": "2017-08-01", "Mapping": false, "Campaign": "Brand-term_Mu-MOR", "Avg. CPV": 0.0, "Cost": 1.34}, {"Start date": "2016-04-29", "Avg. CPC": 0.07, "Interactions": 1, "Avg. position": 4.7, "Campaign serving status": "eligible", "Campaign ID": 376726031, "Invalid clicks": 0, "Impressions": 11, "Video played to 50%": 0.0, "Account ID": "6940796638", "Conversions": 0.0, "Views": 0, "Engagements": 0, "Avg. CPE": 0.0, "Advertising Sub Channel": "", "Account Name": "[W] G1 - WPL - mudts360", "End date": "", "Video played to 100%": 0.0, "Clicks": 1, "Avg. Cost": 0.07, "Interaction Types": ["Clicks"], "Video played to 25%": 0.0, "View rate": 0.0, "Video played to 75%": 0.0, "Avg. CPM": 6.363636, "CTR": 9.09, "Campaign state": "enabled", "Unique cookies": "", "Advertising Channel": "Search", "Interaction Rate": 9.09, "Bid Strategy Type": "cpc", "Date": "2017-08-01", "Mapping": false, "Campaign": "Brand-term_Mu-Online-AFT", "Avg. CPV": 0.0, "Cost": 0.07}, {"Start date": "", "Avg. CPC": 0.030115, "Interactions": 174, "Avg. position": 2.0, "Campaign serving status": "", "Campaign ID": "", "Invalid clicks": 5, "Impressions": 817, "Video played to 50%": 0.0, "Account ID": "6940796638", "Conversions": 22.0, "Views": 0, "Engagements": 0, "Avg. CPE": 0.0, "Advertising Sub Channel": "", "Account Name": "[W] G1 - WPL - mudts360", "End date": "", "Video played to 100%": 0.0, "Clicks": 174, "Avg. Cost": 0.030115, "Interaction Types": "", "Video played to 25%": 0.0, "View rate": 0.0, "Video played to 75%": 0.0, "Avg. CPM": 6.413709, "CTR": 21.3, "Campaign state": "Total", "Unique cookies": "", "Advertising Channel": "", "Interaction Rate": 21.3, "Bid Strategy Type": "", "Date": "2017-08-01", "Mapping": false, "Campaign": "", "Avg. CPV": 0.0, "Cost": 5.24}]