[{"Campaign serving status": "eligible", "Advertising Channel": "Search", "Views": 0, "Avg. CPC": 0.034766, "Video played to 75%": 0.0, "Campaign state": "enabled", "Video played to 50%": 0.0, "Interaction Rate": 38.05, "Mapping": false, "Account ID": "5008396449", "Start date": "2016-10-16", "Avg. CPE": 0.0, "Account Name": "VNG - PG1 - JXM", "Impressions": 14855, "Video played to 25%": 0.0, "Engagements": 0, "Conversions": 5.0, "Video played to 100%": 0.0, "Avg. Cost": 0.034766, "Interactions": 5653, "Clicks": 5653, "Avg. CPV": 0.0, "Unique cookies": "", "Invalid clicks": 187, "Advertising Sub Channel": "", "Interaction Types": ["Clicks"], "Avg. position": 1.4, "Date": "2017-03-04", "CTR": 38.05, "Dept": "PG1", "View rate": 0.0, "Bid Strategy Type": "Maximize clicks", "Cost": 196.53, "Campaign ID": "682542681", "Avg. CPM": 13.229889, "Campaign": "JXM | 221 | 1610105 1611013 1611026 1611062 1703048 1704017 1705015 1706010 1707028 1708008 1709054 1710047 | OTH | SEM", "End date": ""}, {"Campaign serving status": "eligible", "Advertising Channel": "Search", "Views": 0, "Avg. CPC": 0.198124, "Video played to 75%": 0.0, "Campaign state": "enabled", "Video played to 50%": 0.0, "Interaction Rate": 12.9, "Mapping": false, "Account ID": "5008396449", "Start date": "2016-10-16", "Avg. CPE": 0.0, "Account Name": "VNG - PG1 - JXM", "Impressions": 92389, "Video played to 25%": 0.0, "Engagements": 0, "Conversions": 2892.0, "Video played to 100%": 0.0, "Avg. Cost": 0.198124, "Interactions": 11922, "Clicks": 11922, "Avg. CPV": 0.0, "Unique cookies": "", "Invalid clicks": 1475, "Advertising Sub Channel": "Search Mobile App", "Interaction Types": ["Clicks"], "Avg. position": 1.5, "Date": "2017-03-04", "CTR": 12.9, "Dept": "PG1", "View rate": 0.0, "Bid Strategy Type": "Target CPA", "Cost": 2362.04, "Campaign ID": "682545537", "Avg. CPM": 25.566247, "Campaign": "JXM | 221 | 1610105 1611013 1611026 1611062 1703048 1704016 1705011 1706008 1707026 1708007 1709039 1710045 | ALL | SEM | Store", "End date": ""}, {"Campaign serving status": "eligible", "Advertising Channel": "Display", "Views": 0, "Avg. CPC": 0.021747, "Video played to 75%": 1.46, "Campaign state": "paused", "Video played to 50%": 2.08, "Interaction Rate": 0.75, "Mapping": false, "Account ID": "5008396449", "Start date": "2016-11-14", "Avg. CPE": 0.0, "Account Name": "VNG - PG1 - JXM", "Impressions": 997838, "Video played to 25%": 3.57, "Engagements": 0, "Conversions": 202.0, "Video played to 100%": 1.55, "Avg. Cost": 0.021747, "Interactions": 7476, "Clicks": 7476, "Avg. CPV": 0.0, "Unique cookies": "", "Invalid clicks": 1687, "Advertising Sub Channel": "", "Interaction Types": ["Clicks"], "Avg. position": 1.0, "Date": "2017-03-04", "CTR": 0.75, "Dept": "PG1", "View rate": 0.0, "Bid Strategy Type": "Target CPA", "Cost": 162.58, "Campaign ID": "698674457", "Avg. CPM": 0.162932, "Campaign": "JXM | 1610071-00 1610086-00 1610113-00 | Branding 1704017 | GDN_RichMedia - Android", "End date": ""}, {"Campaign serving status": "eligible", "Advertising Channel": "Multi Channel", "Views": 16438, "Avg. CPC": 0.072314, "Video played to 75%": 8.31, "Campaign state": "enabled", "Video played to 50%": 9.81, "Interaction Rate": 2.94, "Mapping": false, "Account ID": "5008396449", "Start date": "2016-11-15", "Avg. CPE": 0.06802, "Account Name": "VNG - PG1 - JXM", "Impressions": 780304, "Video played to 25%": 14.08, "Engagements": 3056, "Conversions": 853.0, "Video played to 100%": 7.19, "Avg. Cost": 0.021541, "Interactions": 22955, "Clicks": 6838, "Avg. CPV": 0.012646, "Unique cookies": "", "Invalid clicks": 1172, "Advertising Sub Channel": "Universal App Campaign", "Interaction Types": ["Clicks", "Engagements", "Views"], "Avg. position": 1.0, "Date": "2017-03-04", "CTR": 0.88, "Dept": "PG1", "View rate": 19.06, "Bid Strategy Type": "Target CPA", "Cost": 494.4804, "Campaign ID": "699351990", "Avg. CPM": 0.633702, "Campaign": "JXM | 221 | 1610105 1611013 1611026 1611062 1703048 1706008 1707026 1708007 1709039 1710045 | AND | UAC", "End date": ""}, {"Campaign serving status": "eligible", "Advertising Channel": "Display", "Views": 0, "Avg. CPC": 0.089348, "Video played to 75%": 0.54, "Campaign state": "paused", "Video played to 50%": 0.83, "Interaction Rate": 0.26, "Mapping": false, "Account ID": "5008396449", "Start date": "2016-11-14", "Avg. CPE": 0.0, "Account Name": "VNG - PG1 - JXM", "Impressions": 17811, "Video played to 25%": 1.43, "Engagements": 0, "Conversions": 4.0, "Video played to 100%": 0.32, "Avg. Cost": 0.089348, "Interactions": 46, "Clicks": 46, "Avg. CPV": 0.0, "Unique cookies": 14940, "Invalid clicks": 5, "Advertising Sub Channel": "", "Interaction Types": ["Clicks"], "Avg. position": 1.0, "Date": "2017-03-04", "CTR": 0.26, "Dept": "PG1", "View rate": 0.0, "Bid Strategy Type": "Target CPA", "Cost": 4.11, "Campaign ID": "698760632", "Avg. CPM": 0.230756, "Campaign": "JXM | 1610071-00 1610086-00 1610113-00 1704017 | Branding | GDN_RichMedia - iOS", "End date": ""}, {"Campaign serving status": "eligible", "Advertising Channel": "Multi Channel", "Views": 10466, "Avg. CPC": 0.120977, "Video played to 75%": 6.32, "Campaign state": "enabled", "Video played to 50%": 7.5, "Interaction Rate": 3.13, "Mapping": false, "Account ID": "5008396449", "Start date": "2016-12-28", "Avg. CPE": 0.075164, "Account Name": "VNG - PG1 - JXM", "Impressions": 409393, "Video played to 25%": 12.53, "Engagements": 1802, "Conversions": 184.0, "Video played to 100%": 4.88, "Avg. Cost": 0.019355, "Interactions": 12826, "Clicks": 2052, "Avg. CPV": 0.012941, "Unique cookies": "", "Invalid clicks": 194, "Advertising Sub Channel": "Universal App Campaign", "Interaction Types": ["Clicks", "Engagements", "Views"], "Avg. position": 1.0, "Date": "2017-03-04", "CTR": 0.5, "Dept": "PG1", "View rate": 21.07, "Bid Strategy Type": "Target CPA", "Cost": 248.24542, "Campaign ID": "726209660", "Avg. CPM": 0.606374, "Campaign": "JXM | 221 | 1610105 1611013 1611026 1611062 1703048 1704016 1706008 1707026 1708007 1709039 1710045 | IOS | UAC", "End date": ""}, {"Campaign serving status": "", "Advertising Channel": "", "Views": 26904, "Avg. CPC": 0.102039, "Video played to 75%": 6.04, "Campaign state": "Total", "Video played to 50%": 7.23, "Interaction Rate": 2.63, "Mapping": false, "Account ID": "5008396449", "Start date": "", "Avg. CPE": 0.07067, "Account Name": "VNG - PG1 - JXM", "Impressions": 2312590, "Video played to 25%": 10.91, "Engagements": 4858, "Conversions": 4140.0, "Video played to 100%": 5.17, "Avg. Cost": 0.056966, "Interactions": 60878, "Clicks": 33987, "Avg. CPV": 0.012761, "Unique cookies": "", "Invalid clicks": 4720, "Advertising Sub Channel": "", "Interaction Types": "", "Avg. position": 1.0, "Date": "2017-03-04", "CTR": 1.47, "Dept": "PG1", "View rate": 19.8, "Bid Strategy Type": "", "Cost": 3467.98582, "Campaign ID": "", "Avg. CPM": 1.499611, "Campaign": "", "End date": ""}]