[{"View rate": 0.0, "Campaign": "JXM | 221 | 1610105 1611013 1611026 1611062 1703048 1704017 1705015 1706010 1707028 1708008 1709054 1710047 | OTH | SEM", "Unique cookies": "", "Dept": "PG1", "Bid Strategy Type": "Maximize clicks", "Views": 0, "Video played to 50%": 0.0, "CTR": 38.05, "Conversions": 5.0, "Account ID": "5008396449", "Clicks": 5653, "Interaction Rate": 38.05, "Avg. position": 1.4, "Advertising Channel": "Search", "Advertising Sub Channel": "", "Campaign ID": 682542681, "Avg. CPV": 0.0, "Campaign serving status": "eligible", "Avg. CPM": 13.229889, "Invalid clicks": 187, "End date": "", "Avg. Cost": 0.034766, "Start date": "2016-10-16", "Mapping": false, "Engagements": 0, "Avg. CPC": 0.034766, "Interactions": 5653, "Date": "2017-03-04", "Video played to 100%": 0.0, "Cost": 196.53, "Interaction Types": ["Clicks"], "Video played to 75%": 0.0, "Video played to 25%": 0.0, "Campaign state": "enabled", "Avg. CPE": 0.0, "Account Name": "VNG - PG1 - JXM", "Impressions": 14855}, {"View rate": 0.0, "Campaign": "JXM | 221 | 1610105 1611013 1611026 1611062 1703048 1704016 1705011 1706008 1707026 1708007 1709039 1710045 | ALL | SEM | Store", "Unique cookies": "", "Dept": "PG1", "Bid Strategy Type": "Target CPA", "Views": 0, "Video played to 50%": 0.0, "CTR": 12.9, "Conversions": 2892.0, "Account ID": "5008396449", "Clicks": 11922, "Interaction Rate": 12.9, "Avg. position": 1.5, "Advertising Channel": "Search", "Advertising Sub Channel": "Search Mobile App", "Campaign ID": 682545537, "Avg. CPV": 0.0, "Campaign serving status": "eligible", "Avg. CPM": 25.566247, "Invalid clicks": 1475, "End date": "", "Avg. Cost": 0.198124, "Start date": "2016-10-16", "Mapping": false, "Engagements": 0, "Avg. CPC": 0.198124, "Interactions": 11922, "Date": "2017-03-04", "Video played to 100%": 0.0, "Cost": 2362.04, "Interaction Types": ["Clicks"], "Video played to 75%": 0.0, "Video played to 25%": 0.0, "Campaign state": "enabled", "Avg. CPE": 0.0, "Account Name": "VNG - PG1 - JXM", "Impressions": 92389}, {"View rate": 0.0, "Campaign": "JXM | 1610071-00 1610086-00 1610113-00 | Branding 1704017 | GDN_RichMedia - Android", "Unique cookies": "", "Dept": "PG1", "Bid Strategy Type": "Target CPA", "Views": 0, "Video played to 50%": 2.08, "CTR": 0.75, "Conversions": 202.0, "Account ID": "5008396449", "Clicks": 7476, "Interaction Rate": 0.75, "Avg. position": 1.0, "Advertising Channel": "Display", "Advertising Sub Channel": "", "Campaign ID": 698674457, "Avg. CPV": 0.0, "Campaign serving status": "eligible", "Avg. CPM": 0.162932, "Invalid clicks": 1687, "End date": "", "Avg. Cost": 0.021747, "Start date": "2016-11-14", "Mapping": false, "Engagements": 0, "Avg. CPC": 0.021747, "Interactions": 7476, "Date": "2017-03-04", "Video played to 100%": 1.55, "Cost": 162.58, "Interaction Types": ["Clicks"], "Video played to 75%": 1.46, "Video played to 25%": 3.57, "Campaign state": "paused", "Avg. CPE": 0.0, "Account Name": "VNG - PG1 - JXM", "Impressions": 997838}, {"View rate": 19.06, "Campaign": "JXM | 221 | 1610105 1611013 1611026 1611062 1703048 1706008 1707026 1708007 1709039 1710045 | AND | UAC", "Unique cookies": "", "Dept": "PG1", "Bid Strategy Type": "Target CPA", "Views": 16438, "Video played to 50%": 9.81, "CTR": 0.88, "Conversions": 853.0, "Account ID": "5008396449", "Clicks": 6838, "Interaction Rate": 2.94, "Avg. position": 1.0, "Advertising Channel": "Multi Channel", "Advertising Sub Channel": "Universal App Campaign", "Campaign ID": 699351990, "Avg. CPV": 0.012646, "Campaign serving status": "eligible", "Avg. CPM": 0.633702, "Invalid clicks": 1172, "End date": "", "Avg. Cost": 0.021541, "Start date": "2016-11-15", "Mapping": false, "Engagements": 3056, "Avg. CPC": 0.072314, "Interactions": 22955, "Date": "2017-03-04", "Video played to 100%": 7.19, "Cost": 494.4804, "Interaction Types": ["Clicks", "Engagements", "Views"], "Video played to 75%": 8.31, "Video played to 25%": 14.08, "Campaign state": "enabled", "Avg. CPE": 0.06802, "Account Name": "VNG - PG1 - JXM", "Impressions": 780304}, {"View rate": 0.0, "Campaign": "JXM | 1610071-00 1610086-00 1610113-00 1704017 | Branding | GDN_RichMedia - iOS", "Unique cookies": 14940, "Dept": "PG1", "Bid Strategy Type": "Target CPA", "Views": 0, "Video played to 50%": 0.83, "CTR": 0.26, "Conversions": 4.0, "Account ID": "5008396449", "Clicks": 46, "Interaction Rate": 0.26, "Avg. position": 1.0, "Advertising Channel": "Display", "Advertising Sub Channel": "", "Campaign ID": 698760632, "Avg. CPV": 0.0, "Campaign serving status": "eligible", "Avg. CPM": 0.230756, "Invalid clicks": 5, "End date": "", "Avg. Cost": 0.089348, "Start date": "2016-11-14", "Mapping": false, "Engagements": 0, "Avg. CPC": 0.089348, "Interactions": 46, "Date": "2017-03-04", "Video played to 100%": 0.32, "Cost": 4.11, "Interaction Types": ["Clicks"], "Video played to 75%": 0.54, "Video played to 25%": 1.43, "Campaign state": "paused", "Avg. CPE": 0.0, "Account Name": "VNG - PG1 - JXM", "Impressions": 17811}, {"View rate": 21.07, "Campaign": "JXM | 221 | 1610105 1611013 1611026 1611062 1703048 1704016 1706008 1707026 1708007 1709039 1710045 | IOS | UAC", "Unique cookies": "", "Dept": "PG1", "Bid Strategy Type": "Target CPA", "Views": 10466, "Video played to 50%": 7.5, "CTR": 0.5, "Conversions": 184.0, "Account ID": "5008396449", "Clicks": 2052, "Interaction Rate": 3.13, "Avg. position": 1.0, "Advertising Channel": "Multi Channel", "Advertising Sub Channel": "Universal App Campaign", "Campaign ID": 726209660, "Avg. CPV": 0.012941, "Campaign serving status": "eligible", "Avg. CPM": 0.606374, "Invalid clicks": 194, "End date": "", "Avg. Cost": 0.019355, "Start date": "2016-12-28", "Mapping": false, "Engagements": 1802, "Avg. CPC": 0.120977, "Interactions": 12826, "Date": "2017-03-04", "Video played to 100%": 4.88, "Cost": 248.24542, "Interaction Types": ["Clicks", "Engagements", "Views"], "Video played to 75%": 6.32, "Video played to 25%": 12.53, "Campaign state": "enabled", "Avg. CPE": 0.075164, "Account Name": "VNG - PG1 - JXM", "Impressions": 409393}, {"View rate": 19.8, "Campaign": "", "Unique cookies": "", "Dept": "PG1", "Bid Strategy Type": "", "Views": 26904, "Video played to 50%": 7.23, "CTR": 1.47, "Conversions": 4140.0, "Account ID": "5008396449", "Clicks": 33987, "Interaction Rate": 2.63, "Avg. position": 1.0, "Advertising Channel": "", "Advertising Sub Channel": "", "Campaign ID": "", "Avg. CPV": 0.012761, "Campaign serving status": "", "Avg. CPM": 1.499611, "Invalid clicks": 4720, "End date": "", "Avg. Cost": 0.056966, "Start date": "", "Mapping": false, "Engagements": 4858, "Avg. CPC": 0.102039, "Interactions": 60878, "Date": "2017-03-04", "Video played to 100%": 5.17, "Cost": 3467.98582, "Interaction Types": "", "Video played to 75%": 6.04, "Video played to 25%": 10.91, "Campaign state": "Total", "Avg. CPE": 0.07067, "Account Name": "VNG - PG1 - JXM", "Impressions": 2312590}]