[{"Account ID": "6942753385", "Conversions": 54.0, "Views": 0, "Video played to 50%": 0.0, "Advertising Sub Channel": "", "Campaign": "G1 - TFA - Brand - Ngoa Long", "Avg. CPE": 0.0, "Campaign serving status": "eligible", "Invalid clicks": 16, "Interaction Rate": 32.45, "Interaction Types": ["Clicks"], "Engagements": 0, "End date": "", "Avg. position": 1.0, "Video played to 100%": 0.0, "Video played to 25%": 0.0, "Video played to 75%": 0.0, "Mapping": false, "Avg. CPV": 0.0, "View rate": 0.0, "Avg. CPC": 0.015278, "Avg. Cost": 0.015278, "Avg. CPM": 4.958146, "Campaign state": "paused", "Start date": "2014-04-10", "Account Name": "[paused] G1 - WPL - ngoalong360", "Cost": 7.7, "Advertising Channel": "Search", "Campaign ID": 182330071, "Interactions": 504, "Unique cookies": "", "Clicks": 504, "CTR": 32.45, "Dept": "WPL", "Bid Strategy Type": "cpc", "Date": "2017-03-04", "Impressions": 1553}, {"Account ID": "6942753385", "Conversions": 54.0, "Views": 0, "Video played to 50%": 0.0, "Advertising Sub Channel": "", "Campaign": "", "Avg. CPE": 0.0, "Campaign serving status": "", "Invalid clicks": 16, "Interaction Rate": 32.41, "Interaction Types": "", "Engagements": 0, "End date": "", "Avg. position": 1.0, "Video played to 100%": 0.0, "Video played to 25%": 0.0, "Video played to 75%": 0.0, "Mapping": false, "Avg. CPV": 0.0, "View rate": 0.0, "Avg. CPC": 0.015278, "Avg. Cost": 0.015278, "Avg. CPM": 4.951768, "Campaign state": "Total", "Start date": "", "Account Name": "[paused] G1 - WPL - ngoalong360", "Cost": 7.7, "Advertising Channel": "", "Campaign ID": "", "Interactions": 504, "Unique cookies": "", "Clicks": 504, "CTR": 32.41, "Dept": "WPL", "Bid Strategy Type": "", "Date": "2017-03-04", "Impressions": 1555}]