[{"Bid Strategy Type": "cpc", "Account Name": "[paused] G1 - WPL - ts360 - reactive", "End date": "", "Advertising Channel": "Search", "Mapping": false, "Campaign": "Brand-term_GameTS_EXA-MOR", "Date": "2017-05-01", "Avg. CPE": 0.0, "Video played to 50%": 0.0, "Clicks": 35, "Cost": 0.45, "Video played to 25%": 0.0, "Interaction Types": ["Clicks"], "Campaign state": "paused", "Avg. position": 1.0, "Interactions": 35, "View rate": 0.0, "Campaign serving status": "eligible", "Engagements": 0, "Avg. Cost": 0.012857, "Conversions": 10.0, "Avg. CPV": 0.0, "Invalid clicks": 1, "Unique cookies": "", "Campaign ID": 613245252, "Views": 0, "Interaction Rate": 41.18, "Advertising Sub Channel": "", "Account ID": "5477521592", "Video played to 100%": 0.0, "CTR": 41.18, "Start date": "2016-06-19", "Avg. CPC": 0.012857, "Video played to 75%": 0.0, "Impressions": 85, "Avg. CPM": 5.294118}, {"Bid Strategy Type": "", "Account Name": "[paused] G1 - WPL - ts360 - reactive", "End date": "", "Advertising Channel": "", "Mapping": false, "Campaign": "", "Date": "2017-05-01", "Avg. CPE": 0.0, "Video played to 50%": 0.0, "Clicks": 35, "Cost": 0.45, "Video played to 25%": 0.0, "Interaction Types": "", "Campaign state": "Total", "Avg. position": 1.0, "Interactions": 35, "View rate": 0.0, "Campaign serving status": "", "Engagements": 0, "Avg. Cost": 0.012857, "Conversions": 10.0, "Avg. CPV": 0.0, "Invalid clicks": 1, "Unique cookies": "", "Campaign ID": "", "Views": 0, "Interaction Rate": 41.18, "Advertising Sub Channel": "", "Account ID": "5477521592", "Video played to 100%": 0.0, "CTR": 41.18, "Start date": "", "Avg. CPC": 0.012857, "Video played to 75%": 0.0, "Impressions": 85, "Avg. CPM": 5.294118}]