[{"End date": "", "Invalid clicks": 1013, "Unique cookies": 198941, "Cost": 163.94, "Avg. CPC": 0.017079, "Account ID": "5008396449", "Account Name": "VNG - PG1 - JXM", "Advertising Sub Channel": "", "Campaign state": "paused", "Video played to 100%": 0.0, "Interaction Types": ["Clicks"], "Campaign serving status": "eligible", "Date": "2017-06-14", "Interaction Rate": 1.75, "CTR": 1.75, "View rate": 0.0, "Avg. CPV": 0.0, "Avg. CPM": 0.299236, "Engagements": 0, "Avg. Cost": 0.017079, "Clicks": 9599, "Views": 0, "Avg. CPE": 0.0, "Video played to 25%": 0.0, "Bid Strategy Type": "Maximize clicks", "Impressions": 547861, "Advertising Channel": "Display", "Mapping": false, "Avg. position": 1.0, "Start date": "2017-05-26", "Video played to 50%": 0.0, "Video played to 75%": 0.0, "Campaign": "JXM | 1705015 1706010 1707028 | Branding GDN - iOS", "Conversions": 46.0, "Campaign ID": 837910039, "Interactions": 9599}, {"End date": "", "Invalid clicks": 851, "Unique cookies": "", "Cost": 628.29629, "Avg. CPC": 0.100351, "Account ID": "5008396449", "Account Name": "VNG - PG1 - JXM", "Advertising Sub Channel": "Universal App Campaign", "Campaign state": "enabled", "Video played to 100%": 7.33, "Interaction Types": ["Clicks", "Engagements", "Views"], "Campaign serving status": "eligible", "Date": "2017-06-14", "Interaction Rate": 7.82, "CTR": 1.22, "View rate": 15.12, "Avg. CPV": 0.016121, "Avg. CPM": 1.223964, "Engagements": 13341, "Avg. Cost": 0.015655, "Clicks": 6261, "Views": 28679, "Avg. CPE": 0.034659, "Video played to 25%": 20.47, "Bid Strategy Type": "Target CPA", "Impressions": 513329, "Advertising Channel": "Multi Channel", "Mapping": false, "Avg. position": 1.1, "Start date": "2016-11-15", "Video played to 50%": 12.14, "Video played to 75%": 9.41, "Campaign": "JXM | 1610105 1611013 1611026 1611062 1703048 1706008 1707026 1709039 | UAC GMG Android", "Conversions": 1200.0, "Campaign ID": 699351990, "Interactions": 40133}, {"End date": "", "Invalid clicks": 344, "Unique cookies": "", "Cost": 599.60732, "Avg. CPC": 0.104425, "Account ID": "5008396449", "Account Name": "VNG - PG1 - JXM", "Advertising Sub Channel": "Universal App Campaign", "Campaign state": "enabled", "Video played to 100%": 7.36, "Interaction Types": ["Clicks", "Engagements", "Views"], "Campaign serving status": "eligible", "Date": "2017-06-14", "Interaction Rate": 4.34, "CTR": 0.72, "View rate": 15.35, "Avg. CPV": 0.013116, "Avg. CPM": 0.75364, "Engagements": 7155, "Avg. Cost": 0.017382, "Clicks": 5742, "Views": 25835, "Avg. CPE": 0.047358, "Video played to 25%": 23.28, "Bid Strategy Type": "Target CPA", "Impressions": 795615, "Advertising Channel": "Multi Channel", "Mapping": false, "Avg. position": 1.0, "Start date": "2016-12-28", "Video played to 50%": 12.87, "Video played to 75%": 10.01, "Campaign": "JXM | 1610105 1611013 1611026 1611062 1703048 1704016 1706008 1707026 1709039 | UAC App Store - iOS", "Conversions": 527.0, "Campaign ID": 726209660, "Interactions": 34496}, {"End date": "", "Invalid clicks": 2413, "Unique cookies": 334706, "Cost": 229.43, "Avg. CPC": 0.021966, "Account ID": "5008396449", "Account Name": "VNG - PG1 - JXM", "Advertising Sub Channel": "", "Campaign state": "paused", "Video played to 100%": 0.0, "Interaction Types": ["Clicks"], "Campaign serving status": "eligible", "Date": "2017-06-14", "Interaction Rate": 1.35, "CTR": 1.35, "View rate": 0.0, "Avg. CPV": 0.0, "Avg. CPM": 0.296042, "Engagements": 0, "Avg. Cost": 0.021966, "Clicks": 10445, "Views": 0, "Avg. CPE": 0.0, "Video played to 25%": 0.0, "Bid Strategy Type": "Maximize clicks", "Impressions": 774992, "Advertising Channel": "Display", "Mapping": false, "Avg. position": 1.0, "Start date": "2017-06-02", "Video played to 50%": 0.0, "Video played to 75%": 0.0, "Campaign": "JXM | 1705015 1706010 1707028 | Branding GDN - Android", "Conversions": 71.0, "Campaign ID": 843945598, "Interactions": 10445}, {"End date": "", "Invalid clicks": 492, "Unique cookies": "", "Cost": 417.87, "Avg. CPC": 0.123375, "Account ID": "5008396449", "Account Name": "VNG - PG1 - JXM", "Advertising Sub Channel": "Search Mobile App", "Campaign state": "enabled", "Video played to 100%": 0.0, "Interaction Types": ["Clicks"], "Campaign serving status": "eligible", "Date": "2017-06-14", "Interaction Rate": 10.7, "CTR": 10.7, "View rate": 0.0, "Avg. CPV": 0.0, "Avg. CPM": 13.19909, "Engagements": 0, "Avg. Cost": 0.123375, "Clicks": 3387, "Views": 0, "Avg. CPE": 0.0, "Video played to 25%": 0.0, "Bid Strategy Type": "Target CPA", "Impressions": 31659, "Advertising Channel": "Search", "Mapping": false, "Avg. position": 1.4, "Start date": "2016-10-16", "Video played to 50%": 0.0, "Video played to 75%": 0.0, "Campaign": "JXM | 1610105 1611013 1611026 1611062 1703048 1704016 1706008 1707026 1709039 | Search Google Play Store", "Conversions": 1067.0, "Campaign ID": 682545537, "Interactions": 3387}, {"End date": "", "Invalid clicks": 53, "Unique cookies": "", "Cost": 23.94, "Avg. CPC": 0.013315, "Account ID": "5008396449", "Account Name": "VNG - PG1 - JXM", "Advertising Sub Channel": "", "Campaign state": "enabled", "Video played to 100%": 0.0, "Interaction Types": ["Clicks"], "Campaign serving status": "eligible", "Date": "2017-06-14", "Interaction Rate": 72.21, "CTR": 72.21, "View rate": 0.0, "Avg. CPV": 0.0, "Avg. CPM": 9.614458, "Engagements": 0, "Avg. Cost": 0.013315, "Clicks": 1798, "Views": 0, "Avg. CPE": 0.0, "Video played to 25%": 0.0, "Bid Strategy Type": "Maximize clicks", "Impressions": 2490, "Advertising Channel": "Search", "Mapping": false, "Avg. position": 1.0, "Start date": "2016-10-16", "Video played to 50%": 0.0, "Video played to 75%": 0.0, "Campaign": "JXM | 1610105 1611013 1611026 1611062 1703048 1704017 1705015 1706010 1707028 1709054 | Search Desktop Only", "Conversions": 0.0, "Campaign ID": 682542681, "Interactions": 1798}, {"End date": "", "Invalid clicks": 5166, "Unique cookies": "", "Cost": 2063.08361, "Avg. CPC": 0.055412, "Account ID": "5008396449", "Account Name": "VNG - PG1 - JXM", "Advertising Sub Channel": "", "Campaign state": "Total", "Video played to 100%": 7.35, "Interaction Types": "", "Campaign serving status": "", "Date": "2017-06-14", "Interaction Rate": 3.75, "CTR": 1.4, "View rate": 15.23, "Avg. CPV": 0.014697, "Avg. CPM": 0.773865, "Engagements": 20496, "Avg. Cost": 0.02066, "Clicks": 37232, "Views": 54514, "Avg. CPE": 0.039092, "Video played to 25%": 21.85, "Bid Strategy Type": "", "Impressions": 2665946, "Advertising Channel": "", "Mapping": false, "Avg. position": 1.0, "Start date": "", "Video played to 50%": 12.5, "Video played to 75%": 9.7, "Campaign": "", "Conversions": 2911.0, "Campaign ID": "", "Interactions": 99858}]