[{"Account ID": "1033505012", "Conversions": 49.0, "Views": 0, "Video played to 50%": 0.0, "Advertising Sub Channel": "", "Campaign": "Gen-term_FH-GO-BMM-MOR", "Avg. CPE": 0.0, "Campaign serving status": "eligible", "Invalid clicks": 15, "Interaction Rate": 24.01, "Interaction Types": ["Clicks"], "Engagements": 0, "End date": "", "Avg. position": 1.5, "Video played to 100%": 0.0, "Video played to 25%": 0.0, "Video played to 75%": 0.0, "Mapping": false, "Avg. CPV": 0.0, "View rate": 0.0, "Avg. CPC": 0.079395, "Avg. Cost": 0.079395, "Avg. CPM": 19.060987, "Campaign state": "enabled", "Start date": "2015-06-08", "Account Name": "[W] G1 - WPL - 360Game", "Cost": 19.69, "Advertising Channel": "Search", "Campaign ID": 260085404, "Interactions": 248, "Unique cookies": "", "Clicks": 248, "CTR": 24.01, "Dept": "WPL", "Bid Strategy Type": "cpc", "Date": "2017-03-04", "Impressions": 1033}, {"Account ID": "1033505012", "Conversions": 8.0, "Views": 0, "Video played to 50%": 0.0, "Advertising Sub Channel": "", "Campaign": "Gen-term_MT-Game-Phrase-MOR", "Avg. CPE": 0.0, "Campaign serving status": "eligible", "Invalid clicks": 2, "Interaction Rate": 18.33, "Interaction Types": ["Clicks"], "Engagements": 0, "End date": "", "Avg. position": 1.6, "Video played to 100%": 0.0, "Video played to 25%": 0.0, "Video played to 75%": 0.0, "Mapping": false, "Avg. CPV": 0.0, "View rate": 0.0, "Avg. CPC": 0.054545, "Avg. Cost": 0.054545, "Avg. CPM": 10.0, "Campaign state": "enabled", "Start date": "2015-06-08", "Account Name": "[W] G1 - WPL - 360Game", "Cost": 1.8, "Advertising Channel": "Search", "Campaign ID": 260086724, "Interactions": 33, "Unique cookies": "", "Clicks": 33, "CTR": 18.33, "Dept": "WPL", "Bid Strategy Type": "cpc", "Date": "2017-03-04", "Impressions": 180}, {"Account ID": "1033505012", "Conversions": 3.0, "Views": 0, "Video played to 50%": 0.0, "Advertising Sub Channel": "", "Campaign": "Gen-term_MT-WG-BMM-MOR", "Avg. CPE": 0.0, "Campaign serving status": "eligible", "Invalid clicks": 2, "Interaction Rate": 21.59, "Interaction Types": ["Clicks"], "Engagements": 0, "End date": "", "Avg. position": 1.1, "Video played to 100%": 0.0, "Video played to 25%": 0.0, "Video played to 75%": 0.0, "Mapping": false, "Avg. CPV": 0.0, "View rate": 0.0, "Avg. CPC": 0.085789, "Avg. Cost": 0.085789, "Avg. CPM": 18.522727, "Campaign state": "enabled", "Start date": "2015-06-08", "Account Name": "[W] G1 - WPL - 360Game", "Cost": 1.63, "Advertising Channel": "Search", "Campaign ID": 260112404, "Interactions": 19, "Unique cookies": "", "Clicks": 19, "CTR": 21.59, "Dept": "WPL", "Bid Strategy Type": "cpc", "Date": "2017-03-04", "Impressions": 88}, {"Account ID": "1033505012", "Conversions": 367.0, "Views": 0, "Video played to 50%": 0.0, "Advertising Sub Channel": "", "Campaign": "Gen-term_360Game-BM-Mor", "Avg. CPE": 0.0, "Campaign serving status": "eligible", "Invalid clicks": 273, "Interaction Rate": 24.53, "Interaction Types": ["Clicks"], "Engagements": 0, "End date": "", "Avg. position": 1.3, "Video played to 100%": 0.0, "Video played to 25%": 0.0, "Video played to 75%": 0.0, "Mapping": false, "Avg. CPV": 0.0, "View rate": 0.0, "Avg. CPC": 0.073829, "Avg. Cost": 0.073829, "Avg. CPM": 18.111203, "Campaign state": "paused", "Start date": "2015-06-08", "Account Name": "[W] G1 - WPL - 360Game", "Cost": 196.09, "Advertising Channel": "Search", "Campaign ID": 260168084, "Interactions": 2656, "Unique cookies": "", "Clicks": 2656, "CTR": 24.53, "Dept": "WPL", "Bid Strategy Type": "cpc", "Date": "2017-03-04", "Impressions": 10827}, {"Account ID": "1033505012", "Conversions": 8.0, "Views": 0, "Video played to 50%": 0.0, "Advertising Sub Channel": "", "Campaign": "Brand-term_Phong-Van", "Avg. CPE": 0.0, "Campaign serving status": "eligible", "Invalid clicks": 5, "Interaction Rate": 28.16, "Interaction Types": ["Clicks"], "Engagements": 0, "End date": "", "Avg. position": 1.2, "Video played to 100%": 0.0, "Video played to 25%": 0.0, "Video played to 75%": 0.0, "Mapping": false, "Avg. CPV": 0.0, "View rate": 0.0, "Avg. CPC": 0.04431, "Avg. Cost": 0.04431, "Avg. CPM": 12.475728, "Campaign state": "enabled", "Start date": "2016-08-04", "Account Name": "[W] G1 - WPL - 360Game", "Cost": 2.57, "Advertising Channel": "Search", "Campaign ID": 637694772, "Interactions": 58, "Unique cookies": "", "Clicks": 58, "CTR": 28.16, "Dept": "WPL", "Bid Strategy Type": "cpc", "Date": "2017-03-04", "Impressions": 206}, {"Account ID": "1033505012", "Conversions": 2.0, "Views": 0, "Video played to 50%": 0.0, "Advertising Sub Channel": "", "Campaign": "Gen-term_MT-GO-BMM-MOR", "Avg. CPE": 0.0, "Campaign serving status": "eligible", "Invalid clicks": 2, "Interaction Rate": 22.08, "Interaction Types": ["Clicks"], "Engagements": 0, "End date": "", "Avg. position": 1.3, "Video played to 100%": 0.0, "Video played to 25%": 0.0, "Video played to 75%": 0.0, "Mapping": false, "Avg. CPV": 0.0, "View rate": 0.0, "Avg. CPC": 0.065882, "Avg. Cost": 0.065882, "Avg. CPM": 14.545455, "Campaign state": "enabled", "Start date": "2015-06-08", "Account Name": "[W] G1 - WPL - 360Game", "Cost": 1.12, "Advertising Channel": "Search", "Campaign ID": 260088164, "Interactions": 17, "Unique cookies": "", "Clicks": 17, "CTR": 22.08, "Dept": "WPL", "Bid Strategy Type": "cpc", "Date": "2017-03-04", "Impressions": 77}, {"Account ID": "1033505012", "Conversions": 1.0, "Views": 0, "Video played to 50%": 0.0, "Advertising Sub Channel": "", "Campaign": "Gen-term_FH-PCG-BMM-MOR", "Avg. CPE": 0.0, "Campaign serving status": "eligible", "Invalid clicks": 0, "Interaction Rate": 44.44, "Interaction Types": ["Clicks"], "Engagements": 0, "End date": "", "Avg. position": 1.3, "Video played to 100%": 0.0, "Video played to 25%": 0.0, "Video played to 75%": 0.0, "Mapping": false, "Avg. CPV": 0.0, "View rate": 0.0, "Avg. CPC": 0.1525, "Avg. Cost": 0.1525, "Avg. CPM": 67.777778, "Campaign state": "enabled", "Start date": "2015-06-08", "Account Name": "[W] G1 - WPL - 360Game", "Cost": 0.61, "Advertising Channel": "Search", "Campaign ID": 260101724, "Interactions": 4, "Unique cookies": "", "Clicks": 4, "CTR": 44.44, "Dept": "WPL", "Bid Strategy Type": "cpc", "Date": "2017-03-04", "Impressions": 9}, {"Account ID": "1033505012", "Conversions": 147.0, "Views": 0, "Video played to 50%": 0.0, "Advertising Sub Channel": "", "Campaign": "Brand-term_Vo-Lam-Chi-Mong", "Avg. CPE": 0.0, "Campaign serving status": "eligible", "Invalid clicks": 101, "Interaction Rate": 30.03, "Interaction Types": ["Clicks"], "Engagements": 0, "End date": "", "Avg. position": 1.0, "Video played to 100%": 0.0, "Video played to 25%": 0.0, "Video played to 75%": 0.0, "Mapping": false, "Avg. CPV": 0.0, "View rate": 0.0, "Avg. CPC": 0.067889, "Avg. Cost": 0.067889, "Avg. CPM": 20.388302, "Campaign state": "enabled", "Start date": "2016-08-04", "Account Name": "[W] G1 - WPL - 360Game", "Cost": 82.96, "Advertising Channel": "Search", "Campaign ID": 637694601, "Interactions": 1222, "Unique cookies": "", "Clicks": 1222, "CTR": 30.03, "Dept": "WPL", "Bid Strategy Type": "cpc", "Date": "2017-03-04", "Impressions": 4069}, {"Account ID": "1033505012", "Conversions": 300.0, "Views": 0, "Video played to 50%": 0.0, "Advertising Sub Channel": "", "Campaign": "Gen-term_FH-Game-BM-MOR", "Avg. CPE": 0.0, "Campaign serving status": "eligible", "Invalid clicks": 187, "Interaction Rate": 19.68, "Interaction Types": ["Clicks"], "Engagements": 0, "End date": "", "Avg. position": 1.4, "Video played to 100%": 0.0, "Video played to 25%": 0.0, "Video played to 75%": 0.0, "Mapping": false, "Avg. CPV": 0.0, "View rate": 0.0, "Avg. CPC": 0.104527, "Avg. Cost": 0.104527, "Avg. CPM": 20.573322, "Campaign state": "enabled", "Start date": "2015-06-08", "Account Name": "[W] G1 - WPL - 360Game", "Cost": 195.57, "Advertising Channel": "Search", "Campaign ID": 260084204, "Interactions": 1871, "Unique cookies": "", "Clicks": 1871, "CTR": 19.68, "Dept": "WPL", "Bid Strategy Type": "cpc", "Date": "2017-03-04", "Impressions": 9506}, {"Account ID": "1033505012", "Conversions": 147.0, "Views": 0, "Video played to 50%": 0.0, "Advertising Sub Channel": "", "Campaign": "Gen-term_FH-GO-Exact-MOR", "Avg. CPE": 0.0, "Campaign serving status": "eligible", "Invalid clicks": 46, "Interaction Rate": 38.07, "Interaction Types": ["Clicks"], "Engagements": 0, "End date": "", "Avg. position": 1.1, "Video played to 100%": 0.0, "Video played to 25%": 0.0, "Video played to 75%": 0.0, "Mapping": false, "Avg. CPV": 0.0, "View rate": 0.0, "Avg. CPC": 0.037858, "Avg. Cost": 0.037858, "Avg. CPM": 14.413747, "Campaign state": "enabled", "Start date": "2015-06-08", "Account Name": "[W] G1 - WPL - 360Game", "Cost": 21.39, "Advertising Channel": "Search", "Campaign ID": 260085044, "Interactions": 565, "Unique cookies": "", "Clicks": 565, "CTR": 38.07, "Dept": "WPL", "Bid Strategy Type": "cpc", "Date": "2017-03-04", "Impressions": 1484}, {"Account ID": "1033505012", "Conversions": 29.0, "Views": 0, "Video played to 50%": 0.0, "Advertising Sub Channel": "", "Campaign": "Gen-term_FH-GO-Phrase-MOR", "Avg. CPE": 0.0, "Campaign serving status": "eligible", "Invalid clicks": 4, "Interaction Rate": 38.11, "Interaction Types": ["Clicks"], "Engagements": 0, "End date": "", "Avg. position": 1.1, "Video played to 100%": 0.0, "Video played to 25%": 0.0, "Video played to 75%": 0.0, "Mapping": false, "Avg. CPV": 0.0, "View rate": 0.0, "Avg. CPC": 0.039892, "Avg. Cost": 0.039892, "Avg. CPM": 15.204918, "Campaign state": "enabled", "Start date": "2015-06-08", "Account Name": "[W] G1 - WPL - 360Game", "Cost": 3.71, "Advertising Channel": "Search", "Campaign ID": 260085644, "Interactions": 93, "Unique cookies": "", "Clicks": 93, "CTR": 38.11, "Dept": "WPL", "Bid Strategy Type": "cpc", "Date": "2017-03-04", "Impressions": 244}, {"Account ID": "1033505012", "Conversions": 0.0, "Views": 0, "Video played to 50%": 0.0, "Advertising Sub Channel": "", "Campaign": "Gen-term_MT-GO-Phrase-MOR", "Avg. CPE": 0.0, "Campaign serving status": "eligible", "Invalid clicks": 0, "Interaction Rate": 20.0, "Interaction Types": ["Clicks"], "Engagements": 0, "End date": "", "Avg. position": 1.6, "Video played to 100%": 0.0, "Video played to 25%": 0.0, "Video played to 75%": 0.0, "Mapping": false, "Avg. CPV": 0.0, "View rate": 0.0, "Avg. CPC": 0.05, "Avg. Cost": 0.05, "Avg. CPM": 10.0, "Campaign state": "enabled", "Start date": "2015-06-08", "Account Name": "[W] G1 - WPL - 360Game", "Cost": 0.05, "Advertising Channel": "Search", "Campaign ID": 260088404, "Interactions": 1, "Unique cookies": "", "Clicks": 1, "CTR": 20.0, "Dept": "WPL", "Bid Strategy Type": "cpc", "Date": "2017-03-04", "Impressions": 5}, {"Account ID": "1033505012", "Conversions": 0.0, "Views": 0, "Video played to 50%": 0.0, "Advertising Sub Channel": "", "Campaign": "Gen-term_MT-GPC-BMM-MOR", "Avg. CPE": 0.0, "Campaign serving status": "eligible", "Invalid clicks": 0, "Interaction Rate": 20.0, "Interaction Types": ["Clicks"], "Engagements": 0, "End date": "", "Avg. position": 1.0, "Video played to 100%": 0.0, "Video played to 25%": 0.0, "Video played to 75%": 0.0, "Mapping": false, "Avg. CPV": 0.0, "View rate": 0.0, "Avg. CPC": 0.07, "Avg. Cost": 0.07, "Avg. CPM": 14.0, "Campaign state": "enabled", "Start date": "2015-06-08", "Account Name": "[W] G1 - WPL - 360Game", "Cost": 0.07, "Advertising Channel": "Search", "Campaign ID": 260096564, "Interactions": 1, "Unique cookies": "", "Clicks": 1, "CTR": 20.0, "Dept": "WPL", "Bid Strategy Type": "cpc", "Date": "2017-03-04", "Impressions": 5}, {"Account ID": "1033505012", "Conversions": 1.0, "Views": 0, "Video played to 50%": 0.0, "Advertising Sub Channel": "", "Campaign": "Gen-term_FH-PCG-BM-MOR", "Avg. CPE": 0.0, "Campaign serving status": "eligible", "Invalid clicks": 1, "Interaction Rate": 7.5, "Interaction Types": ["Clicks"], "Engagements": 0, "End date": "", "Avg. position": 1.2, "Video played to 100%": 0.0, "Video played to 25%": 0.0, "Video played to 75%": 0.0, "Mapping": false, "Avg. CPV": 0.0, "View rate": 0.0, "Avg. CPC": 0.183333, "Avg. Cost": 0.183333, "Avg. CPM": 13.75, "Campaign state": "enabled", "Start date": "2015-06-08", "Account Name": "[W] G1 - WPL - 360Game", "Cost": 0.55, "Advertising Channel": "Search", "Campaign ID": 260099204, "Interactions": 3, "Unique cookies": "", "Clicks": 3, "CTR": 7.5, "Dept": "WPL", "Bid Strategy Type": "cpc", "Date": "2017-03-04", "Impressions": 40}, {"Account ID": "1033505012", "Conversions": 0.0, "Views": 0, "Video played to 50%": 0.0, "Advertising Sub Channel": "", "Campaign": "Gen-term_FH-WG-Phrase-MOR", "Avg. CPE": 0.0, "Campaign serving status": "eligible", "Invalid clicks": 1, "Interaction Rate": 14.29, "Interaction Types": ["Clicks"], "Engagements": 0, "End date": "", "Avg. position": 1.4, "Video played to 100%": 0.0, "Video played to 25%": 0.0, "Video played to 75%": 0.0, "Mapping": false, "Avg. CPV": 0.0, "View rate": 0.0, "Avg. CPC": 0.105, "Avg. Cost": 0.105, "Avg. CPM": 15.0, "Campaign state": "enabled", "Start date": "2015-06-08", "Account Name": "[W] G1 - WPL - 360Game", "Cost": 0.63, "Advertising Channel": "Search", "Campaign ID": 260112764, "Interactions": 6, "Unique cookies": "", "Clicks": 6, "CTR": 14.29, "Dept": "WPL", "Bid Strategy Type": "cpc", "Date": "2017-03-04", "Impressions": 42}, {"Account ID": "1033505012", "Conversions": 258.0, "Views": 0, "Video played to 50%": 0.0, "Advertising Sub Channel": "", "Campaign": "Gen-term_FH-WG-BM-MOR", "Avg. CPE": 0.0, "Campaign serving status": "eligible", "Invalid clicks": 255, "Interaction Rate": 17.44, "Interaction Types": ["Clicks"], "Engagements": 0, "End date": "", "Avg. position": 1.1, "Video played to 100%": 0.0, "Video played to 25%": 0.0, "Video played to 75%": 0.0, "Mapping": false, "Avg. CPV": 0.0, "View rate": 0.0, "Avg. CPC": 0.123174, "Avg. Cost": 0.123174, "Avg. CPM": 21.480343, "Campaign state": "enabled", "Start date": "2015-06-08", "Account Name": "[W] G1 - WPL - 360Game", "Cost": 195.6, "Advertising Channel": "Search", "Campaign ID": 260112884, "Interactions": 1588, "Unique cookies": "", "Clicks": 1588, "CTR": 17.44, "Dept": "WPL", "Bid Strategy Type": "cpc", "Date": "2017-03-04", "Impressions": 9106}, {"Account ID": "1033505012", "Conversions": 31.0, "Views": 0, "Video played to 50%": 0.0, "Advertising Sub Channel": "", "Campaign": "Gen-term_FH-WG-BMM-MOR", "Avg. CPE": 0.0, "Campaign serving status": "eligible", "Invalid clicks": 6, "Interaction Rate": 26.05, "Interaction Types": ["Clicks"], "Engagements": 0, "End date": "", "Avg. position": 1.3, "Video played to 100%": 0.0, "Video played to 25%": 0.0, "Video played to 75%": 0.0, "Mapping": false, "Avg. CPV": 0.0, "View rate": 0.0, "Avg. CPC": 0.072203, "Avg. Cost": 0.072203, "Avg. CPM": 18.807947, "Campaign state": "enabled", "Start date": "2015-06-08", "Account Name": "[W] G1 - WPL - 360Game", "Cost": 8.52, "Advertising Channel": "Search", "Campaign ID": 260113484, "Interactions": 118, "Unique cookies": "", "Clicks": 118, "CTR": 26.05, "Dept": "WPL", "Bid Strategy Type": "cpc", "Date": "2017-03-04", "Impressions": 453}, {"Account ID": "1033505012", "Conversions": 18.0, "Views": 0, "Video played to 50%": 0.0, "Advertising Sub Channel": "", "Campaign": "Gen-term_FH-Game-Exact-MOR", "Avg. CPE": 0.0, "Campaign serving status": "eligible", "Invalid clicks": 5, "Interaction Rate": 21.26, "Interaction Types": ["Clicks"], "Engagements": 0, "End date": "", "Avg. position": 1.4, "Video played to 100%": 0.0, "Video played to 25%": 0.0, "Video played to 75%": 0.0, "Mapping": false, "Avg. CPV": 0.0, "View rate": 0.0, "Avg. CPC": 0.095714, "Avg. Cost": 0.095714, "Avg. CPM": 20.350467, "Campaign state": "enabled", "Start date": "2015-06-08", "Account Name": "[W] G1 - WPL - 360Game", "Cost": 8.71, "Advertising Channel": "Search", "Campaign ID": 260083484, "Interactions": 91, "Unique cookies": "", "Clicks": 91, "CTR": 21.26, "Dept": "WPL", "Bid Strategy Type": "cpc", "Date": "2017-03-04", "Impressions": 428}, {"Account ID": "1033505012", "Conversions": 43.0, "Views": 0, "Video played to 50%": 0.0, "Advertising Sub Channel": "", "Campaign": "Gen-term_MT-Game-BMM-MOR", "Avg. CPE": 0.0, "Campaign serving status": "eligible", "Invalid clicks": 10, "Interaction Rate": 24.21, "Interaction Types": ["Clicks"], "Engagements": 0, "End date": "", "Avg. position": 1.3, "Video played to 100%": 0.0, "Video played to 25%": 0.0, "Video played to 75%": 0.0, "Mapping": false, "Avg. CPV": 0.0, "View rate": 0.0, "Avg. CPC": 0.060366, "Avg. Cost": 0.060366, "Avg. CPM": 14.613435, "Campaign state": "enabled", "Start date": "2015-06-08", "Account Name": "[W] G1 - WPL - 360Game", "Cost": 11.53, "Advertising Channel": "Search", "Campaign ID": 260083724, "Interactions": 191, "Unique cookies": "", "Clicks": 191, "CTR": 24.21, "Dept": "WPL", "Bid Strategy Type": "cpc", "Date": "2017-03-04", "Impressions": 789}, {"Account ID": "1033505012", "Conversions": 50.0, "Views": 0, "Video played to 50%": 0.0, "Advertising Sub Channel": "", "Campaign": "Gen-term_FH-Game-BMM-MOR", "Avg. CPE": 0.0, "Campaign serving status": "eligible", "Invalid clicks": 20, "Interaction Rate": 22.58, "Interaction Types": ["Clicks"], "Engagements": 0, "End date": "", "Avg. position": 1.5, "Video played to 100%": 0.0, "Video played to 25%": 0.0, "Video played to 75%": 0.0, "Mapping": false, "Avg. CPV": 0.0, "View rate": 0.0, "Avg. CPC": 0.111264, "Avg. Cost": 0.111264, "Avg. CPM": 25.118174, "Campaign state": "enabled", "Start date": "2015-06-08", "Account Name": "[W] G1 - WPL - 360Game", "Cost": 30.82, "Advertising Channel": "Search", "Campaign ID": 260084684, "Interactions": 277, "Unique cookies": "", "Clicks": 277, "CTR": 22.58, "Dept": "WPL", "Bid Strategy Type": "cpc", "Date": "2017-03-04", "Impressions": 1227}, {"Account ID": "1033505012", "Conversions": 1.0, "Views": 0, "Video played to 50%": 0.0, "Advertising Sub Channel": "", "Campaign": "Gen-term_FH-GTT-BM-MOR", "Avg. CPE": 0.0, "Campaign serving status": "eligible", "Invalid clicks": 0, "Interaction Rate": 25.0, "Interaction Types": ["Clicks"], "Engagements": 0, "End date": "", "Avg. position": 1.5, "Video played to 100%": 0.0, "Video played to 25%": 0.0, "Video played to 75%": 0.0, "Mapping": false, "Avg. CPV": 0.0, "View rate": 0.0, "Avg. CPC": 0.076667, "Avg. Cost": 0.076667, "Avg. CPM": 19.166667, "Campaign state": "enabled", "Start date": "2015-06-08", "Account Name": "[W] G1 - WPL - 360Game", "Cost": 0.23, "Advertising Channel": "Search", "Campaign ID": 260089844, "Interactions": 3, "Unique cookies": "", "Clicks": 3, "CTR": 25.0, "Dept": "WPL", "Bid Strategy Type": "cpc", "Date": "2017-03-04", "Impressions": 12}, {"Account ID": "1033505012", "Conversions": 278.0, "Views": 0, "Video played to 50%": 0.0, "Advertising Sub Channel": "", "Campaign": "Gen-term_360Play-BM-Mor", "Avg. CPE": 0.0, "Campaign serving status": "eligible", "Invalid clicks": 161, "Interaction Rate": 24.03, "Interaction Types": ["Clicks"], "Engagements": 0, "End date": "", "Avg. position": 1.1, "Video played to 100%": 0.0, "Video played to 25%": 0.0, "Video played to 75%": 0.0, "Mapping": false, "Avg. CPV": 0.0, "View rate": 0.0, "Avg. CPC": 0.07218, "Avg. Cost": 0.07218, "Avg. CPM": 17.343619, "Campaign state": "paused", "Start date": "2015-06-21", "Account Name": "[W] G1 - WPL - 360Game", "Cost": 145.01, "Advertising Channel": "Search", "Campaign ID": 263315804, "Interactions": 2009, "Unique cookies": "", "Clicks": 2009, "CTR": 24.03, "Dept": "WPL", "Bid Strategy Type": "cpc", "Date": "2017-03-04", "Impressions": 8361}, {"Account ID": "1033505012", "Conversions": 9.0, "Views": 0, "Video played to 50%": 0.0, "Advertising Sub Channel": "", "Campaign": "Brand-term_Thien-Long-Bat-Bo", "Avg. CPE": 0.0, "Campaign serving status": "eligible", "Invalid clicks": 7, "Interaction Rate": 32.6, "Interaction Types": ["Clicks"], "Engagements": 0, "End date": "", "Avg. position": 1.0, "Video played to 100%": 0.0, "Video played to 25%": 0.0, "Video played to 75%": 0.0, "Mapping": false, "Avg. CPV": 0.0, "View rate": 0.0, "Avg. CPC": 0.03236, "Avg. Cost": 0.03236, "Avg. CPM": 10.549451, "Campaign state": "enabled", "Start date": "2016-08-04", "Account Name": "[W] G1 - WPL - 360Game", "Cost": 2.88, "Advertising Channel": "Search", "Campaign ID": 637694769, "Interactions": 89, "Unique cookies": "", "Clicks": 89, "CTR": 32.6, "Dept": "WPL", "Bid Strategy Type": "cpc", "Date": "2017-03-04", "Impressions": 273}, {"Account ID": "1033505012", "Conversions": 5.0, "Views": 0, "Video played to 50%": 0.0, "Advertising Sub Channel": "", "Campaign": "Brand-term_TTTD-ex", "Avg. CPE": 0.0, "Campaign serving status": "eligible", "Invalid clicks": 1, "Interaction Rate": 66.67, "Interaction Types": ["Clicks"], "Engagements": 0, "End date": "", "Avg. position": 1.0, "Video played to 100%": 0.0, "Video played to 25%": 0.0, "Video played to 75%": 0.0, "Mapping": false, "Avg. CPV": 0.0, "View rate": 0.0, "Avg. CPC": 0.015385, "Avg. Cost": 0.015385, "Avg. CPM": 10.25641, "Campaign state": "enabled", "Start date": "2016-08-12", "Account Name": "[W] G1 - WPL - 360Game", "Cost": 0.4, "Advertising Channel": "Search", "Campaign ID": 642570944, "Interactions": 26, "Unique cookies": "", "Clicks": 26, "CTR": 66.67, "Dept": "WPL", "Bid Strategy Type": "cpc", "Date": "2017-03-04", "Impressions": 39}, {"Account ID": "1033505012", "Conversions": 0.0, "Views": 0, "Video played to 50%": 0.0, "Advertising Sub Channel": "", "Campaign": "Gen-term_MT-PCG-BMM-MOR", "Avg. CPE": 0.0, "Campaign serving status": "eligible", "Invalid clicks": 0, "Interaction Rate": 13.64, "Interaction Types": ["Clicks"], "Engagements": 0, "End date": "", "Avg. position": 1.4, "Video played to 100%": 0.0, "Video played to 25%": 0.0, "Video played to 75%": 0.0, "Mapping": false, "Avg. CPV": 0.0, "View rate": 0.0, "Avg. CPC": 0.07, "Avg. Cost": 0.07, "Avg. CPM": 9.545455, "Campaign state": "enabled", "Start date": "2015-06-08", "Account Name": "[W] G1 - WPL - 360Game", "Cost": 0.42, "Advertising Channel": "Search", "Campaign ID": 260100644, "Interactions": 6, "Unique cookies": "", "Clicks": 6, "CTR": 13.64, "Dept": "WPL", "Bid Strategy Type": "cpc", "Date": "2017-03-04", "Impressions": 44}, {"Account ID": "1033505012", "Conversions": 274.0, "Views": 0, "Video played to 50%": 0.0, "Advertising Sub Channel": "", "Campaign": "Brand-term_360Game", "Avg. CPE": 0.0, "Campaign serving status": "eligible", "Invalid clicks": 106, "Interaction Rate": 37.62, "Interaction Types": ["Clicks"], "Engagements": 0, "End date": "", "Avg. position": 1.1, "Video played to 100%": 0.0, "Video played to 25%": 0.0, "Video played to 75%": 0.0, "Mapping": false, "Avg. CPV": 0.0, "View rate": 0.0, "Avg. CPC": 0.021055, "Avg. Cost": 0.021055, "Avg. CPM": 7.920643, "Campaign state": "enabled", "Start date": "2016-08-18", "Account Name": "[W] G1 - WPL - 360Game", "Cost": 31.54, "Advertising Channel": "Search", "Campaign ID": 645195815, "Interactions": 1498, "Unique cookies": "", "Clicks": 1498, "CTR": 37.62, "Dept": "WPL", "Bid Strategy Type": "cpc", "Date": "2017-03-04", "Impressions": 3982}, {"Account ID": "1033505012", "Conversions": 28.0, "Views": 0, "Video played to 50%": 0.0, "Advertising Sub Channel": "", "Campaign": "Brand-term_MUdts", "Avg. CPE": 0.0, "Campaign serving status": "eligible", "Invalid clicks": 16, "Interaction Rate": 14.65, "Interaction Types": ["Clicks"], "Engagements": 0, "End date": "", "Avg. position": 1.1, "Video played to 100%": 0.0, "Video played to 25%": 0.0, "Video played to 75%": 0.0, "Mapping": false, "Avg. CPV": 0.0, "View rate": 0.0, "Avg. CPC": 0.022672, "Avg. Cost": 0.022672, "Avg. CPM": 3.322148, "Campaign state": "enabled", "Start date": "2016-08-30", "Account Name": "[W] G1 - WPL - 360Game", "Cost": 2.97, "Advertising Channel": "Search", "Campaign ID": 651551927, "Interactions": 131, "Unique cookies": "", "Clicks": 131, "CTR": 14.65, "Dept": "WPL", "Bid Strategy Type": "cpc", "Date": "2017-03-04", "Impressions": 894}, {"Account ID": "1033505012", "Conversions": 315.0, "Views": 0, "Video played to 50%": 0.0, "Advertising Sub Channel": "", "Campaign": "Brand-term_V\u00f5 L\u00e2m", "Avg. CPE": 0.0, "Campaign serving status": "eligible", "Invalid clicks": 74, "Interaction Rate": 16.64, "Interaction Types": ["Clicks"], "Engagements": 0, "End date": "", "Avg. position": 1.5, "Video played to 100%": 0.0, "Video played to 25%": 0.0, "Video played to 75%": 0.0, "Mapping": false, "Avg. CPV": 0.0, "View rate": 0.0, "Avg. CPC": 0.128419, "Avg. Cost": 0.128419, "Avg. CPM": 21.363636, "Campaign state": "paused", "Start date": "2016-09-14", "Account Name": "[W] G1 - WPL - 360Game", "Cost": 161.68, "Advertising Channel": "Search", "Campaign ID": 661683762, "Interactions": 1259, "Unique cookies": "", "Clicks": 1259, "CTR": 16.64, "Dept": "WPL", "Bid Strategy Type": "cpc", "Date": "2017-03-04", "Impressions": 7568}, {"Account ID": "1033505012", "Conversions": 1.0, "Views": 0, "Video played to 50%": 0.0, "Advertising Sub Channel": "", "Campaign": "Gen-term_MT-WG-Phrase-MOR", "Avg. CPE": 0.0, "Campaign serving status": "eligible", "Invalid clicks": 0, "Interaction Rate": 66.67, "Interaction Types": ["Clicks"], "Engagements": 0, "End date": "", "Avg. position": 1.3, "Video played to 100%": 0.0, "Video played to 25%": 0.0, "Video played to 75%": 0.0, "Mapping": false, "Avg. CPV": 0.0, "View rate": 0.0, "Avg. CPC": 0.05, "Avg. Cost": 0.05, "Avg. CPM": 33.333333, "Campaign state": "enabled", "Start date": "2015-06-08", "Account Name": "[W] G1 - WPL - 360Game", "Cost": 0.1, "Advertising Channel": "Search", "Campaign ID": 260115404, "Interactions": 2, "Unique cookies": "", "Clicks": 2, "CTR": 66.67, "Dept": "WPL", "Bid Strategy Type": "cpc", "Date": "2017-03-04", "Impressions": 3}, {"Account ID": "1033505012", "Conversions": 17.0, "Views": 0, "Video played to 50%": 0.0, "Advertising Sub Channel": "", "Campaign": "Brand-term_Kiem-Vu", "Avg. CPE": 0.0, "Campaign serving status": "eligible", "Invalid clicks": 6, "Interaction Rate": 43.62, "Interaction Types": ["Clicks"], "Engagements": 0, "End date": "", "Avg. position": 1.1, "Video played to 100%": 0.0, "Video played to 25%": 0.0, "Video played to 75%": 0.0, "Mapping": false, "Avg. CPV": 0.0, "View rate": 0.0, "Avg. CPC": 0.031321, "Avg. Cost": 0.031321, "Avg. CPM": 13.662551, "Campaign state": "enabled", "Start date": "2016-08-04", "Account Name": "[W] G1 - WPL - 360Game", "Cost": 3.32, "Advertising Channel": "Search", "Campaign ID": 637556576, "Interactions": 106, "Unique cookies": "", "Clicks": 106, "CTR": 43.62, "Dept": "WPL", "Bid Strategy Type": "cpc", "Date": "2017-03-04", "Impressions": 243}, {"Account ID": "1033505012", "Conversions": 53.0, "Views": 0, "Video played to 50%": 0.0, "Advertising Sub Channel": "", "Campaign": "Gen-term_FH-Game-Phrase-MOR", "Avg. CPE": 0.0, "Campaign serving status": "eligible", "Invalid clicks": 59, "Interaction Rate": 18.03, "Interaction Types": ["Clicks"], "Engagements": 0, "End date": "", "Avg. position": 1.4, "Video played to 100%": 0.0, "Video played to 25%": 0.0, "Video played to 75%": 0.0, "Mapping": false, "Avg. CPV": 0.0, "View rate": 0.0, "Avg. CPC": 0.059489, "Avg. Cost": 0.059489, "Avg. CPM": 10.725501, "Campaign state": "enabled", "Start date": "2015-06-08", "Account Name": "[W] G1 - WPL - 360Game", "Cost": 19.81, "Advertising Channel": "Search", "Campaign ID": 260084084, "Interactions": 333, "Unique cookies": "", "Clicks": 333, "CTR": 18.03, "Dept": "WPL", "Bid Strategy Type": "cpc", "Date": "2017-03-04", "Impressions": 1847}, {"Account ID": "1033505012", "Conversions": 12.0, "Views": 0, "Video played to 50%": 0.0, "Advertising Sub Channel": "", "Campaign": "Gen-term_MT-Game-Exact-MOR", "Avg. CPE": 0.0, "Campaign serving status": "eligible", "Invalid clicks": 3, "Interaction Rate": 25.62, "Interaction Types": ["Clicks"], "Engagements": 0, "End date": "", "Avg. position": 1.2, "Video played to 100%": 0.0, "Video played to 25%": 0.0, "Video played to 75%": 0.0, "Mapping": false, "Avg. CPV": 0.0, "View rate": 0.0, "Avg. CPC": 0.090968, "Avg. Cost": 0.090968, "Avg. CPM": 23.305785, "Campaign state": "enabled", "Start date": "2015-06-08", "Account Name": "[W] G1 - WPL - 360Game", "Cost": 5.64, "Advertising Channel": "Search", "Campaign ID": 260086124, "Interactions": 62, "Unique cookies": "", "Clicks": 62, "CTR": 25.62, "Dept": "WPL", "Bid Strategy Type": "cpc", "Date": "2017-03-04", "Impressions": 242}, {"Account ID": "1033505012", "Conversions": 4.0, "Views": 0, "Video played to 50%": 0.0, "Advertising Sub Channel": "", "Campaign": "Gen-term_MT-GO-Exact-MOR", "Avg. CPE": 0.0, "Campaign serving status": "eligible", "Invalid clicks": 0, "Interaction Rate": 34.88, "Interaction Types": ["Clicks"], "Engagements": 0, "End date": "", "Avg. position": 1.3, "Video played to 100%": 0.0, "Video played to 25%": 0.0, "Video played to 75%": 0.0, "Mapping": false, "Avg. CPV": 0.0, "View rate": 0.0, "Avg. CPC": 0.105667, "Avg. Cost": 0.105667, "Avg. CPM": 36.860465, "Campaign state": "enabled", "Start date": "2015-06-08", "Account Name": "[W] G1 - WPL - 360Game", "Cost": 3.17, "Advertising Channel": "Search", "Campaign ID": 260088764, "Interactions": 30, "Unique cookies": "", "Clicks": 30, "CTR": 34.88, "Dept": "WPL", "Bid Strategy Type": "cpc", "Date": "2017-03-04", "Impressions": 86}, {"Account ID": "1033505012", "Conversions": 3.0, "Views": 0, "Video played to 50%": 0.0, "Advertising Sub Channel": "", "Campaign": "Gen-term_FH-WG-Exact-MOR", "Avg. CPE": 0.0, "Campaign serving status": "eligible", "Invalid clicks": 0, "Interaction Rate": 22.22, "Interaction Types": ["Clicks"], "Engagements": 0, "End date": "", "Avg. position": 1.3, "Video played to 100%": 0.0, "Video played to 25%": 0.0, "Video played to 75%": 0.0, "Mapping": false, "Avg. CPV": 0.0, "View rate": 0.0, "Avg. CPC": 0.094, "Avg. Cost": 0.094, "Avg. CPM": 20.888889, "Campaign state": "enabled", "Start date": "2015-06-08", "Account Name": "[W] G1 - WPL - 360Game", "Cost": 0.94, "Advertising Channel": "Search", "Campaign ID": 260112164, "Interactions": 10, "Unique cookies": "", "Clicks": 10, "CTR": 22.22, "Dept": "WPL", "Bid Strategy Type": "cpc", "Date": "2017-03-04", "Impressions": 45}, {"Account ID": "1033505012", "Conversions": 1.0, "Views": 0, "Video played to 50%": 0.0, "Advertising Sub Channel": "", "Campaign": "Gen-term_MT-WG-Exact-MOR", "Avg. CPE": 0.0, "Campaign serving status": "eligible", "Invalid clicks": 0, "Interaction Rate": 18.75, "Interaction Types": ["Clicks"], "Engagements": 0, "End date": "", "Avg. position": 1.6, "Video played to 100%": 0.0, "Video played to 25%": 0.0, "Video played to 75%": 0.0, "Mapping": false, "Avg. CPV": 0.0, "View rate": 0.0, "Avg. CPC": 0.073333, "Avg. Cost": 0.073333, "Avg. CPM": 13.75, "Campaign state": "enabled", "Start date": "2015-06-08", "Account Name": "[W] G1 - WPL - 360Game", "Cost": 0.22, "Advertising Channel": "Search", "Campaign ID": 260114804, "Interactions": 3, "Unique cookies": "", "Clicks": 3, "CTR": 18.75, "Dept": "WPL", "Bid Strategy Type": "cpc", "Date": "2017-03-04", "Impressions": 16}, {"Account ID": "1033505012", "Conversions": 0.0, "Views": 0, "Video played to 50%": 0.0, "Advertising Sub Channel": "", "Campaign": "Brand-term_\u0110ai-Chua-Te", "Avg. CPE": 0.0, "Campaign serving status": "eligible", "Invalid clicks": 0, "Interaction Rate": 20.0, "Interaction Types": ["Clicks"], "Engagements": 0, "End date": "", "Avg. position": 1.0, "Video played to 100%": 0.0, "Video played to 25%": 0.0, "Video played to 75%": 0.0, "Mapping": false, "Avg. CPV": 0.0, "View rate": 0.0, "Avg. CPC": 0.01, "Avg. Cost": 0.01, "Avg. CPM": 2.0, "Campaign state": "enabled", "Start date": "2016-10-15", "Account Name": "[W] G1 - WPL - 360Game", "Cost": 0.02, "Advertising Channel": "Search", "Campaign ID": 682038434, "Interactions": 2, "Unique cookies": "", "Clicks": 2, "CTR": 20.0, "Dept": "WPL", "Bid Strategy Type": "cpc", "Date": "2017-03-04", "Impressions": 10}, {"Account ID": "1033505012", "Conversions": 2463.0, "Views": 0, "Video played to 50%": 0.0, "Advertising Sub Channel": "", "Campaign": "", "Avg. CPE": 0.0, "Campaign serving status": "", "Invalid clicks": 1368, "Interaction Rate": 23.04, "Interaction Types": "", "Engagements": 0, "End date": "", "Avg. position": 1.2, "Video played to 100%": 0.0, "Video played to 25%": 0.0, "Video played to 75%": 0.0, "Mapping": false, "Avg. CPV": 0.0, "View rate": 0.0, "Avg. CPC": 0.079418, "Avg. Cost": 0.079418, "Avg. CPM": 18.301911, "Campaign state": "Total", "Start date": "", "Account Name": "[W] G1 - WPL - 360Game", "Cost": 1161.97, "Advertising Channel": "", "Campaign ID": "", "Interactions": 14631, "Unique cookies": "", "Clicks": 14631, "CTR": 23.04, "Dept": "WPL", "Bid Strategy Type": "", "Date": "2017-03-04", "Impressions": 63489}]