[{"Campaign state": "enabled", "Interaction Types": ["Clicks"], "Campaign serving status": "eligible", "Cost": 0.73, "Interactions": 16, "Avg. CPM": 7.373737, "Bid Strategy Type": "cpc", "Video played to 100%": 0.0, "Avg. CPE": 0.0, "Mapping": false, "Start date": "2016-12-15", "View rate": 0.0, "Account ID": "6493618146", "Avg. CPC": 0.045625, "Conversions": 0.0, "Video played to 75%": 0.0, "Impressions": 99, "Avg. position": 1.0, "Advertising Sub Channel": "", "Campaign ID": 718037248, "Avg. Cost": 0.045625, "Avg. CPV": 0.0, "Campaign": "Brand-term_VC-ex-MOR", "Interaction Rate": 16.16, "Advertising Channel": "Search", "Video played to 50%": 0.0, "Date": "2017-08-03", "End date": "", "CTR": 16.16, "Video played to 25%": 0.0, "Engagements": 0, "Invalid clicks": 0, "Clicks": 16, "Views": 0, "Unique cookies": ""}, {"Campaign state": "enabled", "Interaction Types": ["Clicks"], "Campaign serving status": "eligible", "Cost": 7.91, "Interactions": 311, "Avg. CPM": 14.675325, "Bid Strategy Type": "cpc", "Video played to 100%": 0.0, "Avg. CPE": 0.0, "Mapping": false, "Start date": "2016-12-15", "View rate": 0.0, "Account ID": "6493618146", "Avg. CPC": 0.025434, "Conversions": 21.0, "Video played to 75%": 0.0, "Impressions": 539, "Avg. position": 1.0, "Advertising Sub Channel": "", "Campaign ID": 718037215, "Avg. Cost": 0.025434, "Avg. CPV": 0.0, "Campaign": "Brand-term_Vu Cuc-MOR", "Interaction Rate": 57.7, "Advertising Channel": "Search", "Video played to 50%": 0.0, "Date": "2017-08-03", "End date": "", "CTR": 57.7, "Video played to 25%": 0.0, "Engagements": 0, "Invalid clicks": 21, "Clicks": 311, "Views": 0, "Unique cookies": ""}, {"Campaign state": "enabled", "Interaction Types": ["Clicks"], "Campaign serving status": "eligible", "Cost": 0.09, "Interactions": 1, "Avg. CPM": 45.0, "Bid Strategy Type": "cpc", "Video played to 100%": 0.0, "Avg. CPE": 0.0, "Mapping": false, "Start date": "2016-12-15", "View rate": 0.0, "Account ID": "6493618146", "Avg. CPC": 0.09, "Conversions": 1.0, "Video played to 75%": 0.0, "Impressions": 2, "Avg. position": 1.0, "Advertising Sub Channel": "", "Campaign ID": 718047076, "Avg. Cost": 0.09, "Avg. CPV": 0.0, "Campaign": "Gen-term_MT-G-2D_game 2d m\u1edbi nh\u1ea5t-bmm", "Interaction Rate": 50.0, "Advertising Channel": "Search", "Video played to 50%": 0.0, "Date": "2017-08-03", "End date": "", "CTR": 50.0, "Video played to 25%": 0.0, "Engagements": 0, "Invalid clicks": 0, "Clicks": 1, "Views": 0, "Unique cookies": ""}, {"Campaign state": "enabled", "Interaction Types": ["Clicks"], "Campaign serving status": "eligible", "Cost": 0.07, "Interactions": 1, "Avg. CPM": 14.0, "Bid Strategy Type": "cpc", "Video played to 100%": 0.0, "Avg. CPE": 0.0, "Mapping": false, "Start date": "2016-12-15", "View rate": 0.0, "Account ID": "6493618146", "Avg. CPC": 0.07, "Conversions": 1.0, "Video played to 75%": 0.0, "Impressions": 5, "Avg. position": 1.6, "Advertising Sub Channel": "", "Campaign ID": 718369097, "Avg. Cost": 0.07, "Avg. CPV": 0.0, "Campaign": "Gen-term_MT-G-NV_game nh\u1eadp vai ki\u1ebfm hi\u1ec7p-phr", "Interaction Rate": 20.0, "Advertising Channel": "Search", "Video played to 50%": 0.0, "Date": "2017-08-03", "End date": "", "CTR": 20.0, "Video played to 25%": 0.0, "Engagements": 0, "Invalid clicks": 0, "Clicks": 1, "Views": 0, "Unique cookies": ""}, {"Campaign state": "enabled", "Interaction Types": ["Clicks"], "Campaign serving status": "eligible", "Cost": 0.27, "Interactions": 3, "Avg. CPM": 27.0, "Bid Strategy Type": "cpc", "Video played to 100%": 0.0, "Avg. CPE": 0.0, "Mapping": false, "Start date": "2016-12-15", "View rate": 0.0, "Account ID": "6493618146", "Avg. CPC": 0.09, "Conversions": 2.0, "Video played to 75%": 0.0, "Impressions": 10, "Avg. position": 3.4, "Advertising Sub Channel": "", "Campaign ID": 718369160, "Avg. Cost": 0.09, "Avg. CPV": 0.0, "Campaign": "Gen-term_MT-G-NV_game nh\u1eadp vai moi nhat-phr", "Interaction Rate": 30.0, "Advertising Channel": "Search", "Video played to 50%": 0.0, "Date": "2017-08-03", "End date": "", "CTR": 30.0, "Video played to 25%": 0.0, "Engagements": 0, "Invalid clicks": 0, "Clicks": 3, "Views": 0, "Unique cookies": ""}, {"Campaign state": "enabled", "Interaction Types": ["Clicks"], "Campaign serving status": "eligible", "Cost": 0.49, "Interactions": 2, "Avg. CPM": 245.0, "Bid Strategy Type": "cpc", "Video played to 100%": 0.0, "Avg. CPE": 0.0, "Mapping": false, "Start date": "2016-12-15", "View rate": 0.0, "Account ID": "6493618146", "Avg. CPC": 0.245, "Conversions": 1.0, "Video played to 75%": 0.0, "Impressions": 2, "Avg. position": 1.0, "Advertising Sub Channel": "", "Campaign ID": 718375125, "Avg. Cost": 0.245, "Avg. CPV": 0.0, "Campaign": "Gen-term_MT-W-NV_webgame nh\u1eadp vai online-phr", "Interaction Rate": 100.0, "Advertising Channel": "Search", "Video played to 50%": 0.0, "Date": "2017-08-03", "End date": "", "CTR": 100.0, "Video played to 25%": 0.0, "Engagements": 0, "Invalid clicks": 0, "Clicks": 2, "Views": 0, "Unique cookies": ""}, {"Campaign state": "enabled", "Interaction Types": ["Clicks"], "Campaign serving status": "eligible", "Cost": 0.23, "Interactions": 4, "Avg. CPM": 19.166667, "Bid Strategy Type": "cpc", "Video played to 100%": 0.0, "Avg. CPE": 0.0, "Mapping": false, "Start date": "2016-12-15", "View rate": 0.0, "Account ID": "6493618146", "Avg. CPC": 0.0575, "Conversions": 1.0, "Video played to 75%": 0.0, "Impressions": 12, "Avg. position": 1.2, "Advertising Sub Channel": "", "Campaign ID": 718383597, "Avg. Cost": 0.0575, "Avg. CPV": 0.0, "Campaign": "Competitor-term_Tram Ma", "Interaction Rate": 33.33, "Advertising Channel": "Search", "Video played to 50%": 0.0, "Date": "2017-08-03", "End date": "", "CTR": 33.33, "Video played to 25%": 0.0, "Engagements": 0, "Invalid clicks": 0, "Clicks": 4, "Views": 0, "Unique cookies": ""}, {"Campaign state": "Total", "Interaction Types": "", "Campaign serving status": "", "Cost": 9.79, "Interactions": 338, "Avg. CPM": 14.354839, "Bid Strategy Type": "", "Video played to 100%": 0.0, "Avg. CPE": 0.0, "Mapping": false, "Start date": "", "View rate": 0.0, "Account ID": "6493618146", "Avg. CPC": 0.028964, "Conversions": 27.0, "Video played to 75%": 0.0, "Impressions": 682, "Avg. position": 1.1, "Advertising Sub Channel": "", "Campaign ID": "", "Avg. Cost": 0.028964, "Avg. CPV": 0.0, "Campaign": "", "Interaction Rate": 49.56, "Advertising Channel": "", "Video played to 50%": 0.0, "Date": "2017-08-03", "End date": "", "CTR": 49.56, "Video played to 25%": 0.0, "Engagements": 0, "Invalid clicks": 21, "Clicks": 338, "Views": 0, "Unique cookies": ""}]