[{"Account ID": "1066457627", "Conversions": 232.0, "Views": 12960, "Video played to 50%": 11.91, "Advertising Sub Channel": "Universal App Campaign", "Campaign": "GP | 251 | 1709034 1708116 1708023 | IOS | UAC1", "Avg. CPE": 10.788646, "Campaign serving status": "eligible", "Invalid clicks": 113, "Interaction Rate": 5.93, "Interaction Types": ["Clicks", "Engagements", "Views"], "Engagements": 13, "End date": "", "Avg. position": 1.0, "Video played to 100%": 2.26, "Video played to 25%": 15.67, "Video played to 75%": 10.47, "Mapping": false, "Avg. CPV": 0.010822, "View rate": 14.42, "Avg. CPC": 0.154608, "Avg. Cost": 0.014667, "Avg. CPM": 0.870177, "Campaign state": "paused", "Start date": "2017-01-11", "Account Name": "VNG - MP2 - GunPow", "Cost": 204.3924, "Advertising Channel": "Multi Channel", "Campaign ID": 734194704, "Interactions": 13936, "Unique cookies": "", "Clicks": 1322, "CTR": 0.56, "Dept": "MP2", "Bid Strategy Type": "Target CPA", "Date": "2017-03-04", "Impressions": 234886}, {"Account ID": "1066457627", "Conversions": 272.0, "Views": 39451, "Video played to 50%": 13.28, "Advertising Sub Channel": "", "Campaign": "GP | 251 | 1709034 1708116 1708023 | IOS | VV1", "Avg. CPE": 0.137715, "Campaign serving status": "eligible", "Invalid clicks": 0, "Interaction Rate": 14.2, "Interaction Types": ["Engagements", "Views]"], "Engagements": 3120, "End date": "", "Avg. position": 1.0, "Video played to 100%": 3.16, "Video played to 25%": 17.5, "Video played to 75%": 11.34, "Mapping": false, "Avg. CPV": 0.010891, "View rate": 13.77, "Avg. CPC": 0.400813, "Avg. Cost": 0.010562, "Avg. CPM": 1.499948, "Campaign state": "paused", "Start date": "2017-01-11", "Account Name": "VNG - MP2 - GunPow", "Cost": 429.67206, "Advertising Channel": "Video", "Campaign ID": 733863589, "Interactions": 40680, "Unique cookies": 128310, "Clicks": 1072, "CTR": 0.37, "Dept": "MP2", "Bid Strategy Type": "Target CPA", "Date": "2017-03-04", "Impressions": 286458}, {"Account ID": "1066457627", "Conversions": 47.0, "Views": 0, "Video played to 50%": 7.25, "Advertising Sub Channel": "Display Mobile App", "Campaign": "GP| 251 | 1701087| IOS| GDN", "Avg. CPE": 0.0, "Campaign serving status": "eligible", "Invalid clicks": 215, "Interaction Rate": 0.54, "Interaction Types": ["Clicks"], "Engagements": 0, "End date": "", "Avg. position": 1.0, "Video played to 100%": 1.86, "Video played to 25%": 10.19, "Video played to 75%": 5.58, "Mapping": false, "Avg. CPV": 0.0, "View rate": 0.0, "Avg. CPC": 0.031936, "Avg. Cost": 0.031936, "Avg. CPM": 0.171867, "Campaign state": "paused", "Start date": "2017-01-11", "Account Name": "VNG - MP2 - GunPow", "Cost": 77.03, "Advertising Channel": "Display", "Campaign ID": 733826320, "Interactions": 2412, "Unique cookies": 175425, "Clicks": 2412, "CTR": 0.54, "Dept": "MP2", "Bid Strategy Type": "cpc", "Date": "2017-03-04", "Impressions": 448196}, {"Account ID": "1066457627", "Conversions": 551.0, "Views": 52411, "Video played to 50%": 12.3, "Advertising Sub Channel": "", "Campaign": "", "Avg. CPE": 0.18191, "Campaign serving status": "", "Invalid clicks": 328, "Interaction Rate": 5.88, "Interaction Types": "", "Engagements": 3133, "End date": "", "Avg. position": 1.0, "Video played to 100%": 2.8, "Video played to 25%": 16.27, "Video played to 75%": 10.52, "Mapping": false, "Avg. CPV": 0.010874, "View rate": 13.93, "Avg. CPC": 0.14796, "Avg. Cost": 0.012469, "Avg. CPM": 0.733435, "Campaign state": "Total", "Start date": "", "Account Name": "VNG - MP2 - GunPow", "Cost": 711.09446, "Advertising Channel": "", "Campaign ID": "", "Interactions": 57028, "Unique cookies": "", "Clicks": 4806, "CTR": 0.5, "Dept": "MP2", "Bid Strategy Type": "", "Date": "2017-03-04", "Impressions": 969540}]