[{"Bid Strategy Type": "cpc", "Account Name": "[W] G1 - WPL - vltkw360", "End date": "", "Advertising Channel": "Display", "Mapping": false, "Campaign": "GDN -Retarget", "Date": "2017-05-02", "Avg. CPE": 0.0, "Video played to 50%": 88.64, "Clicks": 5427, "Cost": 278.69, "Video played to 25%": 93.16, "Interaction Types": ["Clicks"], "Campaign state": "paused", "Avg. position": 1.0, "Interactions": 5427, "View rate": 0.0, "Campaign serving status": "eligible", "Engagements": 0, "Avg. Cost": 0.051352, "Conversions": 0.0, "Avg. CPV": 0.0, "Invalid clicks": 608, "Unique cookies": 195972, "Campaign ID": 814343940, "Views": 0, "Interaction Rate": 0.42, "Advertising Sub Channel": "", "Account ID": "5993679244", "Video played to 100%": 77.89, "CTR": 0.42, "Start date": "2017-04-28", "Avg. CPC": 0.051352, "Video played to 75%": 85.3, "Impressions": 1290362, "Avg. CPM": 0.215978}, {"Bid Strategy Type": "cpc", "Account Name": "[W] G1 - WPL - vltkw360", "End date": "", "Advertising Channel": "Search", "Mapping": false, "Campaign": "JXW | 1704069 | Search Desktop Only", "Date": "2017-05-02", "Avg. CPE": 0.0, "Video played to 50%": 0.0, "Clicks": 6018, "Cost": 352.22, "Video played to 25%": 0.0, "Interaction Types": ["Clicks"], "Campaign state": "paused", "Avg. position": 2.5, "Interactions": 6018, "View rate": 0.0, "Campaign serving status": "eligible", "Engagements": 0, "Avg. Cost": 0.058528, "Conversions": 0.0, "Avg. CPV": 0.0, "Invalid clicks": 250, "Unique cookies": "", "Campaign ID": 810723516, "Views": 0, "Interaction Rate": 5.09, "Advertising Sub Channel": "", "Account ID": "5993679244", "Video played to 100%": 0.0, "CTR": 5.09, "Start date": "2017-04-24", "Avg. CPC": 0.058528, "Video played to 75%": 0.0, "Impressions": 118202, "Avg. CPM": 2.979814}, {"Bid Strategy Type": "cpv", "Account Name": "[W] G1 - WPL - vltkw360", "End date": "", "Advertising Channel": "Video", "Mapping": false, "Campaign": "Video-ads_In-stream", "Date": "2017-05-02", "Avg. CPE": 0.0, "Video played to 50%": 10.13, "Clicks": 95, "Cost": 37.39, "Video played to 25%": 18.94, "Interaction Types": ["Views"], "Campaign state": "paused", "Avg. position": 1.0, "Interactions": 3739, "View rate": 10.76, "Campaign serving status": "eligible", "Engagements": 0, "Avg. Cost": 0.01, "Conversions": 0.0, "Avg. CPV": 0.01, "Invalid clicks": 0, "Unique cookies": 27776, "Campaign ID": 815780384, "Views": 3739, "Interaction Rate": 10.76, "Advertising Sub Channel": "", "Account ID": "5993679244", "Video played to 100%": 4.78, "CTR": 0.27, "Start date": "2017-05-01", "Avg. CPC": 0.393579, "Video played to 75%": 7.03, "Impressions": 34754, "Avg. CPM": 1.075847}, {"Bid Strategy Type": "", "Account Name": "[W] G1 - WPL - vltkw360", "End date": "", "Advertising Channel": "", "Mapping": false, "Campaign": "", "Date": "2017-05-02", "Avg. CPE": 0.0, "Video played to 50%": 15.71, "Clicks": 11540, "Cost": 668.3, "Video played to 25%": 24.22, "Interaction Types": "", "Campaign state": "Total", "Avg. position": 1.1, "Interactions": 15184, "View rate": 9.99, "Campaign serving status": "", "Engagements": 0, "Avg. Cost": 0.044013, "Conversions": 0.0, "Avg. CPV": 0.010559, "Invalid clicks": 858, "Unique cookies": "", "Campaign ID": "", "Views": 3739, "Interaction Rate": 1.05, "Advertising Sub Channel": "", "Account ID": "5993679244", "Video played to 100%": 9.98, "CTR": 0.8, "Start date": "", "Avg. CPC": 0.057912, "Video played to 75%": 12.59, "Impressions": 1443318, "Avg. CPM": 0.46303}]