[{"Start date": "2015-06-08", "Avg. CPC": 0.100947, "Interactions": 95, "Avg. position": 1.8, "Campaign serving status": "eligible", "Campaign ID": 260085404, "Invalid clicks": 17, "Impressions": 648, "Video played to 50%": 0.0, "Account ID": "1033505012", "Conversions": 11.0, "Views": 0, "Engagements": 0, "Avg. CPE": 0.0, "Advertising Sub Channel": "", "Account Name": "[W] G1 - WPL - 360Game", "End date": "", "Video played to 100%": 0.0, "Clicks": 95, "Avg. Cost": 0.100947, "Interaction Types": ["Clicks"], "Video played to 25%": 0.0, "View rate": 0.0, "Video played to 75%": 0.0, "Avg. CPM": 14.799383, "CTR": 14.66, "Campaign state": "enabled", "Unique cookies": "", "Advertising Channel": "Search", "Interaction Rate": 14.66, "Bid Strategy Type": "cpc", "Date": "2017-08-01", "Mapping": false, "Campaign": "Gen-term_FH-GO-BMM-MOR", "Avg. CPV": 0.0, "Cost": 9.59}, {"Start date": "2016-08-04", "Avg. CPC": 0.044884, "Interactions": 905, "Avg. position": 1.0, "Campaign serving status": "eligible", "Campaign ID": 637694601, "Invalid clicks": 36, "Impressions": 2223, "Video played to 50%": 0.0, "Account ID": "1033505012", "Conversions": 118.0, "Views": 0, "Engagements": 0, "Avg. CPE": 0.0, "Advertising Sub Channel": "", "Account Name": "[W] G1 - WPL - 360Game", "End date": "", "Video played to 100%": 0.0, "Clicks": 905, "Avg. Cost": 0.044884, "Interaction Types": ["Clicks"], "Video played to 25%": 0.0, "View rate": 0.0, "Video played to 75%": 0.0, "Avg. CPM": 18.272605, "CTR": 40.71, "Campaign state": "enabled", "Unique cookies": "", "Advertising Channel": "Search", "Interaction Rate": 40.71, "Bid Strategy Type": "cpc", "Date": "2017-08-01", "Mapping": false, "Campaign": "Brand-term_Vo-Lam-Chi-Mong", "Avg. CPV": 0.0, "Cost": 40.62}, {"Start date": "2015-06-08", "Avg. CPC": 0.11114, "Interactions": 272, "Avg. position": 1.6, "Campaign serving status": "eligible", "Campaign ID": 260083484, "Invalid clicks": 14, "Impressions": 1690, "Video played to 50%": 0.0, "Account ID": "1033505012", "Conversions": 47.0, "Views": 0, "Engagements": 0, "Avg. CPE": 0.0, "Advertising Sub Channel": "", "Account Name": "[W] G1 - WPL - 360Game", "End date": "", "Video played to 100%": 0.0, "Clicks": 272, "Avg. Cost": 0.11114, "Interaction Types": ["Clicks"], "Video played to 25%": 0.0, "View rate": 0.0, "Video played to 75%": 0.0, "Avg. CPM": 17.887574, "CTR": 16.09, "Campaign state": "enabled", "Unique cookies": "", "Advertising Channel": "Search", "Interaction Rate": 16.09, "Bid Strategy Type": "cpc", "Date": "2017-08-01", "Mapping": false, "Campaign": "Gen-term_FH-Game-Exact-MOR", "Avg. CPV": 0.0, "Cost": 30.23}, {"Start date": "2015-06-08", "Avg. CPC": 0.054486, "Interactions": 107, "Avg. position": 1.5, "Campaign serving status": "eligible", "Campaign ID": 260083724, "Invalid clicks": 10, "Impressions": 370, "Video played to 50%": 0.0, "Account ID": "1033505012", "Conversions": 28.0, "Views": 0, "Engagements": 0, "Avg. CPE": 0.0, "Advertising Sub Channel": "", "Account Name": "[W] G1 - WPL - 360Game", "End date": "", "Video played to 100%": 0.0, "Clicks": 107, "Avg. Cost": 0.054486, "Interaction Types": ["Clicks"], "Video played to 25%": 0.0, "View rate": 0.0, "Video played to 75%": 0.0, "Avg. CPM": 15.756757, "CTR": 28.92, "Campaign state": "enabled", "Unique cookies": "", "Advertising Channel": "Search", "Interaction Rate": 28.92, "Bid Strategy Type": "cpc", "Date": "2017-08-01", "Mapping": false, "Campaign": "Gen-term_MT-Game-BMM-MOR", "Avg. CPV": 0.0, "Cost": 5.83}, {"Start date": "2015-06-08", "Avg. CPC": 0.103333, "Interactions": 3, "Avg. position": 1.5, "Campaign serving status": "eligible", "Campaign ID": 260088164, "Invalid clicks": 1, "Impressions": 20, "Video played to 50%": 0.0, "Account ID": "1033505012", "Conversions": 0.0, "Views": 0, "Engagements": 0, "Avg. CPE": 0.0, "Advertising Sub Channel": "", "Account Name": "[W] G1 - WPL - 360Game", "End date": "", "Video played to 100%": 0.0, "Clicks": 3, "Avg. Cost": 0.103333, "Interaction Types": ["Clicks"], "Video played to 25%": 0.0, "View rate": 0.0, "Video played to 75%": 0.0, "Avg. CPM": 15.5, "CTR": 15.0, "Campaign state": "enabled", "Unique cookies": "", "Advertising Channel": "Search", "Interaction Rate": 15.0, "Bid Strategy Type": "cpc", "Date": "2017-08-01", "Mapping": false, "Campaign": "Gen-term_MT-GO-BMM-MOR", "Avg. CPV": 0.0, "Cost": 0.31}, {"Start date": "2016-08-12", "Avg. CPC": 0.01188, "Interactions": 117, "Avg. position": 1.0, "Campaign serving status": "eligible", "Campaign ID": 642570944, "Invalid clicks": 5, "Impressions": 191, "Video played to 50%": 0.0, "Account ID": "1033505012", "Conversions": 24.0, "Views": 0, "Engagements": 0, "Avg. CPE": 0.0, "Advertising Sub Channel": "", "Account Name": "[W] G1 - WPL - 360Game", "End date": "", "Video played to 100%": 0.0, "Clicks": 117, "Avg. Cost": 0.01188, "Interaction Types": ["Clicks"], "Video played to 25%": 0.0, "View rate": 0.0, "Video played to 75%": 0.0, "Avg. CPM": 7.277487, "CTR": 61.26, "Campaign state": "enabled", "Unique cookies": "", "Advertising Channel": "Search", "Interaction Rate": 61.26, "Bid Strategy Type": "cpc", "Date": "2017-08-01", "Mapping": false, "Campaign": "Brand-term_TTTD-ex", "Avg. CPV": 0.0, "Cost": 1.39}, {"Start date": "2015-06-08", "Avg. CPC": 0.146667, "Interactions": 18, "Avg. position": 1.8, "Campaign serving status": "eligible", "Campaign ID": 260086724, "Invalid clicks": 0, "Impressions": 80, "Video played to 50%": 0.0, "Account ID": "1033505012", "Conversions": 7.0, "Views": 0, "Engagements": 0, "Avg. CPE": 0.0, "Advertising Sub Channel": "", "Account Name": "[W] G1 - WPL - 360Game", "End date": "", "Video played to 100%": 0.0, "Clicks": 18, "Avg. Cost": 0.146667, "Interaction Types": ["Clicks"], "Video played to 25%": 0.0, "View rate": 0.0, "Video played to 75%": 0.0, "Avg. CPM": 33.0, "CTR": 22.5, "Campaign state": "enabled", "Unique cookies": "", "Advertising Channel": "Search", "Interaction Rate": 22.5, "Bid Strategy Type": "cpc", "Date": "2017-08-01", "Mapping": false, "Campaign": "Gen-term_MT-Game-Phrase-MOR", "Avg. CPV": 0.0, "Cost": 2.64}, {"Start date": "2015-06-08", "Avg. CPC": 0.2, "Interactions": 1, "Avg. position": 1.0, "Campaign serving status": "eligible", "Campaign ID": 260101364, "Invalid clicks": 0, "Impressions": 1, "Video played to 50%": 0.0, "Account ID": "1033505012", "Conversions": 0.0, "Views": 0, "Engagements": 0, "Avg. CPE": 0.0, "Advertising Sub Channel": "", "Account Name": "[W] G1 - WPL - 360Game", "End date": "", "Video played to 100%": 0.0, "Clicks": 1, "Avg. Cost": 0.2, "Interaction Types": ["Clicks"], "Video played to 25%": 0.0, "View rate": 0.0, "Video played to 75%": 0.0, "Avg. CPM": 200.0, "CTR": 100.0, "Campaign state": "enabled", "Unique cookies": "", "Advertising Channel": "Search", "Interaction Rate": 100.0, "Bid Strategy Type": "cpc", "Date": "2017-08-01", "Mapping": false, "Campaign": "Gen-term_FH-PCG-Exact-MOR", "Avg. CPV": 0.0, "Cost": 0.2}, {"Start date": "2015-06-08", "Avg. CPC": 0.197273, "Interactions": 11, "Avg. position": 1.2, "Campaign serving status": "eligible", "Campaign ID": 260101724, "Invalid clicks": 0, "Impressions": 42, "Video played to 50%": 0.0, "Account ID": "1033505012", "Conversions": 1.0, "Views": 0, "Engagements": 0, "Avg. CPE": 0.0, "Advertising Sub Channel": "", "Account Name": "[W] G1 - WPL - 360Game", "End date": "", "Video played to 100%": 0.0, "Clicks": 11, "Avg. Cost": 0.197273, "Interaction Types": ["Clicks"], "Video played to 25%": 0.0, "View rate": 0.0, "Video played to 75%": 0.0, "Avg. CPM": 51.666667, "CTR": 26.19, "Campaign state": "enabled", "Unique cookies": "", "Advertising Channel": "Search", "Interaction Rate": 26.19, "Bid Strategy Type": "cpc", "Date": "2017-08-01", "Mapping": false, "Campaign": "Gen-term_FH-PCG-BMM-MOR", "Avg. CPV": 0.0, "Cost": 2.17}, {"Start date": "2015-06-08", "Avg. CPC": 0.16, "Interactions": 2, "Avg. position": 1.3, "Campaign serving status": "eligible", "Campaign ID": 260112404, "Invalid clicks": 0, "Impressions": 12, "Video played to 50%": 0.0, "Account ID": "1033505012", "Conversions": 1.0, "Views": 0, "Engagements": 0, "Avg. CPE": 0.0, "Advertising Sub Channel": "", "Account Name": "[W] G1 - WPL - 360Game", "End date": "", "Video played to 100%": 0.0, "Clicks": 2, "Avg. Cost": 0.16, "Interaction Types": ["Clicks"], "Video played to 25%": 0.0, "View rate": 0.0, "Video played to 75%": 0.0, "Avg. CPM": 26.666667, "CTR": 16.67, "Campaign state": "enabled", "Unique cookies": "", "Advertising Channel": "Search", "Interaction Rate": 16.67, "Bid Strategy Type": "cpc", "Date": "2017-08-01", "Mapping": false, "Campaign": "Gen-term_MT-WG-BMM-MOR", "Avg. CPV": 0.0, "Cost": 0.32}, {"Start date": "2016-08-04", "Avg. CPC": 0.047667, "Interactions": 60, "Avg. position": 1.0, "Campaign serving status": "eligible", "Campaign ID": 637694772, "Invalid clicks": 2, "Impressions": 237, "Video played to 50%": 0.0, "Account ID": "1033505012", "Conversions": 13.0, "Views": 0, "Engagements": 0, "Avg. CPE": 0.0, "Advertising Sub Channel": "", "Account Name": "[W] G1 - WPL - 360Game", "End date": "", "Video played to 100%": 0.0, "Clicks": 60, "Avg. Cost": 0.047667, "Interaction Types": ["Clicks"], "Video played to 25%": 0.0, "View rate": 0.0, "Video played to 75%": 0.0, "Avg. CPM": 12.067511, "CTR": 25.32, "Campaign state": "enabled", "Unique cookies": "", "Advertising Channel": "Search", "Interaction Rate": 25.32, "Bid Strategy Type": "cpc", "Date": "2017-08-01", "Mapping": false, "Campaign": "Brand-term_Phong-Van", "Avg. CPV": 0.0, "Cost": 2.86}, {"Start date": "2017-05-05", "Avg. CPC": 0.036875, "Interactions": 64, "Avg. position": 1.1, "Campaign serving status": "eligible", "Campaign ID": 819387541, "Invalid clicks": 4, "Impressions": 147, "Video played to 50%": 0.0, "Account ID": "1033505012", "Conversions": 10.0, "Views": 0, "Engagements": 0, "Avg. CPE": 0.0, "Advertising Sub Channel": "", "Account Name": "[W] G1 - WPL - 360Game", "End date": "", "Video played to 100%": 0.0, "Clicks": 64, "Avg. Cost": 0.036875, "Interaction Types": ["Clicks"], "Video played to 25%": 0.0, "View rate": 0.0, "Video played to 75%": 0.0, "Avg. CPM": 16.054422, "CTR": 43.54, "Campaign state": "enabled", "Unique cookies": "", "Advertising Channel": "Search", "Interaction Rate": 43.54, "Bid Strategy Type": "cpc", "Date": "2017-08-01", "Mapping": false, "Campaign": "Brand-term_Thanh-Van-Chi", "Avg. CPV": 0.0, "Cost": 2.36}, {"Start date": "2015-06-08", "Avg. CPC": 0.107172, "Interactions": 1015, "Avg. position": 1.6, "Campaign serving status": "eligible", "Campaign ID": 260084204, "Invalid clicks": 80, "Impressions": 6378, "Video played to 50%": 0.0, "Account ID": "1033505012", "Conversions": 138.0, "Views": 0, "Engagements": 0, "Avg. CPE": 0.0, "Advertising Sub Channel": "", "Account Name": "[W] G1 - WPL - 360Game", "End date": "", "Video played to 100%": 0.0, "Clicks": 1015, "Avg. Cost": 0.107172, "Interaction Types": ["Clicks"], "Video played to 25%": 0.0, "View rate": 0.0, "Video played to 75%": 0.0, "Avg. CPM": 17.055503, "CTR": 15.91, "Campaign state": "enabled", "Unique cookies": "", "Advertising Channel": "Search", "Interaction Rate": 15.91, "Bid Strategy Type": "cpc", "Date": "2017-08-01", "Mapping": false, "Campaign": "Gen-term_FH-Game-BM-MOR", "Avg. CPV": 0.0, "Cost": 108.78}, {"Start date": "2015-06-08", "Avg. CPC": 0.110833, "Interactions": 12, "Avg. position": 1.6, "Campaign serving status": "eligible", "Campaign ID": 260085644, "Invalid clicks": 1, "Impressions": 92, "Video played to 50%": 0.0, "Account ID": "1033505012", "Conversions": 4.0, "Views": 0, "Engagements": 0, "Avg. CPE": 0.0, "Advertising Sub Channel": "", "Account Name": "[W] G1 - WPL - 360Game", "End date": "", "Video played to 100%": 0.0, "Clicks": 12, "Avg. Cost": 0.110833, "Interaction Types": ["Clicks"], "Video played to 25%": 0.0, "View rate": 0.0, "Video played to 75%": 0.0, "Avg. CPM": 14.456522, "CTR": 13.04, "Campaign state": "enabled", "Unique cookies": "", "Advertising Channel": "Search", "Interaction Rate": 13.04, "Bid Strategy Type": "cpc", "Date": "2017-08-01", "Mapping": false, "Campaign": "Gen-term_FH-GO-Phrase-MOR", "Avg. CPV": 0.0, "Cost": 1.33}, {"Start date": "2015-06-08", "Avg. CPC": 0.194, "Interactions": 10, "Avg. position": 1.8, "Campaign serving status": "eligible", "Campaign ID": 260089124, "Invalid clicks": 0, "Impressions": 84, "Video played to 50%": 0.0, "Account ID": "1033505012", "Conversions": 3.0, "Views": 0, "Engagements": 0, "Avg. CPE": 0.0, "Advertising Sub Channel": "", "Account Name": "[W] G1 - WPL - 360Game", "End date": "", "Video played to 100%": 0.0, "Clicks": 10, "Avg. Cost": 0.194, "Interaction Types": ["Clicks"], "Video played to 25%": 0.0, "View rate": 0.0, "Video played to 75%": 0.0, "Avg. CPM": 23.095238, "CTR": 11.9, "Campaign state": "enabled", "Unique cookies": "", "Advertising Channel": "Search", "Interaction Rate": 11.9, "Bid Strategy Type": "cpc", "Date": "2017-08-01", "Mapping": false, "Campaign": "Gen-term_FH-GTT-Exact-MOR", "Avg. CPV": 0.0, "Cost": 1.94}, {"Start date": "2015-06-08", "Avg. CPC": 0.086667, "Interactions": 3, "Avg. position": 1.1, "Campaign serving status": "eligible", "Campaign ID": 260099204, "Invalid clicks": 0, "Impressions": 9, "Video played to 50%": 0.0, "Account ID": "1033505012", "Conversions": 1.0, "Views": 0, "Engagements": 0, "Avg. CPE": 0.0, "Advertising Sub Channel": "", "Account Name": "[W] G1 - WPL - 360Game", "End date": "", "Video played to 100%": 0.0, "Clicks": 3, "Avg. Cost": 0.086667, "Interaction Types": ["Clicks"], "Video played to 25%": 0.0, "View rate": 0.0, "Video played to 75%": 0.0, "Avg. CPM": 28.888889, "CTR": 33.33, "Campaign state": "enabled", "Unique cookies": "", "Advertising Channel": "Search", "Interaction Rate": 33.33, "Bid Strategy Type": "cpc", "Date": "2017-08-01", "Mapping": false, "Campaign": "Gen-term_FH-PCG-BM-MOR", "Avg. CPV": 0.0, "Cost": 0.26}, {"Start date": "2015-06-08", "Avg. CPC": 0.117412, "Interactions": 85, "Avg. position": 1.6, "Campaign serving status": "eligible", "Campaign ID": 260084684, "Invalid clicks": 7, "Impressions": 375, "Video played to 50%": 0.0, "Account ID": "1033505012", "Conversions": 27.0, "Views": 0, "Engagements": 0, "Avg. CPE": 0.0, "Advertising Sub Channel": "", "Account Name": "[W] G1 - WPL - 360Game", "End date": "", "Video played to 100%": 0.0, "Clicks": 85, "Avg. Cost": 0.117412, "Interaction Types": ["Clicks"], "Video played to 25%": 0.0, "View rate": 0.0, "Video played to 75%": 0.0, "Avg. CPM": 26.613333, "CTR": 22.67, "Campaign state": "enabled", "Unique cookies": "", "Advertising Channel": "Search", "Interaction Rate": 22.67, "Bid Strategy Type": "cpc", "Date": "2017-08-01", "Mapping": false, "Campaign": "Gen-term_FH-Game-BMM-MOR", "Avg. CPV": 0.0, "Cost": 9.98}, {"Start date": "2015-06-08", "Avg. CPC": 0.05, "Interactions": 1, "Avg. position": 4.0, "Campaign serving status": "eligible", "Campaign ID": 260089844, "Invalid clicks": 0, "Impressions": 8, "Video played to 50%": 0.0, "Account ID": "1033505012", "Conversions": 0.0, "Views": 0, "Engagements": 0, "Avg. CPE": 0.0, "Advertising Sub Channel": "", "Account Name": "[W] G1 - WPL - 360Game", "End date": "", "Video played to 100%": 0.0, "Clicks": 1, "Avg. Cost": 0.05, "Interaction Types": ["Clicks"], "Video played to 25%": 0.0, "View rate": 0.0, "Video played to 75%": 0.0, "Avg. CPM": 6.25, "CTR": 12.5, "Campaign state": "enabled", "Unique cookies": "", "Advertising Channel": "Search", "Interaction Rate": 12.5, "Bid Strategy Type": "cpc", "Date": "2017-08-01", "Mapping": false, "Campaign": "Gen-term_FH-GTT-BM-MOR", "Avg. CPV": 0.0, "Cost": 0.05}, {"Start date": "2016-08-04", "Avg. CPC": 0.036095, "Interactions": 105, "Avg. position": 1.0, "Campaign serving status": "eligible", "Campaign ID": 637694769, "Invalid clicks": 8, "Impressions": 358, "Video played to 50%": 0.0, "Account ID": "1033505012", "Conversions": 17.0, "Views": 0, "Engagements": 0, "Avg. CPE": 0.0, "Advertising Sub Channel": "", "Account Name": "[W] G1 - WPL - 360Game", "End date": "", "Video played to 100%": 0.0, "Clicks": 105, "Avg. Cost": 0.036095, "Interaction Types": ["Clicks"], "Video played to 25%": 0.0, "View rate": 0.0, "Video played to 75%": 0.0, "Avg. CPM": 10.586592, "CTR": 29.33, "Campaign state": "enabled", "Unique cookies": "", "Advertising Channel": "Search", "Interaction Rate": 29.33, "Bid Strategy Type": "cpc", "Date": "2017-08-01", "Mapping": false, "Campaign": "Brand-term_Thien-Long-Bat-Bo", "Avg. CPV": 0.0, "Cost": 3.79}, {"Start date": "2017-06-26", "Avg. CPC": 0.021091, "Interactions": 55, "Avg. position": 1.0, "Campaign serving status": "eligible", "Campaign ID": 867418735, "Invalid clicks": 4, "Impressions": 111, "Video played to 50%": 0.0, "Account ID": "1033505012", "Conversions": 4.0, "Views": 0, "Engagements": 0, "Avg. CPE": 0.0, "Advertising Sub Channel": "", "Account Name": "[W] G1 - WPL - 360Game", "End date": "", "Video played to 100%": 0.0, "Clicks": 55, "Avg. Cost": 0.021091, "Interaction Types": ["Clicks"], "Video played to 25%": 0.0, "View rate": 0.0, "Video played to 75%": 0.0, "Avg. CPM": 10.45045, "CTR": 49.55, "Campaign state": "enabled", "Unique cookies": "", "Advertising Channel": "Search", "Interaction Rate": 49.55, "Bid Strategy Type": "cpc", "Date": "2017-08-01", "Mapping": false, "Campaign": "Brand-term_Hiep-Khach-Hanh", "Avg. CPV": 0.0, "Cost": 1.16}, {"Start date": "2015-06-08", "Avg. CPC": 0.168193, "Interactions": 83, "Avg. position": 1.5, "Campaign serving status": "eligible", "Campaign ID": 260086124, "Invalid clicks": 6, "Impressions": 447, "Video played to 50%": 0.0, "Account ID": "1033505012", "Conversions": 27.0, "Views": 0, "Engagements": 0, "Avg. CPE": 0.0, "Advertising Sub Channel": "", "Account Name": "[W] G1 - WPL - 360Game", "End date": "", "Video played to 100%": 0.0, "Clicks": 83, "Avg. Cost": 0.168193, "Interaction Types": ["Clicks"], "Video played to 25%": 0.0, "View rate": 0.0, "Video played to 75%": 0.0, "Avg. CPM": 31.230425, "CTR": 18.57, "Campaign state": "enabled", "Unique cookies": "", "Advertising Channel": "Search", "Interaction Rate": 18.57, "Bid Strategy Type": "cpc", "Date": "2017-08-01", "Mapping": false, "Campaign": "Gen-term_MT-Game-Exact-MOR", "Avg. CPV": 0.0, "Cost": 13.96}, {"Start date": "2017-07-10", "Avg. CPC": 0.08125, "Interactions": 8, "Avg. position": 2.3, "Campaign serving status": "eligible", "Campaign ID": 877338628, "Invalid clicks": 0, "Impressions": 58, "Video played to 50%": 0.0, "Account ID": "1033505012", "Conversions": 1.0, "Views": 0, "Engagements": 0, "Avg. CPE": 0.0, "Advertising Sub Channel": "", "Account Name": "[W] G1 - WPL - 360Game", "End date": "", "Video played to 100%": 0.0, "Clicks": 8, "Avg. Cost": 0.08125, "Interaction Types": ["Clicks"], "Video played to 25%": 0.0, "View rate": 0.0, "Video played to 75%": 0.0, "Avg. CPM": 11.206897, "CTR": 13.79, "Campaign state": "enabled", "Unique cookies": "", "Advertising Channel": "Search", "Interaction Rate": 13.79, "Bid Strategy Type": "cpc", "Date": "2017-08-01", "Mapping": false, "Campaign": "Brand-term_Chinh-do", "Avg. CPV": 0.0, "Cost": 0.65}, {"Start date": "2017-07-11", "Avg. CPC": 0.029904, "Interactions": 313, "Avg. position": 1.0, "Campaign serving status": "eligible", "Campaign ID": 879391568, "Invalid clicks": 8, "Impressions": 1135, "Video played to 50%": 0.0, "Account ID": "1033505012", "Conversions": 52.0, "Views": 0, "Engagements": 0, "Avg. CPE": 0.0, "Advertising Sub Channel": "", "Account Name": "[W] G1 - WPL - 360Game", "End date": "", "Video played to 100%": 0.0, "Clicks": 313, "Avg. Cost": 0.029904, "Interaction Types": ["Clicks"], "Video played to 25%": 0.0, "View rate": 0.0, "Video played to 75%": 0.0, "Avg. CPM": 8.246696, "CTR": 27.58, "Campaign state": "enabled", "Unique cookies": "", "Advertising Channel": "Search", "Interaction Rate": 27.58, "Bid Strategy Type": "cpc", "Date": "2017-08-01", "Mapping": false, "Campaign": "Brand-term_Ngoa-Long", "Avg. CPV": 0.0, "Cost": 9.36}, {"Start date": "2016-08-04", "Avg. CPC": 0.053803, "Interactions": 142, "Avg. position": 1.3, "Campaign serving status": "eligible", "Campaign ID": 637556576, "Invalid clicks": 5, "Impressions": 584, "Video played to 50%": 0.0, "Account ID": "1033505012", "Conversions": 19.0, "Views": 0, "Engagements": 0, "Avg. CPE": 0.0, "Advertising Sub Channel": "", "Account Name": "[W] G1 - WPL - 360Game", "End date": "", "Video played to 100%": 0.0, "Clicks": 142, "Avg. Cost": 0.053803, "Interaction Types": ["Clicks"], "Video played to 25%": 0.0, "View rate": 0.0, "Video played to 75%": 0.0, "Avg. CPM": 13.082192, "CTR": 24.32, "Campaign state": "enabled", "Unique cookies": "", "Advertising Channel": "Search", "Interaction Rate": 24.32, "Bid Strategy Type": "cpc", "Date": "2017-08-01", "Mapping": false, "Campaign": "Brand-term_Kiem-Vu", "Avg. CPV": 0.0, "Cost": 7.64}, {"Start date": "2016-08-18", "Avg. CPC": 0.039875, "Interactions": 6297, "Avg. position": 2.4, "Campaign serving status": "eligible", "Campaign ID": 645195815, "Invalid clicks": 257, "Impressions": 44251, "Video played to 50%": 0.0, "Account ID": "1033505012", "Conversions": 909.0, "Views": 0, "Engagements": 0, "Avg. CPE": 0.0, "Advertising Sub Channel": "", "Account Name": "[W] G1 - WPL - 360Game", "End date": "", "Video played to 100%": 0.0, "Clicks": 6297, "Avg. Cost": 0.039875, "Interaction Types": ["Clicks"], "Video played to 25%": 0.0, "View rate": 0.0, "Video played to 75%": 0.0, "Avg. CPM": 5.674222, "CTR": 14.23, "Campaign state": "enabled", "Unique cookies": "", "Advertising Channel": "Search", "Interaction Rate": 14.23, "Bid Strategy Type": "cpc", "Date": "2017-08-01", "Mapping": false, "Campaign": "Brand-term_360Game", "Avg. CPV": 0.0, "Cost": 251.09}, {"Start date": "2016-08-30", "Avg. CPC": 0.07369, "Interactions": 290, "Avg. position": 1.1, "Campaign serving status": "eligible", "Campaign ID": 651551927, "Invalid clicks": 12, "Impressions": 1306, "Video played to 50%": 0.0, "Account ID": "1033505012", "Conversions": 53.0, "Views": 0, "Engagements": 0, "Avg. CPE": 0.0, "Advertising Sub Channel": "", "Account Name": "[W] G1 - WPL - 360Game", "End date": "", "Video played to 100%": 0.0, "Clicks": 290, "Avg. Cost": 0.07369, "Interaction Types": ["Clicks"], "Video played to 25%": 0.0, "View rate": 0.0, "Video played to 75%": 0.0, "Avg. CPM": 16.36294, "CTR": 22.21, "Campaign state": "enabled", "Unique cookies": "", "Advertising Channel": "Search", "Interaction Rate": 22.21, "Bid Strategy Type": "cpc", "Date": "2017-08-01", "Mapping": false, "Campaign": "Brand-term_MUdts", "Avg. CPV": 0.0, "Cost": 21.37}, {"Start date": "2015-06-08", "Avg. CPC": 0.133365, "Interactions": 211, "Avg. position": 1.1, "Campaign serving status": "eligible", "Campaign ID": 260085044, "Invalid clicks": 7, "Impressions": 1065, "Video played to 50%": 0.0, "Account ID": "1033505012", "Conversions": 66.0, "Views": 0, "Engagements": 0, "Avg. CPE": 0.0, "Advertising Sub Channel": "", "Account Name": "[W] G1 - WPL - 360Game", "End date": "", "Video played to 100%": 0.0, "Clicks": 211, "Avg. Cost": 0.133365, "Interaction Types": ["Clicks"], "Video played to 25%": 0.0, "View rate": 0.0, "Video played to 75%": 0.0, "Avg. CPM": 26.422535, "CTR": 19.81, "Campaign state": "enabled", "Unique cookies": "", "Advertising Channel": "Search", "Interaction Rate": 19.81, "Bid Strategy Type": "cpc", "Date": "2017-08-01", "Mapping": false, "Campaign": "Gen-term_FH-GO-Exact-MOR", "Avg. CPV": 0.0, "Cost": 28.14}, {"Start date": "2015-06-08", "Avg. CPC": 0.095, "Interactions": 4, "Avg. position": 1.4, "Campaign serving status": "eligible", "Campaign ID": 260112764, "Invalid clicks": 0, "Impressions": 26, "Video played to 50%": 0.0, "Account ID": "1033505012", "Conversions": 1.0, "Views": 0, "Engagements": 0, "Avg. CPE": 0.0, "Advertising Sub Channel": "", "Account Name": "[W] G1 - WPL - 360Game", "End date": "", "Video played to 100%": 0.0, "Clicks": 4, "Avg. Cost": 0.095, "Interaction Types": ["Clicks"], "Video played to 25%": 0.0, "View rate": 0.0, "Video played to 75%": 0.0, "Avg. CPM": 14.615385, "CTR": 15.38, "Campaign state": "enabled", "Unique cookies": "", "Advertising Channel": "Search", "Interaction Rate": 15.38, "Bid Strategy Type": "cpc", "Date": "2017-08-01", "Mapping": false, "Campaign": "Gen-term_FH-WG-Phrase-MOR", "Avg. CPV": 0.0, "Cost": 0.38}, {"Start date": "2015-06-08", "Avg. CPC": 0.088655, "Interactions": 1554, "Avg. position": 1.4, "Campaign serving status": "eligible", "Campaign ID": 260112884, "Invalid clicks": 127, "Impressions": 8532, "Video played to 50%": 0.0, "Account ID": "1033505012", "Conversions": 228.0, "Views": 0, "Engagements": 0, "Avg. CPE": 0.0, "Advertising Sub Channel": "", "Account Name": "[W] G1 - WPL - 360Game", "End date": "", "Video played to 100%": 0.0, "Clicks": 1554, "Avg. Cost": 0.088655, "Interaction Types": ["Clicks"], "Video played to 25%": 0.0, "View rate": 0.0, "Video played to 75%": 0.0, "Avg. CPM": 16.147445, "CTR": 18.21, "Campaign state": "enabled", "Unique cookies": "", "Advertising Channel": "Search", "Interaction Rate": 18.21, "Bid Strategy Type": "cpc", "Date": "2017-08-01", "Mapping": false, "Campaign": "Gen-term_FH-WG-BM-MOR", "Avg. CPV": 0.0, "Cost": 137.77}, {"Start date": "2015-06-08", "Avg. CPC": 0.150821, "Interactions": 134, "Avg. position": 1.4, "Campaign serving status": "eligible", "Campaign ID": 260113484, "Invalid clicks": 1, "Impressions": 726, "Video played to 50%": 0.0, "Account ID": "1033505012", "Conversions": 31.0, "Views": 0, "Engagements": 0, "Avg. CPE": 0.0, "Advertising Sub Channel": "", "Account Name": "[W] G1 - WPL - 360Game", "End date": "", "Video played to 100%": 0.0, "Clicks": 134, "Avg. Cost": 0.150821, "Interaction Types": ["Clicks"], "Video played to 25%": 0.0, "View rate": 0.0, "Video played to 75%": 0.0, "Avg. CPM": 27.837466, "CTR": 18.46, "Campaign state": "enabled", "Unique cookies": "", "Advertising Channel": "Search", "Interaction Rate": 18.46, "Bid Strategy Type": "cpc", "Date": "2017-08-01", "Mapping": false, "Campaign": "Gen-term_FH-WG-BMM-MOR", "Avg. CPV": 0.0, "Cost": 20.21}, {"Start date": "2015-06-08", "Avg. CPC": 0.115342, "Interactions": 161, "Avg. position": 1.6, "Campaign serving status": "eligible", "Campaign ID": 260084084, "Invalid clicks": 6, "Impressions": 978, "Video played to 50%": 0.0, "Account ID": "1033505012", "Conversions": 32.0, "Views": 0, "Engagements": 0, "Avg. CPE": 0.0, "Advertising Sub Channel": "", "Account Name": "[W] G1 - WPL - 360Game", "End date": "", "Video played to 100%": 0.0, "Clicks": 161, "Avg. Cost": 0.115342, "Interaction Types": ["Clicks"], "Video played to 25%": 0.0, "View rate": 0.0, "Video played to 75%": 0.0, "Avg. CPM": 18.98773, "CTR": 16.46, "Campaign state": "enabled", "Unique cookies": "", "Advertising Channel": "Search", "Interaction Rate": 16.46, "Bid Strategy Type": "cpc", "Date": "2017-08-01", "Mapping": false, "Campaign": "Gen-term_FH-Game-Phrase-MOR", "Avg. CPV": 0.0, "Cost": 18.57}, {"Start date": "2015-06-08", "Avg. CPC": 0.129787, "Interactions": 47, "Avg. position": 1.1, "Campaign serving status": "eligible", "Campaign ID": 260112164, "Invalid clicks": 1, "Impressions": 291, "Video played to 50%": 0.0, "Account ID": "1033505012", "Conversions": 26.0, "Views": 0, "Engagements": 0, "Avg. CPE": 0.0, "Advertising Sub Channel": "", "Account Name": "[W] G1 - WPL - 360Game", "End date": "", "Video played to 100%": 0.0, "Clicks": 47, "Avg. Cost": 0.129787, "Interaction Types": ["Clicks"], "Video played to 25%": 0.0, "View rate": 0.0, "Video played to 75%": 0.0, "Avg. CPM": 20.962199, "CTR": 16.15, "Campaign state": "enabled", "Unique cookies": "", "Advertising Channel": "Search", "Interaction Rate": 16.15, "Bid Strategy Type": "cpc", "Date": "2017-08-01", "Mapping": false, "Campaign": "Gen-term_FH-WG-Exact-MOR", "Avg. CPV": 0.0, "Cost": 6.1}, {"Start date": "2015-06-08", "Avg. CPC": 0.17, "Interactions": 1, "Avg. position": 1.0, "Campaign serving status": "eligible", "Campaign ID": 260113844, "Invalid clicks": 0, "Impressions": 3, "Video played to 50%": 0.0, "Account ID": "1033505012", "Conversions": 1.0, "Views": 0, "Engagements": 0, "Avg. CPE": 0.0, "Advertising Sub Channel": "", "Account Name": "[W] G1 - WPL - 360Game", "End date": "", "Video played to 100%": 0.0, "Clicks": 1, "Avg. Cost": 0.17, "Interaction Types": ["Clicks"], "Video played to 25%": 0.0, "View rate": 0.0, "Video played to 75%": 0.0, "Avg. CPM": 56.666667, "CTR": 33.33, "Campaign state": "enabled", "Unique cookies": "", "Advertising Channel": "Search", "Interaction Rate": 33.33, "Bid Strategy Type": "cpc", "Date": "2017-08-01", "Mapping": false, "Campaign": "Gen-term_LT-WG-Exact-MOR", "Avg. CPV": 0.0, "Cost": 0.17}, {"Start date": "2015-06-08", "Avg. CPC": 0.144286, "Interactions": 7, "Avg. position": 1.8, "Campaign serving status": "eligible", "Campaign ID": 260114804, "Invalid clicks": 1, "Impressions": 50, "Video played to 50%": 0.0, "Account ID": "1033505012", "Conversions": 2.0, "Views": 0, "Engagements": 0, "Avg. CPE": 0.0, "Advertising Sub Channel": "", "Account Name": "[W] G1 - WPL - 360Game", "End date": "", "Video played to 100%": 0.0, "Clicks": 7, "Avg. Cost": 0.144286, "Interaction Types": ["Clicks"], "Video played to 25%": 0.0, "View rate": 0.0, "Video played to 75%": 0.0, "Avg. CPM": 20.2, "CTR": 14.0, "Campaign state": "enabled", "Unique cookies": "", "Advertising Channel": "Search", "Interaction Rate": 14.0, "Bid Strategy Type": "cpc", "Date": "2017-08-01", "Mapping": false, "Campaign": "Gen-term_MT-WG-Exact-MOR", "Avg. CPV": 0.0, "Cost": 1.01}, {"Start date": "2017-03-31", "Avg. CPC": 0.025533, "Interactions": 7921, "Avg. position": 1.1, "Campaign serving status": "eligible", "Campaign ID": 792716395, "Invalid clicks": 519, "Impressions": 21111, "Video played to 50%": 0.0, "Account ID": "1033505012", "Conversions": 1469.0, "Views": 0, "Engagements": 0, "Avg. CPE": 0.0, "Advertising Sub Channel": "", "Account Name": "[W] G1 - WPL - 360Game", "End date": "", "Video played to 100%": 0.0, "Clicks": 7921, "Avg. Cost": 0.025533, "Interaction Types": ["Clicks"], "Video played to 25%": 0.0, "View rate": 0.0, "Video played to 75%": 0.0, "Avg. CPM": 9.580314, "CTR": 37.52, "Campaign state": "enabled", "Unique cookies": "", "Advertising Channel": "Search", "Interaction Rate": 37.52, "Bid Strategy Type": "cpc", "Date": "2017-08-01", "Mapping": false, "Campaign": "Brand-term_Gunny", "Avg. CPV": 0.0, "Cost": 202.25}, {"Start date": "2017-06-26", "Avg. CPC": 0.065764, "Interactions": 2566, "Avg. position": 1.0, "Campaign serving status": "eligible", "Campaign ID": 868336773, "Invalid clicks": 447, "Impressions": 8827, "Video played to 50%": 0.0, "Account ID": "1033505012", "Conversions": 190.0, "Views": 0, "Engagements": 0, "Avg. CPE": 0.0, "Advertising Sub Channel": "", "Account Name": "[W] G1 - WPL - 360Game", "End date": "", "Video played to 100%": 0.0, "Clicks": 2566, "Avg. Cost": 0.065764, "Interaction Types": ["Clicks"], "Video played to 25%": 0.0, "View rate": 0.0, "Video played to 75%": 0.0, "Avg. CPM": 19.11748, "CTR": 29.07, "Campaign state": "enabled", "Unique cookies": "", "Advertising Channel": "Search", "Interaction Rate": 29.07, "Bid Strategy Type": "cpc", "Date": "2017-08-01", "Mapping": false, "Campaign": "Brand-term_Thoi-loan", "Avg. CPV": 0.0, "Cost": 168.75}, {"Start date": "", "Avg. CPC": 0.049084, "Interactions": 22680, "Avg. position": 1.7, "Campaign serving status": "", "Campaign ID": "", "Invalid clicks": 1586, "Impressions": 102512, "Video played to 50%": 0.0, "Account ID": "1033505012", "Conversions": 3561.0, "Views": 0, "Engagements": 0, "Avg. CPE": 0.0, "Advertising Sub Channel": "", "Account Name": "[W] G1 - WPL - 360Game", "End date": "", "Video played to 100%": 0.0, "Clicks": 22680, "Avg. Cost": 0.049084, "Interaction Types": "", "Video played to 25%": 0.0, "View rate": 0.0, "Video played to 75%": 0.0, "Avg. CPM": 10.859509, "CTR": 22.12, "Campaign state": "Total", "Unique cookies": "", "Advertising Channel": "", "Interaction Rate": 22.12, "Bid Strategy Type": "", "Date": "2017-08-01", "Mapping": false, "Campaign": "", "Avg. CPV": 0.0, "Cost": 1113.23}]