[{"Campaign state": "enabled", "Interaction Types": ["Clicks"], "Campaign serving status": "eligible", "Cost": 9.59, "Interactions": 95, "Avg. CPM": 14.799383, "Bid Strategy Type": "cpc", "Video played to 100%": 0.0, "Avg. CPE": 0.0, "Mapping": false, "Start date": "2015-06-08", "View rate": 0.0, "Account ID": "1033505012", "Avg. CPC": 0.100947, "Conversions": 11.0, "Video played to 75%": 0.0, "Impressions": 648, "Avg. position": 1.8, "Advertising Sub Channel": "", "Campaign ID": 260085404, "Avg. Cost": 0.100947, "Avg. CPV": 0.0, "Campaign": "Gen-term_FH-GO-BMM-MOR", "Interaction Rate": 14.66, "Advertising Channel": "Search", "Video played to 50%": 0.0, "Date": "2017-08-01", "End date": "", "CTR": 14.66, "Video played to 25%": 0.0, "Engagements": 0, "Invalid clicks": 17, "Clicks": 95, "Views": 0, "Unique cookies": ""}, {"Campaign state": "enabled", "Interaction Types": ["Clicks"], "Campaign serving status": "eligible", "Cost": 40.62, "Interactions": 905, "Avg. CPM": 18.272605, "Bid Strategy Type": "cpc", "Video played to 100%": 0.0, "Avg. CPE": 0.0, "Mapping": false, "Start date": "2016-08-04", "View rate": 0.0, "Account ID": "1033505012", "Avg. CPC": 0.044884, "Conversions": 118.0, "Video played to 75%": 0.0, "Impressions": 2223, "Avg. position": 1.0, "Advertising Sub Channel": "", "Campaign ID": 637694601, "Avg. Cost": 0.044884, "Avg. CPV": 0.0, "Campaign": "Brand-term_Vo-Lam-Chi-Mong", "Interaction Rate": 40.71, "Advertising Channel": "Search", "Video played to 50%": 0.0, "Date": "2017-08-01", "End date": "", "CTR": 40.71, "Video played to 25%": 0.0, "Engagements": 0, "Invalid clicks": 36, "Clicks": 905, "Views": 0, "Unique cookies": ""}, {"Campaign state": "enabled", "Interaction Types": ["Clicks"], "Campaign serving status": "eligible", "Cost": 30.23, "Interactions": 272, "Avg. CPM": 17.887574, "Bid Strategy Type": "cpc", "Video played to 100%": 0.0, "Avg. CPE": 0.0, "Mapping": false, "Start date": "2015-06-08", "View rate": 0.0, "Account ID": "1033505012", "Avg. CPC": 0.11114, "Conversions": 47.0, "Video played to 75%": 0.0, "Impressions": 1690, "Avg. position": 1.6, "Advertising Sub Channel": "", "Campaign ID": 260083484, "Avg. Cost": 0.11114, "Avg. CPV": 0.0, "Campaign": "Gen-term_FH-Game-Exact-MOR", "Interaction Rate": 16.09, "Advertising Channel": "Search", "Video played to 50%": 0.0, "Date": "2017-08-01", "End date": "", "CTR": 16.09, "Video played to 25%": 0.0, "Engagements": 0, "Invalid clicks": 14, "Clicks": 272, "Views": 0, "Unique cookies": ""}, {"Campaign state": "enabled", "Interaction Types": ["Clicks"], "Campaign serving status": "eligible", "Cost": 5.83, "Interactions": 107, "Avg. CPM": 15.756757, "Bid Strategy Type": "cpc", "Video played to 100%": 0.0, "Avg. CPE": 0.0, "Mapping": false, "Start date": "2015-06-08", "View rate": 0.0, "Account ID": "1033505012", "Avg. CPC": 0.054486, "Conversions": 28.0, "Video played to 75%": 0.0, "Impressions": 370, "Avg. position": 1.5, "Advertising Sub Channel": "", "Campaign ID": 260083724, "Avg. Cost": 0.054486, "Avg. CPV": 0.0, "Campaign": "Gen-term_MT-Game-BMM-MOR", "Interaction Rate": 28.92, "Advertising Channel": "Search", "Video played to 50%": 0.0, "Date": "2017-08-01", "End date": "", "CTR": 28.92, "Video played to 25%": 0.0, "Engagements": 0, "Invalid clicks": 10, "Clicks": 107, "Views": 0, "Unique cookies": ""}, {"Campaign state": "enabled", "Interaction Types": ["Clicks"], "Campaign serving status": "eligible", "Cost": 0.31, "Interactions": 3, "Avg. CPM": 15.5, "Bid Strategy Type": "cpc", "Video played to 100%": 0.0, "Avg. CPE": 0.0, "Mapping": false, "Start date": "2015-06-08", "View rate": 0.0, "Account ID": "1033505012", "Avg. CPC": 0.103333, "Conversions": 0.0, "Video played to 75%": 0.0, "Impressions": 20, "Avg. position": 1.5, "Advertising Sub Channel": "", "Campaign ID": 260088164, "Avg. Cost": 0.103333, "Avg. CPV": 0.0, "Campaign": "Gen-term_MT-GO-BMM-MOR", "Interaction Rate": 15.0, "Advertising Channel": "Search", "Video played to 50%": 0.0, "Date": "2017-08-01", "End date": "", "CTR": 15.0, "Video played to 25%": 0.0, "Engagements": 0, "Invalid clicks": 1, "Clicks": 3, "Views": 0, "Unique cookies": ""}, {"Campaign state": "enabled", "Interaction Types": ["Clicks"], "Campaign serving status": "eligible", "Cost": 1.39, "Interactions": 117, "Avg. CPM": 7.277487, "Bid Strategy Type": "cpc", "Video played to 100%": 0.0, "Avg. CPE": 0.0, "Mapping": false, "Start date": "2016-08-12", "View rate": 0.0, "Account ID": "1033505012", "Avg. CPC": 0.01188, "Conversions": 24.0, "Video played to 75%": 0.0, "Impressions": 191, "Avg. position": 1.0, "Advertising Sub Channel": "", "Campaign ID": 642570944, "Avg. Cost": 0.01188, "Avg. CPV": 0.0, "Campaign": "Brand-term_TTTD-ex", "Interaction Rate": 61.26, "Advertising Channel": "Search", "Video played to 50%": 0.0, "Date": "2017-08-01", "End date": "", "CTR": 61.26, "Video played to 25%": 0.0, "Engagements": 0, "Invalid clicks": 5, "Clicks": 117, "Views": 0, "Unique cookies": ""}, {"Campaign state": "enabled", "Interaction Types": ["Clicks"], "Campaign serving status": "eligible", "Cost": 2.64, "Interactions": 18, "Avg. CPM": 33.0, "Bid Strategy Type": "cpc", "Video played to 100%": 0.0, "Avg. CPE": 0.0, "Mapping": false, "Start date": "2015-06-08", "View rate": 0.0, "Account ID": "1033505012", "Avg. CPC": 0.146667, "Conversions": 7.0, "Video played to 75%": 0.0, "Impressions": 80, "Avg. position": 1.8, "Advertising Sub Channel": "", "Campaign ID": 260086724, "Avg. Cost": 0.146667, "Avg. CPV": 0.0, "Campaign": "Gen-term_MT-Game-Phrase-MOR", "Interaction Rate": 22.5, "Advertising Channel": "Search", "Video played to 50%": 0.0, "Date": "2017-08-01", "End date": "", "CTR": 22.5, "Video played to 25%": 0.0, "Engagements": 0, "Invalid clicks": 0, "Clicks": 18, "Views": 0, "Unique cookies": ""}, {"Campaign state": "enabled", "Interaction Types": ["Clicks"], "Campaign serving status": "eligible", "Cost": 0.2, "Interactions": 1, "Avg. CPM": 200.0, "Bid Strategy Type": "cpc", "Video played to 100%": 0.0, "Avg. CPE": 0.0, "Mapping": false, "Start date": "2015-06-08", "View rate": 0.0, "Account ID": "1033505012", "Avg. CPC": 0.2, "Conversions": 0.0, "Video played to 75%": 0.0, "Impressions": 1, "Avg. position": 1.0, "Advertising Sub Channel": "", "Campaign ID": 260101364, "Avg. Cost": 0.2, "Avg. CPV": 0.0, "Campaign": "Gen-term_FH-PCG-Exact-MOR", "Interaction Rate": 100.0, "Advertising Channel": "Search", "Video played to 50%": 0.0, "Date": "2017-08-01", "End date": "", "CTR": 100.0, "Video played to 25%": 0.0, "Engagements": 0, "Invalid clicks": 0, "Clicks": 1, "Views": 0, "Unique cookies": ""}, {"Campaign state": "enabled", "Interaction Types": ["Clicks"], "Campaign serving status": "eligible", "Cost": 2.17, "Interactions": 11, "Avg. CPM": 51.666667, "Bid Strategy Type": "cpc", "Video played to 100%": 0.0, "Avg. CPE": 0.0, "Mapping": false, "Start date": "2015-06-08", "View rate": 0.0, "Account ID": "1033505012", "Avg. CPC": 0.197273, "Conversions": 1.0, "Video played to 75%": 0.0, "Impressions": 42, "Avg. position": 1.2, "Advertising Sub Channel": "", "Campaign ID": 260101724, "Avg. Cost": 0.197273, "Avg. CPV": 0.0, "Campaign": "Gen-term_FH-PCG-BMM-MOR", "Interaction Rate": 26.19, "Advertising Channel": "Search", "Video played to 50%": 0.0, "Date": "2017-08-01", "End date": "", "CTR": 26.19, "Video played to 25%": 0.0, "Engagements": 0, "Invalid clicks": 0, "Clicks": 11, "Views": 0, "Unique cookies": ""}, {"Campaign state": "enabled", "Interaction Types": ["Clicks"], "Campaign serving status": "eligible", "Cost": 0.32, "Interactions": 2, "Avg. CPM": 26.666667, "Bid Strategy Type": "cpc", "Video played to 100%": 0.0, "Avg. CPE": 0.0, "Mapping": false, "Start date": "2015-06-08", "View rate": 0.0, "Account ID": "1033505012", "Avg. CPC": 0.16, "Conversions": 1.0, "Video played to 75%": 0.0, "Impressions": 12, "Avg. position": 1.3, "Advertising Sub Channel": "", "Campaign ID": 260112404, "Avg. Cost": 0.16, "Avg. CPV": 0.0, "Campaign": "Gen-term_MT-WG-BMM-MOR", "Interaction Rate": 16.67, "Advertising Channel": "Search", "Video played to 50%": 0.0, "Date": "2017-08-01", "End date": "", "CTR": 16.67, "Video played to 25%": 0.0, "Engagements": 0, "Invalid clicks": 0, "Clicks": 2, "Views": 0, "Unique cookies": ""}, {"Campaign state": "enabled", "Interaction Types": ["Clicks"], "Campaign serving status": "eligible", "Cost": 2.86, "Interactions": 60, "Avg. CPM": 12.067511, "Bid Strategy Type": "cpc", "Video played to 100%": 0.0, "Avg. CPE": 0.0, "Mapping": false, "Start date": "2016-08-04", "View rate": 0.0, "Account ID": "1033505012", "Avg. CPC": 0.047667, "Conversions": 13.0, "Video played to 75%": 0.0, "Impressions": 237, "Avg. position": 1.0, "Advertising Sub Channel": "", "Campaign ID": 637694772, "Avg. Cost": 0.047667, "Avg. CPV": 0.0, "Campaign": "Brand-term_Phong-Van", "Interaction Rate": 25.32, "Advertising Channel": "Search", "Video played to 50%": 0.0, "Date": "2017-08-01", "End date": "", "CTR": 25.32, "Video played to 25%": 0.0, "Engagements": 0, "Invalid clicks": 2, "Clicks": 60, "Views": 0, "Unique cookies": ""}, {"Campaign state": "enabled", "Interaction Types": ["Clicks"], "Campaign serving status": "eligible", "Cost": 2.36, "Interactions": 64, "Avg. CPM": 16.054422, "Bid Strategy Type": "cpc", "Video played to 100%": 0.0, "Avg. CPE": 0.0, "Mapping": false, "Start date": "2017-05-05", "View rate": 0.0, "Account ID": "1033505012", "Avg. CPC": 0.036875, "Conversions": 10.0, "Video played to 75%": 0.0, "Impressions": 147, "Avg. position": 1.1, "Advertising Sub Channel": "", "Campaign ID": 819387541, "Avg. Cost": 0.036875, "Avg. CPV": 0.0, "Campaign": "Brand-term_Thanh-Van-Chi", "Interaction Rate": 43.54, "Advertising Channel": "Search", "Video played to 50%": 0.0, "Date": "2017-08-01", "End date": "", "CTR": 43.54, "Video played to 25%": 0.0, "Engagements": 0, "Invalid clicks": 4, "Clicks": 64, "Views": 0, "Unique cookies": ""}, {"Campaign state": "enabled", "Interaction Types": ["Clicks"], "Campaign serving status": "eligible", "Cost": 108.78, "Interactions": 1015, "Avg. CPM": 17.055503, "Bid Strategy Type": "cpc", "Video played to 100%": 0.0, "Avg. CPE": 0.0, "Mapping": false, "Start date": "2015-06-08", "View rate": 0.0, "Account ID": "1033505012", "Avg. CPC": 0.107172, "Conversions": 138.0, "Video played to 75%": 0.0, "Impressions": 6378, "Avg. position": 1.6, "Advertising Sub Channel": "", "Campaign ID": 260084204, "Avg. Cost": 0.107172, "Avg. CPV": 0.0, "Campaign": "Gen-term_FH-Game-BM-MOR", "Interaction Rate": 15.91, "Advertising Channel": "Search", "Video played to 50%": 0.0, "Date": "2017-08-01", "End date": "", "CTR": 15.91, "Video played to 25%": 0.0, "Engagements": 0, "Invalid clicks": 80, "Clicks": 1015, "Views": 0, "Unique cookies": ""}, {"Campaign state": "enabled", "Interaction Types": ["Clicks"], "Campaign serving status": "eligible", "Cost": 1.33, "Interactions": 12, "Avg. CPM": 14.456522, "Bid Strategy Type": "cpc", "Video played to 100%": 0.0, "Avg. CPE": 0.0, "Mapping": false, "Start date": "2015-06-08", "View rate": 0.0, "Account ID": "1033505012", "Avg. CPC": 0.110833, "Conversions": 4.0, "Video played to 75%": 0.0, "Impressions": 92, "Avg. position": 1.6, "Advertising Sub Channel": "", "Campaign ID": 260085644, "Avg. Cost": 0.110833, "Avg. CPV": 0.0, "Campaign": "Gen-term_FH-GO-Phrase-MOR", "Interaction Rate": 13.04, "Advertising Channel": "Search", "Video played to 50%": 0.0, "Date": "2017-08-01", "End date": "", "CTR": 13.04, "Video played to 25%": 0.0, "Engagements": 0, "Invalid clicks": 1, "Clicks": 12, "Views": 0, "Unique cookies": ""}, {"Campaign state": "enabled", "Interaction Types": ["Clicks"], "Campaign serving status": "eligible", "Cost": 1.94, "Interactions": 10, "Avg. CPM": 23.095238, "Bid Strategy Type": "cpc", "Video played to 100%": 0.0, "Avg. CPE": 0.0, "Mapping": false, "Start date": "2015-06-08", "View rate": 0.0, "Account ID": "1033505012", "Avg. CPC": 0.194, "Conversions": 3.0, "Video played to 75%": 0.0, "Impressions": 84, "Avg. position": 1.8, "Advertising Sub Channel": "", "Campaign ID": 260089124, "Avg. Cost": 0.194, "Avg. CPV": 0.0, "Campaign": "Gen-term_FH-GTT-Exact-MOR", "Interaction Rate": 11.9, "Advertising Channel": "Search", "Video played to 50%": 0.0, "Date": "2017-08-01", "End date": "", "CTR": 11.9, "Video played to 25%": 0.0, "Engagements": 0, "Invalid clicks": 0, "Clicks": 10, "Views": 0, "Unique cookies": ""}, {"Campaign state": "enabled", "Interaction Types": ["Clicks"], "Campaign serving status": "eligible", "Cost": 0.26, "Interactions": 3, "Avg. CPM": 28.888889, "Bid Strategy Type": "cpc", "Video played to 100%": 0.0, "Avg. CPE": 0.0, "Mapping": false, "Start date": "2015-06-08", "View rate": 0.0, "Account ID": "1033505012", "Avg. CPC": 0.086667, "Conversions": 1.0, "Video played to 75%": 0.0, "Impressions": 9, "Avg. position": 1.1, "Advertising Sub Channel": "", "Campaign ID": 260099204, "Avg. Cost": 0.086667, "Avg. CPV": 0.0, "Campaign": "Gen-term_FH-PCG-BM-MOR", "Interaction Rate": 33.33, "Advertising Channel": "Search", "Video played to 50%": 0.0, "Date": "2017-08-01", "End date": "", "CTR": 33.33, "Video played to 25%": 0.0, "Engagements": 0, "Invalid clicks": 0, "Clicks": 3, "Views": 0, "Unique cookies": ""}, {"Campaign state": "enabled", "Interaction Types": ["Clicks"], "Campaign serving status": "eligible", "Cost": 9.98, "Interactions": 85, "Avg. CPM": 26.613333, "Bid Strategy Type": "cpc", "Video played to 100%": 0.0, "Avg. CPE": 0.0, "Mapping": false, "Start date": "2015-06-08", "View rate": 0.0, "Account ID": "1033505012", "Avg. CPC": 0.117412, "Conversions": 27.0, "Video played to 75%": 0.0, "Impressions": 375, "Avg. position": 1.6, "Advertising Sub Channel": "", "Campaign ID": 260084684, "Avg. Cost": 0.117412, "Avg. CPV": 0.0, "Campaign": "Gen-term_FH-Game-BMM-MOR", "Interaction Rate": 22.67, "Advertising Channel": "Search", "Video played to 50%": 0.0, "Date": "2017-08-01", "End date": "", "CTR": 22.67, "Video played to 25%": 0.0, "Engagements": 0, "Invalid clicks": 7, "Clicks": 85, "Views": 0, "Unique cookies": ""}, {"Campaign state": "enabled", "Interaction Types": ["Clicks"], "Campaign serving status": "eligible", "Cost": 0.05, "Interactions": 1, "Avg. CPM": 6.25, "Bid Strategy Type": "cpc", "Video played to 100%": 0.0, "Avg. CPE": 0.0, "Mapping": false, "Start date": "2015-06-08", "View rate": 0.0, "Account ID": "1033505012", "Avg. CPC": 0.05, "Conversions": 0.0, "Video played to 75%": 0.0, "Impressions": 8, "Avg. position": 4.0, "Advertising Sub Channel": "", "Campaign ID": 260089844, "Avg. Cost": 0.05, "Avg. CPV": 0.0, "Campaign": "Gen-term_FH-GTT-BM-MOR", "Interaction Rate": 12.5, "Advertising Channel": "Search", "Video played to 50%": 0.0, "Date": "2017-08-01", "End date": "", "CTR": 12.5, "Video played to 25%": 0.0, "Engagements": 0, "Invalid clicks": 0, "Clicks": 1, "Views": 0, "Unique cookies": ""}, {"Campaign state": "enabled", "Interaction Types": ["Clicks"], "Campaign serving status": "eligible", "Cost": 3.79, "Interactions": 105, "Avg. CPM": 10.586592, "Bid Strategy Type": "cpc", "Video played to 100%": 0.0, "Avg. CPE": 0.0, "Mapping": false, "Start date": "2016-08-04", "View rate": 0.0, "Account ID": "1033505012", "Avg. CPC": 0.036095, "Conversions": 17.0, "Video played to 75%": 0.0, "Impressions": 358, "Avg. position": 1.0, "Advertising Sub Channel": "", "Campaign ID": 637694769, "Avg. Cost": 0.036095, "Avg. CPV": 0.0, "Campaign": "Brand-term_Thien-Long-Bat-Bo", "Interaction Rate": 29.33, "Advertising Channel": "Search", "Video played to 50%": 0.0, "Date": "2017-08-01", "End date": "", "CTR": 29.33, "Video played to 25%": 0.0, "Engagements": 0, "Invalid clicks": 8, "Clicks": 105, "Views": 0, "Unique cookies": ""}, {"Campaign state": "enabled", "Interaction Types": ["Clicks"], "Campaign serving status": "eligible", "Cost": 1.16, "Interactions": 55, "Avg. CPM": 10.45045, "Bid Strategy Type": "cpc", "Video played to 100%": 0.0, "Avg. CPE": 0.0, "Mapping": false, "Start date": "2017-06-26", "View rate": 0.0, "Account ID": "1033505012", "Avg. CPC": 0.021091, "Conversions": 4.0, "Video played to 75%": 0.0, "Impressions": 111, "Avg. position": 1.0, "Advertising Sub Channel": "", "Campaign ID": 867418735, "Avg. Cost": 0.021091, "Avg. CPV": 0.0, "Campaign": "Brand-term_Hiep-Khach-Hanh", "Interaction Rate": 49.55, "Advertising Channel": "Search", "Video played to 50%": 0.0, "Date": "2017-08-01", "End date": "", "CTR": 49.55, "Video played to 25%": 0.0, "Engagements": 0, "Invalid clicks": 4, "Clicks": 55, "Views": 0, "Unique cookies": ""}, {"Campaign state": "enabled", "Interaction Types": ["Clicks"], "Campaign serving status": "eligible", "Cost": 13.96, "Interactions": 83, "Avg. CPM": 31.230425, "Bid Strategy Type": "cpc", "Video played to 100%": 0.0, "Avg. CPE": 0.0, "Mapping": false, "Start date": "2015-06-08", "View rate": 0.0, "Account ID": "1033505012", "Avg. CPC": 0.168193, "Conversions": 27.0, "Video played to 75%": 0.0, "Impressions": 447, "Avg. position": 1.5, "Advertising Sub Channel": "", "Campaign ID": 260086124, "Avg. Cost": 0.168193, "Avg. CPV": 0.0, "Campaign": "Gen-term_MT-Game-Exact-MOR", "Interaction Rate": 18.57, "Advertising Channel": "Search", "Video played to 50%": 0.0, "Date": "2017-08-01", "End date": "", "CTR": 18.57, "Video played to 25%": 0.0, "Engagements": 0, "Invalid clicks": 6, "Clicks": 83, "Views": 0, "Unique cookies": ""}, {"Campaign state": "enabled", "Interaction Types": ["Clicks"], "Campaign serving status": "eligible", "Cost": 0.65, "Interactions": 8, "Avg. CPM": 11.206897, "Bid Strategy Type": "cpc", "Video played to 100%": 0.0, "Avg. CPE": 0.0, "Mapping": false, "Start date": "2017-07-10", "View rate": 0.0, "Account ID": "1033505012", "Avg. CPC": 0.08125, "Conversions": 1.0, "Video played to 75%": 0.0, "Impressions": 58, "Avg. position": 2.3, "Advertising Sub Channel": "", "Campaign ID": 877338628, "Avg. Cost": 0.08125, "Avg. CPV": 0.0, "Campaign": "Brand-term_Chinh-do", "Interaction Rate": 13.79, "Advertising Channel": "Search", "Video played to 50%": 0.0, "Date": "2017-08-01", "End date": "", "CTR": 13.79, "Video played to 25%": 0.0, "Engagements": 0, "Invalid clicks": 0, "Clicks": 8, "Views": 0, "Unique cookies": ""}, {"Campaign state": "enabled", "Interaction Types": ["Clicks"], "Campaign serving status": "eligible", "Cost": 9.36, "Interactions": 313, "Avg. CPM": 8.246696, "Bid Strategy Type": "cpc", "Video played to 100%": 0.0, "Avg. CPE": 0.0, "Mapping": false, "Start date": "2017-07-11", "View rate": 0.0, "Account ID": "1033505012", "Avg. CPC": 0.029904, "Conversions": 52.0, "Video played to 75%": 0.0, "Impressions": 1135, "Avg. position": 1.0, "Advertising Sub Channel": "", "Campaign ID": 879391568, "Avg. Cost": 0.029904, "Avg. CPV": 0.0, "Campaign": "Brand-term_Ngoa-Long", "Interaction Rate": 27.58, "Advertising Channel": "Search", "Video played to 50%": 0.0, "Date": "2017-08-01", "End date": "", "CTR": 27.58, "Video played to 25%": 0.0, "Engagements": 0, "Invalid clicks": 8, "Clicks": 313, "Views": 0, "Unique cookies": ""}, {"Campaign state": "enabled", "Interaction Types": ["Clicks"], "Campaign serving status": "eligible", "Cost": 7.64, "Interactions": 142, "Avg. CPM": 13.082192, "Bid Strategy Type": "cpc", "Video played to 100%": 0.0, "Avg. CPE": 0.0, "Mapping": false, "Start date": "2016-08-04", "View rate": 0.0, "Account ID": "1033505012", "Avg. CPC": 0.053803, "Conversions": 19.0, "Video played to 75%": 0.0, "Impressions": 584, "Avg. position": 1.3, "Advertising Sub Channel": "", "Campaign ID": 637556576, "Avg. Cost": 0.053803, "Avg. CPV": 0.0, "Campaign": "Brand-term_Kiem-Vu", "Interaction Rate": 24.32, "Advertising Channel": "Search", "Video played to 50%": 0.0, "Date": "2017-08-01", "End date": "", "CTR": 24.32, "Video played to 25%": 0.0, "Engagements": 0, "Invalid clicks": 5, "Clicks": 142, "Views": 0, "Unique cookies": ""}, {"Campaign state": "enabled", "Interaction Types": ["Clicks"], "Campaign serving status": "eligible", "Cost": 251.09, "Interactions": 6297, "Avg. CPM": 5.674222, "Bid Strategy Type": "cpc", "Video played to 100%": 0.0, "Avg. CPE": 0.0, "Mapping": false, "Start date": "2016-08-18", "View rate": 0.0, "Account ID": "1033505012", "Avg. CPC": 0.039875, "Conversions": 909.0, "Video played to 75%": 0.0, "Impressions": 44251, "Avg. position": 2.4, "Advertising Sub Channel": "", "Campaign ID": 645195815, "Avg. Cost": 0.039875, "Avg. CPV": 0.0, "Campaign": "Brand-term_360Game", "Interaction Rate": 14.23, "Advertising Channel": "Search", "Video played to 50%": 0.0, "Date": "2017-08-01", "End date": "", "CTR": 14.23, "Video played to 25%": 0.0, "Engagements": 0, "Invalid clicks": 257, "Clicks": 6297, "Views": 0, "Unique cookies": ""}, {"Campaign state": "enabled", "Interaction Types": ["Clicks"], "Campaign serving status": "eligible", "Cost": 21.37, "Interactions": 290, "Avg. CPM": 16.36294, "Bid Strategy Type": "cpc", "Video played to 100%": 0.0, "Avg. CPE": 0.0, "Mapping": false, "Start date": "2016-08-30", "View rate": 0.0, "Account ID": "1033505012", "Avg. CPC": 0.07369, "Conversions": 53.0, "Video played to 75%": 0.0, "Impressions": 1306, "Avg. position": 1.1, "Advertising Sub Channel": "", "Campaign ID": 651551927, "Avg. Cost": 0.07369, "Avg. CPV": 0.0, "Campaign": "Brand-term_MUdts", "Interaction Rate": 22.21, "Advertising Channel": "Search", "Video played to 50%": 0.0, "Date": "2017-08-01", "End date": "", "CTR": 22.21, "Video played to 25%": 0.0, "Engagements": 0, "Invalid clicks": 12, "Clicks": 290, "Views": 0, "Unique cookies": ""}, {"Campaign state": "enabled", "Interaction Types": ["Clicks"], "Campaign serving status": "eligible", "Cost": 28.14, "Interactions": 211, "Avg. CPM": 26.422535, "Bid Strategy Type": "cpc", "Video played to 100%": 0.0, "Avg. CPE": 0.0, "Mapping": false, "Start date": "2015-06-08", "View rate": 0.0, "Account ID": "1033505012", "Avg. CPC": 0.133365, "Conversions": 66.0, "Video played to 75%": 0.0, "Impressions": 1065, "Avg. position": 1.1, "Advertising Sub Channel": "", "Campaign ID": 260085044, "Avg. Cost": 0.133365, "Avg. CPV": 0.0, "Campaign": "Gen-term_FH-GO-Exact-MOR", "Interaction Rate": 19.81, "Advertising Channel": "Search", "Video played to 50%": 0.0, "Date": "2017-08-01", "End date": "", "CTR": 19.81, "Video played to 25%": 0.0, "Engagements": 0, "Invalid clicks": 7, "Clicks": 211, "Views": 0, "Unique cookies": ""}, {"Campaign state": "enabled", "Interaction Types": ["Clicks"], "Campaign serving status": "eligible", "Cost": 0.38, "Interactions": 4, "Avg. CPM": 14.615385, "Bid Strategy Type": "cpc", "Video played to 100%": 0.0, "Avg. CPE": 0.0, "Mapping": false, "Start date": "2015-06-08", "View rate": 0.0, "Account ID": "1033505012", "Avg. CPC": 0.095, "Conversions": 1.0, "Video played to 75%": 0.0, "Impressions": 26, "Avg. position": 1.4, "Advertising Sub Channel": "", "Campaign ID": 260112764, "Avg. Cost": 0.095, "Avg. CPV": 0.0, "Campaign": "Gen-term_FH-WG-Phrase-MOR", "Interaction Rate": 15.38, "Advertising Channel": "Search", "Video played to 50%": 0.0, "Date": "2017-08-01", "End date": "", "CTR": 15.38, "Video played to 25%": 0.0, "Engagements": 0, "Invalid clicks": 0, "Clicks": 4, "Views": 0, "Unique cookies": ""}, {"Campaign state": "enabled", "Interaction Types": ["Clicks"], "Campaign serving status": "eligible", "Cost": 137.77, "Interactions": 1554, "Avg. CPM": 16.147445, "Bid Strategy Type": "cpc", "Video played to 100%": 0.0, "Avg. CPE": 0.0, "Mapping": false, "Start date": "2015-06-08", "View rate": 0.0, "Account ID": "1033505012", "Avg. CPC": 0.088655, "Conversions": 228.0, "Video played to 75%": 0.0, "Impressions": 8532, "Avg. position": 1.4, "Advertising Sub Channel": "", "Campaign ID": 260112884, "Avg. Cost": 0.088655, "Avg. CPV": 0.0, "Campaign": "Gen-term_FH-WG-BM-MOR", "Interaction Rate": 18.21, "Advertising Channel": "Search", "Video played to 50%": 0.0, "Date": "2017-08-01", "End date": "", "CTR": 18.21, "Video played to 25%": 0.0, "Engagements": 0, "Invalid clicks": 127, "Clicks": 1554, "Views": 0, "Unique cookies": ""}, {"Campaign state": "enabled", "Interaction Types": ["Clicks"], "Campaign serving status": "eligible", "Cost": 20.21, "Interactions": 134, "Avg. CPM": 27.837466, "Bid Strategy Type": "cpc", "Video played to 100%": 0.0, "Avg. CPE": 0.0, "Mapping": false, "Start date": "2015-06-08", "View rate": 0.0, "Account ID": "1033505012", "Avg. CPC": 0.150821, "Conversions": 31.0, "Video played to 75%": 0.0, "Impressions": 726, "Avg. position": 1.4, "Advertising Sub Channel": "", "Campaign ID": 260113484, "Avg. Cost": 0.150821, "Avg. CPV": 0.0, "Campaign": "Gen-term_FH-WG-BMM-MOR", "Interaction Rate": 18.46, "Advertising Channel": "Search", "Video played to 50%": 0.0, "Date": "2017-08-01", "End date": "", "CTR": 18.46, "Video played to 25%": 0.0, "Engagements": 0, "Invalid clicks": 1, "Clicks": 134, "Views": 0, "Unique cookies": ""}, {"Campaign state": "enabled", "Interaction Types": ["Clicks"], "Campaign serving status": "eligible", "Cost": 18.57, "Interactions": 161, "Avg. CPM": 18.98773, "Bid Strategy Type": "cpc", "Video played to 100%": 0.0, "Avg. CPE": 0.0, "Mapping": false, "Start date": "2015-06-08", "View rate": 0.0, "Account ID": "1033505012", "Avg. CPC": 0.115342, "Conversions": 32.0, "Video played to 75%": 0.0, "Impressions": 978, "Avg. position": 1.6, "Advertising Sub Channel": "", "Campaign ID": 260084084, "Avg. Cost": 0.115342, "Avg. CPV": 0.0, "Campaign": "Gen-term_FH-Game-Phrase-MOR", "Interaction Rate": 16.46, "Advertising Channel": "Search", "Video played to 50%": 0.0, "Date": "2017-08-01", "End date": "", "CTR": 16.46, "Video played to 25%": 0.0, "Engagements": 0, "Invalid clicks": 6, "Clicks": 161, "Views": 0, "Unique cookies": ""}, {"Campaign state": "enabled", "Interaction Types": ["Clicks"], "Campaign serving status": "eligible", "Cost": 6.1, "Interactions": 47, "Avg. CPM": 20.962199, "Bid Strategy Type": "cpc", "Video played to 100%": 0.0, "Avg. CPE": 0.0, "Mapping": false, "Start date": "2015-06-08", "View rate": 0.0, "Account ID": "1033505012", "Avg. CPC": 0.129787, "Conversions": 26.0, "Video played to 75%": 0.0, "Impressions": 291, "Avg. position": 1.1, "Advertising Sub Channel": "", "Campaign ID": 260112164, "Avg. Cost": 0.129787, "Avg. CPV": 0.0, "Campaign": "Gen-term_FH-WG-Exact-MOR", "Interaction Rate": 16.15, "Advertising Channel": "Search", "Video played to 50%": 0.0, "Date": "2017-08-01", "End date": "", "CTR": 16.15, "Video played to 25%": 0.0, "Engagements": 0, "Invalid clicks": 1, "Clicks": 47, "Views": 0, "Unique cookies": ""}, {"Campaign state": "enabled", "Interaction Types": ["Clicks"], "Campaign serving status": "eligible", "Cost": 0.17, "Interactions": 1, "Avg. CPM": 56.666667, "Bid Strategy Type": "cpc", "Video played to 100%": 0.0, "Avg. CPE": 0.0, "Mapping": false, "Start date": "2015-06-08", "View rate": 0.0, "Account ID": "1033505012", "Avg. CPC": 0.17, "Conversions": 1.0, "Video played to 75%": 0.0, "Impressions": 3, "Avg. position": 1.0, "Advertising Sub Channel": "", "Campaign ID": 260113844, "Avg. Cost": 0.17, "Avg. CPV": 0.0, "Campaign": "Gen-term_LT-WG-Exact-MOR", "Interaction Rate": 33.33, "Advertising Channel": "Search", "Video played to 50%": 0.0, "Date": "2017-08-01", "End date": "", "CTR": 33.33, "Video played to 25%": 0.0, "Engagements": 0, "Invalid clicks": 0, "Clicks": 1, "Views": 0, "Unique cookies": ""}, {"Campaign state": "enabled", "Interaction Types": ["Clicks"], "Campaign serving status": "eligible", "Cost": 1.01, "Interactions": 7, "Avg. CPM": 20.2, "Bid Strategy Type": "cpc", "Video played to 100%": 0.0, "Avg. CPE": 0.0, "Mapping": false, "Start date": "2015-06-08", "View rate": 0.0, "Account ID": "1033505012", "Avg. CPC": 0.144286, "Conversions": 2.0, "Video played to 75%": 0.0, "Impressions": 50, "Avg. position": 1.8, "Advertising Sub Channel": "", "Campaign ID": 260114804, "Avg. Cost": 0.144286, "Avg. CPV": 0.0, "Campaign": "Gen-term_MT-WG-Exact-MOR", "Interaction Rate": 14.0, "Advertising Channel": "Search", "Video played to 50%": 0.0, "Date": "2017-08-01", "End date": "", "CTR": 14.0, "Video played to 25%": 0.0, "Engagements": 0, "Invalid clicks": 1, "Clicks": 7, "Views": 0, "Unique cookies": ""}, {"Campaign state": "enabled", "Interaction Types": ["Clicks"], "Campaign serving status": "eligible", "Cost": 202.25, "Interactions": 7921, "Avg. CPM": 9.580314, "Bid Strategy Type": "cpc", "Video played to 100%": 0.0, "Avg. CPE": 0.0, "Mapping": false, "Start date": "2017-03-31", "View rate": 0.0, "Account ID": "1033505012", "Avg. CPC": 0.025533, "Conversions": 1469.0, "Video played to 75%": 0.0, "Impressions": 21111, "Avg. position": 1.1, "Advertising Sub Channel": "", "Campaign ID": 792716395, "Avg. Cost": 0.025533, "Avg. CPV": 0.0, "Campaign": "Brand-term_Gunny", "Interaction Rate": 37.52, "Advertising Channel": "Search", "Video played to 50%": 0.0, "Date": "2017-08-01", "End date": "", "CTR": 37.52, "Video played to 25%": 0.0, "Engagements": 0, "Invalid clicks": 519, "Clicks": 7921, "Views": 0, "Unique cookies": ""}, {"Campaign state": "enabled", "Interaction Types": ["Clicks"], "Campaign serving status": "eligible", "Cost": 168.75, "Interactions": 2566, "Avg. CPM": 19.11748, "Bid Strategy Type": "cpc", "Video played to 100%": 0.0, "Avg. CPE": 0.0, "Mapping": false, "Start date": "2017-06-26", "View rate": 0.0, "Account ID": "1033505012", "Avg. CPC": 0.065764, "Conversions": 190.0, "Video played to 75%": 0.0, "Impressions": 8827, "Avg. position": 1.0, "Advertising Sub Channel": "", "Campaign ID": 868336773, "Avg. Cost": 0.065764, "Avg. CPV": 0.0, "Campaign": "Brand-term_Thoi-loan", "Interaction Rate": 29.07, "Advertising Channel": "Search", "Video played to 50%": 0.0, "Date": "2017-08-01", "End date": "", "CTR": 29.07, "Video played to 25%": 0.0, "Engagements": 0, "Invalid clicks": 447, "Clicks": 2566, "Views": 0, "Unique cookies": ""}, {"Campaign state": "Total", "Interaction Types": "", "Campaign serving status": "", "Cost": 1113.23, "Interactions": 22680, "Avg. CPM": 10.859509, "Bid Strategy Type": "", "Video played to 100%": 0.0, "Avg. CPE": 0.0, "Mapping": false, "Start date": "", "View rate": 0.0, "Account ID": "1033505012", "Avg. CPC": 0.049084, "Conversions": 3561.0, "Video played to 75%": 0.0, "Impressions": 102512, "Avg. position": 1.7, "Advertising Sub Channel": "", "Campaign ID": "", "Avg. Cost": 0.049084, "Avg. CPV": 0.0, "Campaign": "", "Interaction Rate": 22.12, "Advertising Channel": "", "Video played to 50%": 0.0, "Date": "2017-08-01", "End date": "", "CTR": 22.12, "Video played to 25%": 0.0, "Engagements": 0, "Invalid clicks": 1586, "Clicks": 22680, "Views": 0, "Unique cookies": ""}]