[{"Campaign state": "paused", "Interaction Types": ["Clicks"], "Campaign serving status": "eligible", "Cost": 2.3, "Interactions": 25, "Avg. CPM": 9.274194, "Bid Strategy Type": "cpc", "Video played to 100%": 0.0, "Avg. CPE": 0.0, "Mapping": false, "Start date": "2017-07-24", "View rate": 0.0, "Account ID": "2789627019", "Avg. CPC": 0.092, "Conversions": 9.0, "Video played to 75%": 0.0, "Impressions": 248, "Avg. position": 3.5, "Advertising Sub Channel": "", "Campaign ID": 892452458, "Avg. Cost": 0.092, "Avg. CPV": 0.0, "Campaign": "Gen-term_BM_WG_LP", "Interaction Rate": 10.08, "Advertising Channel": "Search", "Video played to 50%": 0.0, "Date": "2017-08-02", "End date": "", "CTR": 10.08, "Video played to 25%": 0.0, "Engagements": 0, "Invalid clicks": 0, "Clicks": 25, "Views": 0, "Unique cookies": ""}, {"Campaign state": "paused", "Interaction Types": ["Clicks"], "Campaign serving status": "eligible", "Cost": 4.66, "Interactions": 73, "Avg. CPM": 2.139578, "Bid Strategy Type": "cpc", "Video played to 100%": 0.0, "Avg. CPE": 0.0, "Mapping": false, "Start date": "2017-07-24", "View rate": 0.0, "Account ID": "2789627019", "Avg. CPC": 0.063836, "Conversions": 3.0, "Video played to 75%": 0.0, "Impressions": 2178, "Avg. position": 3.3, "Advertising Sub Channel": "", "Campaign ID": 892452473, "Avg. Cost": 0.063836, "Avg. CPV": 0.0, "Campaign": "Gen-term_BM_Other_LP", "Interaction Rate": 3.35, "Advertising Channel": "Search", "Video played to 50%": 0.0, "Date": "2017-08-02", "End date": "", "CTR": 3.35, "Video played to 25%": 0.0, "Engagements": 0, "Invalid clicks": 1, "Clicks": 73, "Views": 0, "Unique cookies": ""}, {"Campaign state": "enabled", "Interaction Types": ["Clicks"], "Campaign serving status": "eligible", "Cost": 1.74, "Interactions": 83, "Avg. CPM": 14.621849, "Bid Strategy Type": "cpc", "Video played to 100%": 0.0, "Avg. CPE": 0.0, "Mapping": false, "Start date": "2017-07-24", "View rate": 0.0, "Account ID": "2789627019", "Avg. CPC": 0.020964, "Conversions": 5.0, "Video played to 75%": 0.0, "Impressions": 119, "Avg. position": 1.0, "Advertising Sub Channel": "", "Campaign ID": 892452701, "Avg. Cost": 0.020964, "Avg. CPV": 0.0, "Campaign": "Brand-term_BM_hctq", "Interaction Rate": 69.75, "Advertising Channel": "Search", "Video played to 50%": 0.0, "Date": "2017-08-02", "End date": "", "CTR": 69.75, "Video played to 25%": 0.0, "Engagements": 0, "Invalid clicks": 0, "Clicks": 83, "Views": 0, "Unique cookies": ""}, {"Campaign state": "enabled", "Interaction Types": ["Clicks"], "Campaign serving status": "eligible", "Cost": 19.58, "Interactions": 954, "Avg. CPM": 13.176312, "Bid Strategy Type": "cpc", "Video played to 100%": 0.0, "Avg. CPE": 0.0, "Mapping": false, "Start date": "2017-07-24", "View rate": 0.0, "Account ID": "2789627019", "Avg. CPC": 0.020524, "Conversions": 114.0, "Video played to 75%": 0.0, "Impressions": 1486, "Avg. position": 1.0, "Advertising Sub Channel": "", "Campaign ID": 892452707, "Avg. Cost": 0.020524, "Avg. CPV": 0.0, "Campaign": "Brand-term_BM_Huyet-chien-tam-quoc", "Interaction Rate": 64.2, "Advertising Channel": "Search", "Video played to 50%": 0.0, "Date": "2017-08-02", "End date": "", "CTR": 64.2, "Video played to 25%": 0.0, "Engagements": 0, "Invalid clicks": 41, "Clicks": 954, "Views": 0, "Unique cookies": ""}, {"Campaign state": "paused", "Interaction Types": ["Clicks"], "Campaign serving status": "eligible", "Cost": 1.46, "Interactions": 7, "Avg. CPM": 29.2, "Bid Strategy Type": "cpc", "Video played to 100%": 0.0, "Avg. CPE": 0.0, "Mapping": false, "Start date": "2017-07-24", "View rate": 0.0, "Account ID": "2789627019", "Avg. CPC": 0.208571, "Conversions": 1.0, "Video played to 75%": 0.0, "Impressions": 50, "Avg. position": 1.4, "Advertising Sub Channel": "", "Campaign ID": 892452602, "Avg. Cost": 0.208571, "Avg. CPV": 0.0, "Campaign": "Gen-term_EX_360game_MP", "Interaction Rate": 14.0, "Advertising Channel": "Search", "Video played to 50%": 0.0, "Date": "2017-08-02", "End date": "", "CTR": 14.0, "Video played to 25%": 0.0, "Engagements": 0, "Invalid clicks": 1, "Clicks": 7, "Views": 0, "Unique cookies": ""}, {"Campaign state": "paused", "Interaction Types": ["Clicks"], "Campaign serving status": "eligible", "Cost": 1.55, "Interactions": 7, "Avg. CPM": 32.291667, "Bid Strategy Type": "cpc", "Video played to 100%": 0.0, "Avg. CPE": 0.0, "Mapping": false, "Start date": "2017-07-24", "View rate": 0.0, "Account ID": "2789627019", "Avg. CPC": 0.221429, "Conversions": 0.0, "Video played to 75%": 0.0, "Impressions": 48, "Avg. position": 1.0, "Advertising Sub Channel": "", "Campaign ID": 892452608, "Avg. Cost": 0.221429, "Avg. CPV": 0.0, "Campaign": "Gen-term_EX_Game_LP", "Interaction Rate": 14.58, "Advertising Channel": "Search", "Video played to 50%": 0.0, "Date": "2017-08-02", "End date": "", "CTR": 14.58, "Video played to 25%": 0.0, "Engagements": 0, "Invalid clicks": 0, "Clicks": 7, "Views": 0, "Unique cookies": ""}, {"Campaign state": "paused", "Interaction Types": ["Clicks"], "Campaign serving status": "eligible", "Cost": 0.08, "Interactions": 1, "Avg. CPM": 10.0, "Bid Strategy Type": "cpc", "Video played to 100%": 0.0, "Avg. CPE": 0.0, "Mapping": false, "Start date": "2017-07-24", "View rate": 0.0, "Account ID": "2789627019", "Avg. CPC": 0.08, "Conversions": 0.0, "Video played to 75%": 0.0, "Impressions": 8, "Avg. position": 1.4, "Advertising Sub Channel": "", "Campaign ID": 892452656, "Avg. Cost": 0.08, "Avg. CPV": 0.0, "Campaign": "Gen-term_PM_Game_HP", "Interaction Rate": 12.5, "Advertising Channel": "Search", "Video played to 50%": 0.0, "Date": "2017-08-02", "End date": "", "CTR": 12.5, "Video played to 25%": 0.0, "Engagements": 0, "Invalid clicks": 0, "Clicks": 1, "Views": 0, "Unique cookies": ""}, {"Campaign state": "paused", "Interaction Types": ["Clicks"], "Campaign serving status": "eligible", "Cost": 0.19, "Interactions": 3, "Avg. CPM": 3.275862, "Bid Strategy Type": "cpc", "Video played to 100%": 0.0, "Avg. CPE": 0.0, "Mapping": false, "Start date": "2017-07-24", "View rate": 0.0, "Account ID": "2789627019", "Avg. CPC": 0.063333, "Conversions": 1.0, "Video played to 75%": 0.0, "Impressions": 58, "Avg. position": 3.1, "Advertising Sub Channel": "", "Campaign ID": 892452446, "Avg. Cost": 0.063333, "Avg. CPV": 0.0, "Campaign": "Gen-term_BM_GO_MP", "Interaction Rate": 5.17, "Advertising Channel": "Search", "Video played to 50%": 0.0, "Date": "2017-08-02", "End date": "", "CTR": 5.17, "Video played to 25%": 0.0, "Engagements": 0, "Invalid clicks": 0, "Clicks": 3, "Views": 0, "Unique cookies": ""}, {"Campaign state": "paused", "Interaction Types": ["Clicks"], "Campaign serving status": "eligible", "Cost": 0.66, "Interactions": 3, "Avg. CPM": 34.736842, "Bid Strategy Type": "cpc", "Video played to 100%": 0.0, "Avg. CPE": 0.0, "Mapping": false, "Start date": "2017-07-24", "View rate": 0.0, "Account ID": "2789627019", "Avg. CPC": 0.22, "Conversions": 1.0, "Video played to 75%": 0.0, "Impressions": 19, "Avg. position": 1.5, "Advertising Sub Channel": "", "Campaign ID": 892452611, "Avg. Cost": 0.22, "Avg. CPV": 0.0, "Campaign": "Gen-term_EX_Game_MP", "Interaction Rate": 15.79, "Advertising Channel": "Search", "Video played to 50%": 0.0, "Date": "2017-08-02", "End date": "", "CTR": 15.79, "Video played to 25%": 0.0, "Engagements": 0, "Invalid clicks": 0, "Clicks": 3, "Views": 0, "Unique cookies": ""}, {"Campaign state": "paused", "Interaction Types": ["Clicks"], "Campaign serving status": "eligible", "Cost": 2.4, "Interactions": 31, "Avg. CPM": 16.0, "Bid Strategy Type": "cpc", "Video played to 100%": 0.0, "Avg. CPE": 0.0, "Mapping": false, "Start date": "2017-07-24", "View rate": 0.0, "Account ID": "2789627019", "Avg. CPC": 0.077419, "Conversions": 4.0, "Video played to 75%": 0.0, "Impressions": 150, "Avg. position": 1.0, "Advertising Sub Channel": "", "Campaign ID": 892452629, "Avg. Cost": 0.077419, "Avg. CPV": 0.0, "Campaign": "Gen-term_EX_Other_MP", "Interaction Rate": 20.67, "Advertising Channel": "Search", "Video played to 50%": 0.0, "Date": "2017-08-02", "End date": "", "CTR": 20.67, "Video played to 25%": 0.0, "Engagements": 0, "Invalid clicks": 3, "Clicks": 31, "Views": 0, "Unique cookies": ""}, {"Campaign state": "paused", "Interaction Types": ["Clicks"], "Campaign serving status": "eligible", "Cost": 7.18, "Interactions": 133, "Avg. CPM": 3.819149, "Bid Strategy Type": "cpc", "Video played to 100%": 0.0, "Avg. CPE": 0.0, "Mapping": false, "Start date": "2017-07-24", "View rate": 0.0, "Account ID": "2789627019", "Avg. CPC": 0.053985, "Conversions": 10.0, "Video played to 75%": 0.0, "Impressions": 1880, "Avg. position": 2.1, "Advertising Sub Channel": "", "Campaign ID": 892452440, "Avg. Cost": 0.053985, "Avg. CPV": 0.0, "Campaign": "Gen-term_BM_Game_LP", "Interaction Rate": 7.07, "Advertising Channel": "Search", "Video played to 50%": 0.0, "Date": "2017-08-02", "End date": "", "CTR": 7.07, "Video played to 25%": 0.0, "Engagements": 0, "Invalid clicks": 3, "Clicks": 133, "Views": 0, "Unique cookies": ""}, {"Campaign state": "paused", "Interaction Types": ["Clicks"], "Campaign serving status": "eligible", "Cost": 28.02, "Interactions": 338, "Avg. CPM": 2.455741, "Bid Strategy Type": "cpc", "Video played to 100%": 0.0, "Avg. CPE": 0.0, "Mapping": false, "Start date": "2017-07-24", "View rate": 0.0, "Account ID": "2789627019", "Avg. CPC": 0.082899, "Conversions": 31.0, "Video played to 75%": 0.0, "Impressions": 11410, "Avg. position": 3.4, "Advertising Sub Channel": "", "Campaign ID": 892452443, "Avg. Cost": 0.082899, "Avg. CPV": 0.0, "Campaign": "Gen-term_BM_GO_HP", "Interaction Rate": 2.96, "Advertising Channel": "Search", "Video played to 50%": 0.0, "Date": "2017-08-02", "End date": "", "CTR": 2.96, "Video played to 25%": 0.0, "Engagements": 0, "Invalid clicks": 8, "Clicks": 338, "Views": 0, "Unique cookies": ""}, {"Campaign state": "paused", "Interaction Types": ["Clicks"], "Campaign serving status": "eligible", "Cost": 3.61, "Interactions": 48, "Avg. CPM": 3.980154, "Bid Strategy Type": "cpc", "Video played to 100%": 0.0, "Avg. CPE": 0.0, "Mapping": false, "Start date": "2017-07-24", "View rate": 0.0, "Account ID": "2789627019", "Avg. CPC": 0.075208, "Conversions": 7.0, "Video played to 75%": 0.0, "Impressions": 907, "Avg. position": 3.0, "Advertising Sub Channel": "", "Campaign ID": 892452449, "Avg. Cost": 0.075208, "Avg. CPV": 0.0, "Campaign": "Gen-term_BM_GO_LP", "Interaction Rate": 5.29, "Advertising Channel": "Search", "Video played to 50%": 0.0, "Date": "2017-08-02", "End date": "", "CTR": 5.29, "Video played to 25%": 0.0, "Engagements": 0, "Invalid clicks": 1, "Clicks": 48, "Views": 0, "Unique cookies": ""}, {"Campaign state": "paused", "Interaction Types": ["Clicks"], "Campaign serving status": "eligible", "Cost": 4.3, "Interactions": 18, "Avg. CPM": 40.566038, "Bid Strategy Type": "cpc", "Video played to 100%": 0.0, "Avg. CPE": 0.0, "Mapping": false, "Start date": "2017-07-24", "View rate": 0.0, "Account ID": "2789627019", "Avg. CPC": 0.238889, "Conversions": 7.0, "Video played to 75%": 0.0, "Impressions": 106, "Avg. position": 1.2, "Advertising Sub Channel": "", "Campaign ID": 892452635, "Avg. Cost": 0.238889, "Avg. CPV": 0.0, "Campaign": "Gen-term_EX_WG_LP", "Interaction Rate": 16.98, "Advertising Channel": "Search", "Video played to 50%": 0.0, "Date": "2017-08-02", "End date": "", "CTR": 16.98, "Video played to 25%": 0.0, "Engagements": 0, "Invalid clicks": 0, "Clicks": 18, "Views": 0, "Unique cookies": ""}, {"Campaign state": "paused", "Interaction Types": ["Clicks"], "Campaign serving status": "eligible", "Cost": 0.01, "Interactions": 1, "Avg. CPM": 0.4, "Bid Strategy Type": "cpc", "Video played to 100%": 0.0, "Avg. CPE": 0.0, "Mapping": false, "Start date": "2017-07-24", "View rate": 0.0, "Account ID": "2789627019", "Avg. CPC": 0.01, "Conversions": 0.0, "Video played to 75%": 0.0, "Impressions": 25, "Avg. position": 1.2, "Advertising Sub Channel": "", "Campaign ID": 892452647, "Avg. Cost": 0.01, "Avg. CPV": 0.0, "Campaign": "Gen-term_PM_360game_HP", "Interaction Rate": 4.0, "Advertising Channel": "Search", "Video played to 50%": 0.0, "Date": "2017-08-02", "End date": "", "CTR": 4.0, "Video played to 25%": 0.0, "Engagements": 0, "Invalid clicks": 0, "Clicks": 1, "Views": 0, "Unique cookies": ""}, {"Campaign state": "paused", "Interaction Types": ["Clicks"], "Campaign serving status": "eligible", "Cost": 0.08, "Interactions": 1, "Avg. CPM": 10.0, "Bid Strategy Type": "cpc", "Video played to 100%": 0.0, "Avg. CPE": 0.0, "Mapping": false, "Start date": "2017-07-24", "View rate": 0.0, "Account ID": "2789627019", "Avg. CPC": 0.08, "Conversions": 0.0, "Video played to 75%": 0.0, "Impressions": 8, "Avg. position": 1.1, "Advertising Sub Channel": "", "Campaign ID": 892452653, "Avg. Cost": 0.08, "Avg. CPV": 0.0, "Campaign": "Gen-term_PM_360game_MP", "Interaction Rate": 12.5, "Advertising Channel": "Search", "Video played to 50%": 0.0, "Date": "2017-08-02", "End date": "", "CTR": 12.5, "Video played to 25%": 0.0, "Engagements": 0, "Invalid clicks": 0, "Clicks": 1, "Views": 0, "Unique cookies": ""}, {"Campaign state": "paused", "Interaction Types": ["Clicks"], "Campaign serving status": "eligible", "Cost": 0.15, "Interactions": 2, "Avg. CPM": 2.727273, "Bid Strategy Type": "cpc", "Video played to 100%": 0.0, "Avg. CPE": 0.0, "Mapping": false, "Start date": "2017-07-24", "View rate": 0.0, "Account ID": "2789627019", "Avg. CPC": 0.075, "Conversions": 0.0, "Video played to 75%": 0.0, "Impressions": 55, "Avg. position": 2.4, "Advertising Sub Channel": "", "Campaign ID": 892452659, "Avg. Cost": 0.075, "Avg. CPV": 0.0, "Campaign": "Gen-term_PM_Game_LP", "Interaction Rate": 3.64, "Advertising Channel": "Search", "Video played to 50%": 0.0, "Date": "2017-08-02", "End date": "", "CTR": 3.64, "Video played to 25%": 0.0, "Engagements": 0, "Invalid clicks": 0, "Clicks": 2, "Views": 0, "Unique cookies": ""}, {"Campaign state": "paused", "Interaction Types": ["Clicks"], "Campaign serving status": "eligible", "Cost": 0.04, "Interactions": 1, "Avg. CPM": 2.352941, "Bid Strategy Type": "cpc", "Video played to 100%": 0.0, "Avg. CPE": 0.0, "Mapping": false, "Start date": "2017-07-24", "View rate": 0.0, "Account ID": "2789627019", "Avg. CPC": 0.04, "Conversions": 0.0, "Video played to 75%": 0.0, "Impressions": 17, "Avg. position": 1.9, "Advertising Sub Channel": "", "Campaign ID": 892452425, "Avg. Cost": 0.04, "Avg. CPV": 0.0, "Campaign": "Gen-term_BM_360game_HP", "Interaction Rate": 5.88, "Advertising Channel": "Search", "Video played to 50%": 0.0, "Date": "2017-08-02", "End date": "", "CTR": 5.88, "Video played to 25%": 0.0, "Engagements": 0, "Invalid clicks": 0, "Clicks": 1, "Views": 0, "Unique cookies": ""}, {"Campaign state": "paused", "Interaction Types": ["Clicks"], "Campaign serving status": "eligible", "Cost": 0.1, "Interactions": 2, "Avg. CPM": 3.125, "Bid Strategy Type": "cpc", "Video played to 100%": 0.0, "Avg. CPE": 0.0, "Mapping": false, "Start date": "2017-07-24", "View rate": 0.0, "Account ID": "2789627019", "Avg. CPC": 0.05, "Conversions": 0.0, "Video played to 75%": 0.0, "Impressions": 32, "Avg. position": 2.1, "Advertising Sub Channel": "", "Campaign ID": 892452428, "Avg. Cost": 0.05, "Avg. CPV": 0.0, "Campaign": "Gen-term_BM_360game_MP", "Interaction Rate": 6.25, "Advertising Channel": "Search", "Video played to 50%": 0.0, "Date": "2017-08-02", "End date": "", "CTR": 6.25, "Video played to 25%": 0.0, "Engagements": 0, "Invalid clicks": 0, "Clicks": 2, "Views": 0, "Unique cookies": ""}, {"Campaign state": "paused", "Interaction Types": ["Clicks"], "Campaign serving status": "eligible", "Cost": 0.16, "Interactions": 2, "Avg. CPM": 53.333333, "Bid Strategy Type": "cpc", "Video played to 100%": 0.0, "Avg. CPE": 0.0, "Mapping": false, "Start date": "2017-07-24", "View rate": 0.0, "Account ID": "2789627019", "Avg. CPC": 0.08, "Conversions": 0.0, "Video played to 75%": 0.0, "Impressions": 3, "Avg. position": 1.7, "Advertising Sub Channel": "", "Campaign ID": 892452431, "Avg. Cost": 0.08, "Avg. CPV": 0.0, "Campaign": "Gen-term_BM_360game_LP", "Interaction Rate": 66.67, "Advertising Channel": "Search", "Video played to 50%": 0.0, "Date": "2017-08-02", "End date": "", "CTR": 66.67, "Video played to 25%": 0.0, "Engagements": 0, "Invalid clicks": 0, "Clicks": 2, "Views": 0, "Unique cookies": ""}, {"Campaign state": "paused", "Interaction Types": ["Clicks"], "Campaign serving status": "eligible", "Cost": 33.49, "Interactions": 479, "Avg. CPM": 3.68589, "Bid Strategy Type": "cpc", "Video played to 100%": 0.0, "Avg. CPE": 0.0, "Mapping": false, "Start date": "2017-07-24", "View rate": 0.0, "Account ID": "2789627019", "Avg. CPC": 0.069916, "Conversions": 61.0, "Video played to 75%": 0.0, "Impressions": 9086, "Avg. position": 2.9, "Advertising Sub Channel": "", "Campaign ID": 892452437, "Avg. Cost": 0.069916, "Avg. CPV": 0.0, "Campaign": "Gen-term_BM_Game_MP", "Interaction Rate": 5.27, "Advertising Channel": "Search", "Video played to 50%": 0.0, "Date": "2017-08-02", "End date": "", "CTR": 5.27, "Video played to 25%": 0.0, "Engagements": 0, "Invalid clicks": 16, "Clicks": 479, "Views": 0, "Unique cookies": ""}, {"Campaign state": "paused", "Interaction Types": ["Clicks"], "Campaign serving status": "eligible", "Cost": 2.2, "Interactions": 42, "Avg. CPM": 1.878736, "Bid Strategy Type": "cpc", "Video played to 100%": 0.0, "Avg. CPE": 0.0, "Mapping": false, "Start date": "2017-07-24", "View rate": 0.0, "Account ID": "2789627019", "Avg. CPC": 0.052381, "Conversions": 11.0, "Video played to 75%": 0.0, "Impressions": 1171, "Avg. position": 3.1, "Advertising Sub Channel": "", "Campaign ID": 892452470, "Avg. Cost": 0.052381, "Avg. CPV": 0.0, "Campaign": "Gen-term_BM_Other_MP", "Interaction Rate": 3.59, "Advertising Channel": "Search", "Video played to 50%": 0.0, "Date": "2017-08-02", "End date": "", "CTR": 3.59, "Video played to 25%": 0.0, "Engagements": 0, "Invalid clicks": 3, "Clicks": 42, "Views": 0, "Unique cookies": ""}, {"Campaign state": "paused", "Interaction Types": ["Clicks"], "Campaign serving status": "eligible", "Cost": 1.74, "Interactions": 10, "Avg. CPM": 82.857143, "Bid Strategy Type": "cpc", "Video played to 100%": 0.0, "Avg. CPE": 0.0, "Mapping": false, "Start date": "2017-07-24", "View rate": 0.0, "Account ID": "2789627019", "Avg. CPC": 0.174, "Conversions": 4.0, "Video played to 75%": 0.0, "Impressions": 21, "Avg. position": 1.0, "Advertising Sub Channel": "", "Campaign ID": 892452605, "Avg. Cost": 0.174, "Avg. CPV": 0.0, "Campaign": "Gen-term_EX_Game_HP", "Interaction Rate": 47.62, "Advertising Channel": "Search", "Video played to 50%": 0.0, "Date": "2017-08-02", "End date": "", "CTR": 47.62, "Video played to 25%": 0.0, "Engagements": 0, "Invalid clicks": 0, "Clicks": 10, "Views": 0, "Unique cookies": ""}, {"Campaign state": "paused", "Interaction Types": ["Clicks"], "Campaign serving status": "eligible", "Cost": 0.49, "Interactions": 3, "Avg. CPM": 18.846154, "Bid Strategy Type": "cpc", "Video played to 100%": 0.0, "Avg. CPE": 0.0, "Mapping": false, "Start date": "2017-07-24", "View rate": 0.0, "Account ID": "2789627019", "Avg. CPC": 0.163333, "Conversions": 1.0, "Video played to 75%": 0.0, "Impressions": 26, "Avg. position": 1.0, "Advertising Sub Channel": "", "Campaign ID": 892452680, "Avg. Cost": 0.163333, "Avg. CPV": 0.0, "Campaign": "Gen-term_PM_Other_MP", "Interaction Rate": 11.54, "Advertising Channel": "Search", "Video played to 50%": 0.0, "Date": "2017-08-02", "End date": "", "CTR": 11.54, "Video played to 25%": 0.0, "Engagements": 0, "Invalid clicks": 0, "Clicks": 3, "Views": 0, "Unique cookies": ""}, {"Campaign state": "paused", "Interaction Types": ["Clicks"], "Campaign serving status": "eligible", "Cost": 2.15, "Interactions": 94, "Avg. CPM": 6.761006, "Bid Strategy Type": "cpc", "Video played to 100%": 0.0, "Avg. CPE": 0.0, "Mapping": false, "Start date": "2017-07-24", "View rate": 0.0, "Account ID": "2789627019", "Avg. CPC": 0.022872, "Conversions": 4.0, "Video played to 75%": 0.0, "Impressions": 318, "Avg. position": 1.0, "Advertising Sub Channel": "", "Campaign ID": 892452476, "Avg. Cost": 0.022872, "Avg. CPV": 0.0, "Campaign": "Gen-term_EX_360game_HP", "Interaction Rate": 29.56, "Advertising Channel": "Search", "Video played to 50%": 0.0, "Date": "2017-08-02", "End date": "", "CTR": 29.56, "Video played to 25%": 0.0, "Engagements": 0, "Invalid clicks": 1, "Clicks": 94, "Views": 0, "Unique cookies": ""}, {"Campaign state": "paused", "Interaction Types": ["Clicks"], "Campaign serving status": "eligible", "Cost": 27.5, "Interactions": 139, "Avg. CPM": 38.732394, "Bid Strategy Type": "cpc", "Video played to 100%": 0.0, "Avg. CPE": 0.0, "Mapping": false, "Start date": "2017-07-24", "View rate": 0.0, "Account ID": "2789627019", "Avg. CPC": 0.197842, "Conversions": 55.0, "Video played to 75%": 0.0, "Impressions": 710, "Avg. position": 1.2, "Advertising Sub Channel": "", "Campaign ID": 892452617, "Avg. Cost": 0.197842, "Avg. CPV": 0.0, "Campaign": "Gen-term_EX_GO_LP", "Interaction Rate": 19.58, "Advertising Channel": "Search", "Video played to 50%": 0.0, "Date": "2017-08-02", "End date": "", "CTR": 19.58, "Video played to 25%": 0.0, "Engagements": 0, "Invalid clicks": 17, "Clicks": 139, "Views": 0, "Unique cookies": ""}, {"Campaign state": "paused", "Interaction Types": ["Clicks"], "Campaign serving status": "eligible", "Cost": 5.68, "Interactions": 53, "Avg. CPM": 23.471074, "Bid Strategy Type": "cpc", "Video played to 100%": 0.0, "Avg. CPE": 0.0, "Mapping": false, "Start date": "2017-07-24", "View rate": 0.0, "Account ID": "2789627019", "Avg. CPC": 0.10717, "Conversions": 11.0, "Video played to 75%": 0.0, "Impressions": 242, "Avg. position": 1.2, "Advertising Sub Channel": "", "Campaign ID": 892452662, "Avg. Cost": 0.10717, "Avg. CPV": 0.0, "Campaign": "Gen-term_PM_Game_MP", "Interaction Rate": 21.9, "Advertising Channel": "Search", "Video played to 50%": 0.0, "Date": "2017-08-02", "End date": "", "CTR": 21.9, "Video played to 25%": 0.0, "Engagements": 0, "Invalid clicks": 3, "Clicks": 53, "Views": 0, "Unique cookies": ""}, {"Campaign state": "paused", "Interaction Types": ["Clicks"], "Campaign serving status": "eligible", "Cost": 0.21, "Interactions": 6, "Avg. CPM": 7.241379, "Bid Strategy Type": "cpc", "Video played to 100%": 0.0, "Avg. CPE": 0.0, "Mapping": false, "Start date": "2017-07-27", "View rate": 0.0, "Account ID": "2789627019", "Avg. CPC": 0.035, "Conversions": 1.0, "Video played to 75%": 0.0, "Impressions": 29, "Avg. position": 1.3, "Advertising Sub Channel": "", "Campaign ID": 895328051, "Avg. Cost": 0.035, "Avg. CPV": 0.0, "Campaign": "Gen-term_BM_Game-Tam-Quoc", "Interaction Rate": 20.69, "Advertising Channel": "Search", "Video played to 50%": 0.0, "Date": "2017-08-02", "End date": "", "CTR": 20.69, "Video played to 25%": 0.0, "Engagements": 0, "Invalid clicks": 1, "Clicks": 6, "Views": 0, "Unique cookies": ""}, {"Campaign state": "paused", "Interaction Types": ["Clicks"], "Campaign serving status": "eligible", "Cost": 0.76, "Interactions": 13, "Avg. CPM": 4.52381, "Bid Strategy Type": "cpc", "Video played to 100%": 0.0, "Avg. CPE": 0.0, "Mapping": false, "Start date": "2017-07-24", "View rate": 0.0, "Account ID": "2789627019", "Avg. CPC": 0.058462, "Conversions": 1.0, "Video played to 75%": 0.0, "Impressions": 168, "Avg. position": 1.9, "Advertising Sub Channel": "", "Campaign ID": 892452434, "Avg. Cost": 0.058462, "Avg. CPV": 0.0, "Campaign": "Gen-term_BM_Game_HP", "Interaction Rate": 7.74, "Advertising Channel": "Search", "Video played to 50%": 0.0, "Date": "2017-08-02", "End date": "", "CTR": 7.74, "Video played to 25%": 0.0, "Engagements": 0, "Invalid clicks": 0, "Clicks": 13, "Views": 0, "Unique cookies": ""}, {"Campaign state": "paused", "Interaction Types": ["Clicks"], "Campaign serving status": "eligible", "Cost": 0.36, "Interactions": 2, "Avg. CPM": 3.272727, "Bid Strategy Type": "cpc", "Video played to 100%": 0.0, "Avg. CPE": 0.0, "Mapping": false, "Start date": "2017-07-24", "View rate": 0.0, "Account ID": "2789627019", "Avg. CPC": 0.18, "Conversions": 1.0, "Video played to 75%": 0.0, "Impressions": 110, "Avg. position": 1.6, "Advertising Sub Channel": "", "Campaign ID": 892452668, "Avg. Cost": 0.18, "Avg. CPV": 0.0, "Campaign": "Gen-term_PM_GO_LP", "Interaction Rate": 1.82, "Advertising Channel": "Search", "Video played to 50%": 0.0, "Date": "2017-08-02", "End date": "", "CTR": 1.82, "Video played to 25%": 0.0, "Engagements": 0, "Invalid clicks": 1, "Clicks": 2, "Views": 0, "Unique cookies": ""}, {"Campaign state": "enabled", "Interaction Types": ["Clicks"], "Campaign serving status": "eligible", "Cost": 7.35, "Interactions": 183, "Avg. CPM": 9.363057, "Bid Strategy Type": "cpc", "Video played to 100%": 0.0, "Avg. CPE": 0.0, "Mapping": false, "Start date": "2017-07-24", "View rate": 0.0, "Account ID": "2789627019", "Avg. CPC": 0.040164, "Conversions": 16.0, "Video played to 75%": 0.0, "Impressions": 785, "Avg. position": 1.0, "Advertising Sub Channel": "", "Campaign ID": 892452698, "Avg. Cost": 0.040164, "Avg. CPV": 0.0, "Campaign": "Brand-term_BM_Huyet-chien", "Interaction Rate": 23.31, "Advertising Channel": "Search", "Video played to 50%": 0.0, "Date": "2017-08-02", "End date": "", "CTR": 23.31, "Video played to 25%": 0.0, "Engagements": 0, "Invalid clicks": 7, "Clicks": 183, "Views": 0, "Unique cookies": ""}, {"Campaign state": "Total", "Interaction Types": "", "Campaign serving status": "", "Cost": 160.2, "Interactions": 2757, "Avg. CPM": 5.084907, "Bid Strategy Type": "", "Video played to 100%": 0.0, "Avg. CPE": 0.0, "Mapping": false, "Start date": "", "View rate": 0.0, "Account ID": "2789627019", "Avg. CPC": 0.058107, "Conversions": 359.0, "Video played to 75%": 0.0, "Impressions": 31505, "Avg. position": 2.8, "Advertising Sub Channel": "", "Campaign ID": "", "Avg. Cost": 0.058107, "Avg. CPV": 0.0, "Campaign": "", "Interaction Rate": 8.75, "Advertising Channel": "", "Video played to 50%": 0.0, "Date": "2017-08-02", "End date": "", "CTR": 8.75, "Video played to 25%": 0.0, "Engagements": 0, "Invalid clicks": 107, "Clicks": 2757, "Views": 0, "Unique cookies": ""}]