[{"Start date": "2017-07-24", "Avg. CPC": 0.092, "Interactions": 25, "Avg. position": 3.5, "Campaign serving status": "eligible", "Campaign ID": 892452458, "Invalid clicks": 0, "Impressions": 248, "Video played to 50%": 0.0, "Account ID": "2789627019", "Conversions": 9.0, "Views": 0, "Engagements": 0, "Avg. CPE": 0.0, "Advertising Sub Channel": "", "Account Name": "[W] G1 - WPL - hctq360", "End date": "", "Video played to 100%": 0.0, "Clicks": 25, "Avg. Cost": 0.092, "Interaction Types": ["Clicks"], "Video played to 25%": 0.0, "View rate": 0.0, "Video played to 75%": 0.0, "Avg. CPM": 9.274194, "CTR": 10.08, "Campaign state": "paused", "Unique cookies": "", "Advertising Channel": "Search", "Interaction Rate": 10.08, "Bid Strategy Type": "cpc", "Date": "2017-08-02", "Mapping": false, "Campaign": "Gen-term_BM_WG_LP", "Avg. CPV": 0.0, "Cost": 2.3}, {"Start date": "2017-07-24", "Avg. CPC": 0.063836, "Interactions": 73, "Avg. position": 3.3, "Campaign serving status": "eligible", "Campaign ID": 892452473, "Invalid clicks": 1, "Impressions": 2178, "Video played to 50%": 0.0, "Account ID": "2789627019", "Conversions": 3.0, "Views": 0, "Engagements": 0, "Avg. CPE": 0.0, "Advertising Sub Channel": "", "Account Name": "[W] G1 - WPL - hctq360", "End date": "", "Video played to 100%": 0.0, "Clicks": 73, "Avg. Cost": 0.063836, "Interaction Types": ["Clicks"], "Video played to 25%": 0.0, "View rate": 0.0, "Video played to 75%": 0.0, "Avg. CPM": 2.139578, "CTR": 3.35, "Campaign state": "paused", "Unique cookies": "", "Advertising Channel": "Search", "Interaction Rate": 3.35, "Bid Strategy Type": "cpc", "Date": "2017-08-02", "Mapping": false, "Campaign": "Gen-term_BM_Other_LP", "Avg. CPV": 0.0, "Cost": 4.66}, {"Start date": "2017-07-24", "Avg. CPC": 0.020964, "Interactions": 83, "Avg. position": 1.0, "Campaign serving status": "eligible", "Campaign ID": 892452701, "Invalid clicks": 0, "Impressions": 119, "Video played to 50%": 0.0, "Account ID": "2789627019", "Conversions": 5.0, "Views": 0, "Engagements": 0, "Avg. CPE": 0.0, "Advertising Sub Channel": "", "Account Name": "[W] G1 - WPL - hctq360", "End date": "", "Video played to 100%": 0.0, "Clicks": 83, "Avg. Cost": 0.020964, "Interaction Types": ["Clicks"], "Video played to 25%": 0.0, "View rate": 0.0, "Video played to 75%": 0.0, "Avg. CPM": 14.621849, "CTR": 69.75, "Campaign state": "enabled", "Unique cookies": "", "Advertising Channel": "Search", "Interaction Rate": 69.75, "Bid Strategy Type": "cpc", "Date": "2017-08-02", "Mapping": false, "Campaign": "Brand-term_BM_hctq", "Avg. CPV": 0.0, "Cost": 1.74}, {"Start date": "2017-07-24", "Avg. CPC": 0.020524, "Interactions": 954, "Avg. position": 1.0, "Campaign serving status": "eligible", "Campaign ID": 892452707, "Invalid clicks": 41, "Impressions": 1486, "Video played to 50%": 0.0, "Account ID": "2789627019", "Conversions": 114.0, "Views": 0, "Engagements": 0, "Avg. CPE": 0.0, "Advertising Sub Channel": "", "Account Name": "[W] G1 - WPL - hctq360", "End date": "", "Video played to 100%": 0.0, "Clicks": 954, "Avg. Cost": 0.020524, "Interaction Types": ["Clicks"], "Video played to 25%": 0.0, "View rate": 0.0, "Video played to 75%": 0.0, "Avg. CPM": 13.176312, "CTR": 64.2, "Campaign state": "enabled", "Unique cookies": "", "Advertising Channel": "Search", "Interaction Rate": 64.2, "Bid Strategy Type": "cpc", "Date": "2017-08-02", "Mapping": false, "Campaign": "Brand-term_BM_Huyet-chien-tam-quoc", "Avg. CPV": 0.0, "Cost": 19.58}, {"Start date": "2017-07-24", "Avg. CPC": 0.208571, "Interactions": 7, "Avg. position": 1.4, "Campaign serving status": "eligible", "Campaign ID": 892452602, "Invalid clicks": 1, "Impressions": 50, "Video played to 50%": 0.0, "Account ID": "2789627019", "Conversions": 1.0, "Views": 0, "Engagements": 0, "Avg. CPE": 0.0, "Advertising Sub Channel": "", "Account Name": "[W] G1 - WPL - hctq360", "End date": "", "Video played to 100%": 0.0, "Clicks": 7, "Avg. Cost": 0.208571, "Interaction Types": ["Clicks"], "Video played to 25%": 0.0, "View rate": 0.0, "Video played to 75%": 0.0, "Avg. CPM": 29.2, "CTR": 14.0, "Campaign state": "paused", "Unique cookies": "", "Advertising Channel": "Search", "Interaction Rate": 14.0, "Bid Strategy Type": "cpc", "Date": "2017-08-02", "Mapping": false, "Campaign": "Gen-term_EX_360game_MP", "Avg. CPV": 0.0, "Cost": 1.46}, {"Start date": "2017-07-24", "Avg. CPC": 0.221429, "Interactions": 7, "Avg. position": 1.0, "Campaign serving status": "eligible", "Campaign ID": 892452608, "Invalid clicks": 0, "Impressions": 48, "Video played to 50%": 0.0, "Account ID": "2789627019", "Conversions": 0.0, "Views": 0, "Engagements": 0, "Avg. CPE": 0.0, "Advertising Sub Channel": "", "Account Name": "[W] G1 - WPL - hctq360", "End date": "", "Video played to 100%": 0.0, "Clicks": 7, "Avg. Cost": 0.221429, "Interaction Types": ["Clicks"], "Video played to 25%": 0.0, "View rate": 0.0, "Video played to 75%": 0.0, "Avg. CPM": 32.291667, "CTR": 14.58, "Campaign state": "paused", "Unique cookies": "", "Advertising Channel": "Search", "Interaction Rate": 14.58, "Bid Strategy Type": "cpc", "Date": "2017-08-02", "Mapping": false, "Campaign": "Gen-term_EX_Game_LP", "Avg. CPV": 0.0, "Cost": 1.55}, {"Start date": "2017-07-24", "Avg. CPC": 0.08, "Interactions": 1, "Avg. position": 1.4, "Campaign serving status": "eligible", "Campaign ID": 892452656, "Invalid clicks": 0, "Impressions": 8, "Video played to 50%": 0.0, "Account ID": "2789627019", "Conversions": 0.0, "Views": 0, "Engagements": 0, "Avg. CPE": 0.0, "Advertising Sub Channel": "", "Account Name": "[W] G1 - WPL - hctq360", "End date": "", "Video played to 100%": 0.0, "Clicks": 1, "Avg. Cost": 0.08, "Interaction Types": ["Clicks"], "Video played to 25%": 0.0, "View rate": 0.0, "Video played to 75%": 0.0, "Avg. CPM": 10.0, "CTR": 12.5, "Campaign state": "paused", "Unique cookies": "", "Advertising Channel": "Search", "Interaction Rate": 12.5, "Bid Strategy Type": "cpc", "Date": "2017-08-02", "Mapping": false, "Campaign": "Gen-term_PM_Game_HP", "Avg. CPV": 0.0, "Cost": 0.08}, {"Start date": "2017-07-24", "Avg. CPC": 0.063333, "Interactions": 3, "Avg. position": 3.1, "Campaign serving status": "eligible", "Campaign ID": 892452446, "Invalid clicks": 0, "Impressions": 58, "Video played to 50%": 0.0, "Account ID": "2789627019", "Conversions": 1.0, "Views": 0, "Engagements": 0, "Avg. CPE": 0.0, "Advertising Sub Channel": "", "Account Name": "[W] G1 - WPL - hctq360", "End date": "", "Video played to 100%": 0.0, "Clicks": 3, "Avg. Cost": 0.063333, "Interaction Types": ["Clicks"], "Video played to 25%": 0.0, "View rate": 0.0, "Video played to 75%": 0.0, "Avg. CPM": 3.275862, "CTR": 5.17, "Campaign state": "paused", "Unique cookies": "", "Advertising Channel": "Search", "Interaction Rate": 5.17, "Bid Strategy Type": "cpc", "Date": "2017-08-02", "Mapping": false, "Campaign": "Gen-term_BM_GO_MP", "Avg. CPV": 0.0, "Cost": 0.19}, {"Start date": "2017-07-24", "Avg. CPC": 0.22, "Interactions": 3, "Avg. position": 1.5, "Campaign serving status": "eligible", "Campaign ID": 892452611, "Invalid clicks": 0, "Impressions": 19, "Video played to 50%": 0.0, "Account ID": "2789627019", "Conversions": 1.0, "Views": 0, "Engagements": 0, "Avg. CPE": 0.0, "Advertising Sub Channel": "", "Account Name": "[W] G1 - WPL - hctq360", "End date": "", "Video played to 100%": 0.0, "Clicks": 3, "Avg. Cost": 0.22, "Interaction Types": ["Clicks"], "Video played to 25%": 0.0, "View rate": 0.0, "Video played to 75%": 0.0, "Avg. CPM": 34.736842, "CTR": 15.79, "Campaign state": "paused", "Unique cookies": "", "Advertising Channel": "Search", "Interaction Rate": 15.79, "Bid Strategy Type": "cpc", "Date": "2017-08-02", "Mapping": false, "Campaign": "Gen-term_EX_Game_MP", "Avg. CPV": 0.0, "Cost": 0.66}, {"Start date": "2017-07-24", "Avg. CPC": 0.077419, "Interactions": 31, "Avg. position": 1.0, "Campaign serving status": "eligible", "Campaign ID": 892452629, "Invalid clicks": 3, "Impressions": 150, "Video played to 50%": 0.0, "Account ID": "2789627019", "Conversions": 4.0, "Views": 0, "Engagements": 0, "Avg. CPE": 0.0, "Advertising Sub Channel": "", "Account Name": "[W] G1 - WPL - hctq360", "End date": "", "Video played to 100%": 0.0, "Clicks": 31, "Avg. Cost": 0.077419, "Interaction Types": ["Clicks"], "Video played to 25%": 0.0, "View rate": 0.0, "Video played to 75%": 0.0, "Avg. CPM": 16.0, "CTR": 20.67, "Campaign state": "paused", "Unique cookies": "", "Advertising Channel": "Search", "Interaction Rate": 20.67, "Bid Strategy Type": "cpc", "Date": "2017-08-02", "Mapping": false, "Campaign": "Gen-term_EX_Other_MP", "Avg. CPV": 0.0, "Cost": 2.4}, {"Start date": "2017-07-24", "Avg. CPC": 0.053985, "Interactions": 133, "Avg. position": 2.1, "Campaign serving status": "eligible", "Campaign ID": 892452440, "Invalid clicks": 3, "Impressions": 1880, "Video played to 50%": 0.0, "Account ID": "2789627019", "Conversions": 10.0, "Views": 0, "Engagements": 0, "Avg. CPE": 0.0, "Advertising Sub Channel": "", "Account Name": "[W] G1 - WPL - hctq360", "End date": "", "Video played to 100%": 0.0, "Clicks": 133, "Avg. Cost": 0.053985, "Interaction Types": ["Clicks"], "Video played to 25%": 0.0, "View rate": 0.0, "Video played to 75%": 0.0, "Avg. CPM": 3.819149, "CTR": 7.07, "Campaign state": "paused", "Unique cookies": "", "Advertising Channel": "Search", "Interaction Rate": 7.07, "Bid Strategy Type": "cpc", "Date": "2017-08-02", "Mapping": false, "Campaign": "Gen-term_BM_Game_LP", "Avg. CPV": 0.0, "Cost": 7.18}, {"Start date": "2017-07-24", "Avg. CPC": 0.082899, "Interactions": 338, "Avg. position": 3.4, "Campaign serving status": "eligible", "Campaign ID": 892452443, "Invalid clicks": 8, "Impressions": 11410, "Video played to 50%": 0.0, "Account ID": "2789627019", "Conversions": 31.0, "Views": 0, "Engagements": 0, "Avg. CPE": 0.0, "Advertising Sub Channel": "", "Account Name": "[W] G1 - WPL - hctq360", "End date": "", "Video played to 100%": 0.0, "Clicks": 338, "Avg. Cost": 0.082899, "Interaction Types": ["Clicks"], "Video played to 25%": 0.0, "View rate": 0.0, "Video played to 75%": 0.0, "Avg. CPM": 2.455741, "CTR": 2.96, "Campaign state": "paused", "Unique cookies": "", "Advertising Channel": "Search", "Interaction Rate": 2.96, "Bid Strategy Type": "cpc", "Date": "2017-08-02", "Mapping": false, "Campaign": "Gen-term_BM_GO_HP", "Avg. CPV": 0.0, "Cost": 28.02}, {"Start date": "2017-07-24", "Avg. CPC": 0.075208, "Interactions": 48, "Avg. position": 3.0, "Campaign serving status": "eligible", "Campaign ID": 892452449, "Invalid clicks": 1, "Impressions": 907, "Video played to 50%": 0.0, "Account ID": "2789627019", "Conversions": 7.0, "Views": 0, "Engagements": 0, "Avg. CPE": 0.0, "Advertising Sub Channel": "", "Account Name": "[W] G1 - WPL - hctq360", "End date": "", "Video played to 100%": 0.0, "Clicks": 48, "Avg. Cost": 0.075208, "Interaction Types": ["Clicks"], "Video played to 25%": 0.0, "View rate": 0.0, "Video played to 75%": 0.0, "Avg. CPM": 3.980154, "CTR": 5.29, "Campaign state": "paused", "Unique cookies": "", "Advertising Channel": "Search", "Interaction Rate": 5.29, "Bid Strategy Type": "cpc", "Date": "2017-08-02", "Mapping": false, "Campaign": "Gen-term_BM_GO_LP", "Avg. CPV": 0.0, "Cost": 3.61}, {"Start date": "2017-07-24", "Avg. CPC": 0.238889, "Interactions": 18, "Avg. position": 1.2, "Campaign serving status": "eligible", "Campaign ID": 892452635, "Invalid clicks": 0, "Impressions": 106, "Video played to 50%": 0.0, "Account ID": "2789627019", "Conversions": 7.0, "Views": 0, "Engagements": 0, "Avg. CPE": 0.0, "Advertising Sub Channel": "", "Account Name": "[W] G1 - WPL - hctq360", "End date": "", "Video played to 100%": 0.0, "Clicks": 18, "Avg. Cost": 0.238889, "Interaction Types": ["Clicks"], "Video played to 25%": 0.0, "View rate": 0.0, "Video played to 75%": 0.0, "Avg. CPM": 40.566038, "CTR": 16.98, "Campaign state": "paused", "Unique cookies": "", "Advertising Channel": "Search", "Interaction Rate": 16.98, "Bid Strategy Type": "cpc", "Date": "2017-08-02", "Mapping": false, "Campaign": "Gen-term_EX_WG_LP", "Avg. CPV": 0.0, "Cost": 4.3}, {"Start date": "2017-07-24", "Avg. CPC": 0.01, "Interactions": 1, "Avg. position": 1.2, "Campaign serving status": "eligible", "Campaign ID": 892452647, "Invalid clicks": 0, "Impressions": 25, "Video played to 50%": 0.0, "Account ID": "2789627019", "Conversions": 0.0, "Views": 0, "Engagements": 0, "Avg. CPE": 0.0, "Advertising Sub Channel": "", "Account Name": "[W] G1 - WPL - hctq360", "End date": "", "Video played to 100%": 0.0, "Clicks": 1, "Avg. Cost": 0.01, "Interaction Types": ["Clicks"], "Video played to 25%": 0.0, "View rate": 0.0, "Video played to 75%": 0.0, "Avg. CPM": 0.4, "CTR": 4.0, "Campaign state": "paused", "Unique cookies": "", "Advertising Channel": "Search", "Interaction Rate": 4.0, "Bid Strategy Type": "cpc", "Date": "2017-08-02", "Mapping": false, "Campaign": "Gen-term_PM_360game_HP", "Avg. CPV": 0.0, "Cost": 0.01}, {"Start date": "2017-07-24", "Avg. CPC": 0.08, "Interactions": 1, "Avg. position": 1.1, "Campaign serving status": "eligible", "Campaign ID": 892452653, "Invalid clicks": 0, "Impressions": 8, "Video played to 50%": 0.0, "Account ID": "2789627019", "Conversions": 0.0, "Views": 0, "Engagements": 0, "Avg. CPE": 0.0, "Advertising Sub Channel": "", "Account Name": "[W] G1 - WPL - hctq360", "End date": "", "Video played to 100%": 0.0, "Clicks": 1, "Avg. Cost": 0.08, "Interaction Types": ["Clicks"], "Video played to 25%": 0.0, "View rate": 0.0, "Video played to 75%": 0.0, "Avg. CPM": 10.0, "CTR": 12.5, "Campaign state": "paused", "Unique cookies": "", "Advertising Channel": "Search", "Interaction Rate": 12.5, "Bid Strategy Type": "cpc", "Date": "2017-08-02", "Mapping": false, "Campaign": "Gen-term_PM_360game_MP", "Avg. CPV": 0.0, "Cost": 0.08}, {"Start date": "2017-07-24", "Avg. CPC": 0.075, "Interactions": 2, "Avg. position": 2.4, "Campaign serving status": "eligible", "Campaign ID": 892452659, "Invalid clicks": 0, "Impressions": 55, "Video played to 50%": 0.0, "Account ID": "2789627019", "Conversions": 0.0, "Views": 0, "Engagements": 0, "Avg. CPE": 0.0, "Advertising Sub Channel": "", "Account Name": "[W] G1 - WPL - hctq360", "End date": "", "Video played to 100%": 0.0, "Clicks": 2, "Avg. Cost": 0.075, "Interaction Types": ["Clicks"], "Video played to 25%": 0.0, "View rate": 0.0, "Video played to 75%": 0.0, "Avg. CPM": 2.727273, "CTR": 3.64, "Campaign state": "paused", "Unique cookies": "", "Advertising Channel": "Search", "Interaction Rate": 3.64, "Bid Strategy Type": "cpc", "Date": "2017-08-02", "Mapping": false, "Campaign": "Gen-term_PM_Game_LP", "Avg. CPV": 0.0, "Cost": 0.15}, {"Start date": "2017-07-24", "Avg. CPC": 0.04, "Interactions": 1, "Avg. position": 1.9, "Campaign serving status": "eligible", "Campaign ID": 892452425, "Invalid clicks": 0, "Impressions": 17, "Video played to 50%": 0.0, "Account ID": "2789627019", "Conversions": 0.0, "Views": 0, "Engagements": 0, "Avg. CPE": 0.0, "Advertising Sub Channel": "", "Account Name": "[W] G1 - WPL - hctq360", "End date": "", "Video played to 100%": 0.0, "Clicks": 1, "Avg. Cost": 0.04, "Interaction Types": ["Clicks"], "Video played to 25%": 0.0, "View rate": 0.0, "Video played to 75%": 0.0, "Avg. CPM": 2.352941, "CTR": 5.88, "Campaign state": "paused", "Unique cookies": "", "Advertising Channel": "Search", "Interaction Rate": 5.88, "Bid Strategy Type": "cpc", "Date": "2017-08-02", "Mapping": false, "Campaign": "Gen-term_BM_360game_HP", "Avg. CPV": 0.0, "Cost": 0.04}, {"Start date": "2017-07-24", "Avg. CPC": 0.05, "Interactions": 2, "Avg. position": 2.1, "Campaign serving status": "eligible", "Campaign ID": 892452428, "Invalid clicks": 0, "Impressions": 32, "Video played to 50%": 0.0, "Account ID": "2789627019", "Conversions": 0.0, "Views": 0, "Engagements": 0, "Avg. CPE": 0.0, "Advertising Sub Channel": "", "Account Name": "[W] G1 - WPL - hctq360", "End date": "", "Video played to 100%": 0.0, "Clicks": 2, "Avg. Cost": 0.05, "Interaction Types": ["Clicks"], "Video played to 25%": 0.0, "View rate": 0.0, "Video played to 75%": 0.0, "Avg. CPM": 3.125, "CTR": 6.25, "Campaign state": "paused", "Unique cookies": "", "Advertising Channel": "Search", "Interaction Rate": 6.25, "Bid Strategy Type": "cpc", "Date": "2017-08-02", "Mapping": false, "Campaign": "Gen-term_BM_360game_MP", "Avg. CPV": 0.0, "Cost": 0.1}, {"Start date": "2017-07-24", "Avg. CPC": 0.08, "Interactions": 2, "Avg. position": 1.7, "Campaign serving status": "eligible", "Campaign ID": 892452431, "Invalid clicks": 0, "Impressions": 3, "Video played to 50%": 0.0, "Account ID": "2789627019", "Conversions": 0.0, "Views": 0, "Engagements": 0, "Avg. CPE": 0.0, "Advertising Sub Channel": "", "Account Name": "[W] G1 - WPL - hctq360", "End date": "", "Video played to 100%": 0.0, "Clicks": 2, "Avg. Cost": 0.08, "Interaction Types": ["Clicks"], "Video played to 25%": 0.0, "View rate": 0.0, "Video played to 75%": 0.0, "Avg. CPM": 53.333333, "CTR": 66.67, "Campaign state": "paused", "Unique cookies": "", "Advertising Channel": "Search", "Interaction Rate": 66.67, "Bid Strategy Type": "cpc", "Date": "2017-08-02", "Mapping": false, "Campaign": "Gen-term_BM_360game_LP", "Avg. CPV": 0.0, "Cost": 0.16}, {"Start date": "2017-07-24", "Avg. CPC": 0.069916, "Interactions": 479, "Avg. position": 2.9, "Campaign serving status": "eligible", "Campaign ID": 892452437, "Invalid clicks": 16, "Impressions": 9086, "Video played to 50%": 0.0, "Account ID": "2789627019", "Conversions": 61.0, "Views": 0, "Engagements": 0, "Avg. CPE": 0.0, "Advertising Sub Channel": "", "Account Name": "[W] G1 - WPL - hctq360", "End date": "", "Video played to 100%": 0.0, "Clicks": 479, "Avg. Cost": 0.069916, "Interaction Types": ["Clicks"], "Video played to 25%": 0.0, "View rate": 0.0, "Video played to 75%": 0.0, "Avg. CPM": 3.68589, "CTR": 5.27, "Campaign state": "paused", "Unique cookies": "", "Advertising Channel": "Search", "Interaction Rate": 5.27, "Bid Strategy Type": "cpc", "Date": "2017-08-02", "Mapping": false, "Campaign": "Gen-term_BM_Game_MP", "Avg. CPV": 0.0, "Cost": 33.49}, {"Start date": "2017-07-24", "Avg. CPC": 0.052381, "Interactions": 42, "Avg. position": 3.1, "Campaign serving status": "eligible", "Campaign ID": 892452470, "Invalid clicks": 3, "Impressions": 1171, "Video played to 50%": 0.0, "Account ID": "2789627019", "Conversions": 11.0, "Views": 0, "Engagements": 0, "Avg. CPE": 0.0, "Advertising Sub Channel": "", "Account Name": "[W] G1 - WPL - hctq360", "End date": "", "Video played to 100%": 0.0, "Clicks": 42, "Avg. Cost": 0.052381, "Interaction Types": ["Clicks"], "Video played to 25%": 0.0, "View rate": 0.0, "Video played to 75%": 0.0, "Avg. CPM": 1.878736, "CTR": 3.59, "Campaign state": "paused", "Unique cookies": "", "Advertising Channel": "Search", "Interaction Rate": 3.59, "Bid Strategy Type": "cpc", "Date": "2017-08-02", "Mapping": false, "Campaign": "Gen-term_BM_Other_MP", "Avg. CPV": 0.0, "Cost": 2.2}, {"Start date": "2017-07-24", "Avg. CPC": 0.174, "Interactions": 10, "Avg. position": 1.0, "Campaign serving status": "eligible", "Campaign ID": 892452605, "Invalid clicks": 0, "Impressions": 21, "Video played to 50%": 0.0, "Account ID": "2789627019", "Conversions": 4.0, "Views": 0, "Engagements": 0, "Avg. CPE": 0.0, "Advertising Sub Channel": "", "Account Name": "[W] G1 - WPL - hctq360", "End date": "", "Video played to 100%": 0.0, "Clicks": 10, "Avg. Cost": 0.174, "Interaction Types": ["Clicks"], "Video played to 25%": 0.0, "View rate": 0.0, "Video played to 75%": 0.0, "Avg. CPM": 82.857143, "CTR": 47.62, "Campaign state": "paused", "Unique cookies": "", "Advertising Channel": "Search", "Interaction Rate": 47.62, "Bid Strategy Type": "cpc", "Date": "2017-08-02", "Mapping": false, "Campaign": "Gen-term_EX_Game_HP", "Avg. CPV": 0.0, "Cost": 1.74}, {"Start date": "2017-07-24", "Avg. CPC": 0.163333, "Interactions": 3, "Avg. position": 1.0, "Campaign serving status": "eligible", "Campaign ID": 892452680, "Invalid clicks": 0, "Impressions": 26, "Video played to 50%": 0.0, "Account ID": "2789627019", "Conversions": 1.0, "Views": 0, "Engagements": 0, "Avg. CPE": 0.0, "Advertising Sub Channel": "", "Account Name": "[W] G1 - WPL - hctq360", "End date": "", "Video played to 100%": 0.0, "Clicks": 3, "Avg. Cost": 0.163333, "Interaction Types": ["Clicks"], "Video played to 25%": 0.0, "View rate": 0.0, "Video played to 75%": 0.0, "Avg. CPM": 18.846154, "CTR": 11.54, "Campaign state": "paused", "Unique cookies": "", "Advertising Channel": "Search", "Interaction Rate": 11.54, "Bid Strategy Type": "cpc", "Date": "2017-08-02", "Mapping": false, "Campaign": "Gen-term_PM_Other_MP", "Avg. CPV": 0.0, "Cost": 0.49}, {"Start date": "2017-07-24", "Avg. CPC": 0.022872, "Interactions": 94, "Avg. position": 1.0, "Campaign serving status": "eligible", "Campaign ID": 892452476, "Invalid clicks": 1, "Impressions": 318, "Video played to 50%": 0.0, "Account ID": "2789627019", "Conversions": 4.0, "Views": 0, "Engagements": 0, "Avg. CPE": 0.0, "Advertising Sub Channel": "", "Account Name": "[W] G1 - WPL - hctq360", "End date": "", "Video played to 100%": 0.0, "Clicks": 94, "Avg. Cost": 0.022872, "Interaction Types": ["Clicks"], "Video played to 25%": 0.0, "View rate": 0.0, "Video played to 75%": 0.0, "Avg. CPM": 6.761006, "CTR": 29.56, "Campaign state": "paused", "Unique cookies": "", "Advertising Channel": "Search", "Interaction Rate": 29.56, "Bid Strategy Type": "cpc", "Date": "2017-08-02", "Mapping": false, "Campaign": "Gen-term_EX_360game_HP", "Avg. CPV": 0.0, "Cost": 2.15}, {"Start date": "2017-07-24", "Avg. CPC": 0.197842, "Interactions": 139, "Avg. position": 1.2, "Campaign serving status": "eligible", "Campaign ID": 892452617, "Invalid clicks": 17, "Impressions": 710, "Video played to 50%": 0.0, "Account ID": "2789627019", "Conversions": 55.0, "Views": 0, "Engagements": 0, "Avg. CPE": 0.0, "Advertising Sub Channel": "", "Account Name": "[W] G1 - WPL - hctq360", "End date": "", "Video played to 100%": 0.0, "Clicks": 139, "Avg. Cost": 0.197842, "Interaction Types": ["Clicks"], "Video played to 25%": 0.0, "View rate": 0.0, "Video played to 75%": 0.0, "Avg. CPM": 38.732394, "CTR": 19.58, "Campaign state": "paused", "Unique cookies": "", "Advertising Channel": "Search", "Interaction Rate": 19.58, "Bid Strategy Type": "cpc", "Date": "2017-08-02", "Mapping": false, "Campaign": "Gen-term_EX_GO_LP", "Avg. CPV": 0.0, "Cost": 27.5}, {"Start date": "2017-07-24", "Avg. CPC": 0.10717, "Interactions": 53, "Avg. position": 1.2, "Campaign serving status": "eligible", "Campaign ID": 892452662, "Invalid clicks": 3, "Impressions": 242, "Video played to 50%": 0.0, "Account ID": "2789627019", "Conversions": 11.0, "Views": 0, "Engagements": 0, "Avg. CPE": 0.0, "Advertising Sub Channel": "", "Account Name": "[W] G1 - WPL - hctq360", "End date": "", "Video played to 100%": 0.0, "Clicks": 53, "Avg. Cost": 0.10717, "Interaction Types": ["Clicks"], "Video played to 25%": 0.0, "View rate": 0.0, "Video played to 75%": 0.0, "Avg. CPM": 23.471074, "CTR": 21.9, "Campaign state": "paused", "Unique cookies": "", "Advertising Channel": "Search", "Interaction Rate": 21.9, "Bid Strategy Type": "cpc", "Date": "2017-08-02", "Mapping": false, "Campaign": "Gen-term_PM_Game_MP", "Avg. CPV": 0.0, "Cost": 5.68}, {"Start date": "2017-07-27", "Avg. CPC": 0.035, "Interactions": 6, "Avg. position": 1.3, "Campaign serving status": "eligible", "Campaign ID": 895328051, "Invalid clicks": 1, "Impressions": 29, "Video played to 50%": 0.0, "Account ID": "2789627019", "Conversions": 1.0, "Views": 0, "Engagements": 0, "Avg. CPE": 0.0, "Advertising Sub Channel": "", "Account Name": "[W] G1 - WPL - hctq360", "End date": "", "Video played to 100%": 0.0, "Clicks": 6, "Avg. Cost": 0.035, "Interaction Types": ["Clicks"], "Video played to 25%": 0.0, "View rate": 0.0, "Video played to 75%": 0.0, "Avg. CPM": 7.241379, "CTR": 20.69, "Campaign state": "paused", "Unique cookies": "", "Advertising Channel": "Search", "Interaction Rate": 20.69, "Bid Strategy Type": "cpc", "Date": "2017-08-02", "Mapping": false, "Campaign": "Gen-term_BM_Game-Tam-Quoc", "Avg. CPV": 0.0, "Cost": 0.21}, {"Start date": "2017-07-24", "Avg. CPC": 0.058462, "Interactions": 13, "Avg. position": 1.9, "Campaign serving status": "eligible", "Campaign ID": 892452434, "Invalid clicks": 0, "Impressions": 168, "Video played to 50%": 0.0, "Account ID": "2789627019", "Conversions": 1.0, "Views": 0, "Engagements": 0, "Avg. CPE": 0.0, "Advertising Sub Channel": "", "Account Name": "[W] G1 - WPL - hctq360", "End date": "", "Video played to 100%": 0.0, "Clicks": 13, "Avg. Cost": 0.058462, "Interaction Types": ["Clicks"], "Video played to 25%": 0.0, "View rate": 0.0, "Video played to 75%": 0.0, "Avg. CPM": 4.52381, "CTR": 7.74, "Campaign state": "paused", "Unique cookies": "", "Advertising Channel": "Search", "Interaction Rate": 7.74, "Bid Strategy Type": "cpc", "Date": "2017-08-02", "Mapping": false, "Campaign": "Gen-term_BM_Game_HP", "Avg. CPV": 0.0, "Cost": 0.76}, {"Start date": "2017-07-24", "Avg. CPC": 0.18, "Interactions": 2, "Avg. position": 1.6, "Campaign serving status": "eligible", "Campaign ID": 892452668, "Invalid clicks": 1, "Impressions": 110, "Video played to 50%": 0.0, "Account ID": "2789627019", "Conversions": 1.0, "Views": 0, "Engagements": 0, "Avg. CPE": 0.0, "Advertising Sub Channel": "", "Account Name": "[W] G1 - WPL - hctq360", "End date": "", "Video played to 100%": 0.0, "Clicks": 2, "Avg. Cost": 0.18, "Interaction Types": ["Clicks"], "Video played to 25%": 0.0, "View rate": 0.0, "Video played to 75%": 0.0, "Avg. CPM": 3.272727, "CTR": 1.82, "Campaign state": "paused", "Unique cookies": "", "Advertising Channel": "Search", "Interaction Rate": 1.82, "Bid Strategy Type": "cpc", "Date": "2017-08-02", "Mapping": false, "Campaign": "Gen-term_PM_GO_LP", "Avg. CPV": 0.0, "Cost": 0.36}, {"Start date": "2017-07-24", "Avg. CPC": 0.040164, "Interactions": 183, "Avg. position": 1.0, "Campaign serving status": "eligible", "Campaign ID": 892452698, "Invalid clicks": 7, "Impressions": 785, "Video played to 50%": 0.0, "Account ID": "2789627019", "Conversions": 16.0, "Views": 0, "Engagements": 0, "Avg. CPE": 0.0, "Advertising Sub Channel": "", "Account Name": "[W] G1 - WPL - hctq360", "End date": "", "Video played to 100%": 0.0, "Clicks": 183, "Avg. Cost": 0.040164, "Interaction Types": ["Clicks"], "Video played to 25%": 0.0, "View rate": 0.0, "Video played to 75%": 0.0, "Avg. CPM": 9.363057, "CTR": 23.31, "Campaign state": "enabled", "Unique cookies": "", "Advertising Channel": "Search", "Interaction Rate": 23.31, "Bid Strategy Type": "cpc", "Date": "2017-08-02", "Mapping": false, "Campaign": "Brand-term_BM_Huyet-chien", "Avg. CPV": 0.0, "Cost": 7.35}, {"Start date": "", "Avg. CPC": 0.058107, "Interactions": 2757, "Avg. position": 2.8, "Campaign serving status": "", "Campaign ID": "", "Invalid clicks": 107, "Impressions": 31505, "Video played to 50%": 0.0, "Account ID": "2789627019", "Conversions": 359.0, "Views": 0, "Engagements": 0, "Avg. CPE": 0.0, "Advertising Sub Channel": "", "Account Name": "[W] G1 - WPL - hctq360", "End date": "", "Video played to 100%": 0.0, "Clicks": 2757, "Avg. Cost": 0.058107, "Interaction Types": "", "Video played to 25%": 0.0, "View rate": 0.0, "Video played to 75%": 0.0, "Avg. CPM": 5.084907, "CTR": 8.75, "Campaign state": "Total", "Unique cookies": "", "Advertising Channel": "", "Interaction Rate": 8.75, "Bid Strategy Type": "", "Date": "2017-08-02", "Mapping": false, "Campaign": "", "Avg. CPV": 0.0, "Cost": 160.2}]