[{"Account ID": "8559396163", "Conversions": 71.0, "Views": 0, "Video played to 50%": 0.0, "Advertising Sub Channel": "", "Campaign": "Brand-term_VoLamChiMong2", "Avg. CPE": 0.0, "Campaign serving status": "eligible", "Invalid clicks": 33, "Interaction Rate": 61.98, "Interaction Types": ["Clicks"], "Engagements": 0, "End date": "", "Avg. position": 1.0, "Video played to 100%": 0.0, "Video played to 25%": 0.0, "Video played to 75%": 0.0, "Mapping": false, "Avg. CPV": 0.0, "View rate": 0.0, "Avg. CPC": 0.010938, "Avg. Cost": 0.010938, "Avg. CPM": 6.778797, "Campaign state": "paused", "Start date": "2015-01-15", "Account Name": "[paused] G1 - WPL - vlcm2360", "Cost": 6.65, "Advertising Channel": "Search", "Campaign ID": 256105637, "Interactions": 608, "Unique cookies": "", "Clicks": 608, "CTR": 61.98, "Dept": "WPL", "Bid Strategy Type": "cpc", "Date": "2017-03-01", "Impressions": 981}, {"Account ID": "8559396163", "Conversions": 0.0, "Views": 0, "Video played to 50%": 0.0, "Advertising Sub Channel": "", "Campaign": "Brand-term_GameVoLamChiMong2", "Avg. CPE": 0.0, "Campaign serving status": "eligible", "Invalid clicks": 0, "Interaction Rate": 20.0, "Interaction Types": ["Clicks"], "Engagements": 0, "End date": "", "Avg. position": 1.0, "Video played to 100%": 0.0, "Video played to 25%": 0.0, "Video played to 75%": 0.0, "Mapping": false, "Avg. CPV": 0.0, "View rate": 0.0, "Avg. CPC": 0.01, "Avg. Cost": 0.01, "Avg. CPM": 2.0, "Campaign state": "paused", "Start date": "2015-01-15", "Account Name": "[paused] G1 - WPL - vlcm2360", "Cost": 0.01, "Advertising Channel": "Search", "Campaign ID": 256105517, "Interactions": 1, "Unique cookies": "", "Clicks": 1, "CTR": 20.0, "Dept": "WPL", "Bid Strategy Type": "cpc", "Date": "2017-03-01", "Impressions": 5}, {"Account ID": "8559396163", "Conversions": 71.0, "Views": 0, "Video played to 50%": 0.0, "Advertising Sub Channel": "", "Campaign": "", "Avg. CPE": 0.0, "Campaign serving status": "", "Invalid clicks": 33, "Interaction Rate": 61.76, "Interaction Types": "", "Engagements": 0, "End date": "", "Avg. position": 1.0, "Video played to 100%": 0.0, "Video played to 25%": 0.0, "Video played to 75%": 0.0, "Mapping": false, "Avg. CPV": 0.0, "View rate": 0.0, "Avg. CPC": 0.010936, "Avg. Cost": 0.010936, "Avg. CPM": 6.754564, "Campaign state": "Total", "Start date": "", "Account Name": "[paused] G1 - WPL - vlcm2360", "Cost": 6.66, "Advertising Channel": "", "Campaign ID": "", "Interactions": 609, "Unique cookies": "", "Clicks": 609, "CTR": 61.76, "Dept": "WPL", "Bid Strategy Type": "", "Date": "2017-03-01", "Impressions": 986}]