[{"View rate": 0.0, "Campaign": "Brand-term_\u0110\u1ea1i Ch\u00faa T\u1ec3 Truy\u1ec7n", "Unique cookies": "", "Dept": "WPL", "Bid Strategy Type": "cpc", "Views": 0, "Video played to 50%": 0.0, "CTR": 16.43, "Conversions": 0.0, "Account ID": "1290781574", "Clicks": 23, "Interaction Rate": 16.43, "Avg. position": 1.0, "Advertising Channel": "Search", "Advertising Sub Channel": "", "Campaign ID": 683403482, "Avg. CPV": 0.0, "Campaign serving status": "eligible", "Avg. CPM": 2.071429, "Invalid clicks": 4, "End date": "", "Avg. Cost": 0.012609, "Start date": "2016-10-18", "Mapping": false, "Engagements": 0, "Avg. CPC": 0.012609, "Interactions": 23, "Date": "2017-03-01", "Video played to 100%": 0.0, "Cost": 0.29, "Interaction Types": ["Clicks"], "Video played to 75%": 0.0, "Video played to 25%": 0.0, "Campaign state": "paused", "Avg. CPE": 0.0, "Account Name": "[paused] G1 - WPL - dct360-2", "Impressions": 140}, {"View rate": 0.0, "Campaign": "Gen-term_FH-WG-br-MOR", "Unique cookies": "", "Dept": "WPL", "Bid Strategy Type": "cpc", "Views": 0, "Video played to 50%": 0.0, "CTR": 12.5, "Conversions": 0.0, "Account ID": "1290781574", "Clicks": 2, "Interaction Rate": 12.5, "Avg. position": 1.6, "Advertising Channel": "Search", "Advertising Sub Channel": "", "Campaign ID": 683403263, "Avg. CPV": 0.0, "Campaign serving status": "eligible", "Avg. CPM": 5.0, "Invalid clicks": 0, "End date": "", "Avg. Cost": 0.04, "Start date": "2016-10-18", "Mapping": false, "Engagements": 0, "Avg. CPC": 0.04, "Interactions": 2, "Date": "2017-03-01", "Video played to 100%": 0.0, "Cost": 0.08, "Interaction Types": ["Clicks"], "Video played to 75%": 0.0, "Video played to 25%": 0.0, "Campaign state": "paused", "Avg. CPE": 0.0, "Account Name": "[paused] G1 - WPL - dct360-2", "Impressions": 16}, {"View rate": 0.0, "Campaign": "Brand-term_\u0110\u1ea1i Ch\u00faa T\u1ec3-MOR", "Unique cookies": "", "Dept": "WPL", "Bid Strategy Type": "cpc", "Views": 0, "Video played to 50%": 0.0, "CTR": 18.24, "Conversions": 25.0, "Account ID": "1290781574", "Clicks": 339, "Interaction Rate": 18.24, "Avg. position": 1.0, "Advertising Channel": "Search", "Advertising Sub Channel": "", "Campaign ID": 683403356, "Avg. CPV": 0.0, "Campaign serving status": "eligible", "Avg. CPM": 9.150081, "Invalid clicks": 30, "End date": "", "Avg. Cost": 0.050177, "Start date": "2016-10-18", "Mapping": false, "Engagements": 0, "Avg. CPC": 0.050177, "Interactions": 339, "Date": "2017-03-01", "Video played to 100%": 0.0, "Cost": 17.01, "Interaction Types": ["Clicks"], "Video played to 75%": 0.0, "Video played to 25%": 0.0, "Campaign state": "paused", "Avg. CPE": 0.0, "Account Name": "[paused] G1 - WPL - dct360-2", "Impressions": 1859}, {"View rate": 0.0, "Campaign": "Brand-term_dct-MOR", "Unique cookies": "", "Dept": "WPL", "Bid Strategy Type": "cpc", "Views": 0, "Video played to 50%": 0.0, "CTR": 47.5, "Conversions": 2.0, "Account ID": "1290781574", "Clicks": 38, "Interaction Rate": 47.5, "Avg. position": 1.0, "Advertising Channel": "Search", "Advertising Sub Channel": "", "Campaign ID": 683403359, "Avg. CPV": 0.0, "Campaign serving status": "eligible", "Avg. CPM": 9.875, "Invalid clicks": 1, "End date": "", "Avg. Cost": 0.020789, "Start date": "2016-10-18", "Mapping": false, "Engagements": 0, "Avg. CPC": 0.020789, "Interactions": 38, "Date": "2017-03-01", "Video played to 100%": 0.0, "Cost": 0.79, "Interaction Types": ["Clicks"], "Video played to 75%": 0.0, "Video played to 25%": 0.0, "Campaign state": "paused", "Avg. CPE": 0.0, "Account Name": "[paused] G1 - WPL - dct360-2", "Impressions": 80}, {"View rate": 0.0, "Campaign": "", "Unique cookies": "", "Dept": "WPL", "Bid Strategy Type": "", "Views": 0, "Video played to 50%": 0.0, "CTR": 19.02, "Conversions": 27.0, "Account ID": "1290781574", "Clicks": 402, "Interaction Rate": 19.02, "Avg. position": 1.0, "Advertising Channel": "", "Advertising Sub Channel": "", "Campaign ID": "", "Avg. CPV": 0.0, "Campaign serving status": "", "Avg. CPM": 8.59508, "Invalid clicks": 35, "End date": "", "Avg. Cost": 0.045199, "Start date": "", "Mapping": false, "Engagements": 0, "Avg. CPC": 0.045199, "Interactions": 402, "Date": "2017-03-01", "Video played to 100%": 0.0, "Cost": 18.17, "Interaction Types": "", "Video played to 75%": 0.0, "Video played to 25%": 0.0, "Campaign state": "Total", "Avg. CPE": 0.0, "Account Name": "[paused] G1 - WPL - dct360-2", "Impressions": 2114}]