[{"Account ID": "6376833586", "Conversions": 7.0, "Views": 0, "Video played to 50%": 0.0, "Advertising Sub Channel": "", "Campaign": "GDN_TVC_VIP_Re360game", "Avg. CPE": 0.0, "Campaign serving status": "ended", "Invalid clicks": 21, "Interaction Rate": 0.32, "Interaction Types": ["Clicks"], "Engagements": 0, "End date": "2017-03-03", "Avg. position": 1.0, "Video played to 100%": 0.0, "Video played to 25%": 0.0, "Video played to 75%": 0.0, "Mapping": false, "Avg. CPV": 0.0, "View rate": 0.0, "Avg. CPC": 0.045375, "Avg. Cost": 0.045375, "Avg. CPM": 0.14434, "Campaign state": "paused", "Start date": "2017-02-27", "Account Name": "[W] G1 - WPL - tvc360", "Cost": 3.63, "Advertising Channel": "Display", "Campaign ID": 764249643, "Interactions": 80, "Unique cookies": 8078, "Clicks": 80, "CTR": 0.32, "Dept": "WPL", "Bid Strategy Type": "cpc", "Date": "2017-03-02", "Impressions": 25149}, {"Account ID": "6376833586", "Conversions": 26.0, "Views": 0, "Video played to 50%": 0.0, "Advertising Sub Channel": "", "Campaign": "Brand-term_tvc", "Avg. CPE": 0.0, "Campaign serving status": "eligible", "Invalid clicks": 15, "Interaction Rate": 48.41, "Interaction Types": ["Clicks"], "Engagements": 0, "End date": "", "Avg. position": 1.0, "Video played to 100%": 0.0, "Video played to 25%": 0.0, "Video played to 75%": 0.0, "Mapping": false, "Avg. CPV": 0.0, "View rate": 0.0, "Avg. CPC": 0.012012, "Avg. Cost": 0.012012, "Avg. CPM": 5.814351, "Campaign state": "enabled", "Start date": "2017-02-20", "Account Name": "[W] G1 - WPL - tvc360", "Cost": 10.21, "Advertising Channel": "Search", "Campaign ID": 759575163, "Interactions": 850, "Unique cookies": "", "Clicks": 850, "CTR": 48.41, "Dept": "WPL", "Bid Strategy Type": "cpc", "Date": "2017-03-02", "Impressions": 1756}, {"Account ID": "6376833586", "Conversions": 3.0, "Views": 0, "Video played to 50%": 0.0, "Advertising Sub Channel": "", "Campaign": "GDN_Keyword-Contextual", "Avg. CPE": 0.0, "Campaign serving status": "eligible", "Invalid clicks": 7, "Interaction Rate": 0.07, "Interaction Types": ["Clicks"], "Engagements": 0, "End date": "", "Avg. position": 1.0, "Video played to 100%": 0.0, "Video played to 25%": 0.0, "Video played to 75%": 0.0, "Mapping": false, "Avg. CPV": 0.0, "View rate": 0.0, "Avg. CPC": 0.035, "Avg. Cost": 0.035, "Avg. CPM": 0.025728, "Campaign state": "paused", "Start date": "2017-03-02", "Account Name": "[W] G1 - WPL - tvc360", "Cost": 0.28, "Advertising Channel": "Display", "Campaign ID": 767096046, "Interactions": 8, "Unique cookies": 4829, "Clicks": 8, "CTR": 0.07, "Dept": "WPL", "Bid Strategy Type": "cpc", "Date": "2017-03-02", "Impressions": 10883}, {"Account ID": "6376833586", "Conversions": 21.0, "Views": 0, "Video played to 50%": 0.0, "Advertising Sub Channel": "", "Campaign": "Brand-term_thanh-van-chi-abc", "Avg. CPE": 0.0, "Campaign serving status": "eligible", "Invalid clicks": 14, "Interaction Rate": 64.71, "Interaction Types": ["Clicks"], "Engagements": 0, "End date": "", "Avg. position": 1.0, "Video played to 100%": 0.0, "Video played to 25%": 0.0, "Video played to 75%": 0.0, "Mapping": false, "Avg. CPV": 0.0, "View rate": 0.0, "Avg. CPC": 0.015146, "Avg. Cost": 0.015146, "Avg. CPM": 9.800598, "Campaign state": "enabled", "Start date": "2017-02-20", "Account Name": "[W] G1 - WPL - tvc360", "Cost": 9.83, "Advertising Channel": "Search", "Campaign ID": 759575166, "Interactions": 649, "Unique cookies": "", "Clicks": 649, "CTR": 64.71, "Dept": "WPL", "Bid Strategy Type": "cpc", "Date": "2017-03-02", "Impressions": 1003}, {"Account ID": "6376833586", "Conversions": 717.0, "Views": 0, "Video played to 50%": 0.0, "Advertising Sub Channel": "", "Campaign": "Brand-term_thanh-van-chi", "Avg. CPE": 0.0, "Campaign serving status": "eligible", "Invalid clicks": 289, "Interaction Rate": 67.05, "Interaction Types": ["Clicks"], "Engagements": 0, "End date": "", "Avg. position": 1.0, "Video played to 100%": 0.0, "Video played to 25%": 0.0, "Video played to 75%": 0.0, "Mapping": false, "Avg. CPV": 0.0, "View rate": 0.0, "Avg. CPC": 0.017627, "Avg. Cost": 0.017627, "Avg. CPM": 11.817925, "Campaign state": "enabled", "Start date": "2017-02-20", "Account Name": "[W] G1 - WPL - tvc360", "Cost": 167.33, "Advertising Channel": "Search", "Campaign ID": 759377721, "Interactions": 9493, "Unique cookies": "", "Clicks": 9493, "CTR": 67.05, "Dept": "WPL", "Bid Strategy Type": "cpc", "Date": "2017-03-02", "Impressions": 14159}, {"Account ID": "6376833586", "Conversions": 30.0, "Views": 0, "Video played to 50%": 0.0, "Advertising Sub Channel": "", "Campaign": "GDN_Placement-Remarketing-360game", "Avg. CPE": 0.0, "Campaign serving status": "eligible", "Invalid clicks": 15, "Interaction Rate": 0.23, "Interaction Types": ["Clicks"], "Engagements": 0, "End date": "", "Avg. position": 1.0, "Video played to 100%": 0.0, "Video played to 25%": 0.0, "Video played to 75%": 0.0, "Mapping": false, "Avg. CPV": 0.0, "View rate": 0.0, "Avg. CPC": 0.031245, "Avg. Cost": 0.031245, "Avg. CPM": 0.070643, "Campaign state": "paused", "Start date": "2017-03-02", "Account Name": "[W] G1 - WPL - tvc360", "Cost": 7.53, "Advertising Channel": "Display", "Campaign ID": 766651408, "Interactions": 241, "Unique cookies": 41729, "Clicks": 241, "CTR": 0.23, "Dept": "WPL", "Bid Strategy Type": "cpc", "Date": "2017-03-02", "Impressions": 106593}, {"Account ID": "6376833586", "Conversions": 804.0, "Views": 0, "Video played to 50%": 0.0, "Advertising Sub Channel": "", "Campaign": "", "Avg. CPE": 0.0, "Campaign serving status": "", "Invalid clicks": 361, "Interaction Rate": 7.07, "Interaction Types": "", "Engagements": 0, "End date": "", "Avg. position": 1.0, "Video played to 100%": 0.0, "Video played to 25%": 0.0, "Video played to 75%": 0.0, "Mapping": false, "Avg. CPV": 0.0, "View rate": 0.0, "Avg. CPC": 0.017561, "Avg. Cost": 0.017561, "Avg. CPM": 1.241135, "Campaign state": "Total", "Start date": "", "Account Name": "[W] G1 - WPL - tvc360", "Cost": 198.81, "Advertising Channel": "", "Campaign ID": "", "Interactions": 11321, "Unique cookies": "", "Clicks": 11321, "CTR": 7.07, "Dept": "WPL", "Bid Strategy Type": "", "Date": "2017-03-02", "Impressions": 160184}]