[{"Campaign serving status": "eligible", "Advertising Channel": "Search", "Views": 0, "Avg. CPC": 0.05, "Video played to 75%": 0.0, "Campaign state": "paused", "Video played to 50%": 0.0, "Interaction Rate": 5.26, "Mapping": false, "Account ID": "2351496518", "Start date": "2017-01-13", "Avg. CPE": 0.0, "Account Name": "COL2 (ko su dung)", "Impressions": 19, "Video played to 25%": 0.0, "Engagements": 0, "Conversions": 0.0, "Video played to 100%": 0.0, "Avg. Cost": 0.05, "Interactions": 1, "Clicks": 1, "Avg. CPV": 0.0, "Unique cookies": "", "Invalid clicks": 0, "Advertising Sub Channel": "", "Interaction Types": ["Clicks"], "Avg. position": 1.7, "Date": "2017-03-01", "CTR": 5.26, "Dept": "MP2", "View rate": 0.0, "Bid Strategy Type": "cpc", "Cost": 0.05, "Campaign ID": "735927566", "Avg. CPM": 2.631579, "Campaign": "Campaign #1", "End date": ""}, {"Campaign serving status": "", "Advertising Channel": "", "Views": 0, "Avg. CPC": 0.05, "Video played to 75%": 0.0, "Campaign state": "Total", "Video played to 50%": 0.0, "Interaction Rate": 5.26, "Mapping": false, "Account ID": "2351496518", "Start date": "", "Avg. CPE": 0.0, "Account Name": "COL2 (ko su dung)", "Impressions": 19, "Video played to 25%": 0.0, "Engagements": 0, "Conversions": 0.0, "Video played to 100%": 0.0, "Avg. Cost": 0.05, "Interactions": 1, "Clicks": 1, "Avg. CPV": 0.0, "Unique cookies": "", "Invalid clicks": 0, "Advertising Sub Channel": "", "Interaction Types": "", "Avg. position": 1.7, "Date": "2017-03-01", "CTR": 5.26, "Dept": "MP2", "View rate": 0.0, "Bid Strategy Type": "", "Cost": 0.05, "Campaign ID": "", "Avg. CPM": 2.631579, "Campaign": "", "End date": ""}]