[{"Bid Strategy Type": "Target CPA", "Account Name": "[M] - cfmobile - Appinstall - Android - VN", "End date": "", "Advertising Channel": "Search", "Mapping": false, "Campaign": "Android_CT-01_Generic_FPSChung", "Date": "2017-05-03", "Avg. CPE": 0.0, "Video played to 50%": 0.0, "Clicks": 5507, "Cost": 574.48, "Video played to 25%": 0.0, "Interaction Types": ["Clicks"], "Campaign state": "paused", "Avg. position": 1.1, "Interactions": 5507, "View rate": 0.0, "Campaign serving status": "eligible", "Engagements": 0, "Avg. Cost": 0.104318, "Conversions": 987.0, "Avg. CPV": 0.0, "Invalid clicks": 609, "Unique cookies": "", "Campaign ID": 803995629, "Views": 0, "Interaction Rate": 18.44, "Advertising Sub Channel": "Search Mobile App", "Account ID": "9595118601", "Video played to 100%": 0.0, "CTR": 18.44, "Start date": "2017-04-13", "Avg. CPC": 0.104318, "Video played to 75%": 0.0, "Impressions": 29869, "Avg. CPM": 19.233319}, {"Bid Strategy Type": "Target CPA", "Account Name": "[M] - cfmobile - Appinstall - Android - VN", "End date": "", "Advertising Channel": "Search", "Mapping": false, "Campaign": "Android_CT-01_Brand_CFonly", "Date": "2017-05-03", "Avg. CPE": 0.0, "Video played to 50%": 0.0, "Clicks": 736, "Cost": 88.86, "Video played to 25%": 0.0, "Interaction Types": ["Clicks"], "Campaign state": "enabled", "Avg. position": 1.0, "Interactions": 736, "View rate": 0.0, "Campaign serving status": "eligible", "Engagements": 0, "Avg. Cost": 0.120734, "Conversions": 162.0, "Avg. CPV": 0.0, "Invalid clicks": 113, "Unique cookies": "", "Campaign ID": 808176470, "Views": 0, "Interaction Rate": 11.42, "Advertising Sub Channel": "Search Mobile App", "Account ID": "9595118601", "Video played to 100%": 0.0, "CTR": 11.42, "Start date": "2017-04-20", "Avg. CPC": 0.120734, "Video played to 75%": 0.0, "Impressions": 6447, "Avg. CPM": 13.783155}, {"Bid Strategy Type": "cpc", "Account Name": "[M] - cfmobile - Appinstall - Android - VN", "End date": "", "Advertising Channel": "Search", "Mapping": false, "Campaign": "Android_CT-01_Competitor_XuatKich", "Date": "2017-05-03", "Avg. CPE": 0.0, "Video played to 50%": 0.0, "Clicks": 31, "Cost": 5.09, "Video played to 25%": 0.0, "Interaction Types": ["Clicks"], "Campaign state": "paused", "Avg. position": 1.4, "Interactions": 31, "View rate": 0.0, "Campaign serving status": "eligible", "Engagements": 0, "Avg. Cost": 0.164194, "Conversions": 3.0, "Avg. CPV": 0.0, "Invalid clicks": 2, "Unique cookies": "", "Campaign ID": 810295352, "Views": 0, "Interaction Rate": 18.9, "Advertising Sub Channel": "Search Mobile App", "Account ID": "9595118601", "Video played to 100%": 0.0, "CTR": 18.9, "Start date": "2017-04-24", "Avg. CPC": 0.164194, "Video played to 75%": 0.0, "Impressions": 164, "Avg. CPM": 31.036585}, {"Bid Strategy Type": "Target CPA", "Account Name": "[M] - cfmobile - Appinstall - Android - VN", "End date": "", "Advertising Channel": "Search", "Mapping": false, "Campaign": "Android_CT-01_Brand_Competitor_PhucKich", "Date": "2017-05-03", "Avg. CPE": 0.0, "Video played to 50%": 0.0, "Clicks": 1083, "Cost": 124.22, "Video played to 25%": 0.0, "Interaction Types": ["Clicks"], "Campaign state": "paused", "Avg. position": 1.1, "Interactions": 1083, "View rate": 0.0, "Campaign serving status": "eligible", "Engagements": 0, "Avg. Cost": 0.1147, "Conversions": 194.0, "Avg. CPV": 0.0, "Invalid clicks": 110, "Unique cookies": "", "Campaign ID": 806629620, "Views": 0, "Interaction Rate": 13.12, "Advertising Sub Channel": "Search Mobile App", "Account ID": "9595118601", "Video played to 100%": 0.0, "CTR": 13.12, "Start date": "2017-04-18", "Avg. CPC": 0.1147, "Video played to 75%": 0.0, "Impressions": 8254, "Avg. CPM": 15.049673}, {"Bid Strategy Type": "Target CPA", "Account Name": "[M] - cfmobile - Appinstall - Android - VN", "End date": "", "Advertising Channel": "Search", "Mapping": false, "Campaign": "Android_CT-01_Brand_CFmobi", "Date": "2017-05-03", "Avg. CPE": 0.0, "Video played to 50%": 0.0, "Clicks": 60, "Cost": 10.05, "Video played to 25%": 0.0, "Interaction Types": ["Clicks"], "Campaign state": "paused", "Avg. position": 1.1, "Interactions": 60, "View rate": 0.0, "Campaign serving status": "eligible", "Engagements": 0, "Avg. Cost": 0.1675, "Conversions": 5.0, "Avg. CPV": 0.0, "Invalid clicks": 9, "Unique cookies": "", "Campaign ID": 808455972, "Views": 0, "Interaction Rate": 9.06, "Advertising Sub Channel": "Search Mobile App", "Account ID": "9595118601", "Video played to 100%": 0.0, "CTR": 9.06, "Start date": "2017-04-20", "Avg. CPC": 0.1675, "Video played to 75%": 0.0, "Impressions": 662, "Avg. CPM": 15.181269}, {"Bid Strategy Type": "Target CPA", "Account Name": "[M] - cfmobile - Appinstall - Android - VN", "End date": "", "Advertising Channel": "Search", "Mapping": false, "Campaign": "Android_CT-01_Competitor_CS", "Date": "2017-05-03", "Avg. CPE": 0.0, "Video played to 50%": 0.0, "Clicks": 227, "Cost": 16.4, "Video played to 25%": 0.0, "Interaction Types": ["Clicks"], "Campaign state": "enabled", "Avg. position": 1.0, "Interactions": 227, "View rate": 0.0, "Campaign serving status": "eligible", "Engagements": 0, "Avg. Cost": 0.072247, "Conversions": 47.0, "Avg. CPV": 0.0, "Invalid clicks": 20, "Unique cookies": "", "Campaign ID": 810296345, "Views": 0, "Interaction Rate": 19.72, "Advertising Sub Channel": "Search Mobile App", "Account ID": "9595118601", "Video played to 100%": 0.0, "CTR": 19.72, "Start date": "2017-04-24", "Avg. CPC": 0.072247, "Video played to 75%": 0.0, "Impressions": 1151, "Avg. CPM": 14.24848}, {"Bid Strategy Type": "Target CPA", "Account Name": "[M] - cfmobile - Appinstall - Android - VN", "End date": "", "Advertising Channel": "Display", "Mapping": false, "Campaign": "Android_CT-02_TA2-09_DE-04", "Date": "2017-05-03", "Avg. CPE": 0.045, "Video played to 50%": 15.63, "Clicks": 11221, "Cost": 190.47, "Video played to 25%": 53.9, "Interaction Types": ["Clicks", "Engag"], "Campaign state": "paused", "Avg. position": 1.0, "Interactions": 11227, "View rate": 0.0, "Campaign serving status": "eligible", "Engagements": 6, "Avg. Cost": 0.016965, "Conversions": 761.0, "Avg. CPV": 0.0, "Invalid clicks": 4605, "Unique cookies": 141391, "Campaign ID": 802665524, "Views": 0, "Interaction Rate": 4.79, "Advertising Sub Channel": "Display Mobile App", "Account ID": "9595118601", "Video played to 100%": 7.41, "CTR": 4.79, "Start date": "2017-04-12", "Avg. CPC": 0.016974, "Video played to 75%": 10.16, "Impressions": 234209, "Avg. CPM": 0.813248}, {"Bid Strategy Type": "Target CPA", "Account Name": "[M] - cfmobile - Appinstall - Android - VN", "End date": "", "Advertising Channel": "Search", "Mapping": false, "Campaign": "Android_CT-01_Brand_CF", "Date": "2017-05-03", "Avg. CPE": 0.0, "Video played to 50%": 0.0, "Clicks": 148, "Cost": 5.36, "Video played to 25%": 0.0, "Interaction Types": ["Clicks"], "Campaign state": "enabled", "Avg. position": 1.0, "Interactions": 148, "View rate": 0.0, "Campaign serving status": "eligible", "Engagements": 0, "Avg. Cost": 0.036216, "Conversions": 40.0, "Avg. CPV": 0.0, "Invalid clicks": 38, "Unique cookies": "", "Campaign ID": 803047828, "Views": 0, "Interaction Rate": 35.32, "Advertising Sub Channel": "Search Mobile App", "Account ID": "9595118601", "Video played to 100%": 0.0, "CTR": 35.32, "Start date": "2017-04-13", "Avg. CPC": 0.036216, "Video played to 75%": 0.0, "Impressions": 419, "Avg. CPM": 12.792363}, {"Bid Strategy Type": "cpc", "Account Name": "[M] - cfmobile - Appinstall - Android - VN", "End date": "", "Advertising Channel": "Search", "Mapping": false, "Campaign": "Android_CT-01_Brand_Competitor_CDHT", "Date": "2017-05-03", "Avg. CPE": 0.0, "Video played to 50%": 0.0, "Clicks": 871, "Cost": 94.65, "Video played to 25%": 0.0, "Interaction Types": ["Clicks"], "Campaign state": "paused", "Avg. position": 1.0, "Interactions": 871, "View rate": 0.0, "Campaign serving status": "eligible", "Engagements": 0, "Avg. Cost": 0.108668, "Conversions": 123.0, "Avg. CPV": 0.0, "Invalid clicks": 129, "Unique cookies": "", "Campaign ID": 806628465, "Views": 0, "Interaction Rate": 8.02, "Advertising Sub Channel": "Search Mobile App", "Account ID": "9595118601", "Video played to 100%": 0.0, "CTR": 8.02, "Start date": "2017-04-18", "Avg. CPC": 0.108668, "Video played to 75%": 0.0, "Impressions": 10860, "Avg. CPM": 8.71547}, {"Bid Strategy Type": "Target CPA", "Account Name": "[M] - cfmobile - Appinstall - Android - VN", "End date": "", "Advertising Channel": "Multi Channel", "Mapping": false, "Campaign": "Android_CT-04_TA0-00_DE-04", "Date": "2017-05-03", "Avg. CPE": 0.060726, "Video played to 50%": 19.44, "Clicks": 32953, "Cost": 3815.26929, "Video played to 25%": 27.51, "Interaction Types": ["Clicks", "Engagements", "Views"], "Campaign state": "enabled", "Avg. position": 1.0, "Interactions": 303876, "View rate": 18.31, "Campaign serving status": "eligible", "Engagements": 47039, "Avg. Cost": 0.012555, "Conversions": 10652.0, "Avg. CPV": 0.010743, "Invalid clicks": 2124, "Unique cookies": "", "Campaign ID": 803369718, "Views": 265630, "Interaction Rate": 11.82, "Advertising Sub Channel": "Universal App Campaign", "Account ID": "9595118601", "Video played to 100%": 6.82, "CTR": 1.28, "Start date": "2017-04-12", "Avg. CPC": 0.115779, "Video played to 75%": 16.16, "Impressions": 2571639, "Avg. CPM": 1.483594}, {"Bid Strategy Type": "cpc", "Account Name": "[M] - cfmobile - Appinstall - Android - VN", "End date": "", "Advertising Channel": "Search", "Mapping": false, "Campaign": "Android_CT-01_Brand_Competitor_FPS", "Date": "2017-05-03", "Avg. CPE": 0.0, "Video played to 50%": 0.0, "Clicks": 165, "Cost": 23.39, "Video played to 25%": 0.0, "Interaction Types": ["Clicks"], "Campaign state": "paused", "Avg. position": 1.1, "Interactions": 165, "View rate": 0.0, "Campaign serving status": "eligible", "Engagements": 0, "Avg. Cost": 0.141758, "Conversions": 23.0, "Avg. CPV": 0.0, "Invalid clicks": 22, "Unique cookies": "", "Campaign ID": 803995431, "Views": 0, "Interaction Rate": 9.27, "Advertising Sub Channel": "Search Mobile App", "Account ID": "9595118601", "Video played to 100%": 0.0, "CTR": 9.27, "Start date": "2017-04-13", "Avg. CPC": 0.141758, "Video played to 75%": 0.0, "Impressions": 1780, "Avg. CPM": 13.140449}, {"Bid Strategy Type": "Target CPA", "Account Name": "[M] - cfmobile - Appinstall - Android - VN", "End date": "", "Advertising Channel": "Search", "Mapping": false, "Campaign": "Android_CT-01_Brand_Competitor_DotKich", "Date": "2017-05-03", "Avg. CPE": 0.0, "Video played to 50%": 0.0, "Clicks": 4569, "Cost": 421.26, "Video played to 25%": 0.0, "Interaction Types": ["Clicks"], "Campaign state": "enabled", "Avg. position": 1.0, "Interactions": 4569, "View rate": 0.0, "Campaign serving status": "eligible", "Engagements": 0, "Avg. Cost": 0.0922, "Conversions": 1157.0, "Avg. CPV": 0.0, "Invalid clicks": 655, "Unique cookies": "", "Campaign ID": 804838690, "Views": 0, "Interaction Rate": 34.91, "Advertising Sub Channel": "Search Mobile App", "Account ID": "9595118601", "Video played to 100%": 0.0, "CTR": 34.91, "Start date": "2017-04-17", "Avg. CPC": 0.0922, "Video played to 75%": 0.0, "Impressions": 13088, "Avg. CPM": 32.186736}, {"Bid Strategy Type": "Target CPA", "Account Name": "[M] - cfmobile - Appinstall - Android - VN", "End date": "", "Advertising Channel": "Search", "Mapping": false, "Campaign": "Android_CT-01_Brand_Competitor_TapKich", "Date": "2017-05-03", "Avg. CPE": 0.0, "Video played to 50%": 0.0, "Clicks": 1856, "Cost": 216.67, "Video played to 25%": 0.0, "Interaction Types": ["Clicks"], "Campaign state": "paused", "Avg. position": 1.1, "Interactions": 1856, "View rate": 0.0, "Campaign serving status": "eligible", "Engagements": 0, "Avg. Cost": 0.11674, "Conversions": 345.0, "Avg. CPV": 0.0, "Invalid clicks": 271, "Unique cookies": "", "Campaign ID": 805636729, "Views": 0, "Interaction Rate": 11.86, "Advertising Sub Channel": "Search Mobile App", "Account ID": "9595118601", "Video played to 100%": 0.0, "CTR": 11.86, "Start date": "2017-04-18", "Avg. CPC": 0.11674, "Video played to 75%": 0.0, "Impressions": 15648, "Avg. CPM": 13.846498}, {"Bid Strategy Type": "Target CPA", "Account Name": "[M] - cfmobile - Appinstall - Android - VN", "End date": "", "Advertising Channel": "Search", "Mapping": false, "Campaign": "Android_CT-01_Brand_Competitor_TruyKich", "Date": "2017-05-03", "Avg. CPE": 0.0, "Video played to 50%": 0.0, "Clicks": 1323, "Cost": 183.53, "Video played to 25%": 0.0, "Interaction Types": ["Clicks"], "Campaign state": "paused", "Avg. position": 1.2, "Interactions": 1323, "View rate": 0.0, "Campaign serving status": "eligible", "Engagements": 0, "Avg. Cost": 0.138723, "Conversions": 241.0, "Avg. CPV": 0.0, "Invalid clicks": 172, "Unique cookies": "", "Campaign ID": 805689061, "Views": 0, "Interaction Rate": 13.6, "Advertising Sub Channel": "Search Mobile App", "Account ID": "9595118601", "Video played to 100%": 0.0, "CTR": 13.6, "Start date": "2017-04-18", "Avg. CPC": 0.138723, "Video played to 75%": 0.0, "Impressions": 9729, "Avg. CPM": 18.86422}, {"Bid Strategy Type": "Target CPA", "Account Name": "[M] - cfmobile - Appinstall - Android - VN", "End date": "", "Advertising Channel": "Search", "Mapping": false, "Campaign": "Android_CT-01_Competitor_MOBA", "Date": "2017-05-03", "Avg. CPE": 0.0, "Video played to 50%": 0.0, "Clicks": 1028, "Cost": 110.08, "Video played to 25%": 0.0, "Interaction Types": ["Clicks"], "Campaign state": "paused", "Avg. position": 1.2, "Interactions": 1028, "View rate": 0.0, "Campaign serving status": "eligible", "Engagements": 0, "Avg. Cost": 0.107082, "Conversions": 152.0, "Avg. CPV": 0.0, "Invalid clicks": 99, "Unique cookies": "", "Campaign ID": 802985911, "Views": 0, "Interaction Rate": 9.07, "Advertising Sub Channel": "Search Mobile App", "Account ID": "9595118601", "Video played to 100%": 0.0, "CTR": 9.07, "Start date": "2017-04-13", "Avg. CPC": 0.107082, "Video played to 75%": 0.0, "Impressions": 11336, "Avg. CPM": 9.710656}, {"Bid Strategy Type": "cpc", "Account Name": "[M] - cfmobile - Appinstall - Android - VN", "End date": "", "Advertising Channel": "Search", "Mapping": false, "Campaign": "Android_CT-01_Generic", "Date": "2017-05-03", "Avg. CPE": 0.0, "Video played to 50%": 0.0, "Clicks": 108, "Cost": 17.41, "Video played to 25%": 0.0, "Interaction Types": ["Clicks"], "Campaign state": "paused", "Avg. position": 1.2, "Interactions": 108, "View rate": 0.0, "Campaign serving status": "eligible", "Engagements": 0, "Avg. Cost": 0.161204, "Conversions": 28.0, "Avg. CPV": 0.0, "Invalid clicks": 9, "Unique cookies": "", "Campaign ID": 804916011, "Views": 0, "Interaction Rate": 17.65, "Advertising Sub Channel": "Search Mobile App", "Account ID": "9595118601", "Video played to 100%": 0.0, "CTR": 17.65, "Start date": "2017-04-14", "Avg. CPC": 0.161204, "Video played to 75%": 0.0, "Impressions": 612, "Avg. CPM": 28.447712}, {"Bid Strategy Type": "Target CPA", "Account Name": "[M] - cfmobile - Appinstall - Android - VN", "End date": "", "Advertising Channel": "Search", "Mapping": false, "Campaign": "Android_CT-01_Brand_Crossfire", "Date": "2017-05-03", "Avg. CPE": 0.0, "Video played to 50%": 0.0, "Clicks": 1004, "Cost": 28.07, "Video played to 25%": 0.0, "Interaction Types": ["Clicks"], "Campaign state": "enabled", "Avg. position": 1.0, "Interactions": 1004, "View rate": 0.0, "Campaign serving status": "eligible", "Engagements": 0, "Avg. Cost": 0.027958, "Conversions": 306.0, "Avg. CPV": 0.0, "Invalid clicks": 196, "Unique cookies": "", "Campaign ID": 807561838, "Views": 0, "Interaction Rate": 37.82, "Advertising Sub Channel": "Search Mobile App", "Account ID": "9595118601", "Video played to 100%": 0.0, "CTR": 37.82, "Start date": "2017-04-20", "Avg. CPC": 0.027958, "Video played to 75%": 0.0, "Impressions": 2655, "Avg. CPM": 10.572505}, {"Bid Strategy Type": "", "Account Name": "[M] - cfmobile - Appinstall - Android - VN", "End date": "", "Advertising Channel": "", "Mapping": false, "Campaign": "", "Date": "2017-05-03", "Avg. CPE": 0.060724, "Video played to 50%": 19.34, "Clicks": 62890, "Cost": 5925.25929, "Video played to 25%": 28.19, "Interaction Types": "", "Campaign state": "Total", "Avg. position": 1.0, "Interactions": 333819, "View rate": 18.31, "Campaign serving status": "", "Engagements": 47045, "Avg. Cost": 0.01775, "Conversions": 15226.0, "Avg. CPV": 0.010743, "Invalid clicks": 9183, "Unique cookies": "", "Campaign ID": "", "Views": 265630, "Interaction Rate": 11.44, "Advertising Sub Channel": "", "Account ID": "9595118601", "Video played to 100%": 6.83, "CTR": 2.15, "Start date": "", "Avg. CPC": 0.094216, "Video played to 75%": 16.01, "Impressions": 2918522, "Avg. CPM": 2.030226}]