[{"Bid Strategy Type": "cpc", "Account Name": "[W] G1 - WPL - tvc360", "End date": "", "Advertising Channel": "Search", "Mapping": false, "Campaign": "Brand-term_thanh-van-chi", "Date": "2017-05-02", "Avg. CPE": 0.0, "Video played to 50%": 0.0, "Clicks": 11446, "Cost": 192.44, "Video played to 25%": 0.0, "Interaction Types": ["Clicks"], "Campaign state": "enabled", "Avg. position": 1.0, "Interactions": 11446, "View rate": 0.0, "Campaign serving status": "eligible", "Engagements": 0, "Avg. Cost": 0.016813, "Conversions": 530.0, "Avg. CPV": 0.0, "Invalid clicks": 664, "Unique cookies": "", "Campaign ID": 759377721, "Views": 0, "Interaction Rate": 70.88, "Advertising Sub Channel": "", "Account ID": "6376833586", "Video played to 100%": 0.0, "CTR": 70.88, "Start date": "2017-02-20", "Avg. CPC": 0.016813, "Video played to 75%": 0.0, "Impressions": 16149, "Avg. CPM": 11.916527}, {"Bid Strategy Type": "cpc", "Account Name": "[W] G1 - WPL - tvc360", "End date": "", "Advertising Channel": "Display", "Mapping": false, "Campaign": "GDN_Placement-Remarketing-360game", "Date": "2017-05-02", "Avg. CPE": 0.0, "Video played to 50%": 0.0, "Clicks": 1018, "Cost": 31.83, "Video played to 25%": 0.0, "Interaction Types": ["Clicks"], "Campaign state": "paused", "Avg. position": 1.0, "Interactions": 1018, "View rate": 0.0, "Campaign serving status": "eligible", "Engagements": 0, "Avg. Cost": 0.031267, "Conversions": 94.0, "Avg. CPV": 0.0, "Invalid clicks": 98, "Unique cookies": 69020, "Campaign ID": 766651408, "Views": 0, "Interaction Rate": 0.59, "Advertising Sub Channel": "", "Account ID": "6376833586", "Video played to 100%": 0.0, "CTR": 0.59, "Start date": "2017-03-02", "Avg. CPC": 0.031267, "Video played to 75%": 0.0, "Impressions": 172938, "Avg. CPM": 0.184054}, {"Bid Strategy Type": "cpc", "Account Name": "[W] G1 - WPL - tvc360", "End date": "", "Advertising Channel": "Search", "Mapping": false, "Campaign": "Brand-term_thanh-van-chi-abc", "Date": "2017-05-02", "Avg. CPE": 0.0, "Video played to 50%": 0.0, "Clicks": 616, "Cost": 19.14, "Video played to 25%": 0.0, "Interaction Types": ["Clicks"], "Campaign state": "enabled", "Avg. position": 1.0, "Interactions": 616, "View rate": 0.0, "Campaign serving status": "eligible", "Engagements": 0, "Avg. Cost": 0.031071, "Conversions": 16.0, "Avg. CPV": 0.0, "Invalid clicks": 20, "Unique cookies": "", "Campaign ID": 759575166, "Views": 0, "Interaction Rate": 58.44, "Advertising Sub Channel": "", "Account ID": "6376833586", "Video played to 100%": 0.0, "CTR": 58.44, "Start date": "2017-02-20", "Avg. CPC": 0.031071, "Video played to 75%": 0.0, "Impressions": 1054, "Avg. CPM": 18.159393}, {"Bid Strategy Type": "cpc", "Account Name": "[W] G1 - WPL - tvc360", "End date": "", "Advertising Channel": "Search", "Mapping": false, "Campaign": "Brand-term_tvc", "Date": "2017-05-02", "Avg. CPE": 0.0, "Video played to 50%": 0.0, "Clicks": 573, "Cost": 7.51, "Video played to 25%": 0.0, "Interaction Types": ["Clicks"], "Campaign state": "enabled", "Avg. position": 1.0, "Interactions": 573, "View rate": 0.0, "Campaign serving status": "eligible", "Engagements": 0, "Avg. Cost": 0.013106, "Conversions": 12.0, "Avg. CPV": 0.0, "Invalid clicks": 147, "Unique cookies": "", "Campaign ID": 759575163, "Views": 0, "Interaction Rate": 66.55, "Advertising Sub Channel": "", "Account ID": "6376833586", "Video played to 100%": 0.0, "CTR": 66.55, "Start date": "2017-02-20", "Avg. CPC": 0.013106, "Video played to 75%": 0.0, "Impressions": 861, "Avg. CPM": 8.722416}, {"Bid Strategy Type": "cpc", "Account Name": "[W] G1 - WPL - tvc360", "End date": "", "Advertising Channel": "Display", "Mapping": false, "Campaign": "GDN_Keyword-Contextual", "Date": "2017-05-02", "Avg. CPE": 0.0, "Video played to 50%": 0.0, "Clicks": 23, "Cost": 1.27, "Video played to 25%": 0.0, "Interaction Types": ["Clicks"], "Campaign state": "paused", "Avg. position": 1.0, "Interactions": 23, "View rate": 0.0, "Campaign serving status": "eligible", "Engagements": 0, "Avg. Cost": 0.055217, "Conversions": 9.0, "Avg. CPV": 0.0, "Invalid clicks": 4, "Unique cookies": 4833, "Campaign ID": 767096046, "Views": 0, "Interaction Rate": 0.2, "Advertising Sub Channel": "", "Account ID": "6376833586", "Video played to 100%": 0.0, "CTR": 0.2, "Start date": "2017-03-02", "Avg. CPC": 0.055217, "Video played to 75%": 0.0, "Impressions": 11456, "Avg. CPM": 0.110859}, {"Bid Strategy Type": "cpc", "Account Name": "[W] G1 - WPL - tvc360", "End date": "", "Advertising Channel": "Search", "Mapping": false, "Campaign": "GDN_Search-w-Display_Contextual", "Date": "2017-05-02", "Avg. CPE": 0.0, "Video played to 50%": 0.0, "Clicks": 130, "Cost": 2.88, "Video played to 25%": 0.0, "Interaction Types": ["Clicks"], "Campaign state": "paused", "Avg. position": 1.1, "Interactions": 130, "View rate": 0.0, "Campaign serving status": "eligible", "Engagements": 0, "Avg. Cost": 0.022154, "Conversions": 10.0, "Avg. CPV": 0.0, "Invalid clicks": 3, "Unique cookies": "", "Campaign ID": 767548009, "Views": 0, "Interaction Rate": 20.06, "Advertising Sub Channel": "", "Account ID": "6376833586", "Video played to 100%": 0.0, "CTR": 20.06, "Start date": "2017-03-03", "Avg. CPC": 0.022154, "Video played to 75%": 0.0, "Impressions": 648, "Avg. CPM": 4.444444}, {"Bid Strategy Type": "", "Account Name": "[W] G1 - WPL - tvc360", "End date": "", "Advertising Channel": "", "Mapping": false, "Campaign": "", "Date": "2017-05-02", "Avg. CPE": 0.0, "Video played to 50%": 0.0, "Clicks": 13806, "Cost": 255.07, "Video played to 25%": 0.0, "Interaction Types": "", "Campaign state": "Total", "Avg. position": 1.0, "Interactions": 13806, "View rate": 0.0, "Campaign serving status": "", "Engagements": 0, "Avg. Cost": 0.018475, "Conversions": 671.0, "Avg. CPV": 0.0, "Invalid clicks": 936, "Unique cookies": "", "Campaign ID": "", "Views": 0, "Interaction Rate": 6.8, "Advertising Sub Channel": "", "Account ID": "6376833586", "Video played to 100%": 0.0, "CTR": 6.8, "Start date": "", "Avg. CPC": 0.018475, "Video played to 75%": 0.0, "Impressions": 203106, "Avg. CPM": 1.255847}]