[{"Campaign serving status": "eligible", "Advertising Channel": "Search", "Views": 0, "Avg. CPC": 0.056111, "Video played to 75%": 0.0, "Campaign state": "paused", "Video played to 50%": 0.0, "Interaction Rate": 16.22, "Mapping": false, "Account ID": "3818588895", "Start date": "2016-12-22", "Avg. CPE": 0.0, "Account Name": "[paused] G1 - WPL - vc360-2", "Impressions": 111, "Video played to 25%": 0.0, "Engagements": 0, "Conversions": 4.0, "Video played to 100%": 0.0, "Avg. Cost": 0.056111, "Interactions": 18, "Clicks": 18, "Avg. CPV": 0.0, "Unique cookies": "", "Invalid clicks": 1, "Advertising Sub Channel": "", "Interaction Types": ["Clicks"], "Avg. position": 2.7, "Date": "2017-03-02", "CTR": 16.22, "Dept": "WPL", "View rate": 0.0, "Bid Strategy Type": "cpc", "Cost": 1.01, "Campaign ID": "722812925", "Avg. CPM": 9.099099, "Campaign": "Gen-term_2_FH-G-KH_game kiem hiep-phr", "End date": ""}, {"Campaign serving status": "eligible", "Advertising Channel": "Search", "Views": 0, "Avg. CPC": 0.055, "Video played to 75%": 0.0, "Campaign state": "paused", "Video played to 50%": 0.0, "Interaction Rate": 17.39, "Mapping": false, "Account ID": "3818588895", "Start date": "2016-12-22", "Avg. CPE": 0.0, "Account Name": "[paused] G1 - WPL - vc360-2", "Impressions": 23, "Video played to 25%": 0.0, "Engagements": 0, "Conversions": 1.0, "Video played to 100%": 0.0, "Avg. Cost": 0.055, "Interactions": 4, "Clicks": 4, "Avg. CPV": 0.0, "Unique cookies": "", "Invalid clicks": 0, "Advertising Sub Channel": "", "Interaction Types": ["Clicks"], "Avg. position": 3.2, "Date": "2017-03-02", "CTR": 17.39, "Dept": "WPL", "View rate": 0.0, "Bid Strategy Type": "cpc", "Cost": 0.22, "Campaign ID": "722813174", "Avg. CPM": 9.565217, "Campaign": "Gen-term_2_MT-G-NV_game nhap vai m\u1edbi nh\u1ea5t-phr", "End date": ""}, {"Campaign serving status": "eligible", "Advertising Channel": "Search", "Views": 0, "Avg. CPC": 0.07, "Video played to 75%": 0.0, "Campaign state": "paused", "Video played to 50%": 0.0, "Interaction Rate": 33.33, "Mapping": false, "Account ID": "3818588895", "Start date": "2016-12-22", "Avg. CPE": 0.0, "Account Name": "[paused] G1 - WPL - vc360-2", "Impressions": 3, "Video played to 25%": 0.0, "Engagements": 0, "Conversions": 0.0, "Video played to 100%": 0.0, "Avg. Cost": 0.07, "Interactions": 1, "Clicks": 1, "Avg. CPV": 0.0, "Unique cookies": "", "Invalid clicks": 0, "Advertising Sub Channel": "", "Interaction Types": ["Clicks"], "Avg. position": 3.3, "Date": "2017-03-02", "CTR": 33.33, "Dept": "WPL", "View rate": 0.0, "Bid Strategy Type": "cpc", "Cost": 0.07, "Campaign ID": "722813003", "Avg. CPM": 23.333333, "Campaign": "Gen-term_2_FH-W-CT_webgame chi\u1ebfn thu\u1eadt-phr", "End date": ""}, {"Campaign serving status": "eligible", "Advertising Channel": "Search", "Views": 0, "Avg. CPC": 0.095, "Video played to 75%": 0.0, "Campaign state": "paused", "Video played to 50%": 0.0, "Interaction Rate": 3.77, "Mapping": false, "Account ID": "3818588895", "Start date": "2016-12-22", "Avg. CPE": 0.0, "Account Name": "[paused] G1 - WPL - vc360-2", "Impressions": 53, "Video played to 25%": 0.0, "Engagements": 0, "Conversions": 0.0, "Video played to 100%": 0.0, "Avg. Cost": 0.095, "Interactions": 2, "Clicks": 2, "Avg. CPV": 0.0, "Unique cookies": "", "Invalid clicks": 0, "Advertising Sub Channel": "", "Interaction Types": ["Clicks"], "Avg. position": 4.1, "Date": "2017-03-02", "CTR": 3.77, "Dept": "WPL", "View rate": 0.0, "Bid Strategy Type": "cpc", "Cost": 0.19, "Campaign ID": "722816087", "Avg. CPM": 3.584906, "Campaign": "Gen-term_2_MT-G-GO_game online m\u1edbi-phr", "End date": ""}, {"Campaign serving status": "eligible", "Advertising Channel": "Search", "Views": 0, "Avg. CPC": 0.09, "Video played to 75%": 0.0, "Campaign state": "paused", "Video played to 50%": 0.0, "Interaction Rate": 13.33, "Mapping": false, "Account ID": "3818588895", "Start date": "2016-12-22", "Avg. CPE": 0.0, "Account Name": "[paused] G1 - WPL - vc360-2", "Impressions": 15, "Video played to 25%": 0.0, "Engagements": 0, "Conversions": 0.0, "Video played to 100%": 0.0, "Avg. Cost": 0.09, "Interactions": 2, "Clicks": 2, "Avg. CPV": 0.0, "Unique cookies": "", "Invalid clicks": 0, "Advertising Sub Channel": "", "Interaction Types": ["Clicks"], "Avg. position": 4.7, "Date": "2017-03-02", "CTR": 13.33, "Dept": "WPL", "View rate": 0.0, "Bid Strategy Type": "cpc", "Cost": 0.18, "Campaign ID": "722812997", "Avg. CPM": 12.0, "Campaign": "Gen-term_2_FH-W-NV_webgame nh\u1eadp vai-phr", "End date": ""}, {"Campaign serving status": "eligible", "Advertising Channel": "Search", "Views": 0, "Avg. CPC": 0.06, "Video played to 75%": 0.0, "Campaign state": "paused", "Video played to 50%": 0.0, "Interaction Rate": 100.0, "Mapping": false, "Account ID": "3818588895", "Start date": "2016-12-22", "Avg. CPE": 0.0, "Account Name": "[paused] G1 - WPL - vc360-2", "Impressions": 1, "Video played to 25%": 0.0, "Engagements": 0, "Conversions": 1.0, "Video played to 100%": 0.0, "Avg. Cost": 0.06, "Interactions": 1, "Clicks": 1, "Avg. CPV": 0.0, "Unique cookies": "", "Invalid clicks": 0, "Advertising Sub Channel": "", "Interaction Types": ["Clicks"], "Avg. position": 3.0, "Date": "2017-03-02", "CTR": 100.0, "Dept": "WPL", "View rate": 0.0, "Bid Strategy Type": "cpc", "Cost": 0.06, "Campaign ID": "722818514", "Avg. CPM": 60.0, "Campaign": "Gen-term_2_MT-W-NV_webgame nh\u1eadp vai m\u1edbi-bmm", "End date": ""}, {"Campaign serving status": "eligible", "Advertising Channel": "Search", "Views": 0, "Avg. CPC": 0.08, "Video played to 75%": 0.0, "Campaign state": "paused", "Video played to 50%": 0.0, "Interaction Rate": 19.05, "Mapping": false, "Account ID": "3818588895", "Start date": "2016-12-22", "Avg. CPE": 0.0, "Account Name": "[paused] G1 - WPL - vc360-2", "Impressions": 21, "Video played to 25%": 0.0, "Engagements": 0, "Conversions": 0.0, "Video played to 100%": 0.0, "Avg. Cost": 0.08, "Interactions": 4, "Clicks": 4, "Avg. CPV": 0.0, "Unique cookies": "", "Invalid clicks": 0, "Advertising Sub Channel": "", "Interaction Types": ["Clicks"], "Avg. position": 4.2, "Date": "2017-03-02", "CTR": 19.05, "Dept": "WPL", "View rate": 0.0, "Bid Strategy Type": "cpc", "Cost": 0.32, "Campaign ID": "722817827", "Avg. CPM": 15.238095, "Campaign": "Gen-term_2_MT-G-NV_game nh\u1eadp vai online-bmm", "End date": ""}, {"Campaign serving status": "eligible", "Advertising Channel": "Search", "Views": 0, "Avg. CPC": 0.067692, "Video played to 75%": 0.0, "Campaign state": "paused", "Video played to 50%": 0.0, "Interaction Rate": 17.81, "Mapping": false, "Account ID": "3818588895", "Start date": "2016-12-22", "Avg. CPE": 0.0, "Account Name": "[paused] G1 - WPL - vc360-2", "Impressions": 73, "Video played to 25%": 0.0, "Engagements": 0, "Conversions": 5.0, "Video played to 100%": 0.0, "Avg. Cost": 0.067692, "Interactions": 13, "Clicks": 13, "Avg. CPV": 0.0, "Unique cookies": "", "Invalid clicks": 0, "Advertising Sub Channel": "", "Interaction Types": ["Clicks"], "Avg. position": 4.1, "Date": "2017-03-02", "CTR": 17.81, "Dept": "WPL", "View rate": 0.0, "Bid Strategy Type": "cpc", "Cost": 0.88, "Campaign ID": "722817977", "Avg. CPM": 12.054795, "Campaign": "Gen-term_2_MT-G-NV_game nh\u1eadp vai m\u1edbi-bmm", "End date": ""}, {"Campaign serving status": "eligible", "Advertising Channel": "Search", "Views": 0, "Avg. CPC": 0.08, "Video played to 75%": 0.0, "Campaign state": "paused", "Video played to 50%": 0.0, "Interaction Rate": 5.88, "Mapping": false, "Account ID": "3818588895", "Start date": "2016-12-22", "Avg. CPE": 0.0, "Account Name": "[paused] G1 - WPL - vc360-2", "Impressions": 17, "Video played to 25%": 0.0, "Engagements": 0, "Conversions": 0.0, "Video played to 100%": 0.0, "Avg. Cost": 0.08, "Interactions": 1, "Clicks": 1, "Avg. CPV": 0.0, "Unique cookies": "", "Invalid clicks": 0, "Advertising Sub Channel": "", "Interaction Types": ["Clicks"], "Avg. position": 3.8, "Date": "2017-03-02", "CTR": 5.88, "Dept": "WPL", "View rate": 0.0, "Bid Strategy Type": "cpc", "Cost": 0.08, "Campaign ID": "722817788", "Avg. CPM": 4.705882, "Campaign": "Gen-term_2_FH-W-HAY_webgame hay nhat-bmm", "End date": ""}, {"Campaign serving status": "eligible", "Advertising Channel": "Search", "Views": 0, "Avg. CPC": 0.094, "Video played to 75%": 0.0, "Campaign state": "paused", "Video played to 50%": 0.0, "Interaction Rate": 9.43, "Mapping": false, "Account ID": "3818588895", "Start date": "2016-12-22", "Avg. CPE": 0.0, "Account Name": "[paused] G1 - WPL - vc360-2", "Impressions": 53, "Video played to 25%": 0.0, "Engagements": 0, "Conversions": 2.0, "Video played to 100%": 0.0, "Avg. Cost": 0.094, "Interactions": 5, "Clicks": 5, "Avg. CPV": 0.0, "Unique cookies": "", "Invalid clicks": 0, "Advertising Sub Channel": "", "Interaction Types": ["Clicks"], "Avg. position": 3.8, "Date": "2017-03-02", "CTR": 9.43, "Dept": "WPL", "View rate": 0.0, "Bid Strategy Type": "cpc", "Cost": 0.47, "Campaign ID": "722817986", "Avg. CPM": 8.867925, "Campaign": "Gen-term_2_MT-G-NV_game nh\u1eadp vai hay-bmm", "End date": ""}, {"Campaign serving status": "eligible", "Advertising Channel": "Search", "Views": 0, "Avg. CPC": 0.1, "Video played to 75%": 0.0, "Campaign state": "paused", "Video played to 50%": 0.0, "Interaction Rate": 100.0, "Mapping": false, "Account ID": "3818588895", "Start date": "2016-12-22", "Avg. CPE": 0.0, "Account Name": "[paused] G1 - WPL - vc360-2", "Impressions": 1, "Video played to 25%": 0.0, "Engagements": 0, "Conversions": 0.0, "Video played to 100%": 0.0, "Avg. Cost": 0.1, "Interactions": 1, "Clicks": 1, "Avg. CPV": 0.0, "Unique cookies": "", "Invalid clicks": 0, "Advertising Sub Channel": "", "Interaction Types": ["Clicks"], "Avg. position": 3.0, "Date": "2017-03-02", "CTR": 100.0, "Dept": "WPL", "View rate": 0.0, "Bid Strategy Type": "cpc", "Cost": 0.1, "Campaign ID": "722817839", "Avg. CPM": 100.0, "Campaign": "Gen-term_2_MT-G-NV_game nh\u1eadp vai tr\u1ef1c tuy\u1ebfn-bmm", "End date": ""}, {"Campaign serving status": "eligible", "Advertising Channel": "Search", "Views": 0, "Avg. CPC": 0.07, "Video played to 75%": 0.0, "Campaign state": "paused", "Video played to 50%": 0.0, "Interaction Rate": 20.0, "Mapping": false, "Account ID": "3818588895", "Start date": "2016-12-22", "Avg. CPE": 0.0, "Account Name": "[paused] G1 - WPL - vc360-2", "Impressions": 5, "Video played to 25%": 0.0, "Engagements": 0, "Conversions": 1.0, "Video played to 100%": 0.0, "Avg. Cost": 0.07, "Interactions": 1, "Clicks": 1, "Avg. CPV": 0.0, "Unique cookies": "", "Invalid clicks": 0, "Advertising Sub Channel": "", "Interaction Types": ["Clicks"], "Avg. position": 3.8, "Date": "2017-03-02", "CTR": 20.0, "Dept": "WPL", "View rate": 0.0, "Bid Strategy Type": "cpc", "Cost": 0.07, "Campaign ID": "722818031", "Avg. CPM": 14.0, "Campaign": "Gen-term_2_MT-G-NV_game nhap vai online-bmm", "End date": ""}, {"Campaign serving status": "eligible", "Advertising Channel": "Search", "Views": 0, "Avg. CPC": 0.06, "Video played to 75%": 0.0, "Campaign state": "paused", "Video played to 50%": 0.0, "Interaction Rate": 20.0, "Mapping": false, "Account ID": "3818588895", "Start date": "2016-12-22", "Avg. CPE": 0.0, "Account Name": "[paused] G1 - WPL - vc360-2", "Impressions": 5, "Video played to 25%": 0.0, "Engagements": 0, "Conversions": 0.0, "Video played to 100%": 0.0, "Avg. Cost": 0.06, "Interactions": 1, "Clicks": 1, "Avg. CPV": 0.0, "Unique cookies": "", "Invalid clicks": 0, "Advertising Sub Channel": "", "Interaction Types": ["Clicks"], "Avg. position": 4.0, "Date": "2017-03-02", "CTR": 20.0, "Dept": "WPL", "View rate": 0.0, "Bid Strategy Type": "cpc", "Cost": 0.06, "Campaign ID": "722818040", "Avg. CPM": 12.0, "Campaign": "Gen-term_2_MT-G-NV_game nhap vai may tinh-bmm", "End date": ""}, {"Campaign serving status": "eligible", "Advertising Channel": "Search", "Views": 0, "Avg. CPC": 0.05, "Video played to 75%": 0.0, "Campaign state": "paused", "Video played to 50%": 0.0, "Interaction Rate": 200.0, "Mapping": false, "Account ID": "3818588895", "Start date": "2016-12-22", "Avg. CPE": 0.0, "Account Name": "[paused] G1 - WPL - vc360-2", "Impressions": 1, "Video played to 25%": 0.0, "Engagements": 0, "Conversions": 1.0, "Video played to 100%": 0.0, "Avg. Cost": 0.05, "Interactions": 2, "Clicks": 2, "Avg. CPV": 0.0, "Unique cookies": "", "Invalid clicks": 0, "Advertising Sub Channel": "", "Interaction Types": ["Clicks"], "Avg. position": 2.0, "Date": "2017-03-02", "CTR": 200.0, "Dept": "WPL", "View rate": 0.0, "Bid Strategy Type": "cpc", "Cost": 0.1, "Campaign ID": "722819732", "Avg. CPM": 100.0, "Campaign": "Gen-term_2_MT-W-KH_webgame ki\u1ebfm hi\u1ec7p nh\u1eadp vai-bmm", "End date": ""}, {"Campaign serving status": "eligible", "Advertising Channel": "Search", "Views": 0, "Avg. CPC": 0.05, "Video played to 75%": 0.0, "Campaign state": "paused", "Video played to 50%": 0.0, "Interaction Rate": 33.33, "Mapping": false, "Account ID": "3818588895", "Start date": "2016-12-22", "Avg. CPE": 0.0, "Account Name": "[paused] G1 - WPL - vc360-2", "Impressions": 3, "Video played to 25%": 0.0, "Engagements": 0, "Conversions": 1.0, "Video played to 100%": 0.0, "Avg. Cost": 0.05, "Interactions": 1, "Clicks": 1, "Avg. CPV": 0.0, "Unique cookies": "", "Invalid clicks": 0, "Advertising Sub Channel": "", "Interaction Types": ["Clicks"], "Avg. position": 5.7, "Date": "2017-03-02", "CTR": 33.33, "Dept": "WPL", "View rate": 0.0, "Bid Strategy Type": "cpc", "Cost": 0.05, "Campaign ID": "722820851", "Avg. CPM": 16.666667, "Campaign": "Gen-term_2_MT-G-3D_game 3d nh\u1eadp vai-bmm", "End date": ""}, {"Campaign serving status": "eligible", "Advertising Channel": "Search", "Views": 0, "Avg. CPC": 0.1, "Video played to 75%": 0.0, "Campaign state": "paused", "Video played to 50%": 0.0, "Interaction Rate": 33.33, "Mapping": false, "Account ID": "3818588895", "Start date": "2016-12-22", "Avg. CPE": 0.0, "Account Name": "[paused] G1 - WPL - vc360-2", "Impressions": 3, "Video played to 25%": 0.0, "Engagements": 0, "Conversions": 0.0, "Video played to 100%": 0.0, "Avg. Cost": 0.1, "Interactions": 1, "Clicks": 1, "Avg. CPV": 0.0, "Unique cookies": "", "Invalid clicks": 0, "Advertising Sub Channel": "", "Interaction Types": ["Clicks"], "Avg. position": 3.0, "Date": "2017-03-02", "CTR": 33.33, "Dept": "WPL", "View rate": 0.0, "Bid Strategy Type": "cpc", "Cost": 0.1, "Campaign ID": "722819669", "Avg. CPM": 33.333333, "Campaign": "Gen-term_2_MT-G-KH_game ki\u1ebfm hi\u1ec7p nh\u1eadp vai-bmm", "End date": ""}, {"Campaign serving status": "eligible", "Advertising Channel": "Search", "Views": 0, "Avg. CPC": 0.1, "Video played to 75%": 0.0, "Campaign state": "paused", "Video played to 50%": 0.0, "Interaction Rate": 50.0, "Mapping": false, "Account ID": "3818588895", "Start date": "2016-12-22", "Avg. CPE": 0.0, "Account Name": "[paused] G1 - WPL - vc360-2", "Impressions": 2, "Video played to 25%": 0.0, "Engagements": 0, "Conversions": 1.0, "Video played to 100%": 0.0, "Avg. Cost": 0.1, "Interactions": 1, "Clicks": 1, "Avg. CPV": 0.0, "Unique cookies": "", "Invalid clicks": 0, "Advertising Sub Channel": "", "Interaction Types": ["Clicks"], "Avg. position": 2.5, "Date": "2017-03-02", "CTR": 50.0, "Dept": "WPL", "View rate": 0.0, "Bid Strategy Type": "cpc", "Cost": 0.1, "Campaign ID": "722821139", "Avg. CPM": 50.0, "Campaign": "Gen-term_2_FH-GMT-BMM-MOR", "End date": ""}, {"Campaign serving status": "eligible", "Advertising Channel": "Search", "Views": 0, "Avg. CPC": 0.09, "Video played to 75%": 0.0, "Campaign state": "paused", "Video played to 50%": 0.0, "Interaction Rate": 33.33, "Mapping": false, "Account ID": "3818588895", "Start date": "2016-12-22", "Avg. CPE": 0.0, "Account Name": "[paused] G1 - WPL - vc360-2", "Impressions": 3, "Video played to 25%": 0.0, "Engagements": 0, "Conversions": 0.0, "Video played to 100%": 0.0, "Avg. Cost": 0.09, "Interactions": 1, "Clicks": 1, "Avg. CPV": 0.0, "Unique cookies": "", "Invalid clicks": 0, "Advertising Sub Channel": "", "Interaction Types": ["Clicks"], "Avg. position": 3.0, "Date": "2017-03-02", "CTR": 33.33, "Dept": "WPL", "View rate": 0.0, "Bid Strategy Type": "cpc", "Cost": 0.09, "Campaign ID": "722820899", "Avg. CPM": 30.0, "Campaign": "Gen-term_2_MT-G-3D_game 3d m\u1edbi nh\u1ea5t-bmm", "End date": ""}, {"Campaign serving status": "eligible", "Advertising Channel": "Search", "Views": 0, "Avg. CPC": 0.09, "Video played to 75%": 0.0, "Campaign state": "paused", "Video played to 50%": 0.0, "Interaction Rate": 25.0, "Mapping": false, "Account ID": "3818588895", "Start date": "2016-12-22", "Avg. CPE": 0.0, "Account Name": "[paused] G1 - WPL - vc360-2", "Impressions": 4, "Video played to 25%": 0.0, "Engagements": 0, "Conversions": 0.0, "Video played to 100%": 0.0, "Avg. Cost": 0.09, "Interactions": 1, "Clicks": 1, "Avg. CPV": 0.0, "Unique cookies": "", "Invalid clicks": 0, "Advertising Sub Channel": "", "Interaction Types": ["Clicks"], "Avg. position": 2.8, "Date": "2017-03-02", "CTR": 25.0, "Dept": "WPL", "View rate": 0.0, "Bid Strategy Type": "cpc", "Cost": 0.09, "Campaign ID": "722916672", "Avg. CPM": 22.5, "Campaign": "Gen-term_2_MT-G-3D_game 3d m\u1edbi nh\u1ea5t-ex", "End date": ""}, {"Campaign serving status": "eligible", "Advertising Channel": "Search", "Views": 0, "Avg. CPC": 0.035, "Video played to 75%": 0.0, "Campaign state": "paused", "Video played to 50%": 0.0, "Interaction Rate": 22.22, "Mapping": false, "Account ID": "3818588895", "Start date": "2016-12-22", "Avg. CPE": 0.0, "Account Name": "[paused] G1 - WPL - vc360-2", "Impressions": 18, "Video played to 25%": 0.0, "Engagements": 0, "Conversions": 2.0, "Video played to 100%": 0.0, "Avg. Cost": 0.035, "Interactions": 4, "Clicks": 4, "Avg. CPV": 0.0, "Unique cookies": "", "Invalid clicks": 0, "Advertising Sub Channel": "", "Interaction Types": ["Clicks"], "Avg. position": 2.6, "Date": "2017-03-02", "CTR": 22.22, "Dept": "WPL", "View rate": 0.0, "Bid Strategy Type": "cpc", "Cost": 0.14, "Campaign ID": "722919786", "Avg. CPM": 7.777778, "Campaign": "Gen-term_2_MT-G-KH_game ki\u1ebfm hi\u1ec7p hay-phr", "End date": ""}, {"Campaign serving status": "eligible", "Advertising Channel": "Search", "Views": 0, "Avg. CPC": 0.07, "Video played to 75%": 0.0, "Campaign state": "paused", "Video played to 50%": 0.0, "Interaction Rate": 20.0, "Mapping": false, "Account ID": "3818588895", "Start date": "2016-12-22", "Avg. CPE": 0.0, "Account Name": "[paused] G1 - WPL - vc360-2", "Impressions": 5, "Video played to 25%": 0.0, "Engagements": 0, "Conversions": 0.0, "Video played to 100%": 0.0, "Avg. Cost": 0.07, "Interactions": 1, "Clicks": 1, "Avg. CPV": 0.0, "Unique cookies": "", "Invalid clicks": 0, "Advertising Sub Channel": "", "Interaction Types": ["Clicks"], "Avg. position": 4.0, "Date": "2017-03-02", "CTR": 20.0, "Dept": "WPL", "View rate": 0.0, "Bid Strategy Type": "cpc", "Cost": 0.07, "Campaign ID": "722926260", "Avg. CPM": 14.0, "Campaign": "Gen-term_2_MT-G-GO_game online 2016-bmm", "End date": ""}, {"Campaign serving status": "eligible", "Advertising Channel": "Search", "Views": 0, "Avg. CPC": 0.06, "Video played to 75%": 0.0, "Campaign state": "paused", "Video played to 50%": 0.0, "Interaction Rate": 7.69, "Mapping": false, "Account ID": "3818588895", "Start date": "2016-12-22", "Avg. CPE": 0.0, "Account Name": "[paused] G1 - WPL - vc360-2", "Impressions": 13, "Video played to 25%": 0.0, "Engagements": 0, "Conversions": 1.0, "Video played to 100%": 0.0, "Avg. Cost": 0.06, "Interactions": 1, "Clicks": 1, "Avg. CPV": 0.0, "Unique cookies": "", "Invalid clicks": 0, "Advertising Sub Channel": "", "Interaction Types": ["Clicks"], "Avg. position": 4.3, "Date": "2017-03-02", "CTR": 7.69, "Dept": "WPL", "View rate": 0.0, "Bid Strategy Type": "cpc", "Cost": 0.06, "Campaign ID": "722816051", "Avg. CPM": 4.615385, "Campaign": "Gen-term_2_MT-G-GO_game online nh\u1eadp vai-phr", "End date": ""}, {"Campaign serving status": "eligible", "Advertising Channel": "Search", "Views": 0, "Avg. CPC": 0.1, "Video played to 75%": 0.0, "Campaign state": "paused", "Video played to 50%": 0.0, "Interaction Rate": 25.0, "Mapping": false, "Account ID": "3818588895", "Start date": "2016-12-22", "Avg. CPE": 0.0, "Account Name": "[paused] G1 - WPL - vc360-2", "Impressions": 4, "Video played to 25%": 0.0, "Engagements": 0, "Conversions": 0.0, "Video played to 100%": 0.0, "Avg. Cost": 0.1, "Interactions": 1, "Clicks": 1, "Avg. CPV": 0.0, "Unique cookies": "", "Invalid clicks": 0, "Advertising Sub Channel": "", "Interaction Types": ["Clicks"], "Avg. position": 2.5, "Date": "2017-03-02", "CTR": 25.0, "Dept": "WPL", "View rate": 0.0, "Bid Strategy Type": "cpc", "Cost": 0.1, "Campaign ID": "722816093", "Avg. CPM": 25.0, "Campaign": "Gen-term_2_MT-G-GO_game online moi nhat-phr", "End date": ""}, {"Campaign serving status": "eligible", "Advertising Channel": "Search", "Views": 0, "Avg. CPC": 0.066667, "Video played to 75%": 0.0, "Campaign state": "paused", "Video played to 50%": 0.0, "Interaction Rate": 27.27, "Mapping": false, "Account ID": "3818588895", "Start date": "2016-12-22", "Avg. CPE": 0.0, "Account Name": "[paused] G1 - WPL - vc360-2", "Impressions": 11, "Video played to 25%": 0.0, "Engagements": 0, "Conversions": 0.0, "Video played to 100%": 0.0, "Avg. Cost": 0.066667, "Interactions": 3, "Clicks": 3, "Avg. CPV": 0.0, "Unique cookies": "", "Invalid clicks": 0, "Advertising Sub Channel": "", "Interaction Types": ["Clicks"], "Avg. position": 3.5, "Date": "2017-03-02", "CTR": 27.27, "Dept": "WPL", "View rate": 0.0, "Bid Strategy Type": "cpc", "Cost": 0.2, "Campaign ID": "722817779", "Avg. CPM": 18.181818, "Campaign": "Gen-term_2_FH-W-NEW_webgame moi nhat-bmm", "End date": ""}, {"Campaign serving status": "eligible", "Advertising Channel": "Search", "Views": 0, "Avg. CPC": 0.095, "Video played to 75%": 0.0, "Campaign state": "paused", "Video played to 50%": 0.0, "Interaction Rate": 14.29, "Mapping": false, "Account ID": "3818588895", "Start date": "2016-12-22", "Avg. CPE": 0.0, "Account Name": "[paused] G1 - WPL - vc360-2", "Impressions": 14, "Video played to 25%": 0.0, "Engagements": 0, "Conversions": 2.0, "Video played to 100%": 0.0, "Avg. Cost": 0.095, "Interactions": 2, "Clicks": 2, "Avg. CPV": 0.0, "Unique cookies": "", "Invalid clicks": 0, "Advertising Sub Channel": "", "Interaction Types": ["Clicks"], "Avg. position": 2.5, "Date": "2017-03-02", "CTR": 14.29, "Dept": "WPL", "View rate": 0.0, "Bid Strategy Type": "cpc", "Cost": 0.19, "Campaign ID": "722821133", "Avg. CPM": 13.571429, "Campaign": "Gen-term_2_FH-GMT-BM-MOR", "End date": ""}, {"Campaign serving status": "eligible", "Advertising Channel": "Search", "Views": 0, "Avg. CPC": 0.093333, "Video played to 75%": 0.0, "Campaign state": "paused", "Video played to 50%": 0.0, "Interaction Rate": 21.43, "Mapping": false, "Account ID": "3818588895", "Start date": "2016-12-22", "Avg. CPE": 0.0, "Account Name": "[paused] G1 - WPL - vc360-2", "Impressions": 14, "Video played to 25%": 0.0, "Engagements": 0, "Conversions": 1.0, "Video played to 100%": 0.0, "Avg. Cost": 0.093333, "Interactions": 3, "Clicks": 3, "Avg. CPV": 0.0, "Unique cookies": "", "Invalid clicks": 0, "Advertising Sub Channel": "", "Interaction Types": ["Clicks"], "Avg. position": 4.1, "Date": "2017-03-02", "CTR": 21.43, "Dept": "WPL", "View rate": 0.0, "Bid Strategy Type": "cpc", "Cost": 0.28, "Campaign ID": "722915703", "Avg. CPM": 20.0, "Campaign": "Gen-term_2_MT-G-GO_game online m\u1edbi-ex", "End date": ""}, {"Campaign serving status": "eligible", "Advertising Channel": "Search", "Views": 0, "Avg. CPC": 0.08, "Video played to 75%": 0.0, "Campaign state": "paused", "Video played to 50%": 0.0, "Interaction Rate": 20.0, "Mapping": false, "Account ID": "3818588895", "Start date": "2016-12-22", "Avg. CPE": 0.0, "Account Name": "[paused] G1 - WPL - vc360-2", "Impressions": 5, "Video played to 25%": 0.0, "Engagements": 0, "Conversions": 0.0, "Video played to 100%": 0.0, "Avg. Cost": 0.08, "Interactions": 1, "Clicks": 1, "Avg. CPV": 0.0, "Unique cookies": "", "Invalid clicks": 0, "Advertising Sub Channel": "", "Interaction Types": ["Clicks"], "Avg. position": 2.0, "Date": "2017-03-02", "CTR": 20.0, "Dept": "WPL", "View rate": 0.0, "Bid Strategy Type": "cpc", "Cost": 0.08, "Campaign ID": "722928360", "Avg. CPM": 16.0, "Campaign": "Gen-term_2_MT-W-G16_webgame 2016 hay-bmm", "End date": ""}, {"Campaign serving status": "eligible", "Advertising Channel": "Search", "Views": 0, "Avg. CPC": 0.1, "Video played to 75%": 0.0, "Campaign state": "paused", "Video played to 50%": 0.0, "Interaction Rate": 100.0, "Mapping": false, "Account ID": "3818588895", "Start date": "2016-12-22", "Avg. CPE": 0.0, "Account Name": "[paused] G1 - WPL - vc360-2", "Impressions": 1, "Video played to 25%": 0.0, "Engagements": 0, "Conversions": 0.0, "Video played to 100%": 0.0, "Avg. Cost": 0.1, "Interactions": 1, "Clicks": 1, "Avg. CPV": 0.0, "Unique cookies": "", "Invalid clicks": 0, "Advertising Sub Channel": "", "Interaction Types": ["Clicks"], "Avg. position": 3.0, "Date": "2017-03-02", "CTR": 100.0, "Dept": "WPL", "View rate": 0.0, "Bid Strategy Type": "cpc", "Cost": 0.1, "Campaign ID": "722928474", "Avg. CPM": 100.0, "Campaign": "Gen-term_2_LT-WG-Exact-MOR", "End date": ""}, {"Campaign serving status": "eligible", "Advertising Channel": "Search", "Views": 0, "Avg. CPC": 0.085, "Video played to 75%": 0.0, "Campaign state": "paused", "Video played to 50%": 0.0, "Interaction Rate": 7.14, "Mapping": false, "Account ID": "3818588895", "Start date": "2016-12-22", "Avg. CPE": 0.0, "Account Name": "[paused] G1 - WPL - vc360-2", "Impressions": 28, "Video played to 25%": 0.0, "Engagements": 0, "Conversions": 0.0, "Video played to 100%": 0.0, "Avg. Cost": 0.085, "Interactions": 2, "Clicks": 2, "Avg. CPV": 0.0, "Unique cookies": "", "Invalid clicks": 0, "Advertising Sub Channel": "", "Interaction Types": ["Clicks"], "Avg. position": 3.3, "Date": "2017-03-02", "CTR": 7.14, "Dept": "WPL", "View rate": 0.0, "Bid Strategy Type": "cpc", "Cost": 0.17, "Campaign ID": "722812931", "Avg. CPM": 6.071429, "Campaign": "Gen-term_2_FH-G-TH_game tien hiep-phr", "End date": ""}, {"Campaign serving status": "eligible", "Advertising Channel": "Search", "Views": 0, "Avg. CPC": 0.07, "Video played to 75%": 0.0, "Campaign state": "paused", "Video played to 50%": 0.0, "Interaction Rate": 11.11, "Mapping": false, "Account ID": "3818588895", "Start date": "2016-12-22", "Avg. CPE": 0.0, "Account Name": "[paused] G1 - WPL - vc360-2", "Impressions": 9, "Video played to 25%": 0.0, "Engagements": 0, "Conversions": 0.0, "Video played to 100%": 0.0, "Avg. Cost": 0.07, "Interactions": 1, "Clicks": 1, "Avg. CPV": 0.0, "Unique cookies": "", "Invalid clicks": 0, "Advertising Sub Channel": "", "Interaction Types": ["Clicks"], "Avg. position": 3.2, "Date": "2017-03-02", "CTR": 11.11, "Dept": "WPL", "View rate": 0.0, "Bid Strategy Type": "cpc", "Cost": 0.07, "Campaign ID": "722816090", "Avg. CPM": 7.777778, "Campaign": "Gen-term_2_MT-G-GO_game online m\u1edbi nh\u1ea5t-phr", "End date": ""}, {"Campaign serving status": "eligible", "Advertising Channel": "Search", "Views": 0, "Avg. CPC": 0.075, "Video played to 75%": 0.0, "Campaign state": "paused", "Video played to 50%": 0.0, "Interaction Rate": 11.11, "Mapping": false, "Account ID": "3818588895", "Start date": "2016-12-22", "Avg. CPE": 0.0, "Account Name": "[paused] G1 - WPL - vc360-2", "Impressions": 18, "Video played to 25%": 0.0, "Engagements": 0, "Conversions": 1.0, "Video played to 100%": 0.0, "Avg. Cost": 0.075, "Interactions": 2, "Clicks": 2, "Avg. CPV": 0.0, "Unique cookies": "", "Invalid clicks": 0, "Advertising Sub Channel": "", "Interaction Types": ["Clicks"], "Avg. position": 3.3, "Date": "2017-03-02", "CTR": 11.11, "Dept": "WPL", "View rate": 0.0, "Bid Strategy Type": "cpc", "Cost": 0.15, "Campaign ID": "722817776", "Avg. CPM": 8.333333, "Campaign": "Gen-term_2_FH-W-NEW_webgame m\u1edbi nh\u1ea5t-bmm", "End date": ""}, {"Campaign serving status": "eligible", "Advertising Channel": "Search", "Views": 0, "Avg. CPC": 0.085, "Video played to 75%": 0.0, "Campaign state": "paused", "Video played to 50%": 0.0, "Interaction Rate": 18.18, "Mapping": false, "Account ID": "3818588895", "Start date": "2016-12-22", "Avg. CPE": 0.0, "Account Name": "[paused] G1 - WPL - vc360-2", "Impressions": 22, "Video played to 25%": 0.0, "Engagements": 0, "Conversions": 0.0, "Video played to 100%": 0.0, "Avg. Cost": 0.085, "Interactions": 4, "Clicks": 4, "Avg. CPV": 0.0, "Unique cookies": "", "Invalid clicks": 0, "Advertising Sub Channel": "", "Interaction Types": ["Clicks"], "Avg. position": 3.6, "Date": "2017-03-02", "CTR": 18.18, "Dept": "WPL", "View rate": 0.0, "Bid Strategy Type": "cpc", "Cost": 0.34, "Campaign ID": "722817980", "Avg. CPM": 15.454545, "Campaign": "Gen-term_2_MT-G-NV_game nh\u1eadp vai m\u1edbi nh\u1ea5t-bmm", "End date": ""}, {"Campaign serving status": "eligible", "Advertising Channel": "Search", "Views": 0, "Avg. CPC": 0.08, "Video played to 75%": 0.0, "Campaign state": "paused", "Video played to 50%": 0.0, "Interaction Rate": 11.11, "Mapping": false, "Account ID": "3818588895", "Start date": "2016-12-22", "Avg. CPE": 0.0, "Account Name": "[paused] G1 - WPL - vc360-2", "Impressions": 9, "Video played to 25%": 0.0, "Engagements": 0, "Conversions": 1.0, "Video played to 100%": 0.0, "Avg. Cost": 0.08, "Interactions": 1, "Clicks": 1, "Avg. CPV": 0.0, "Unique cookies": "", "Invalid clicks": 0, "Advertising Sub Channel": "", "Interaction Types": ["Clicks"], "Avg. position": 3.0, "Date": "2017-03-02", "CTR": 11.11, "Dept": "WPL", "View rate": 0.0, "Bid Strategy Type": "cpc", "Cost": 0.08, "Campaign ID": "722916669", "Avg. CPM": 8.888889, "Campaign": "Gen-term_2_MT-G-3D_game 3d m\u1edbi-ex", "End date": ""}, {"Campaign serving status": "eligible", "Advertising Channel": "Search", "Views": 0, "Avg. CPC": 0.055, "Video played to 75%": 0.0, "Campaign state": "paused", "Video played to 50%": 0.0, "Interaction Rate": 16.67, "Mapping": false, "Account ID": "3818588895", "Start date": "2016-12-22", "Avg. CPE": 0.0, "Account Name": "[paused] G1 - WPL - vc360-2", "Impressions": 12, "Video played to 25%": 0.0, "Engagements": 0, "Conversions": 1.0, "Video played to 100%": 0.0, "Avg. Cost": 0.055, "Interactions": 2, "Clicks": 2, "Avg. CPV": 0.0, "Unique cookies": "", "Invalid clicks": 0, "Advertising Sub Channel": "", "Interaction Types": ["Clicks"], "Avg. position": 3.0, "Date": "2017-03-02", "CTR": 16.67, "Dept": "WPL", "View rate": 0.0, "Bid Strategy Type": "cpc", "Cost": 0.11, "Campaign ID": "722919777", "Avg. CPM": 9.166667, "Campaign": "Gen-term_2_MT-G-KH_game ki\u1ebfm hi\u1ec7p m\u1edbi-phr", "End date": ""}, {"Campaign serving status": "eligible", "Advertising Channel": "Search", "Views": 0, "Avg. CPC": 0.08, "Video played to 75%": 0.0, "Campaign state": "paused", "Video played to 50%": 0.0, "Interaction Rate": 5.88, "Mapping": false, "Account ID": "3818588895", "Start date": "2016-12-22", "Avg. CPE": 0.0, "Account Name": "[paused] G1 - WPL - vc360-2", "Impressions": 17, "Video played to 25%": 0.0, "Engagements": 0, "Conversions": 1.0, "Video played to 100%": 0.0, "Avg. Cost": 0.08, "Interactions": 1, "Clicks": 1, "Avg. CPV": 0.0, "Unique cookies": "", "Invalid clicks": 0, "Advertising Sub Channel": "", "Interaction Types": ["Clicks"], "Avg. position": 4.1, "Date": "2017-03-02", "CTR": 5.88, "Dept": "WPL", "View rate": 0.0, "Bid Strategy Type": "cpc", "Cost": 0.08, "Campaign ID": "722921973", "Avg. CPM": 4.705882, "Campaign": "Gen-term_2_MT-G-3D_game 3d online-phr", "End date": ""}, {"Campaign serving status": "eligible", "Advertising Channel": "Search", "Views": 0, "Avg. CPC": 0.1, "Video played to 75%": 0.0, "Campaign state": "paused", "Video played to 50%": 0.0, "Interaction Rate": 10.0, "Mapping": false, "Account ID": "3818588895", "Start date": "2016-12-22", "Avg. CPE": 0.0, "Account Name": "[paused] G1 - WPL - vc360-2", "Impressions": 10, "Video played to 25%": 0.0, "Engagements": 0, "Conversions": 0.0, "Video played to 100%": 0.0, "Avg. Cost": 0.1, "Interactions": 1, "Clicks": 1, "Avg. CPV": 0.0, "Unique cookies": "", "Invalid clicks": 0, "Advertising Sub Channel": "", "Interaction Types": ["Clicks"], "Avg. position": 4.4, "Date": "2017-03-02", "CTR": 10.0, "Dept": "WPL", "View rate": 0.0, "Bid Strategy Type": "cpc", "Cost": 0.1, "Campaign ID": "722816054", "Avg. CPM": 10.0, "Campaign": "Gen-term_2_MT-G-GO_game online nhap vai-phr", "End date": ""}, {"Campaign serving status": "eligible", "Advertising Channel": "Search", "Views": 0, "Avg. CPC": 0.06, "Video played to 75%": 0.0, "Campaign state": "paused", "Video played to 50%": 0.0, "Interaction Rate": 12.5, "Mapping": false, "Account ID": "3818588895", "Start date": "2016-12-22", "Avg. CPE": 0.0, "Account Name": "[paused] G1 - WPL - vc360-2", "Impressions": 8, "Video played to 25%": 0.0, "Engagements": 0, "Conversions": 0.0, "Video played to 100%": 0.0, "Avg. Cost": 0.06, "Interactions": 1, "Clicks": 1, "Avg. CPV": 0.0, "Unique cookies": "", "Invalid clicks": 0, "Advertising Sub Channel": "", "Interaction Types": ["Clicks"], "Avg. position": 3.0, "Date": "2017-03-02", "CTR": 12.5, "Dept": "WPL", "View rate": 0.0, "Bid Strategy Type": "cpc", "Cost": 0.06, "Campaign ID": "722816102", "Avg. CPM": 7.5, "Campaign": "Gen-term_2_MT-G-GO_game online hay nhat-phr", "End date": ""}, {"Campaign serving status": "eligible", "Advertising Channel": "Search", "Views": 0, "Avg. CPC": 0.078333, "Video played to 75%": 0.0, "Campaign state": "paused", "Video played to 50%": 0.0, "Interaction Rate": 10.62, "Mapping": false, "Account ID": "3818588895", "Start date": "2016-12-22", "Avg. CPE": 0.0, "Account Name": "[paused] G1 - WPL - vc360-2", "Impressions": 113, "Video played to 25%": 0.0, "Engagements": 0, "Conversions": 4.0, "Video played to 100%": 0.0, "Avg. Cost": 0.078333, "Interactions": 12, "Clicks": 12, "Avg. CPV": 0.0, "Unique cookies": "", "Invalid clicks": 0, "Advertising Sub Channel": "", "Interaction Types": ["Clicks"], "Avg. position": 3.0, "Date": "2017-03-02", "CTR": 10.62, "Dept": "WPL", "View rate": 0.0, "Bid Strategy Type": "cpc", "Cost": 0.94, "Campaign ID": "722817773", "Avg. CPM": 8.318584, "Campaign": "Gen-term_2_FH-W-NEW_webgame m\u1edbi-bmm", "End date": ""}, {"Campaign serving status": "eligible", "Advertising Channel": "Search", "Views": 0, "Avg. CPC": 0.061579, "Video played to 75%": 0.0, "Campaign state": "paused", "Video played to 50%": 0.0, "Interaction Rate": 14.5, "Mapping": false, "Account ID": "3818588895", "Start date": "2016-12-22", "Avg. CPE": 0.0, "Account Name": "[paused] G1 - WPL - vc360-2", "Impressions": 131, "Video played to 25%": 0.0, "Engagements": 0, "Conversions": 7.0, "Video played to 100%": 0.0, "Avg. Cost": 0.061579, "Interactions": 19, "Clicks": 19, "Avg. CPV": 0.0, "Unique cookies": "", "Invalid clicks": 0, "Advertising Sub Channel": "", "Interaction Types": ["Clicks"], "Avg. position": 3.1, "Date": "2017-03-02", "CTR": 14.5, "Dept": "WPL", "View rate": 0.0, "Bid Strategy Type": "cpc", "Cost": 1.17, "Campaign ID": "722817782", "Avg. CPM": 8.931298, "Campaign": "Gen-term_2_FH-W-HAY_webgame hay-bmm", "End date": ""}, {"Campaign serving status": "eligible", "Advertising Channel": "Search", "Views": 0, "Avg. CPC": 0.085714, "Video played to 75%": 0.0, "Campaign state": "paused", "Video played to 50%": 0.0, "Interaction Rate": 8.86, "Mapping": false, "Account ID": "3818588895", "Start date": "2016-12-22", "Avg. CPE": 0.0, "Account Name": "[paused] G1 - WPL - vc360-2", "Impressions": 79, "Video played to 25%": 0.0, "Engagements": 0, "Conversions": 3.0, "Video played to 100%": 0.0, "Avg. Cost": 0.085714, "Interactions": 7, "Clicks": 7, "Avg. CPV": 0.0, "Unique cookies": "", "Invalid clicks": 0, "Advertising Sub Channel": "", "Interaction Types": ["Clicks"], "Avg. position": 3.0, "Date": "2017-03-02", "CTR": 8.86, "Dept": "WPL", "View rate": 0.0, "Bid Strategy Type": "cpc", "Cost": 0.6, "Campaign ID": "722821145", "Avg. CPM": 7.594937, "Campaign": "Gen-term_2_FH-GPC-BM-MOR", "End date": ""}, {"Campaign serving status": "eligible", "Advertising Channel": "Search", "Views": 0, "Avg. CPC": 0.07, "Video played to 75%": 0.0, "Campaign state": "paused", "Video played to 50%": 0.0, "Interaction Rate": 1.89, "Mapping": false, "Account ID": "3818588895", "Start date": "2016-12-22", "Avg. CPE": 0.0, "Account Name": "[paused] G1 - WPL - vc360-2", "Impressions": 106, "Video played to 25%": 0.0, "Engagements": 0, "Conversions": 0.0, "Video played to 100%": 0.0, "Avg. Cost": 0.07, "Interactions": 2, "Clicks": 2, "Avg. CPV": 0.0, "Unique cookies": "", "Invalid clicks": 0, "Advertising Sub Channel": "", "Interaction Types": ["Clicks"], "Avg. position": 5.5, "Date": "2017-03-02", "CTR": 1.89, "Dept": "WPL", "View rate": 0.0, "Bid Strategy Type": "cpc", "Cost": 0.14, "Campaign ID": "722820878", "Avg. CPM": 1.320755, "Campaign": "Gen-term_2_MT-G-3D_game 3d online-bmm", "End date": ""}, {"Campaign serving status": "eligible", "Advertising Channel": "Search", "Views": 0, "Avg. CPC": 0.045333, "Video played to 75%": 0.0, "Campaign state": "paused", "Video played to 50%": 0.0, "Interaction Rate": 23.81, "Mapping": false, "Account ID": "3818588895", "Start date": "2016-12-22", "Avg. CPE": 0.0, "Account Name": "[paused] G1 - WPL - vc360-2", "Impressions": 63, "Video played to 25%": 0.0, "Engagements": 0, "Conversions": 6.0, "Video played to 100%": 0.0, "Avg. Cost": 0.045333, "Interactions": 15, "Clicks": 15, "Avg. CPV": 0.0, "Unique cookies": "", "Invalid clicks": 1, "Advertising Sub Channel": "", "Interaction Types": ["Clicks"], "Avg. position": 2.4, "Date": "2017-03-02", "CTR": 23.81, "Dept": "WPL", "View rate": 0.0, "Bid Strategy Type": "cpc", "Cost": 0.68, "Campaign ID": "722913006", "Avg. CPM": 10.793651, "Campaign": "Gen-term_2_FH-G-KH_game ki\u1ebfm hi\u1ec7p-ex", "End date": ""}, {"Campaign serving status": "eligible", "Advertising Channel": "Search", "Views": 0, "Avg. CPC": 0.1, "Video played to 75%": 0.0, "Campaign state": "paused", "Video played to 50%": 0.0, "Interaction Rate": 12.5, "Mapping": false, "Account ID": "3818588895", "Start date": "2016-12-22", "Avg. CPE": 0.0, "Account Name": "[paused] G1 - WPL - vc360-2", "Impressions": 8, "Video played to 25%": 0.0, "Engagements": 0, "Conversions": 0.0, "Video played to 100%": 0.0, "Avg. Cost": 0.1, "Interactions": 1, "Clicks": 1, "Avg. CPV": 0.0, "Unique cookies": "", "Invalid clicks": 0, "Advertising Sub Channel": "", "Interaction Types": ["Clicks"], "Avg. position": 2.4, "Date": "2017-03-02", "CTR": 12.5, "Dept": "WPL", "View rate": 0.0, "Bid Strategy Type": "cpc", "Cost": 0.1, "Campaign ID": "722922120", "Avg. CPM": 12.5, "Campaign": "Gen-term_2_MT-G-3D_game 3d hay-phr", "End date": ""}, {"Campaign serving status": "eligible", "Advertising Channel": "Search", "Views": 0, "Avg. CPC": 0.071667, "Video played to 75%": 0.0, "Campaign state": "paused", "Video played to 50%": 0.0, "Interaction Rate": 5.94, "Mapping": false, "Account ID": "3818588895", "Start date": "2016-12-22", "Avg. CPE": 0.0, "Account Name": "[paused] G1 - WPL - vc360-2", "Impressions": 101, "Video played to 25%": 0.0, "Engagements": 0, "Conversions": 1.0, "Video played to 100%": 0.0, "Avg. Cost": 0.071667, "Interactions": 6, "Clicks": 6, "Avg. CPV": 0.0, "Unique cookies": "", "Invalid clicks": 0, "Advertising Sub Channel": "", "Interaction Types": ["Clicks"], "Avg. position": 5.1, "Date": "2017-03-02", "CTR": 5.94, "Dept": "WPL", "View rate": 0.0, "Bid Strategy Type": "cpc", "Cost": 0.43, "Campaign ID": "722926272", "Avg. CPM": 4.257426, "Campaign": "Gen-term_2_MT-G-GO_game online hay-bmm", "End date": ""}, {"Campaign serving status": "eligible", "Advertising Channel": "Search", "Views": 0, "Avg. CPC": 0.1, "Video played to 75%": 0.0, "Campaign state": "paused", "Video played to 50%": 0.0, "Interaction Rate": 25.0, "Mapping": false, "Account ID": "3818588895", "Start date": "2016-12-22", "Avg. CPE": 0.0, "Account Name": "[paused] G1 - WPL - vc360-2", "Impressions": 4, "Video played to 25%": 0.0, "Engagements": 0, "Conversions": 0.0, "Video played to 100%": 0.0, "Avg. Cost": 0.1, "Interactions": 1, "Clicks": 1, "Avg. CPV": 0.0, "Unique cookies": "", "Invalid clicks": 0, "Advertising Sub Channel": "", "Interaction Types": ["Clicks"], "Avg. position": 3.3, "Date": "2017-03-02", "CTR": 25.0, "Dept": "WPL", "View rate": 0.0, "Bid Strategy Type": "cpc", "Cost": 0.1, "Campaign ID": "722925999", "Avg. CPM": 25.0, "Campaign": "Gen-term_2_MT-G-PC_game pc kiem hiep-bmm", "End date": ""}, {"Campaign serving status": "eligible", "Advertising Channel": "Search", "Views": 0, "Avg. CPC": 0.01, "Video played to 75%": 0.0, "Campaign state": "paused", "Video played to 50%": 0.0, "Interaction Rate": 7.69, "Mapping": false, "Account ID": "3818588895", "Start date": "2016-12-22", "Avg. CPE": 0.0, "Account Name": "[paused] G1 - WPL - vc360-2", "Impressions": 13, "Video played to 25%": 0.0, "Engagements": 0, "Conversions": 1.0, "Video played to 100%": 0.0, "Avg. Cost": 0.01, "Interactions": 1, "Clicks": 1, "Avg. CPV": 0.0, "Unique cookies": "", "Invalid clicks": 0, "Advertising Sub Channel": "", "Interaction Types": ["Clicks"], "Avg. position": 3.5, "Date": "2017-03-02", "CTR": 7.69, "Dept": "WPL", "View rate": 0.0, "Bid Strategy Type": "cpc", "Cost": 0.01, "Campaign ID": "722926203", "Avg. CPM": 0.769231, "Campaign": "Gen-term_2_MT-G-GO_game online ki\u1ebfm hi\u1ec7p-bmm", "End date": ""}, {"Campaign serving status": "eligible", "Advertising Channel": "Search", "Views": 0, "Avg. CPC": 0.1, "Video played to 75%": 0.0, "Campaign state": "paused", "Video played to 50%": 0.0, "Interaction Rate": 50.0, "Mapping": false, "Account ID": "3818588895", "Start date": "2016-12-22", "Avg. CPE": 0.0, "Account Name": "[paused] G1 - WPL - vc360-2", "Impressions": 2, "Video played to 25%": 0.0, "Engagements": 0, "Conversions": 1.0, "Video played to 100%": 0.0, "Avg. Cost": 0.1, "Interactions": 1, "Clicks": 1, "Avg. CPV": 0.0, "Unique cookies": "", "Invalid clicks": 1, "Advertising Sub Channel": "", "Interaction Types": ["Clicks"], "Avg. position": 2.0, "Date": "2017-03-02", "CTR": 50.0, "Dept": "WPL", "View rate": 0.0, "Bid Strategy Type": "cpc", "Cost": 0.1, "Campaign ID": "722922126", "Avg. CPM": 50.0, "Campaign": "Gen-term_2_MT-G-3D_game 3d hay nhat-phr", "End date": ""}, {"Campaign serving status": "eligible", "Advertising Channel": "Search", "Views": 0, "Avg. CPC": 0.09, "Video played to 75%": 0.0, "Campaign state": "paused", "Video played to 50%": 0.0, "Interaction Rate": 7.69, "Mapping": false, "Account ID": "3818588895", "Start date": "2016-12-22", "Avg. CPE": 0.0, "Account Name": "[paused] G1 - WPL - vc360-2", "Impressions": 26, "Video played to 25%": 0.0, "Engagements": 0, "Conversions": 1.0, "Video played to 100%": 0.0, "Avg. Cost": 0.09, "Interactions": 2, "Clicks": 2, "Avg. CPV": 0.0, "Unique cookies": "", "Invalid clicks": 0, "Advertising Sub Channel": "", "Interaction Types": ["Clicks"], "Avg. position": 4.4, "Date": "2017-03-02", "CTR": 7.69, "Dept": "WPL", "View rate": 0.0, "Bid Strategy Type": "cpc", "Cost": 0.18, "Campaign ID": "722926230", "Avg. CPM": 6.923077, "Campaign": "Gen-term_2_MT-G-GO_game online nhap vai-bmm", "End date": ""}, {"Campaign serving status": "eligible", "Advertising Channel": "Search", "Views": 0, "Avg. CPC": 0.08, "Video played to 75%": 0.0, "Campaign state": "paused", "Video played to 50%": 0.0, "Interaction Rate": 25.0, "Mapping": false, "Account ID": "3818588895", "Start date": "2016-12-22", "Avg. CPE": 0.0, "Account Name": "[paused] G1 - WPL - vc360-2", "Impressions": 4, "Video played to 25%": 0.0, "Engagements": 0, "Conversions": 0.0, "Video played to 100%": 0.0, "Avg. Cost": 0.08, "Interactions": 1, "Clicks": 1, "Avg. CPV": 0.0, "Unique cookies": "", "Invalid clicks": 0, "Advertising Sub Channel": "", "Interaction Types": ["Clicks"], "Avg. position": 2.5, "Date": "2017-03-02", "CTR": 25.0, "Dept": "WPL", "View rate": 0.0, "Bid Strategy Type": "cpc", "Cost": 0.08, "Campaign ID": "722920002", "Avg. CPM": 20.0, "Campaign": "Gen-term_2_MT-G-KH_game kiem hiep 2016-phr", "End date": ""}, {"Campaign serving status": "eligible", "Advertising Channel": "Search", "Views": 0, "Avg. CPC": 0.1, "Video played to 75%": 0.0, "Campaign state": "paused", "Video played to 50%": 0.0, "Interaction Rate": 33.33, "Mapping": false, "Account ID": "3818588895", "Start date": "2016-12-22", "Avg. CPE": 0.0, "Account Name": "[paused] G1 - WPL - vc360-2", "Impressions": 3, "Video played to 25%": 0.0, "Engagements": 0, "Conversions": 1.0, "Video played to 100%": 0.0, "Avg. Cost": 0.1, "Interactions": 1, "Clicks": 1, "Avg. CPV": 0.0, "Unique cookies": "", "Invalid clicks": 0, "Advertising Sub Channel": "", "Interaction Types": ["Clicks"], "Avg. position": 4.3, "Date": "2017-03-02", "CTR": 33.33, "Dept": "WPL", "View rate": 0.0, "Bid Strategy Type": "cpc", "Cost": 0.1, "Campaign ID": "722926746", "Avg. CPM": 33.333333, "Campaign": "Gen-term_2_MT-W-GO_webgame online hay-bmm", "End date": ""}, {"Campaign serving status": "eligible", "Advertising Channel": "Search", "Views": 0, "Avg. CPC": 0.03, "Video played to 75%": 0.0, "Campaign state": "paused", "Video played to 50%": 0.0, "Interaction Rate": 50.0, "Mapping": false, "Account ID": "3818588895", "Start date": "2016-12-22", "Avg. CPE": 0.0, "Account Name": "[paused] G1 - WPL - vc360-2", "Impressions": 2, "Video played to 25%": 0.0, "Engagements": 0, "Conversions": 0.0, "Video played to 100%": 0.0, "Avg. Cost": 0.03, "Interactions": 1, "Clicks": 1, "Avg. CPV": 0.0, "Unique cookies": "", "Invalid clicks": 0, "Advertising Sub Channel": "", "Interaction Types": ["Clicks"], "Avg. position": 2.0, "Date": "2017-03-02", "CTR": 50.0, "Dept": "WPL", "View rate": 0.0, "Bid Strategy Type": "cpc", "Cost": 0.03, "Campaign ID": "722927928", "Avg. CPM": 15.0, "Campaign": "Gen-term_2_MT-W-3D_webgame 3d hay-bmm", "End date": ""}, {"Campaign serving status": "eligible", "Advertising Channel": "Search", "Views": 0, "Avg. CPC": 0.09, "Video played to 75%": 0.0, "Campaign state": "paused", "Video played to 50%": 0.0, "Interaction Rate": 100.0, "Mapping": false, "Account ID": "3818588895", "Start date": "2016-12-22", "Avg. CPE": 0.0, "Account Name": "[paused] G1 - WPL - vc360-2", "Impressions": 1, "Video played to 25%": 0.0, "Engagements": 0, "Conversions": 0.0, "Video played to 100%": 0.0, "Avg. Cost": 0.09, "Interactions": 1, "Clicks": 1, "Avg. CPV": 0.0, "Unique cookies": "", "Invalid clicks": 0, "Advertising Sub Channel": "", "Interaction Types": ["Clicks"], "Avg. position": 4.0, "Date": "2017-03-02", "CTR": 100.0, "Dept": "WPL", "View rate": 0.0, "Bid Strategy Type": "cpc", "Cost": 0.09, "Campaign ID": "722923398", "Avg. CPM": 90.0, "Campaign": "Gen-term_2_MT-W-CT_webgame chien thuat hay-bmm", "End date": ""}, {"Campaign serving status": "", "Advertising Channel": "", "Views": 0, "Avg. CPC": 0.069329, "Video played to 75%": 0.0, "Campaign state": "Total", "Video played to 50%": 0.0, "Interaction Rate": 10.6, "Mapping": false, "Account ID": "3818588895", "Start date": "", "Avg. CPE": 0.0, "Account Name": "[paused] G1 - WPL - vc360-2", "Impressions": 1547, "Video played to 25%": 0.0, "Engagements": 0, "Conversions": 52.0, "Video played to 100%": 0.0, "Avg. Cost": 0.069329, "Interactions": 164, "Clicks": 164, "Avg. CPV": 0.0, "Unique cookies": "", "Invalid clicks": 3, "Advertising Sub Channel": "", "Interaction Types": "", "Avg. position": 3.6, "Date": "2017-03-02", "CTR": 10.6, "Dept": "WPL", "View rate": 0.0, "Bid Strategy Type": "", "Cost": 11.37, "Campaign ID": "", "Avg. CPM": 7.349709, "Campaign": "", "End date": ""}]