[{"Campaign serving status": "eligible", "Advertising Channel": "Search", "Views": 0, "Avg. CPC": 0.016688, "Video played to 75%": 0.0, "Campaign state": "paused", "Video played to 50%": 0.0, "Interaction Rate": 33.6, "Mapping": false, "Account ID": "6942753385", "Start date": "2014-04-10", "Avg. CPE": 0.0, "Account Name": "[paused] G1 - WPL - ngoalong360", "Impressions": 1366, "Video played to 25%": 0.0, "Engagements": 0, "Conversions": 47.0, "Video played to 100%": 0.0, "Avg. Cost": 0.016688, "Interactions": 459, "Clicks": 459, "Avg. CPV": 0.0, "Unique cookies": "", "Invalid clicks": 12, "Advertising Sub Channel": "", "Interaction Types": ["Clicks"], "Avg. position": 1.0, "Date": "2017-03-02", "CTR": 33.6, "Dept": "WPL", "View rate": 0.0, "Bid Strategy Type": "cpc", "Cost": 7.66, "Campaign ID": "182330071", "Avg. CPM": 5.607613, "Campaign": "G1 - TFA - Brand - Ngoa Long", "End date": ""}, {"Campaign serving status": "", "Advertising Channel": "", "Views": 0, "Avg. CPC": 0.016688, "Video played to 75%": 0.0, "Campaign state": "Total", "Video played to 50%": 0.0, "Interaction Rate": 33.6, "Mapping": false, "Account ID": "6942753385", "Start date": "", "Avg. CPE": 0.0, "Account Name": "[paused] G1 - WPL - ngoalong360", "Impressions": 1366, "Video played to 25%": 0.0, "Engagements": 0, "Conversions": 47.0, "Video played to 100%": 0.0, "Avg. Cost": 0.016688, "Interactions": 459, "Clicks": 459, "Avg. CPV": 0.0, "Unique cookies": "", "Invalid clicks": 12, "Advertising Sub Channel": "", "Interaction Types": "", "Avg. position": 1.0, "Date": "2017-03-02", "CTR": 33.6, "Dept": "WPL", "View rate": 0.0, "Bid Strategy Type": "", "Cost": 7.66, "Campaign ID": "", "Avg. CPM": 5.607613, "Campaign": "", "End date": ""}]