[{"Start date": "2016-11-15", "Avg. CPC": 1.523125, "Impressions": 135154, "Avg. position": 1.0, "Campaign serving status": "eligible", "Advertising Channel": "Video", "Invalid clicks": 0, "Interactions": 4452, "Video played to 50%": 45.82, "Account ID": "4092061132", "Conversions": 213.0, "Views": 4452, "Engagements": 0, "Avg. CPE": 0.0, "Advertising Sub Channel": "", "Account Name": "VNG - MP2 - Gunny Mobi", "Clicks": 32, "Video played to 100%": 13.24, "End date": "", "Avg. Cost": 0.010948, "Interaction Types": ["Views"], "Video played to 25%": 52.71, "View rate": 3.29, "Avg. CPV": 0.010948, "Video played to 75%": 41.91, "Avg. CPM": 0.360626, "CTR": 0.02, "Campaign state": "paused", "Campaign ID": 699310064, "Interaction Rate": 3.29, "Bid Strategy Type": "Target CPA", "Date": "2017-08-04", "Mapping": false, "Campaign": "GNM | 122 | 1710026 1709022 1708018 1707134 1707041 | AND | VV | VD", "Unique cookies": 106984, "Cost": 48.74}, {"Start date": "2017-08-02", "Avg. CPC": 0.137839, "Impressions": 28682, "Avg. position": 1.0, "Campaign serving status": "eligible", "Advertising Channel": "Video", "Invalid clicks": 0, "Interactions": 12024, "Video played to 50%": 21.36, "Account ID": "4092061132", "Conversions": 185.0, "Views": 8284, "Engagements": 9720, "Avg. CPE": 0.005119, "Advertising Sub Channel": "", "Account Name": "VNG - MP2 - Gunny Mobi", "Clicks": 361, "Video played to 100%": 6.16, "End date": "", "Avg. Cost": 0.004138, "Interaction Types": ["Engagements", "Views]"], "Video played to 25%": 27.89, "View rate": 28.88, "Avg. CPV": 0.006007, "Video played to 75%": 19.42, "Avg. CPM": 1.734876, "CTR": 1.26, "Campaign state": "paused", "Campaign ID": 898875721, "Interaction Rate": 41.92, "Bid Strategy Type": "Target CPA", "Date": "2017-08-04", "Mapping": false, "Campaign": "GNM | 122 | 1710026 1709022 1708018 1707134 1707041 | AND | VV | IS", "Unique cookies": 20996, "Cost": 49.7597}, {"Start date": "2014-12-11", "Avg. CPC": 0.12168, "Impressions": 32036, "Avg. position": 1.4, "Campaign serving status": "eligible", "Advertising Channel": "Search", "Invalid clicks": 422, "Interactions": 3196, "Video played to 50%": 0.0, "Account ID": "4092061132", "Conversions": 1015.0, "Views": 0, "Engagements": 0, "Avg. CPE": 0.0, "Advertising Sub Channel": "Search Mobile App", "Account Name": "VNG - MP2 - Gunny Mobi", "Clicks": 3196, "Video played to 100%": 0.0, "End date": "", "Avg. Cost": 0.12168, "Interaction Types": ["Clicks"], "Video played to 25%": 0.0, "View rate": 0.0, "Avg. CPV": 0.0, "Video played to 75%": 0.0, "Avg. CPM": 12.139156, "CTR": 9.98, "Campaign state": "paused", "Campaign ID": 218681005, "Interaction Rate": 9.98, "Bid Strategy Type": "Target CPA", "Date": "2017-08-04", "Mapping": false, "Campaign": "GNM | 122 | 1710026 1709022 1708018 1707134 1707041 | AND | SEM", "Unique cookies": "", "Cost": 388.89}, {"Start date": "2016-09-16", "Avg. CPC": 0.039829, "Impressions": 122174, "Avg. position": 1.0, "Campaign serving status": "eligible", "Advertising Channel": "Multi Channel", "Invalid clicks": 160, "Interactions": 50723, "Video played to 50%": 42.4, "Account ID": "4092061132", "Conversions": 753.0, "Views": 40029, "Engagements": 49765, "Avg. CPE": 0.001151, "Advertising Sub Channel": "Universal App Campaign", "Account Name": "VNG - MP2 - Gunny Mobi", "Clicks": 2005, "Video played to 100%": 6.37, "End date": "", "Avg. Cost": 0.001574, "Interaction Types": ["Clicks", "Engagements", "Views"], "Video played to 25%": 48.52, "View rate": 47.97, "Avg. CPV": 0.001425, "Video played to 75%": 37.2, "Avg. CPM": 0.653639, "CTR": 1.64, "Campaign state": "paused", "Campaign ID": 662735167, "Interaction Rate": 41.52, "Bid Strategy Type": "Target CPA", "Date": "2017-08-04", "Mapping": false, "Campaign": "GNM | 122 | 1710026 1709022 1708018 1707134 1707041 | AND | UAC | 1", "Unique cookies": "", "Cost": 79.85767}, {"Start date": "2015-01-06", "Avg. CPC": 0.01509, "Impressions": 1236, "Avg. position": 1.7, "Campaign serving status": "eligible", "Advertising Channel": "Search", "Invalid clicks": 24, "Interactions": 391, "Video played to 50%": 0.0, "Account ID": "4092061132", "Conversions": 0.0, "Views": 0, "Engagements": 0, "Avg. CPE": 0.0, "Advertising Sub Channel": "", "Account Name": "VNG - MP2 - Gunny Mobi", "Clicks": 391, "Video played to 100%": 0.0, "End date": "", "Avg. Cost": 0.01509, "Interaction Types": ["Clicks"], "Video played to 25%": 0.0, "View rate": 0.0, "Avg. CPV": 0.0, "Video played to 75%": 0.0, "Avg. CPM": 4.773463, "CTR": 31.63, "Campaign state": "paused", "Campaign ID": 222324445, "Interaction Rate": 31.63, "Bid Strategy Type": "cpc", "Date": "2017-08-04", "Mapping": false, "Campaign": "GNM | 122 | 1710026 1709022 1708018 1707134 1707041 | PC | SEM", "Unique cookies": "", "Cost": 5.9}, {"Start date": "2016-09-16", "Avg. CPC": 0.053453, "Impressions": 475694, "Avg. position": 1.0, "Campaign serving status": "eligible", "Advertising Channel": "Multi Channel", "Invalid clicks": 349, "Interactions": 51931, "Video played to 50%": 21.32, "Account ID": "4092061132", "Conversions": 616.0, "Views": 34782, "Engagements": 45973, "Avg. CPE": 0.002037, "Advertising Sub Channel": "Universal App Campaign", "Account Name": "VNG - MP2 - Gunny Mobi", "Clicks": 4489, "Video played to 100%": 5.91, "End date": "", "Avg. Cost": 0.004621, "Interaction Types": ["Clicks", "Engagements", "Views"], "Video played to 25%": 31.37, "View rate": 33.71, "Avg. CPV": 0.00267, "Video played to 75%": 16.69, "Avg. CPM": 0.504422, "CTR": 0.94, "Campaign state": "paused", "Campaign ID": 662844680, "Interaction Rate": 10.92, "Bid Strategy Type": "Target CPA", "Date": "2017-08-04", "Mapping": false, "Campaign": "GNM | 122 | 1710026 1709022 1708018 1707134 1707041 | IOS | UAC | 2", "Unique cookies": "", "Cost": 239.9507}, {"Start date": "2015-01-21", "Avg. CPC": 0.013185, "Impressions": 991495, "Avg. position": 1.0, "Campaign serving status": "eligible", "Advertising Channel": "Display", "Invalid clicks": 6218, "Interactions": 31775, "Video played to 50%": 0.0, "Account ID": "4092061132", "Conversions": 1083.0, "Views": 0, "Engagements": 0, "Avg. CPE": 0.0, "Advertising Sub Channel": "Display Mobile App", "Account Name": "VNG - MP2 - Gunny Mobi", "Clicks": 31775, "Video played to 100%": 0.0, "End date": "", "Avg. Cost": 0.013185, "Interaction Types": ["Clicks"], "Video played to 25%": 0.0, "View rate": 0.0, "Avg. CPV": 0.0, "Video played to 75%": 0.0, "Avg. CPM": 0.422534, "CTR": 3.2, "Campaign state": "paused", "Campaign ID": 224548645, "Interaction Rate": 3.2, "Bid Strategy Type": "Target CPA", "Date": "2017-08-04", "Mapping": false, "Campaign": "GNM | 122 | 1710026 1709022 1708018 1707134 1707041 | AND | GDN", "Unique cookies": 453828, "Cost": 418.94}, {"Start date": "2016-11-11", "Avg. CPC": 0.178509, "Impressions": 47524, "Avg. position": 1.0, "Campaign serving status": "eligible", "Advertising Channel": "Video", "Invalid clicks": 0, "Interactions": 17660, "Video played to 50%": 26.82, "Account ID": "4092061132", "Conversions": 289.0, "Views": 13211, "Engagements": 12747, "Avg. CPE": 0.007828, "Advertising Sub Channel": "", "Account Name": "VNG - MP2 - Gunny Mobi", "Clicks": 559, "Video played to 100%": 5.95, "End date": "", "Avg. Cost": 0.00565, "Interaction Types": ["Engagements", "Views]"], "Video played to 25%": 34.83, "View rate": 27.8, "Avg. CPV": 0.007553, "Video played to 75%": 22.53, "Avg. CPM": 2.099712, "CTR": 1.18, "Campaign state": "paused", "Campaign ID": 697791306, "Interaction Rate": 37.16, "Bid Strategy Type": "Target CPA", "Date": "2017-08-04", "Mapping": false, "Campaign": "GNM | 122 | 1710026 1709022 1708018 1707134 1707041 | AND | VV | IS | 1", "Unique cookies": 38556, "Cost": 99.78672}, {"Start date": "2017-08-02", "Avg. CPC": 0.073645, "Impressions": 246596, "Avg. position": 1.0, "Campaign serving status": "eligible", "Advertising Channel": "Multi Channel", "Invalid clicks": 218, "Interactions": 74395, "Video played to 50%": 33.46, "Account ID": "4092061132", "Conversions": 890.0, "Views": 43865, "Engagements": 66116, "Avg. CPE": 0.00292, "Advertising Sub Channel": "Universal App Campaign", "Account Name": "VNG - MP2 - Gunny Mobi", "Clicks": 4063, "Video played to 100%": 11.87, "End date": "", "Avg. Cost": 0.004022, "Interaction Types": ["Clicks", "Engagements", "Views"], "Video played to 25%": 57.24, "View rate": 26.8, "Avg. CPV": 0.004401, "Video played to 75%": 27.33, "Avg. CPM": 1.213397, "CTR": 1.65, "Campaign state": "enabled", "Campaign ID": 899406479, "Interaction Rate": 30.17, "Bid Strategy Type": "Target CPA", "Date": "2017-08-04", "Mapping": false, "Campaign": "GNM | 122 | 1710026 1709022 1708018 1707134 1707041 | AND | UAC | 2", "Unique cookies": "", "Cost": 299.2188}, {"Start date": "", "Avg. CPC": 0.034799, "Impressions": 2080591, "Avg. position": 1.0, "Campaign serving status": "", "Advertising Channel": "", "Invalid clicks": 7391, "Interactions": 246547, "Video played to 50%": 30.72, "Account ID": "4092061132", "Conversions": 5044.0, "Views": 144623, "Engagements": 184321, "Avg. CPE": 0.002942, "Advertising Sub Channel": "", "Account Name": "VNG - MP2 - Gunny Mobi", "Clicks": 46871, "Video played to 100%": 8.05, "End date": "", "Avg. Cost": 0.006616, "Interaction Types": "", "Video played to 25%": 44.0, "View rate": 25.75, "Avg. CPV": 0.003742, "Video played to 75%": 25.67, "Avg. CPM": 0.783933, "CTR": 2.25, "Campaign state": "Total", "Campaign ID": "", "Interaction Rate": 11.85, "Bid Strategy Type": "", "Date": "2017-08-04", "Mapping": false, "Campaign": "", "Unique cookies": "", "Cost": 1631.04359}]