[{"Bid Strategy Type": "cpc", "Account Name": "[W] G1 - WPL - pl360", "End date": "", "Advertising Channel": "Search", "Mapping": false, "Campaign": "Gen-term_Other_HP", "Date": "2017-05-04", "Avg. CPE": 0.0, "Video played to 50%": 0.0, "Clicks": 5, "Cost": 0.3, "Video played to 25%": 0.0, "Interaction Types": ["Clicks"], "Campaign state": "paused", "Avg. position": 1.0, "Interactions": 5, "View rate": 0.0, "Campaign serving status": "eligible", "Engagements": 0, "Avg. Cost": 0.06, "Conversions": 0.0, "Avg. CPV": 0.0, "Invalid clicks": 0, "Unique cookies": "", "Campaign ID": 786620364, "Views": 0, "Interaction Rate": 35.71, "Advertising Sub Channel": "", "Account ID": "6585673574", "Video played to 100%": 0.0, "CTR": 35.71, "Start date": "2017-03-25", "Avg. CPC": 0.06, "Video played to 75%": 0.0, "Impressions": 14, "Avg. CPM": 21.428571}, {"Bid Strategy Type": "cpc", "Account Name": "[W] G1 - WPL - pl360", "End date": "", "Advertising Channel": "Search", "Mapping": false, "Campaign": "Gen-term_360game_HP", "Date": "2017-05-04", "Avg. CPE": 0.0, "Video played to 50%": 0.0, "Clicks": 59, "Cost": 2.9, "Video played to 25%": 0.0, "Interaction Types": ["Clicks"], "Campaign state": "paused", "Avg. position": 1.0, "Interactions": 59, "View rate": 0.0, "Campaign serving status": "eligible", "Engagements": 0, "Avg. Cost": 0.049153, "Conversions": 3.0, "Avg. CPV": 0.0, "Invalid clicks": 2, "Unique cookies": "", "Campaign ID": 786620319, "Views": 0, "Interaction Rate": 28.5, "Advertising Sub Channel": "", "Account ID": "6585673574", "Video played to 100%": 0.0, "CTR": 28.5, "Start date": "2017-03-25", "Avg. CPC": 0.049153, "Video played to 75%": 0.0, "Impressions": 207, "Avg. CPM": 14.009662}, {"Bid Strategy Type": "cpc", "Account Name": "[W] G1 - WPL - pl360", "End date": "", "Advertising Channel": "Search", "Mapping": false, "Campaign": "Gen-term_GO_LP", "Date": "2017-05-04", "Avg. CPE": 0.0, "Video played to 50%": 0.0, "Clicks": 3, "Cost": 0.14, "Video played to 25%": 0.0, "Interaction Types": ["Clicks"], "Campaign state": "paused", "Avg. position": 1.8, "Interactions": 3, "View rate": 0.0, "Campaign serving status": "eligible", "Engagements": 0, "Avg. Cost": 0.046667, "Conversions": 0.0, "Avg. CPV": 0.0, "Invalid clicks": 0, "Unique cookies": "", "Campaign ID": 786620343, "Views": 0, "Interaction Rate": 20.0, "Advertising Sub Channel": "", "Account ID": "6585673574", "Video played to 100%": 0.0, "CTR": 20.0, "Start date": "2017-03-25", "Avg. CPC": 0.046667, "Video played to 75%": 0.0, "Impressions": 15, "Avg. CPM": 9.333333}, {"Bid Strategy Type": "cpc", "Account Name": "[W] G1 - WPL - pl360", "End date": "", "Advertising Channel": "Search", "Mapping": false, "Campaign": "Gen-term_WG_HP", "Date": "2017-05-04", "Avg. CPE": 0.0, "Video played to 50%": 0.0, "Clicks": 1, "Cost": 0.02, "Video played to 25%": 0.0, "Interaction Types": ["Clicks"], "Campaign state": "paused", "Avg. position": 1.7, "Interactions": 1, "View rate": 0.0, "Campaign serving status": "eligible", "Engagements": 0, "Avg. Cost": 0.02, "Conversions": 0.0, "Avg. CPV": 0.0, "Invalid clicks": 0, "Unique cookies": "", "Campaign ID": 786620346, "Views": 0, "Interaction Rate": 33.33, "Advertising Sub Channel": "", "Account ID": "6585673574", "Video played to 100%": 0.0, "CTR": 33.33, "Start date": "2017-03-25", "Avg. CPC": 0.02, "Video played to 75%": 0.0, "Impressions": 3, "Avg. CPM": 6.666667}, {"Bid Strategy Type": "cpc", "Account Name": "[W] G1 - WPL - pl360", "End date": "", "Advertising Channel": "Search", "Mapping": false, "Campaign": "Gen-term_Game_LP", "Date": "2017-05-04", "Avg. CPE": 0.0, "Video played to 50%": 0.0, "Clicks": 3, "Cost": 0.25, "Video played to 25%": 0.0, "Interaction Types": ["Clicks"], "Campaign state": "paused", "Avg. position": 2.8, "Interactions": 3, "View rate": 0.0, "Campaign serving status": "eligible", "Engagements": 0, "Avg. Cost": 0.083333, "Conversions": 1.0, "Avg. CPV": 0.0, "Invalid clicks": 0, "Unique cookies": "", "Campaign ID": 786620334, "Views": 0, "Interaction Rate": 12.5, "Advertising Sub Channel": "", "Account ID": "6585673574", "Video played to 100%": 0.0, "CTR": 12.5, "Start date": "2017-03-25", "Avg. CPC": 0.083333, "Video played to 75%": 0.0, "Impressions": 24, "Avg. CPM": 10.416667}, {"Bid Strategy Type": "cpc", "Account Name": "[W] G1 - WPL - pl360", "End date": "", "Advertising Channel": "Search", "Mapping": false, "Campaign": "Gen-term_Zing_LP", "Date": "2017-05-04", "Avg. CPE": 0.0, "Video played to 50%": 0.0, "Clicks": 1, "Cost": 0.04, "Video played to 25%": 0.0, "Interaction Types": ["Clicks"], "Campaign state": "paused", "Avg. position": 1.5, "Interactions": 1, "View rate": 0.0, "Campaign serving status": "eligible", "Engagements": 0, "Avg. Cost": 0.04, "Conversions": 1.0, "Avg. CPV": 0.0, "Invalid clicks": 0, "Unique cookies": "", "Campaign ID": 786620361, "Views": 0, "Interaction Rate": 50.0, "Advertising Sub Channel": "", "Account ID": "6585673574", "Video played to 100%": 0.0, "CTR": 50.0, "Start date": "2017-03-25", "Avg. CPC": 0.04, "Video played to 75%": 0.0, "Impressions": 2, "Avg. CPM": 20.0}, {"Bid Strategy Type": "cpc", "Account Name": "[W] G1 - WPL - pl360", "End date": "", "Advertising Channel": "Search", "Mapping": false, "Campaign": "Gen-term_360game_MP", "Date": "2017-05-04", "Avg. CPE": 0.0, "Video played to 50%": 0.0, "Clicks": 15, "Cost": 0.83, "Video played to 25%": 0.0, "Interaction Types": ["Clicks"], "Campaign state": "paused", "Avg. position": 1.2, "Interactions": 15, "View rate": 0.0, "Campaign serving status": "eligible", "Engagements": 0, "Avg. Cost": 0.055333, "Conversions": 1.0, "Avg. CPV": 0.0, "Invalid clicks": 0, "Unique cookies": "", "Campaign ID": 786620322, "Views": 0, "Interaction Rate": 27.78, "Advertising Sub Channel": "", "Account ID": "6585673574", "Video played to 100%": 0.0, "CTR": 27.78, "Start date": "2017-03-25", "Avg. CPC": 0.055333, "Video played to 75%": 0.0, "Impressions": 54, "Avg. CPM": 15.37037}, {"Bid Strategy Type": "cpc", "Account Name": "[W] G1 - WPL - pl360", "End date": "", "Advertising Channel": "Search", "Mapping": false, "Campaign": "Gen-term_Game_MP", "Date": "2017-05-04", "Avg. CPE": 0.0, "Video played to 50%": 0.0, "Clicks": 27, "Cost": 2.21, "Video played to 25%": 0.0, "Interaction Types": ["Clicks"], "Campaign state": "paused", "Avg. position": 1.8, "Interactions": 27, "View rate": 0.0, "Campaign serving status": "eligible", "Engagements": 0, "Avg. Cost": 0.081852, "Conversions": 7.0, "Avg. CPV": 0.0, "Invalid clicks": 0, "Unique cookies": "", "Campaign ID": 786620331, "Views": 0, "Interaction Rate": 21.09, "Advertising Sub Channel": "", "Account ID": "6585673574", "Video played to 100%": 0.0, "CTR": 21.09, "Start date": "2017-03-25", "Avg. CPC": 0.081852, "Video played to 75%": 0.0, "Impressions": 128, "Avg. CPM": 17.265625}, {"Bid Strategy Type": "cpc", "Account Name": "[W] G1 - WPL - pl360", "End date": "", "Advertising Channel": "Search", "Mapping": false, "Campaign": "Gen-term_GO_HP", "Date": "2017-05-04", "Avg. CPE": 0.0, "Video played to 50%": 0.0, "Clicks": 6, "Cost": 0.38, "Video played to 25%": 0.0, "Interaction Types": ["Clicks"], "Campaign state": "paused", "Avg. position": 2.9, "Interactions": 6, "View rate": 0.0, "Campaign serving status": "eligible", "Engagements": 0, "Avg. Cost": 0.063333, "Conversions": 0.0, "Avg. CPV": 0.0, "Invalid clicks": 0, "Unique cookies": "", "Campaign ID": 786620337, "Views": 0, "Interaction Rate": 21.43, "Advertising Sub Channel": "", "Account ID": "6585673574", "Video played to 100%": 0.0, "CTR": 21.43, "Start date": "2017-03-25", "Avg. CPC": 0.063333, "Video played to 75%": 0.0, "Impressions": 28, "Avg. CPM": 13.571429}, {"Bid Strategy Type": "cpc", "Account Name": "[W] G1 - WPL - pl360", "End date": "", "Advertising Channel": "Search", "Mapping": false, "Campaign": "Gen-term_Other_MP", "Date": "2017-05-04", "Avg. CPE": 0.0, "Video played to 50%": 0.0, "Clicks": 1, "Cost": 0.02, "Video played to 25%": 0.0, "Interaction Types": ["Clicks"], "Campaign state": "paused", "Avg. position": 4.1, "Interactions": 1, "View rate": 0.0, "Campaign serving status": "eligible", "Engagements": 0, "Avg. Cost": 0.02, "Conversions": 0.0, "Avg. CPV": 0.0, "Invalid clicks": 0, "Unique cookies": "", "Campaign ID": 786620367, "Views": 0, "Interaction Rate": 4.76, "Advertising Sub Channel": "", "Account ID": "6585673574", "Video played to 100%": 0.0, "CTR": 4.76, "Start date": "2017-03-25", "Avg. CPC": 0.02, "Video played to 75%": 0.0, "Impressions": 21, "Avg. CPM": 0.952381}, {"Bid Strategy Type": "cpc", "Account Name": "[W] G1 - WPL - pl360", "End date": "", "Advertising Channel": "Search", "Mapping": false, "Campaign": "Gen-term_WG_MP", "Date": "2017-05-04", "Avg. CPE": 0.0, "Video played to 50%": 0.0, "Clicks": 1, "Cost": 0.09, "Video played to 25%": 0.0, "Interaction Types": ["Clicks"], "Campaign state": "paused", "Avg. position": 2.7, "Interactions": 1, "View rate": 0.0, "Campaign serving status": "eligible", "Engagements": 0, "Avg. Cost": 0.09, "Conversions": 1.0, "Avg. CPV": 0.0, "Invalid clicks": 0, "Unique cookies": "", "Campaign ID": 786620349, "Views": 0, "Interaction Rate": 5.88, "Advertising Sub Channel": "", "Account ID": "6585673574", "Video played to 100%": 0.0, "CTR": 5.88, "Start date": "2017-03-25", "Avg. CPC": 0.09, "Video played to 75%": 0.0, "Impressions": 17, "Avg. CPM": 5.294118}, {"Bid Strategy Type": "cpc", "Account Name": "[W] G1 - WPL - pl360", "End date": "", "Advertising Channel": "Search", "Mapping": false, "Campaign": "Brand-term_phuc-long", "Date": "2017-05-04", "Avg. CPE": 0.0, "Video played to 50%": 0.0, "Clicks": 864, "Cost": 15.17, "Video played to 25%": 0.0, "Interaction Types": ["Clicks"], "Campaign state": "enabled", "Avg. position": 1.0, "Interactions": 864, "View rate": 0.0, "Campaign serving status": "eligible", "Engagements": 0, "Avg. Cost": 0.017558, "Conversions": 29.0, "Avg. CPV": 0.0, "Invalid clicks": 39, "Unique cookies": "", "Campaign ID": 786620373, "Views": 0, "Interaction Rate": 55.85, "Advertising Sub Channel": "", "Account ID": "6585673574", "Video played to 100%": 0.0, "CTR": 55.85, "Start date": "2017-03-25", "Avg. CPC": 0.017558, "Video played to 75%": 0.0, "Impressions": 1547, "Avg. CPM": 9.806076}, {"Bid Strategy Type": "cpc", "Account Name": "[W] G1 - WPL - pl360", "End date": "", "Advertising Channel": "Search", "Mapping": false, "Campaign": "Gen-term_Game-chien-thuat", "Date": "2017-05-04", "Avg. CPE": 0.0, "Video played to 50%": 0.0, "Clicks": 12, "Cost": 0.6, "Video played to 25%": 0.0, "Interaction Types": ["Clicks"], "Campaign state": "paused", "Avg. position": 2.1, "Interactions": 12, "View rate": 0.0, "Campaign serving status": "eligible", "Engagements": 0, "Avg. Cost": 0.05, "Conversions": 2.0, "Avg. CPV": 0.0, "Invalid clicks": 1, "Unique cookies": "", "Campaign ID": 788928446, "Views": 0, "Interaction Rate": 18.18, "Advertising Sub Channel": "", "Account ID": "6585673574", "Video played to 100%": 0.0, "CTR": 18.18, "Start date": "2017-03-27", "Avg. CPC": 0.05, "Video played to 75%": 0.0, "Impressions": 66, "Avg. CPM": 9.090909}, {"Bid Strategy Type": "cpc", "Account Name": "[W] G1 - WPL - pl360", "End date": "", "Advertising Channel": "Search", "Mapping": false, "Campaign": "Gen-term_Zing_HP", "Date": "2017-05-04", "Avg. CPE": 0.0, "Video played to 50%": 0.0, "Clicks": 3, "Cost": 0.08, "Video played to 25%": 0.0, "Interaction Types": ["Clicks"], "Campaign state": "paused", "Avg. position": 1.1, "Interactions": 3, "View rate": 0.0, "Campaign serving status": "eligible", "Engagements": 0, "Avg. Cost": 0.026667, "Conversions": 1.0, "Avg. CPV": 0.0, "Invalid clicks": 0, "Unique cookies": "", "Campaign ID": 786620355, "Views": 0, "Interaction Rate": 20.0, "Advertising Sub Channel": "", "Account ID": "6585673574", "Video played to 100%": 0.0, "CTR": 20.0, "Start date": "2017-03-25", "Avg. CPC": 0.026667, "Video played to 75%": 0.0, "Impressions": 15, "Avg. CPM": 5.333333}, {"Bid Strategy Type": "cpc", "Account Name": "[W] G1 - WPL - pl360", "End date": "", "Advertising Channel": "Search", "Mapping": false, "Campaign": "Gen-term_GO_MP", "Date": "2017-05-04", "Avg. CPE": 0.0, "Video played to 50%": 0.0, "Clicks": 8, "Cost": 0.59, "Video played to 25%": 0.0, "Interaction Types": ["Clicks"], "Campaign state": "paused", "Avg. position": 2.5, "Interactions": 8, "View rate": 0.0, "Campaign serving status": "eligible", "Engagements": 0, "Avg. Cost": 0.07375, "Conversions": 2.0, "Avg. CPV": 0.0, "Invalid clicks": 1, "Unique cookies": "", "Campaign ID": 786620340, "Views": 0, "Interaction Rate": 23.53, "Advertising Sub Channel": "", "Account ID": "6585673574", "Video played to 100%": 0.0, "CTR": 23.53, "Start date": "2017-03-25", "Avg. CPC": 0.07375, "Video played to 75%": 0.0, "Impressions": 34, "Avg. CPM": 17.352941}, {"Bid Strategy Type": "cpc", "Account Name": "[W] G1 - WPL - pl360", "End date": "", "Advertising Channel": "Search", "Mapping": false, "Campaign": "Gen-term_Other_LP", "Date": "2017-05-04", "Avg. CPE": 0.0, "Video played to 50%": 0.0, "Clicks": 5, "Cost": 0.16, "Video played to 25%": 0.0, "Interaction Types": ["Clicks"], "Campaign state": "paused", "Avg. position": 2.2, "Interactions": 5, "View rate": 0.0, "Campaign serving status": "eligible", "Engagements": 0, "Avg. Cost": 0.032, "Conversions": 3.0, "Avg. CPV": 0.0, "Invalid clicks": 0, "Unique cookies": "", "Campaign ID": 786620370, "Views": 0, "Interaction Rate": 22.73, "Advertising Sub Channel": "", "Account ID": "6585673574", "Video played to 100%": 0.0, "CTR": 22.73, "Start date": "2017-03-25", "Avg. CPC": 0.032, "Video played to 75%": 0.0, "Impressions": 22, "Avg. CPM": 7.272727}, {"Bid Strategy Type": "cpc", "Account Name": "[W] G1 - WPL - pl360", "End date": "", "Advertising Channel": "Search", "Mapping": false, "Campaign": "Brand-term_pl", "Date": "2017-05-04", "Avg. CPE": 0.0, "Video played to 50%": 0.0, "Clicks": 108, "Cost": 4.18, "Video played to 25%": 0.0, "Interaction Types": ["Clicks"], "Campaign state": "enabled", "Avg. position": 1.0, "Interactions": 108, "View rate": 0.0, "Campaign serving status": "eligible", "Engagements": 0, "Avg. Cost": 0.038704, "Conversions": 0.0, "Avg. CPV": 0.0, "Invalid clicks": 26, "Unique cookies": "", "Campaign ID": 786620316, "Views": 0, "Interaction Rate": 31.58, "Advertising Sub Channel": "", "Account ID": "6585673574", "Video played to 100%": 0.0, "CTR": 31.58, "Start date": "2017-03-25", "Avg. CPC": 0.038704, "Video played to 75%": 0.0, "Impressions": 342, "Avg. CPM": 12.222222}, {"Bid Strategy Type": "cpc", "Account Name": "[W] G1 - WPL - pl360", "End date": "", "Advertising Channel": "Search", "Mapping": false, "Campaign": "Gen-term_WG_LP", "Date": "2017-05-04", "Avg. CPE": 0.0, "Video played to 50%": 0.0, "Clicks": 2, "Cost": 0.05, "Video played to 25%": 0.0, "Interaction Types": ["Clicks"], "Campaign state": "paused", "Avg. position": 2.2, "Interactions": 2, "View rate": 0.0, "Campaign serving status": "eligible", "Engagements": 0, "Avg. Cost": 0.025, "Conversions": 1.0, "Avg. CPV": 0.0, "Invalid clicks": 0, "Unique cookies": "", "Campaign ID": 786620352, "Views": 0, "Interaction Rate": 16.67, "Advertising Sub Channel": "", "Account ID": "6585673574", "Video played to 100%": 0.0, "CTR": 16.67, "Start date": "2017-03-25", "Avg. CPC": 0.025, "Video played to 75%": 0.0, "Impressions": 12, "Avg. CPM": 4.166667}, {"Bid Strategy Type": "", "Account Name": "[W] G1 - WPL - pl360", "End date": "", "Advertising Channel": "", "Mapping": false, "Campaign": "", "Date": "2017-05-04", "Avg. CPE": 0.0, "Video played to 50%": 0.0, "Clicks": 1124, "Cost": 28.01, "Video played to 25%": 0.0, "Interaction Types": "", "Campaign state": "Total", "Avg. position": 1.2, "Interactions": 1124, "View rate": 0.0, "Campaign serving status": "", "Engagements": 0, "Avg. Cost": 0.02492, "Conversions": 52.0, "Avg. CPV": 0.0, "Invalid clicks": 69, "Unique cookies": "", "Campaign ID": "", "Views": 0, "Interaction Rate": 44.01, "Advertising Sub Channel": "", "Account ID": "6585673574", "Video played to 100%": 0.0, "CTR": 44.01, "Start date": "", "Avg. CPC": 0.02492, "Video played to 75%": 0.0, "Impressions": 2554, "Avg. CPM": 10.96711}]