[{"Campaign state": "paused", "Interaction Types": ["Clicks"], "Campaign serving status": "eligible", "Cost": 4.17, "Interactions": 70, "Avg. CPM": 17.594937, "Bid Strategy Type": "cpc", "Video played to 100%": 0.0, "Avg. CPE": 0.0, "Mapping": false, "Start date": "2016-05-17", "View rate": 0.0, "Account ID": "3764021980", "Avg. CPC": 0.059571, "Conversions": 9.0, "Video played to 75%": 0.0, "Impressions": 237, "Avg. position": 1.2, "Advertising Sub Channel": "", "Campaign ID": 420413522, "Avg. Cost": 0.059571, "Avg. CPV": 0.0, "Campaign": "Brand-term_BMM-AFT", "Interaction Rate": 29.54, "Advertising Channel": "Search", "Video played to 50%": 0.0, "Date": "2017-08-04", "End date": "", "CTR": 29.54, "Video played to 25%": 0.0, "Engagements": 0, "Invalid clicks": 3, "Clicks": 70, "Views": 0, "Unique cookies": ""}, {"Campaign state": "paused", "Interaction Types": ["Clicks"], "Campaign serving status": "eligible", "Cost": 6.79, "Interactions": 60, "Avg. CPM": 28.529412, "Bid Strategy Type": "cpc", "Video played to 100%": 0.0, "Avg. CPE": 0.0, "Mapping": false, "Start date": "2016-05-17", "View rate": 0.0, "Account ID": "3764021980", "Avg. CPC": 0.113167, "Conversions": 10.0, "Video played to 75%": 0.0, "Impressions": 238, "Avg. position": 1.1, "Advertising Sub Channel": "", "Campaign ID": 420414482, "Avg. Cost": 0.113167, "Avg. CPV": 0.0, "Campaign": "Brand-term_Phr-AFT", "Interaction Rate": 25.21, "Advertising Channel": "Search", "Video played to 50%": 0.0, "Date": "2017-08-04", "End date": "", "CTR": 25.21, "Video played to 25%": 0.0, "Engagements": 0, "Invalid clicks": 3, "Clicks": 60, "Views": 0, "Unique cookies": ""}, {"Campaign state": "paused", "Interaction Types": ["Clicks"], "Campaign serving status": "eligible", "Cost": 3.81, "Interactions": 149, "Avg. CPM": 9.093079, "Bid Strategy Type": "cpc", "Video played to 100%": 0.0, "Avg. CPE": 0.0, "Mapping": false, "Start date": "2016-05-17", "View rate": 0.0, "Account ID": "3764021980", "Avg. CPC": 0.02557, "Conversions": 23.0, "Video played to 75%": 0.0, "Impressions": 419, "Avg. position": 1.2, "Advertising Sub Channel": "", "Campaign ID": 420413282, "Avg. Cost": 0.02557, "Avg. CPV": 0.0, "Campaign": "Brand-term_BMM-MOR", "Interaction Rate": 35.56, "Advertising Channel": "Search", "Video played to 50%": 0.0, "Date": "2017-08-04", "End date": "", "CTR": 35.56, "Video played to 25%": 0.0, "Engagements": 0, "Invalid clicks": 31, "Clicks": 149, "Views": 0, "Unique cookies": ""}, {"Campaign state": "paused", "Interaction Types": ["Clicks"], "Campaign serving status": "eligible", "Cost": 0.13, "Interactions": 13, "Avg. CPM": 6.5, "Bid Strategy Type": "cpc", "Video played to 100%": 0.0, "Avg. CPE": 0.0, "Mapping": false, "Start date": "2016-05-26", "View rate": 0.0, "Account ID": "3764021980", "Avg. CPC": 0.01, "Conversions": 0.0, "Video played to 75%": 0.0, "Impressions": 20, "Avg. position": 1.0, "Advertising Sub Channel": "", "Campaign ID": 600817345, "Avg. Cost": 0.01, "Avg. CPV": 0.0, "Campaign": "Brand-term_Phim Kiem Vu-BMM-MOR", "Interaction Rate": 65.0, "Advertising Channel": "Search", "Video played to 50%": 0.0, "Date": "2017-08-04", "End date": "", "CTR": 65.0, "Video played to 25%": 0.0, "Engagements": 0, "Invalid clicks": 1, "Clicks": 13, "Views": 0, "Unique cookies": ""}, {"Campaign state": "paused", "Interaction Types": ["Clicks"], "Campaign serving status": "eligible", "Cost": 3.77, "Interactions": 77, "Avg. CPM": 12.524917, "Bid Strategy Type": "cpc", "Video played to 100%": 0.0, "Avg. CPE": 0.0, "Mapping": false, "Start date": "2016-05-17", "View rate": 0.0, "Account ID": "3764021980", "Avg. CPC": 0.048961, "Conversions": 6.0, "Video played to 75%": 0.0, "Impressions": 301, "Avg. position": 1.3, "Advertising Sub Channel": "", "Campaign ID": 420413762, "Avg. Cost": 0.048961, "Avg. CPV": 0.0, "Campaign": "Brand-term_BMM-EVE", "Interaction Rate": 25.58, "Advertising Channel": "Search", "Video played to 50%": 0.0, "Date": "2017-08-04", "End date": "", "CTR": 25.58, "Video played to 25%": 0.0, "Engagements": 0, "Invalid clicks": 0, "Clicks": 77, "Views": 0, "Unique cookies": ""}, {"Campaign state": "paused", "Interaction Types": ["Clicks"], "Campaign serving status": "eligible", "Cost": 3.32, "Interactions": 70, "Avg. CPM": 12.116788, "Bid Strategy Type": "cpc", "Video played to 100%": 0.0, "Avg. CPE": 0.0, "Mapping": false, "Start date": "2016-05-17", "View rate": 0.0, "Account ID": "3764021980", "Avg. CPC": 0.047429, "Conversions": 9.0, "Video played to 75%": 0.0, "Impressions": 274, "Avg. position": 1.1, "Advertising Sub Channel": "", "Campaign ID": 420414242, "Avg. Cost": 0.047429, "Avg. CPV": 0.0, "Campaign": "Brand-term_Phr-EVE", "Interaction Rate": 25.55, "Advertising Channel": "Search", "Video played to 50%": 0.0, "Date": "2017-08-04", "End date": "", "CTR": 25.55, "Video played to 25%": 0.0, "Engagements": 0, "Invalid clicks": 0, "Clicks": 70, "Views": 0, "Unique cookies": ""}, {"Campaign state": "enabled", "Interaction Types": ["Clicks"], "Campaign serving status": "eligible", "Cost": 8.32, "Interactions": 663, "Avg. CPM": 6.898839, "Bid Strategy Type": "cpc", "Video played to 100%": 0.0, "Avg. CPE": 0.0, "Mapping": false, "Start date": "2016-05-17", "View rate": 0.0, "Account ID": "3764021980", "Avg. CPC": 0.012549, "Conversions": 51.0, "Video played to 75%": 0.0, "Impressions": 1206, "Avg. position": 1.0, "Advertising Sub Channel": "", "Campaign ID": 420414962, "Avg. Cost": 0.012549, "Avg. CPV": 0.0, "Campaign": "Brand-term_Exa-Eve", "Interaction Rate": 54.98, "Advertising Channel": "Search", "Video played to 50%": 0.0, "Date": "2017-08-04", "End date": "", "CTR": 54.98, "Video played to 25%": 0.0, "Engagements": 0, "Invalid clicks": 35, "Clicks": 663, "Views": 0, "Unique cookies": ""}, {"Campaign state": "enabled", "Interaction Types": ["Clicks"], "Campaign serving status": "eligible", "Cost": 5.56, "Interactions": 536, "Avg. CPM": 6.130099, "Bid Strategy Type": "cpc", "Video played to 100%": 0.0, "Avg. CPE": 0.0, "Mapping": false, "Start date": "2016-05-17", "View rate": 0.0, "Account ID": "3764021980", "Avg. CPC": 0.010373, "Conversions": 54.0, "Video played to 75%": 0.0, "Impressions": 907, "Avg. position": 1.0, "Advertising Sub Channel": "", "Campaign ID": 420414722, "Avg. Cost": 0.010373, "Avg. CPV": 0.0, "Campaign": "Brand-term_Exa-AFT", "Interaction Rate": 59.1, "Advertising Channel": "Search", "Video played to 50%": 0.0, "Date": "2017-08-04", "End date": "", "CTR": 59.1, "Video played to 25%": 0.0, "Engagements": 0, "Invalid clicks": 33, "Clicks": 536, "Views": 0, "Unique cookies": ""}, {"Campaign state": "paused", "Interaction Types": ["Clicks"], "Campaign serving status": "eligible", "Cost": 6.76, "Interactions": 102, "Avg. CPM": 17.512953, "Bid Strategy Type": "cpc", "Video played to 100%": 0.0, "Avg. CPE": 0.0, "Mapping": false, "Start date": "2016-05-17", "View rate": 0.0, "Account ID": "3764021980", "Avg. CPC": 0.066275, "Conversions": 19.0, "Video played to 75%": 0.0, "Impressions": 386, "Avg. position": 1.1, "Advertising Sub Channel": "", "Campaign ID": 420414002, "Avg. Cost": 0.066275, "Avg. CPV": 0.0, "Campaign": "Brand-term_Phr-MOR", "Interaction Rate": 26.42, "Advertising Channel": "Search", "Video played to 50%": 0.0, "Date": "2017-08-04", "End date": "", "CTR": 26.42, "Video played to 25%": 0.0, "Engagements": 0, "Invalid clicks": 15, "Clicks": 102, "Views": 0, "Unique cookies": ""}, {"Campaign state": "paused", "Interaction Types": ["Clicks"], "Campaign serving status": "eligible", "Cost": 3.2, "Interactions": 160, "Avg. CPM": 8.39895, "Bid Strategy Type": "cpc", "Video played to 100%": 0.0, "Avg. CPE": 0.0, "Mapping": false, "Start date": "2016-05-26", "View rate": 0.0, "Account ID": "3764021980", "Avg. CPC": 0.02, "Conversions": 21.0, "Video played to 75%": 0.0, "Impressions": 381, "Avg. position": 1.0, "Advertising Sub Channel": "", "Campaign ID": 600817348, "Avg. Cost": 0.02, "Avg. CPV": 0.0, "Campaign": "Brand-term_Phim Kiem Vu-BMM-AFT", "Interaction Rate": 41.99, "Advertising Channel": "Search", "Video played to 50%": 0.0, "Date": "2017-08-04", "End date": "", "CTR": 41.99, "Video played to 25%": 0.0, "Engagements": 0, "Invalid clicks": 20, "Clicks": 160, "Views": 0, "Unique cookies": ""}, {"Campaign state": "enabled", "Interaction Types": ["Clicks"], "Campaign serving status": "eligible", "Cost": 7.49, "Interactions": 663, "Avg. CPM": 6.484848, "Bid Strategy Type": "cpc", "Video played to 100%": 0.0, "Avg. CPE": 0.0, "Mapping": false, "Start date": "2016-05-17", "View rate": 0.0, "Account ID": "3764021980", "Avg. CPC": 0.011297, "Conversions": 62.0, "Video played to 75%": 0.0, "Impressions": 1155, "Avg. position": 1.0, "Advertising Sub Channel": "", "Campaign ID": 420415202, "Avg. Cost": 0.011297, "Avg. CPV": 0.0, "Campaign": "Brand-term_Exa-Mor", "Interaction Rate": 57.4, "Advertising Channel": "Search", "Video played to 50%": 0.0, "Date": "2017-08-04", "End date": "", "CTR": 57.4, "Video played to 25%": 0.0, "Engagements": 0, "Invalid clicks": 81, "Clicks": 663, "Views": 0, "Unique cookies": ""}, {"Campaign state": "Total", "Interaction Types": "", "Campaign serving status": "", "Cost": 53.32, "Interactions": 2563, "Avg. CPM": 9.650679, "Bid Strategy Type": "", "Video played to 100%": 0.0, "Avg. CPE": 0.0, "Mapping": false, "Start date": "", "View rate": 0.0, "Account ID": "3764021980", "Avg. CPC": 0.020804, "Conversions": 264.0, "Video played to 75%": 0.0, "Impressions": 5525, "Avg. position": 1.0, "Advertising Sub Channel": "", "Campaign ID": "", "Avg. Cost": 0.020804, "Avg. CPV": 0.0, "Campaign": "", "Interaction Rate": 46.39, "Advertising Channel": "", "Video played to 50%": 0.0, "Date": "2017-08-04", "End date": "", "CTR": 46.39, "Video played to 25%": 0.0, "Engagements": 0, "Invalid clicks": 222, "Clicks": 2563, "Views": 0, "Unique cookies": ""}]