[{"Start date": "2016-04-29", "Avg. CPC": 0.032308, "Interactions": 26, "Avg. position": 2.2, "Campaign serving status": "eligible", "Campaign ID": 376725791, "Invalid clicks": 0, "Impressions": 130, "Video played to 50%": 0.0, "Account ID": "6940796638", "Conversions": 5.0, "Views": 0, "Engagements": 0, "Avg. CPE": 0.0, "Advertising Sub Channel": "", "Account Name": "[W] G1 - WPL - mudts360", "End date": "", "Video played to 100%": 0.0, "Clicks": 26, "Avg. Cost": 0.032308, "Interaction Types": ["Clicks"], "Video played to 25%": 0.0, "View rate": 0.0, "Video played to 75%": 0.0, "Avg. CPM": 6.461538, "CTR": 20.0, "Campaign state": "enabled", "Unique cookies": "", "Advertising Channel": "Search", "Interaction Rate": 20.0, "Bid Strategy Type": "cpc", "Date": "2017-08-02", "Mapping": false, "Campaign": "Brand-term_Mu-EVE", "Avg. CPV": 0.0, "Cost": 0.84}, {"Start date": "2016-04-29", "Avg. CPC": 0.018571, "Interactions": 7, "Avg. position": 1.0, "Campaign serving status": "eligible", "Campaign ID": 376726511, "Invalid clicks": 0, "Impressions": 20, "Video played to 50%": 0.0, "Account ID": "6940796638", "Conversions": 2.0, "Views": 0, "Engagements": 0, "Avg. CPE": 0.0, "Advertising Sub Channel": "", "Account Name": "[W] G1 - WPL - mudts360", "End date": "", "Video played to 100%": 0.0, "Clicks": 7, "Avg. Cost": 0.018571, "Interaction Types": ["Clicks"], "Video played to 25%": 0.0, "View rate": 0.0, "Video played to 75%": 0.0, "Avg. CPM": 6.5, "CTR": 35.0, "Campaign state": "enabled", "Unique cookies": "", "Advertising Channel": "Search", "Interaction Rate": 35.0, "Bid Strategy Type": "cpc", "Date": "2017-08-02", "Mapping": false, "Campaign": "Brand-term_MUDTS-bmm-EVE", "Avg. CPV": 0.0, "Cost": 0.13}, {"Start date": "2016-04-29", "Avg. CPC": 0.018333, "Interactions": 18, "Avg. position": 1.0, "Campaign serving status": "eligible", "Campaign ID": 376724231, "Invalid clicks": 0, "Impressions": 45, "Video played to 50%": 0.0, "Account ID": "6940796638", "Conversions": 0.0, "Views": 0, "Engagements": 0, "Avg. CPE": 0.0, "Advertising Sub Channel": "", "Account Name": "[W] G1 - WPL - mudts360", "End date": "", "Video played to 100%": 0.0, "Clicks": 18, "Avg. Cost": 0.018333, "Interaction Types": ["Clicks"], "Video played to 25%": 0.0, "View rate": 0.0, "Video played to 75%": 0.0, "Avg. CPM": 7.333333, "CTR": 40.0, "Campaign state": "paused", "Unique cookies": "", "Advertising Channel": "Search", "Interaction Rate": 40.0, "Bid Strategy Type": "cpc", "Date": "2017-08-02", "Mapping": false, "Campaign": "Brand-term_DTSCK-br-AFT", "Avg. CPV": 0.0, "Cost": 0.33}, {"Start date": "2016-04-29", "Avg. CPC": 0.038387, "Interactions": 31, "Avg. position": 2.4, "Campaign serving status": "eligible", "Campaign ID": 376725911, "Invalid clicks": 0, "Impressions": 164, "Video played to 50%": 0.0, "Account ID": "6940796638", "Conversions": 5.0, "Views": 0, "Engagements": 0, "Avg. CPE": 0.0, "Advertising Sub Channel": "", "Account Name": "[W] G1 - WPL - mudts360", "End date": "", "Video played to 100%": 0.0, "Clicks": 31, "Avg. Cost": 0.038387, "Interaction Types": ["Clicks"], "Video played to 25%": 0.0, "View rate": 0.0, "Video played to 75%": 0.0, "Avg. CPM": 7.256098, "CTR": 18.9, "Campaign state": "enabled", "Unique cookies": "", "Advertising Channel": "Search", "Interaction Rate": 18.9, "Bid Strategy Type": "cpc", "Date": "2017-08-02", "Mapping": false, "Campaign": "Brand-term_Mu-MOR", "Avg. CPV": 0.0, "Cost": 1.19}, {"Start date": "2016-04-29", "Avg. CPC": 0.015263, "Interactions": 19, "Avg. position": 1.0, "Campaign serving status": "eligible", "Campaign ID": 376724471, "Invalid clicks": 0, "Impressions": 53, "Video played to 50%": 0.0, "Account ID": "6940796638", "Conversions": 1.0, "Views": 0, "Engagements": 0, "Avg. CPE": 0.0, "Advertising Sub Channel": "", "Account Name": "[W] G1 - WPL - mudts360", "End date": "", "Video played to 100%": 0.0, "Clicks": 19, "Avg. Cost": 0.015263, "Interaction Types": ["Clicks"], "Video played to 25%": 0.0, "View rate": 0.0, "Video played to 75%": 0.0, "Avg. CPM": 5.471698, "CTR": 35.85, "Campaign state": "paused", "Unique cookies": "", "Advertising Channel": "Search", "Interaction Rate": 35.85, "Bid Strategy Type": "cpc", "Date": "2017-08-02", "Mapping": false, "Campaign": "Brand-term_DTSCK-br-MOR", "Avg. CPV": 0.0, "Cost": 0.29}, {"Start date": "2016-04-29", "Avg. CPC": 0.010556, "Interactions": 18, "Avg. position": 1.0, "Campaign serving status": "eligible", "Campaign ID": 376724351, "Invalid clicks": 0, "Impressions": 36, "Video played to 50%": 0.0, "Account ID": "6940796638", "Conversions": 0.0, "Views": 0, "Engagements": 0, "Avg. CPE": 0.0, "Advertising Sub Channel": "", "Account Name": "[W] G1 - WPL - mudts360", "End date": "", "Video played to 100%": 0.0, "Clicks": 18, "Avg. Cost": 0.010556, "Interaction Types": ["Clicks"], "Video played to 25%": 0.0, "View rate": 0.0, "Video played to 75%": 0.0, "Avg. CPM": 5.277778, "CTR": 50.0, "Campaign state": "paused", "Unique cookies": "", "Advertising Channel": "Search", "Interaction Rate": 50.0, "Bid Strategy Type": "cpc", "Date": "2017-08-02", "Mapping": false, "Campaign": "Brand-term_DTSCK-br-EVE", "Avg. CPV": 0.0, "Cost": 0.19}, {"Start date": "2016-04-29", "Avg. CPC": 0.01, "Interactions": 2, "Avg. position": 1.0, "Campaign serving status": "eligible", "Campaign ID": 376726631, "Invalid clicks": 0, "Impressions": 9, "Video played to 50%": 0.0, "Account ID": "6940796638", "Conversions": 0.0, "Views": 0, "Engagements": 0, "Avg. CPE": 0.0, "Advertising Sub Channel": "", "Account Name": "[W] G1 - WPL - mudts360", "End date": "", "Video played to 100%": 0.0, "Clicks": 2, "Avg. Cost": 0.01, "Interaction Types": ["Clicks"], "Video played to 25%": 0.0, "View rate": 0.0, "Video played to 75%": 0.0, "Avg. CPM": 2.222222, "CTR": 22.22, "Campaign state": "enabled", "Unique cookies": "", "Advertising Channel": "Search", "Interaction Rate": 22.22, "Bid Strategy Type": "cpc", "Date": "2017-08-02", "Mapping": false, "Campaign": "Brand-term_MUDTS-bmm-MOR", "Avg. CPV": 0.0, "Cost": 0.02}, {"Start date": "2016-04-29", "Avg. CPC": 0.0375, "Interactions": 44, "Avg. position": 2.4, "Campaign serving status": "eligible", "Campaign ID": 376725671, "Invalid clicks": 2, "Impressions": 188, "Video played to 50%": 0.0, "Account ID": "6940796638", "Conversions": 6.0, "Views": 0, "Engagements": 0, "Avg. CPE": 0.0, "Advertising Sub Channel": "", "Account Name": "[W] G1 - WPL - mudts360", "End date": "", "Video played to 100%": 0.0, "Clicks": 44, "Avg. Cost": 0.0375, "Interaction Types": ["Clicks"], "Video played to 25%": 0.0, "View rate": 0.0, "Video played to 75%": 0.0, "Avg. CPM": 8.776596, "CTR": 23.4, "Campaign state": "enabled", "Unique cookies": "", "Advertising Channel": "Search", "Interaction Rate": 23.4, "Bid Strategy Type": "cpc", "Date": "2017-08-02", "Mapping": false, "Campaign": "Brand-term_Mu-AFT", "Avg. CPV": 0.0, "Cost": 1.65}, {"Start date": "2016-04-29", "Avg. CPC": 0.038, "Interactions": 5, "Avg. position": 1.0, "Campaign serving status": "eligible", "Campaign ID": 376727111, "Invalid clicks": 1, "Impressions": 24, "Video played to 50%": 0.0, "Account ID": "6940796638", "Conversions": 0.0, "Views": 0, "Engagements": 0, "Avg. CPE": 0.0, "Advertising Sub Channel": "", "Account Name": "[W] G1 - WPL - mudts360", "End date": "", "Video played to 100%": 0.0, "Clicks": 5, "Avg. Cost": 0.038, "Interaction Types": ["Clicks"], "Video played to 25%": 0.0, "View rate": 0.0, "Video played to 75%": 0.0, "Avg. CPM": 7.916667, "CTR": 20.83, "Campaign state": "enabled", "Unique cookies": "", "Advertising Channel": "Search", "Interaction Rate": 20.83, "Bid Strategy Type": "cpc", "Date": "2017-08-02", "Mapping": false, "Campaign": "Brand-term_MUDTS-ex-AFT", "Avg. CPV": 0.0, "Cost": 0.19}, {"Start date": "2016-04-29", "Avg. CPC": 0.0375, "Interactions": 4, "Avg. position": 1.0, "Campaign serving status": "eligible", "Campaign ID": 376727351, "Invalid clicks": 0, "Impressions": 19, "Video played to 50%": 0.0, "Account ID": "6940796638", "Conversions": 0.0, "Views": 0, "Engagements": 0, "Avg. CPE": 0.0, "Advertising Sub Channel": "", "Account Name": "[W] G1 - WPL - mudts360", "End date": "", "Video played to 100%": 0.0, "Clicks": 4, "Avg. Cost": 0.0375, "Interaction Types": ["Clicks"], "Video played to 25%": 0.0, "View rate": 0.0, "Video played to 75%": 0.0, "Avg. CPM": 7.894737, "CTR": 21.05, "Campaign state": "enabled", "Unique cookies": "", "Advertising Channel": "Search", "Interaction Rate": 21.05, "Bid Strategy Type": "cpc", "Date": "2017-08-02", "Mapping": false, "Campaign": "Brand-term_MUDTS-ex-MOR", "Avg. CPV": 0.0, "Cost": 0.15}, {"Start date": "2016-04-29", "Avg. CPC": 0.033333, "Interactions": 3, "Avg. position": 1.0, "Campaign serving status": "eligible", "Campaign ID": 376727231, "Invalid clicks": 0, "Impressions": 13, "Video played to 50%": 0.0, "Account ID": "6940796638", "Conversions": 0.0, "Views": 0, "Engagements": 0, "Avg. CPE": 0.0, "Advertising Sub Channel": "", "Account Name": "[W] G1 - WPL - mudts360", "End date": "", "Video played to 100%": 0.0, "Clicks": 3, "Avg. Cost": 0.033333, "Interaction Types": ["Clicks"], "Video played to 25%": 0.0, "View rate": 0.0, "Video played to 75%": 0.0, "Avg. CPM": 7.692308, "CTR": 23.08, "Campaign state": "enabled", "Unique cookies": "", "Advertising Channel": "Search", "Interaction Rate": 23.08, "Bid Strategy Type": "cpc", "Date": "2017-08-02", "Mapping": false, "Campaign": "Brand-term_MUDTS-ex-EVE", "Avg. CPV": 0.0, "Cost": 0.1}, {"Start date": "2016-04-29", "Avg. CPC": 0.013333, "Interactions": 3, "Avg. position": 1.0, "Campaign serving status": "eligible", "Campaign ID": 376727591, "Invalid clicks": 0, "Impressions": 18, "Video played to 50%": 0.0, "Account ID": "6940796638", "Conversions": 0.0, "Views": 0, "Engagements": 0, "Avg. CPE": 0.0, "Advertising Sub Channel": "", "Account Name": "[W] G1 - WPL - mudts360", "End date": "", "Video played to 100%": 0.0, "Clicks": 3, "Avg. Cost": 0.013333, "Interaction Types": ["Clicks"], "Video played to 25%": 0.0, "View rate": 0.0, "Video played to 75%": 0.0, "Avg. CPM": 2.222222, "CTR": 16.67, "Campaign state": "enabled", "Unique cookies": "", "Advertising Channel": "Search", "Interaction Rate": 16.67, "Bid Strategy Type": "cpc", "Date": "2017-08-02", "Mapping": false, "Campaign": "Brand-term_MUDTS-phr-EVE", "Avg. CPV": 0.0, "Cost": 0.04}, {"Start date": "", "Avg. CPC": 0.028444, "Interactions": 180, "Avg. position": 1.9, "Campaign serving status": "", "Campaign ID": "", "Invalid clicks": 3, "Impressions": 781, "Video played to 50%": 0.0, "Account ID": "6940796638", "Conversions": 19.0, "Views": 0, "Engagements": 0, "Avg. CPE": 0.0, "Advertising Sub Channel": "", "Account Name": "[W] G1 - WPL - mudts360", "End date": "", "Video played to 100%": 0.0, "Clicks": 180, "Avg. Cost": 0.028444, "Interaction Types": "", "Video played to 25%": 0.0, "View rate": 0.0, "Video played to 75%": 0.0, "Avg. CPM": 6.555698, "CTR": 23.05, "Campaign state": "Total", "Unique cookies": "", "Advertising Channel": "", "Interaction Rate": 23.05, "Bid Strategy Type": "", "Date": "2017-08-02", "Mapping": false, "Campaign": "", "Avg. CPV": 0.0, "Cost": 5.12}]