[{"Start date": "2017-05-04", "Avg. CPC": 0.144, "Interactions": 10, "Avg. position": 1.9, "Campaign serving status": "eligible", "Campaign ID": 819296342, "Invalid clicks": 0, "Impressions": 80, "Video played to 50%": 0.0, "Account ID": "5990401446", "Conversions": 1.0, "Views": 0, "Engagements": 0, "Avg. CPE": 0.0, "Advertising Sub Channel": "", "Account Name": "[W] G1 - WPL - vltkw360-2", "End date": "", "Video played to 100%": 0.0, "Clicks": 10, "Avg. Cost": 0.144, "Interaction Types": ["Clicks"], "Video played to 25%": 0.0, "View rate": 0.0, "Video played to 75%": 0.0, "Avg. CPM": 18.0, "CTR": 12.5, "Campaign state": "paused", "Unique cookies": "", "Advertising Channel": "Search", "Interaction Rate": 12.5, "Bid Strategy Type": "cpc", "Date": "2017-08-03", "Mapping": false, "Campaign": "Gen-term_EX_Game_MP", "Avg. CPV": 0.0, "Cost": 1.44}, {"Start date": "2017-05-04", "Avg. CPC": 0.17, "Interactions": 1, "Avg. position": 1.2, "Campaign serving status": "eligible", "Campaign ID": 819296360, "Invalid clicks": 0, "Impressions": 19, "Video played to 50%": 0.0, "Account ID": "5990401446", "Conversions": 0.0, "Views": 0, "Engagements": 0, "Avg. CPE": 0.0, "Advertising Sub Channel": "", "Account Name": "[W] G1 - WPL - vltkw360-2", "End date": "", "Video played to 100%": 0.0, "Clicks": 1, "Avg. Cost": 0.17, "Interaction Types": ["Clicks"], "Video played to 25%": 0.0, "View rate": 0.0, "Video played to 75%": 0.0, "Avg. CPM": 8.947368, "CTR": 5.26, "Campaign state": "paused", "Unique cookies": "", "Advertising Channel": "Search", "Interaction Rate": 5.26, "Bid Strategy Type": "cpc", "Date": "2017-08-03", "Mapping": false, "Campaign": "Gen-term_EX_Other_MP", "Avg. CPV": 0.0, "Cost": 0.17}, {"Start date": "2017-05-04", "Avg. CPC": 0.043448, "Interactions": 29, "Avg. position": 2.5, "Campaign serving status": "eligible", "Campaign ID": 819296291, "Invalid clicks": 1, "Impressions": 668, "Video played to 50%": 0.0, "Account ID": "5990401446", "Conversions": 2.0, "Views": 0, "Engagements": 0, "Avg. CPE": 0.0, "Advertising Sub Channel": "", "Account Name": "[W] G1 - WPL - vltkw360-2", "End date": "", "Video played to 100%": 0.0, "Clicks": 29, "Avg. Cost": 0.043448, "Interaction Types": ["Clicks"], "Video played to 25%": 0.0, "View rate": 0.0, "Video played to 75%": 0.0, "Avg. CPM": 1.886228, "CTR": 4.34, "Campaign state": "paused", "Unique cookies": "", "Advertising Channel": "Search", "Interaction Rate": 4.34, "Bid Strategy Type": "cpc", "Date": "2017-08-03", "Mapping": false, "Campaign": "Gen-term_BM_Game_LP", "Avg. CPV": 0.0, "Cost": 1.26}, {"Start date": "2017-05-04", "Avg. CPC": 0.07, "Interactions": 4, "Avg. position": 3.1, "Campaign serving status": "eligible", "Campaign ID": 819296309, "Invalid clicks": 0, "Impressions": 25, "Video played to 50%": 0.0, "Account ID": "5990401446", "Conversions": 1.0, "Views": 0, "Engagements": 0, "Avg. CPE": 0.0, "Advertising Sub Channel": "", "Account Name": "[W] G1 - WPL - vltkw360-2", "End date": "", "Video played to 100%": 0.0, "Clicks": 4, "Avg. Cost": 0.07, "Interaction Types": ["Clicks"], "Video played to 25%": 0.0, "View rate": 0.0, "Video played to 75%": 0.0, "Avg. CPM": 11.2, "CTR": 16.0, "Campaign state": "paused", "Unique cookies": "", "Advertising Channel": "Search", "Interaction Rate": 16.0, "Bid Strategy Type": "cpc", "Date": "2017-08-03", "Mapping": false, "Campaign": "Gen-term_BM_WG_LP", "Avg. CPV": 0.0, "Cost": 0.28}, {"Start date": "2017-05-04", "Avg. CPC": 0.05371, "Interactions": 62, "Avg. position": 3.7, "Campaign serving status": "eligible", "Campaign ID": 819296321, "Invalid clicks": 3, "Impressions": 3582, "Video played to 50%": 0.0, "Account ID": "5990401446", "Conversions": 7.0, "Views": 0, "Engagements": 0, "Avg. CPE": 0.0, "Advertising Sub Channel": "", "Account Name": "[W] G1 - WPL - vltkw360-2", "End date": "", "Video played to 100%": 0.0, "Clicks": 62, "Avg. Cost": 0.05371, "Interaction Types": ["Clicks"], "Video played to 25%": 0.0, "View rate": 0.0, "Video played to 75%": 0.0, "Avg. CPM": 0.929648, "CTR": 1.73, "Campaign state": "paused", "Unique cookies": "", "Advertising Channel": "Search", "Interaction Rate": 1.73, "Bid Strategy Type": "cpc", "Date": "2017-08-03", "Mapping": false, "Campaign": "Gen-term_BM_Other_MP", "Avg. CPV": 0.0, "Cost": 3.33}, {"Start date": "2017-05-04", "Avg. CPC": 0.06, "Interactions": 28, "Avg. position": 3.5, "Campaign serving status": "eligible", "Campaign ID": 819296324, "Invalid clicks": 1, "Impressions": 1404, "Video played to 50%": 0.0, "Account ID": "5990401446", "Conversions": 2.0, "Views": 0, "Engagements": 0, "Avg. CPE": 0.0, "Advertising Sub Channel": "", "Account Name": "[W] G1 - WPL - vltkw360-2", "End date": "", "Video played to 100%": 0.0, "Clicks": 28, "Avg. Cost": 0.06, "Interaction Types": ["Clicks"], "Video played to 25%": 0.0, "View rate": 0.0, "Video played to 75%": 0.0, "Avg. CPM": 1.196581, "CTR": 1.99, "Campaign state": "paused", "Unique cookies": "", "Advertising Channel": "Search", "Interaction Rate": 1.99, "Bid Strategy Type": "cpc", "Date": "2017-08-03", "Mapping": false, "Campaign": "Gen-term_BM_Other_LP", "Avg. CPV": 0.0, "Cost": 1.68}, {"Start date": "2017-05-04", "Avg. CPC": 0.095097, "Interactions": 155, "Avg. position": 1.0, "Campaign serving status": "eligible", "Campaign ID": 819296348, "Invalid clicks": 8, "Impressions": 1172, "Video played to 50%": 0.0, "Account ID": "5990401446", "Conversions": 46.0, "Views": 0, "Engagements": 0, "Avg. CPE": 0.0, "Advertising Sub Channel": "", "Account Name": "[W] G1 - WPL - vltkw360-2", "End date": "", "Video played to 100%": 0.0, "Clicks": 155, "Avg. Cost": 0.095097, "Interaction Types": ["Clicks"], "Video played to 25%": 0.0, "View rate": 0.0, "Video played to 75%": 0.0, "Avg. CPM": 12.576792, "CTR": 13.23, "Campaign state": "paused", "Unique cookies": "", "Advertising Channel": "Search", "Interaction Rate": 13.23, "Bid Strategy Type": "cpc", "Date": "2017-08-03", "Mapping": false, "Campaign": "Gen-term_EX_GO_LP", "Avg. CPV": 0.0, "Cost": 14.74}, {"Start date": "2017-05-04", "Avg. CPC": 0.095, "Interactions": 2, "Avg. position": 1.7, "Campaign serving status": "eligible", "Campaign ID": 819296528, "Invalid clicks": 0, "Impressions": 14, "Video played to 50%": 0.0, "Account ID": "5990401446", "Conversions": 0.0, "Views": 0, "Engagements": 0, "Avg. CPE": 0.0, "Advertising Sub Channel": "", "Account Name": "[W] G1 - WPL - vltkw360-2", "End date": "", "Video played to 100%": 0.0, "Clicks": 2, "Avg. Cost": 0.095, "Interaction Types": ["Clicks"], "Video played to 25%": 0.0, "View rate": 0.0, "Video played to 75%": 0.0, "Avg. CPM": 13.571429, "CTR": 14.29, "Campaign state": "paused", "Unique cookies": "", "Advertising Channel": "Search", "Interaction Rate": 14.29, "Bid Strategy Type": "cpc", "Date": "2017-08-03", "Mapping": false, "Campaign": "Gen-term_PM_Other_LP", "Avg. CPV": 0.0, "Cost": 0.19}, {"Start date": "2017-05-04", "Avg. CPC": 0.068947, "Interactions": 19, "Avg. position": 4.0, "Campaign serving status": "eligible", "Campaign ID": 819296297, "Invalid clicks": 2, "Impressions": 721, "Video played to 50%": 0.0, "Account ID": "5990401446", "Conversions": 3.0, "Views": 0, "Engagements": 0, "Avg. CPE": 0.0, "Advertising Sub Channel": "", "Account Name": "[W] G1 - WPL - vltkw360-2", "End date": "", "Video played to 100%": 0.0, "Clicks": 19, "Avg. Cost": 0.068947, "Interaction Types": ["Clicks"], "Video played to 25%": 0.0, "View rate": 0.0, "Video played to 75%": 0.0, "Avg. CPM": 1.816921, "CTR": 2.64, "Campaign state": "paused", "Unique cookies": "", "Advertising Channel": "Search", "Interaction Rate": 2.64, "Bid Strategy Type": "cpc", "Date": "2017-08-03", "Mapping": false, "Campaign": "Gen-term_BM_GO_MP", "Avg. CPV": 0.0, "Cost": 1.31}, {"Start date": "2017-05-04", "Avg. CPC": 0.108333, "Interactions": 30, "Avg. position": 2.2, "Campaign serving status": "eligible", "Campaign ID": 819296531, "Invalid clicks": 3, "Impressions": 757, "Video played to 50%": 0.0, "Account ID": "5990401446", "Conversions": 6.0, "Views": 0, "Engagements": 0, "Avg. CPE": 0.0, "Advertising Sub Channel": "", "Account Name": "[W] G1 - WPL - vltkw360-2", "End date": "", "Video played to 100%": 0.0, "Clicks": 30, "Avg. Cost": 0.108333, "Interaction Types": ["Clicks"], "Video played to 25%": 0.0, "View rate": 0.0, "Video played to 75%": 0.0, "Avg. CPM": 4.293263, "CTR": 3.96, "Campaign state": "paused", "Unique cookies": "", "Advertising Channel": "Search", "Interaction Rate": 3.96, "Bid Strategy Type": "cpc", "Date": "2017-08-03", "Mapping": false, "Campaign": "Gen-term_PM_Other_MP", "Avg. CPV": 0.0, "Cost": 3.25}, {"Start date": "2017-05-04", "Avg. CPC": 0.07, "Interactions": 1, "Avg. position": 1.0, "Campaign serving status": "eligible", "Campaign ID": 819296156, "Invalid clicks": 0, "Impressions": 3, "Video played to 50%": 0.0, "Account ID": "5990401446", "Conversions": 0.0, "Views": 0, "Engagements": 0, "Avg. CPE": 0.0, "Advertising Sub Channel": "", "Account Name": "[W] G1 - WPL - vltkw360-2", "End date": "", "Video played to 100%": 0.0, "Clicks": 1, "Avg. Cost": 0.07, "Interaction Types": ["Clicks"], "Video played to 25%": 0.0, "View rate": 0.0, "Video played to 75%": 0.0, "Avg. CPM": 23.333333, "CTR": 33.33, "Campaign state": "paused", "Unique cookies": "", "Advertising Channel": "Search", "Interaction Rate": 33.33, "Bid Strategy Type": "cpc", "Date": "2017-08-03", "Mapping": false, "Campaign": "Gen-term_BM_360game_HP", "Avg. CPV": 0.0, "Cost": 0.07}, {"Start date": "2017-05-04", "Avg. CPC": 0.045417, "Interactions": 24, "Avg. position": 2.8, "Campaign serving status": "eligible", "Campaign ID": 819296288, "Invalid clicks": 4, "Impressions": 306, "Video played to 50%": 0.0, "Account ID": "5990401446", "Conversions": 7.0, "Views": 0, "Engagements": 0, "Avg. CPE": 0.0, "Advertising Sub Channel": "", "Account Name": "[W] G1 - WPL - vltkw360-2", "End date": "", "Video played to 100%": 0.0, "Clicks": 24, "Avg. Cost": 0.045417, "Interaction Types": ["Clicks"], "Video played to 25%": 0.0, "View rate": 0.0, "Video played to 75%": 0.0, "Avg. CPM": 3.562092, "CTR": 7.84, "Campaign state": "paused", "Unique cookies": "", "Advertising Channel": "Search", "Interaction Rate": 7.84, "Bid Strategy Type": "cpc", "Date": "2017-08-03", "Mapping": false, "Campaign": "Gen-term_BM_Game_MP", "Avg. CPV": 0.0, "Cost": 1.09}, {"Start date": "2017-05-04", "Avg. CPC": 0.103423, "Interactions": 149, "Avg. position": 2.0, "Campaign serving status": "eligible", "Campaign ID": 819296399, "Invalid clicks": 3, "Impressions": 2076, "Video played to 50%": 0.0, "Account ID": "5990401446", "Conversions": 32.0, "Views": 0, "Engagements": 0, "Avg. CPE": 0.0, "Advertising Sub Channel": "", "Account Name": "[W] G1 - WPL - vltkw360-2", "End date": "", "Video played to 100%": 0.0, "Clicks": 149, "Avg. Cost": 0.103423, "Interaction Types": ["Clicks"], "Video played to 25%": 0.0, "View rate": 0.0, "Video played to 75%": 0.0, "Avg. CPM": 7.422929, "CTR": 7.18, "Campaign state": "paused", "Unique cookies": "", "Advertising Channel": "Search", "Interaction Rate": 7.18, "Bid Strategy Type": "cpc", "Date": "2017-08-03", "Mapping": false, "Campaign": "Gen-term_PM_GO_LP", "Avg. CPV": 0.0, "Cost": 15.41}, {"Start date": "2017-05-04", "Avg. CPC": 0.063158, "Interactions": 19, "Avg. position": 3.5, "Campaign serving status": "eligible", "Campaign ID": 819296300, "Invalid clicks": 1, "Impressions": 355, "Video played to 50%": 0.0, "Account ID": "5990401446", "Conversions": 5.0, "Views": 0, "Engagements": 0, "Avg. CPE": 0.0, "Advertising Sub Channel": "", "Account Name": "[W] G1 - WPL - vltkw360-2", "End date": "", "Video played to 100%": 0.0, "Clicks": 19, "Avg. Cost": 0.063158, "Interaction Types": ["Clicks"], "Video played to 25%": 0.0, "View rate": 0.0, "Video played to 75%": 0.0, "Avg. CPM": 3.380282, "CTR": 5.35, "Campaign state": "paused", "Unique cookies": "", "Advertising Channel": "Search", "Interaction Rate": 5.35, "Bid Strategy Type": "cpc", "Date": "2017-08-03", "Mapping": false, "Campaign": "Gen-term_BM_GO_LP", "Avg. CPV": 0.0, "Cost": 1.2}, {"Start date": "2017-05-04", "Avg. CPC": 0.06, "Interactions": 4, "Avg. position": 2.3, "Campaign serving status": "eligible", "Campaign ID": 819296303, "Invalid clicks": 0, "Impressions": 7, "Video played to 50%": 0.0, "Account ID": "5990401446", "Conversions": 1.0, "Views": 0, "Engagements": 0, "Avg. CPE": 0.0, "Advertising Sub Channel": "", "Account Name": "[W] G1 - WPL - vltkw360-2", "End date": "", "Video played to 100%": 0.0, "Clicks": 4, "Avg. Cost": 0.06, "Interaction Types": ["Clicks"], "Video played to 25%": 0.0, "View rate": 0.0, "Video played to 75%": 0.0, "Avg. CPM": 34.285714, "CTR": 57.14, "Campaign state": "paused", "Unique cookies": "", "Advertising Channel": "Search", "Interaction Rate": 57.14, "Bid Strategy Type": "cpc", "Date": "2017-08-03", "Mapping": false, "Campaign": "Gen-term_BM_WG_HP", "Avg. CPV": 0.0, "Cost": 0.24}, {"Start date": "2017-05-04", "Avg. CPC": 0.12, "Interactions": 1, "Avg. position": 1.2, "Campaign serving status": "eligible", "Campaign ID": 819296351, "Invalid clicks": 0, "Impressions": 28, "Video played to 50%": 0.0, "Account ID": "5990401446", "Conversions": 1.0, "Views": 0, "Engagements": 0, "Avg. CPE": 0.0, "Advertising Sub Channel": "", "Account Name": "[W] G1 - WPL - vltkw360-2", "End date": "", "Video played to 100%": 0.0, "Clicks": 1, "Avg. Cost": 0.12, "Interaction Types": ["Clicks"], "Video played to 25%": 0.0, "View rate": 0.0, "Video played to 75%": 0.0, "Avg. CPM": 4.285714, "CTR": 3.57, "Campaign state": "paused", "Unique cookies": "", "Advertising Channel": "Search", "Interaction Rate": 3.57, "Bid Strategy Type": "cpc", "Date": "2017-08-03", "Mapping": false, "Campaign": "Gen-term_EX_GO_MP", "Avg. CPV": 0.0, "Cost": 0.12}, {"Start date": "2017-05-04", "Avg. CPC": 0.114, "Interactions": 5, "Avg. position": 1.9, "Campaign serving status": "eligible", "Campaign ID": 819296396, "Invalid clicks": 0, "Impressions": 43, "Video played to 50%": 0.0, "Account ID": "5990401446", "Conversions": 0.0, "Views": 0, "Engagements": 0, "Avg. CPE": 0.0, "Advertising Sub Channel": "", "Account Name": "[W] G1 - WPL - vltkw360-2", "End date": "", "Video played to 100%": 0.0, "Clicks": 5, "Avg. Cost": 0.114, "Interaction Types": ["Clicks"], "Video played to 25%": 0.0, "View rate": 0.0, "Video played to 75%": 0.0, "Avg. CPM": 13.255814, "CTR": 11.63, "Campaign state": "paused", "Unique cookies": "", "Advertising Channel": "Search", "Interaction Rate": 11.63, "Bid Strategy Type": "cpc", "Date": "2017-08-03", "Mapping": false, "Campaign": "Gen-term_PM_GO_HP", "Avg. CPV": 0.0, "Cost": 0.57}, {"Start date": "2017-05-04", "Avg. CPC": 0.01, "Interactions": 1, "Avg. position": 1.9, "Campaign serving status": "eligible", "Campaign ID": 819296534, "Invalid clicks": 0, "Impressions": 12, "Video played to 50%": 0.0, "Account ID": "5990401446", "Conversions": 0.0, "Views": 0, "Engagements": 0, "Avg. CPE": 0.0, "Advertising Sub Channel": "", "Account Name": "[W] G1 - WPL - vltkw360-2", "End date": "", "Video played to 100%": 0.0, "Clicks": 1, "Avg. Cost": 0.01, "Interaction Types": ["Clicks"], "Video played to 25%": 0.0, "View rate": 0.0, "Video played to 75%": 0.0, "Avg. CPM": 0.833333, "CTR": 8.33, "Campaign state": "paused", "Unique cookies": "", "Advertising Channel": "Search", "Interaction Rate": 8.33, "Bid Strategy Type": "cpc", "Date": "2017-08-03", "Mapping": false, "Campaign": "Gen-term_PM_WG_HP", "Avg. CPV": 0.0, "Cost": 0.01}, {"Start date": "2017-05-04", "Avg. CPC": 0.01, "Interactions": 1, "Avg. position": 1.0, "Campaign serving status": "eligible", "Campaign ID": 819296159, "Invalid clicks": 0, "Impressions": 1, "Video played to 50%": 0.0, "Account ID": "5990401446", "Conversions": 0.0, "Views": 0, "Engagements": 0, "Avg. CPE": 0.0, "Advertising Sub Channel": "", "Account Name": "[W] G1 - WPL - vltkw360-2", "End date": "", "Video played to 100%": 0.0, "Clicks": 1, "Avg. Cost": 0.01, "Interaction Types": ["Clicks"], "Video played to 25%": 0.0, "View rate": 0.0, "Video played to 75%": 0.0, "Avg. CPM": 10.0, "CTR": 100.0, "Campaign state": "paused", "Unique cookies": "", "Advertising Channel": "Search", "Interaction Rate": 100.0, "Bid Strategy Type": "cpc", "Date": "2017-08-03", "Mapping": false, "Campaign": "Gen-term_BM_360game_MP", "Avg. CPV": 0.0, "Cost": 0.01}, {"Start date": "2017-05-04", "Avg. CPC": 0.06, "Interactions": 1, "Avg. position": 1.0, "Campaign serving status": "eligible", "Campaign ID": 819296318, "Invalid clicks": 0, "Impressions": 8, "Video played to 50%": 0.0, "Account ID": "5990401446", "Conversions": 1.0, "Views": 0, "Engagements": 0, "Avg. CPE": 0.0, "Advertising Sub Channel": "", "Account Name": "[W] G1 - WPL - vltkw360-2", "End date": "", "Video played to 100%": 0.0, "Clicks": 1, "Avg. Cost": 0.06, "Interaction Types": ["Clicks"], "Video played to 25%": 0.0, "View rate": 0.0, "Video played to 75%": 0.0, "Avg. CPM": 7.5, "CTR": 12.5, "Campaign state": "paused", "Unique cookies": "", "Advertising Channel": "Search", "Interaction Rate": 12.5, "Bid Strategy Type": "cpc", "Date": "2017-08-03", "Mapping": false, "Campaign": "Gen-term_BM_Other_HP", "Avg. CPV": 0.0, "Cost": 0.06}, {"Start date": "2017-05-04", "Avg. CPC": 0.115, "Interactions": 2, "Avg. position": 1.0, "Campaign serving status": "eligible", "Campaign ID": 819296327, "Invalid clicks": 0, "Impressions": 12, "Video played to 50%": 0.0, "Account ID": "5990401446", "Conversions": 0.0, "Views": 0, "Engagements": 0, "Avg. CPE": 0.0, "Advertising Sub Channel": "", "Account Name": "[W] G1 - WPL - vltkw360-2", "End date": "", "Video played to 100%": 0.0, "Clicks": 2, "Avg. Cost": 0.115, "Interaction Types": ["Clicks"], "Video played to 25%": 0.0, "View rate": 0.0, "Video played to 75%": 0.0, "Avg. CPM": 19.166667, "CTR": 16.67, "Campaign state": "paused", "Unique cookies": "", "Advertising Channel": "Search", "Interaction Rate": 16.67, "Bid Strategy Type": "cpc", "Date": "2017-08-03", "Mapping": false, "Campaign": "Gen-term_EX_360game_HP", "Avg. CPV": 0.0, "Cost": 0.23}, {"Start date": "2017-05-04", "Avg. CPC": 0.156667, "Interactions": 3, "Avg. position": 1.5, "Campaign serving status": "eligible", "Campaign ID": 819296336, "Invalid clicks": 0, "Impressions": 11, "Video played to 50%": 0.0, "Account ID": "5990401446", "Conversions": 0.0, "Views": 0, "Engagements": 0, "Avg. CPE": 0.0, "Advertising Sub Channel": "", "Account Name": "[W] G1 - WPL - vltkw360-2", "End date": "", "Video played to 100%": 0.0, "Clicks": 3, "Avg. Cost": 0.156667, "Interaction Types": ["Clicks"], "Video played to 25%": 0.0, "View rate": 0.0, "Video played to 75%": 0.0, "Avg. CPM": 42.727273, "CTR": 27.27, "Campaign state": "paused", "Unique cookies": "", "Advertising Channel": "Search", "Interaction Rate": 27.27, "Bid Strategy Type": "cpc", "Date": "2017-08-03", "Mapping": false, "Campaign": "Gen-term_EX_Game_HP", "Avg. CPV": 0.0, "Cost": 0.47}, {"Start date": "2017-05-04", "Avg. CPC": 0.151053, "Interactions": 19, "Avg. position": 1.1, "Campaign serving status": "eligible", "Campaign ID": 819296339, "Invalid clicks": 0, "Impressions": 226, "Video played to 50%": 0.0, "Account ID": "5990401446", "Conversions": 1.0, "Views": 0, "Engagements": 0, "Avg. CPE": 0.0, "Advertising Sub Channel": "", "Account Name": "[W] G1 - WPL - vltkw360-2", "End date": "", "Video played to 100%": 0.0, "Clicks": 19, "Avg. Cost": 0.151053, "Interaction Types": ["Clicks"], "Video played to 25%": 0.0, "View rate": 0.0, "Video played to 75%": 0.0, "Avg. CPM": 12.699115, "CTR": 8.41, "Campaign state": "paused", "Unique cookies": "", "Advertising Channel": "Search", "Interaction Rate": 8.41, "Bid Strategy Type": "cpc", "Date": "2017-08-03", "Mapping": false, "Campaign": "Gen-term_EX_Game_LP", "Avg. CPV": 0.0, "Cost": 2.87}, {"Start date": "2017-05-04", "Avg. CPC": 0.11125, "Interactions": 8, "Avg. position": 1.1, "Campaign serving status": "eligible", "Campaign ID": 819296363, "Invalid clicks": 0, "Impressions": 33, "Video played to 50%": 0.0, "Account ID": "5990401446", "Conversions": 4.0, "Views": 0, "Engagements": 0, "Avg. CPE": 0.0, "Advertising Sub Channel": "", "Account Name": "[W] G1 - WPL - vltkw360-2", "End date": "", "Video played to 100%": 0.0, "Clicks": 8, "Avg. Cost": 0.11125, "Interaction Types": ["Clicks"], "Video played to 25%": 0.0, "View rate": 0.0, "Video played to 75%": 0.0, "Avg. CPM": 26.969697, "CTR": 24.24, "Campaign state": "paused", "Unique cookies": "", "Advertising Channel": "Search", "Interaction Rate": 24.24, "Bid Strategy Type": "cpc", "Date": "2017-08-03", "Mapping": false, "Campaign": "Gen-term_EX_WG_HP", "Avg. CPV": 0.0, "Cost": 0.89}, {"Start date": "2017-05-04", "Avg. CPC": 0.1, "Interactions": 1, "Avg. position": 1.4, "Campaign serving status": "eligible", "Campaign ID": 819296384, "Invalid clicks": 0, "Impressions": 7, "Video played to 50%": 0.0, "Account ID": "5990401446", "Conversions": 1.0, "Views": 0, "Engagements": 0, "Avg. CPE": 0.0, "Advertising Sub Channel": "", "Account Name": "[W] G1 - WPL - vltkw360-2", "End date": "", "Video played to 100%": 0.0, "Clicks": 1, "Avg. Cost": 0.1, "Interaction Types": ["Clicks"], "Video played to 25%": 0.0, "View rate": 0.0, "Video played to 75%": 0.0, "Avg. CPM": 14.285714, "CTR": 14.29, "Campaign state": "paused", "Unique cookies": "", "Advertising Channel": "Search", "Interaction Rate": 14.29, "Bid Strategy Type": "cpc", "Date": "2017-08-03", "Mapping": false, "Campaign": "Gen-term_PM_360game_MP", "Avg. CPV": 0.0, "Cost": 0.1}, {"Start date": "2017-05-04", "Avg. CPC": 0.102667, "Interactions": 75, "Avg. position": 2.2, "Campaign serving status": "eligible", "Campaign ID": 819296393, "Invalid clicks": 2, "Impressions": 1294, "Video played to 50%": 0.0, "Account ID": "5990401446", "Conversions": 7.0, "Views": 0, "Engagements": 0, "Avg. CPE": 0.0, "Advertising Sub Channel": "", "Account Name": "[W] G1 - WPL - vltkw360-2", "End date": "", "Video played to 100%": 0.0, "Clicks": 75, "Avg. Cost": 0.102667, "Interaction Types": ["Clicks"], "Video played to 25%": 0.0, "View rate": 0.0, "Video played to 75%": 0.0, "Avg. CPM": 5.950541, "CTR": 5.8, "Campaign state": "paused", "Unique cookies": "", "Advertising Channel": "Search", "Interaction Rate": 5.8, "Bid Strategy Type": "cpc", "Date": "2017-08-03", "Mapping": false, "Campaign": "Gen-term_PM_Game_MP", "Avg. CPV": 0.0, "Cost": 7.7}, {"Start date": "2017-05-04", "Avg. CPC": 0.09, "Interactions": 3, "Avg. position": 3.1, "Campaign serving status": "eligible", "Campaign ID": 819296537, "Invalid clicks": 0, "Impressions": 23, "Video played to 50%": 0.0, "Account ID": "5990401446", "Conversions": 1.0, "Views": 0, "Engagements": 0, "Avg. CPE": 0.0, "Advertising Sub Channel": "", "Account Name": "[W] G1 - WPL - vltkw360-2", "End date": "", "Video played to 100%": 0.0, "Clicks": 3, "Avg. Cost": 0.09, "Interaction Types": ["Clicks"], "Video played to 25%": 0.0, "View rate": 0.0, "Video played to 75%": 0.0, "Avg. CPM": 11.73913, "CTR": 13.04, "Campaign state": "paused", "Unique cookies": "", "Advertising Channel": "Search", "Interaction Rate": 13.04, "Bid Strategy Type": "cpc", "Date": "2017-08-03", "Mapping": false, "Campaign": "Gen-term_PM_WG_LP", "Avg. CPV": 0.0, "Cost": 0.27}, {"Start date": "2017-05-04", "Avg. CPC": 0.03875, "Interactions": 8, "Avg. position": 1.6, "Campaign serving status": "eligible", "Campaign ID": 819296285, "Invalid clicks": 0, "Impressions": 61, "Video played to 50%": 0.0, "Account ID": "5990401446", "Conversions": 1.0, "Views": 0, "Engagements": 0, "Avg. CPE": 0.0, "Advertising Sub Channel": "", "Account Name": "[W] G1 - WPL - vltkw360-2", "End date": "", "Video played to 100%": 0.0, "Clicks": 8, "Avg. Cost": 0.03875, "Interaction Types": ["Clicks"], "Video played to 25%": 0.0, "View rate": 0.0, "Video played to 75%": 0.0, "Avg. CPM": 5.081967, "CTR": 13.11, "Campaign state": "paused", "Unique cookies": "", "Advertising Channel": "Search", "Interaction Rate": 13.11, "Bid Strategy Type": "cpc", "Date": "2017-08-03", "Mapping": false, "Campaign": "Gen-term_BM_Game_HP", "Avg. CPV": 0.0, "Cost": 0.31}, {"Start date": "2017-05-04", "Avg. CPC": 0.067778, "Interactions": 36, "Avg. position": 3.9, "Campaign serving status": "eligible", "Campaign ID": 819296294, "Invalid clicks": 0, "Impressions": 867, "Video played to 50%": 0.0, "Account ID": "5990401446", "Conversions": 5.0, "Views": 0, "Engagements": 0, "Avg. CPE": 0.0, "Advertising Sub Channel": "", "Account Name": "[W] G1 - WPL - vltkw360-2", "End date": "", "Video played to 100%": 0.0, "Clicks": 36, "Avg. Cost": 0.067778, "Interaction Types": ["Clicks"], "Video played to 25%": 0.0, "View rate": 0.0, "Video played to 75%": 0.0, "Avg. CPM": 2.814302, "CTR": 4.15, "Campaign state": "paused", "Unique cookies": "", "Advertising Channel": "Search", "Interaction Rate": 4.15, "Bid Strategy Type": "cpc", "Date": "2017-08-03", "Mapping": false, "Campaign": "Gen-term_BM_GO_HP", "Avg. CPV": 0.0, "Cost": 2.44}, {"Start date": "2017-05-04", "Avg. CPC": 0.074, "Interactions": 5, "Avg. position": 1.0, "Campaign serving status": "eligible", "Campaign ID": 819296333, "Invalid clicks": 0, "Impressions": 25, "Video played to 50%": 0.0, "Account ID": "5990401446", "Conversions": 1.0, "Views": 0, "Engagements": 0, "Avg. CPE": 0.0, "Advertising Sub Channel": "", "Account Name": "[W] G1 - WPL - vltkw360-2", "End date": "", "Video played to 100%": 0.0, "Clicks": 5, "Avg. Cost": 0.074, "Interaction Types": ["Clicks"], "Video played to 25%": 0.0, "View rate": 0.0, "Video played to 75%": 0.0, "Avg. CPM": 14.8, "CTR": 20.0, "Campaign state": "paused", "Unique cookies": "", "Advertising Channel": "Search", "Interaction Rate": 20.0, "Bid Strategy Type": "cpc", "Date": "2017-08-03", "Mapping": false, "Campaign": "Gen-term_EX_360game_MP", "Avg. CPV": 0.0, "Cost": 0.37}, {"Start date": "2017-05-04", "Avg. CPC": 0.095385, "Interactions": 13, "Avg. position": 1.1, "Campaign serving status": "eligible", "Campaign ID": 819296345, "Invalid clicks": 0, "Impressions": 98, "Video played to 50%": 0.0, "Account ID": "5990401446", "Conversions": 2.0, "Views": 0, "Engagements": 0, "Avg. CPE": 0.0, "Advertising Sub Channel": "", "Account Name": "[W] G1 - WPL - vltkw360-2", "End date": "", "Video played to 100%": 0.0, "Clicks": 13, "Avg. Cost": 0.095385, "Interaction Types": ["Clicks"], "Video played to 25%": 0.0, "View rate": 0.0, "Video played to 75%": 0.0, "Avg. CPM": 12.653061, "CTR": 13.27, "Campaign state": "paused", "Unique cookies": "", "Advertising Channel": "Search", "Interaction Rate": 13.27, "Bid Strategy Type": "cpc", "Date": "2017-08-03", "Mapping": false, "Campaign": "Gen-term_EX_GO_HP", "Avg. CPV": 0.0, "Cost": 1.24}, {"Start date": "2017-05-04", "Avg. CPC": 0.2, "Interactions": 1, "Avg. position": 1.2, "Campaign serving status": "eligible", "Campaign ID": 819296357, "Invalid clicks": 0, "Impressions": 5, "Video played to 50%": 0.0, "Account ID": "5990401446", "Conversions": 0.0, "Views": 0, "Engagements": 0, "Avg. CPE": 0.0, "Advertising Sub Channel": "", "Account Name": "[W] G1 - WPL - vltkw360-2", "End date": "", "Video played to 100%": 0.0, "Clicks": 1, "Avg. Cost": 0.2, "Interaction Types": ["Clicks"], "Video played to 25%": 0.0, "View rate": 0.0, "Video played to 75%": 0.0, "Avg. CPM": 40.0, "CTR": 20.0, "Campaign state": "paused", "Unique cookies": "", "Advertising Channel": "Search", "Interaction Rate": 20.0, "Bid Strategy Type": "cpc", "Date": "2017-08-03", "Mapping": false, "Campaign": "Gen-term_EX_Other_LP", "Avg. CPV": 0.0, "Cost": 0.2}, {"Start date": "2017-05-04", "Avg. CPC": 0.114897, "Interactions": 339, "Avg. position": 1.7, "Campaign serving status": "eligible", "Campaign ID": 819296390, "Invalid clicks": 32, "Impressions": 5030, "Video played to 50%": 0.0, "Account ID": "5990401446", "Conversions": 20.0, "Views": 0, "Engagements": 0, "Avg. CPE": 0.0, "Advertising Sub Channel": "", "Account Name": "[W] G1 - WPL - vltkw360-2", "End date": "", "Video played to 100%": 0.0, "Clicks": 339, "Avg. Cost": 0.114897, "Interaction Types": ["Clicks"], "Video played to 25%": 0.0, "View rate": 0.0, "Video played to 75%": 0.0, "Avg. CPM": 7.743539, "CTR": 6.74, "Campaign state": "paused", "Unique cookies": "", "Advertising Channel": "Search", "Interaction Rate": 6.74, "Bid Strategy Type": "cpc", "Date": "2017-08-03", "Mapping": false, "Campaign": "Gen-term_PM_Game_LP", "Avg. CPV": 0.0, "Cost": 38.95}, {"Start date": "2017-05-04", "Avg. CPC": 0.19, "Interactions": 1, "Avg. position": 1.0, "Campaign serving status": "eligible", "Campaign ID": 819296366, "Invalid clicks": 0, "Impressions": 12, "Video played to 50%": 0.0, "Account ID": "5990401446", "Conversions": 0.0, "Views": 0, "Engagements": 0, "Avg. CPE": 0.0, "Advertising Sub Channel": "", "Account Name": "[W] G1 - WPL - vltkw360-2", "End date": "", "Video played to 100%": 0.0, "Clicks": 1, "Avg. Cost": 0.19, "Interaction Types": ["Clicks"], "Video played to 25%": 0.0, "View rate": 0.0, "Video played to 75%": 0.0, "Avg. CPM": 15.833333, "CTR": 8.33, "Campaign state": "paused", "Unique cookies": "", "Advertising Channel": "Search", "Interaction Rate": 8.33, "Bid Strategy Type": "cpc", "Date": "2017-08-03", "Mapping": false, "Campaign": "Gen-term_EX_WG_LP", "Avg. CPV": 0.0, "Cost": 0.19}, {"Start date": "2017-05-04", "Avg. CPC": 0.12375, "Interactions": 8, "Avg. position": 1.1, "Campaign serving status": "eligible", "Campaign ID": 819296369, "Invalid clicks": 0, "Impressions": 63, "Video played to 50%": 0.0, "Account ID": "5990401446", "Conversions": 3.0, "Views": 0, "Engagements": 0, "Avg. CPE": 0.0, "Advertising Sub Channel": "", "Account Name": "[W] G1 - WPL - vltkw360-2", "End date": "", "Video played to 100%": 0.0, "Clicks": 8, "Avg. Cost": 0.12375, "Interaction Types": ["Clicks"], "Video played to 25%": 0.0, "View rate": 0.0, "Video played to 75%": 0.0, "Avg. CPM": 15.714286, "CTR": 12.7, "Campaign state": "paused", "Unique cookies": "", "Advertising Channel": "Search", "Interaction Rate": 12.7, "Bid Strategy Type": "cpc", "Date": "2017-08-03", "Mapping": false, "Campaign": "Gen-term_EX_WG_MP", "Avg. CPV": 0.0, "Cost": 0.99}, {"Start date": "", "Avg. CPC": 0.097051, "Interactions": 1068, "Avg. position": 2.5, "Campaign serving status": "", "Campaign ID": "", "Invalid clicks": 60, "Impressions": 19180, "Video played to 50%": 0.0, "Account ID": "5990401446", "Conversions": 161.0, "Views": 0, "Engagements": 0, "Avg. CPE": 0.0, "Advertising Sub Channel": "", "Account Name": "[W] G1 - WPL - vltkw360-2", "End date": "", "Video played to 100%": 0.0, "Clicks": 1068, "Avg. Cost": 0.097051, "Interaction Types": "", "Video played to 25%": 0.0, "View rate": 0.0, "Video played to 75%": 0.0, "Avg. CPM": 5.404067, "CTR": 5.57, "Campaign state": "Total", "Unique cookies": "", "Advertising Channel": "", "Interaction Rate": 5.57, "Bid Strategy Type": "", "Date": "2017-08-03", "Mapping": false, "Campaign": "", "Avg. CPV": 0.0, "Cost": 103.65}]