[{"Bid Strategy Type": "Target CPA", "Account Name": "[M] - cfmobile - Appinstall - iOS - VN", "End date": "", "Advertising Channel": "Multi Channel", "Mapping": false, "Campaign": "iOS_CT-04_TA0-00_DE-04", "Date": "2017-05-04", "Avg. CPE": 0.062473, "Video played to 50%": 17.6, "Clicks": 9376, "Cost": 1351.88965, "Video played to 25%": 28.03, "Interaction Types": ["Clicks", "Engagements", "Views"], "Campaign state": "enabled", "Avg. position": 1.0, "Interactions": 102137, "View rate": 15.51, "Campaign serving status": "eligible", "Engagements": 16507, "Avg. Cost": 0.013236, "Conversions": 4333.0, "Avg. CPV": 0.011733, "Invalid clicks": 636, "Unique cookies": "", "Campaign ID": 808091672, "Views": 87864, "Interaction Rate": 7.48, "Advertising Sub Channel": "Universal App Campaign", "Account ID": "7449117049", "Video played to 100%": 7.82, "CTR": 0.69, "Start date": "2017-04-20", "Avg. CPC": 0.144186, "Video played to 75%": 14.68, "Impressions": 1365436, "Avg. CPM": 0.990079}, {"Bid Strategy Type": "", "Account Name": "[M] - cfmobile - Appinstall - iOS - VN", "End date": "", "Advertising Channel": "", "Mapping": false, "Campaign": "", "Date": "2017-05-04", "Avg. CPE": 0.062473, "Video played to 50%": 17.6, "Clicks": 9376, "Cost": 1351.88965, "Video played to 25%": 28.03, "Interaction Types": "", "Campaign state": "Total", "Avg. position": 1.0, "Interactions": 102137, "View rate": 15.51, "Campaign serving status": "", "Engagements": 16507, "Avg. Cost": 0.013236, "Conversions": 4333.0, "Avg. CPV": 0.011733, "Invalid clicks": 636, "Unique cookies": "", "Campaign ID": "", "Views": 87864, "Interaction Rate": 7.48, "Advertising Sub Channel": "", "Account ID": "7449117049", "Video played to 100%": 7.82, "CTR": 0.69, "Start date": "", "Avg. CPC": 0.144186, "Video played to 75%": 14.68, "Impressions": 1365436, "Avg. CPM": 0.990079}]