[{"Campaign serving status": "eligible", "Video played to 100%": 14.41, "Avg. Cost": 0.010584, "CTR": 0.03, "Interaction Rate": 3.79, "Invalid clicks": 0, "Interactions": 4899, "Avg. position": 1.0, "Advertising Channel": "Video", "Cost": 51.85, "Video played to 75%": 43.41, "Interaction Types": ["Views"], "Date": "2017-08-01", "Campaign state": "paused", "View rate": 3.79, "Engagements": 0, "Avg. CPM": 0.400702, "Conversions": 237.0, "Avg. CPE": 0.0, "Impressions": 129398, "Start date": "2016-11-15", "Account ID": "4092061132", "Unique cookies": 109445, "Avg. CPC": 1.264634, "Mapping": false, "Campaign": "GNM | 122 | 1710026 1709022 1708018 1707134 1707041 | AND | VV | VD", "Clicks": 41, "Campaign ID": 699310064, "Advertising Sub Channel": "", "Account Name": "VNG - MP2 - Gunny Mobi", "End date": "", "Views": 4899, "Video played to 25%": 53.8, "Video played to 50%": 47.13, "Avg. CPV": 0.010584, "Bid Strategy Type": "Target CPA"}, {"Campaign serving status": "eligible", "Video played to 100%": 0.0, "Avg. Cost": 0.106978, "CTR": 10.59, "Interaction Rate": 10.59, "Invalid clicks": 355, "Interactions": 3885, "Avg. position": 1.3, "Advertising Channel": "Search", "Cost": 415.61, "Video played to 75%": 0.0, "Interaction Types": ["Clicks"], "Date": "2017-08-01", "Campaign state": "paused", "View rate": 0.0, "Engagements": 0, "Avg. CPM": 11.331934, "Conversions": 1471.0, "Avg. CPE": 0.0, "Impressions": 36676, "Start date": "2014-12-11", "Account ID": "4092061132", "Unique cookies": "", "Avg. CPC": 0.106978, "Mapping": false, "Campaign": "GNM | 122 | 1710026 1709022 1708018 1707134 1707041 | AND | SEM", "Clicks": 3885, "Campaign ID": 218681005, "Advertising Sub Channel": "Search Mobile App", "Account Name": "VNG - MP2 - Gunny Mobi", "End date": "", "Views": 0, "Video played to 25%": 0.0, "Video played to 50%": 0.0, "Avg. CPV": 0.0, "Bid Strategy Type": "Target CPA"}, {"Campaign serving status": "eligible", "Video played to 100%": 4.17, "Avg. Cost": 0.007502, "CTR": 1.64, "Interaction Rate": 7.79, "Invalid clicks": 150, "Interactions": 6411, "Avg. position": 1.1, "Advertising Channel": "Multi Channel", "Cost": 48.09515, "Video played to 75%": 22.69, "Interaction Types": ["Clicks", "Engagements", "Views"], "Date": "2017-08-01", "Campaign state": "paused", "View rate": 44.37, "Engagements": 5140, "Avg. CPM": 0.58458, "Conversions": 545.0, "Avg. CPE": 0.001538, "Impressions": 82273, "Start date": "2016-09-16", "Account ID": "4092061132", "Unique cookies": "", "Avg. CPC": 0.035573, "Mapping": false, "Campaign": "GNM | 122 | 1710026 1709022 1708018 1707134 1707041 | AND | UAC | 1", "Clicks": 1352, "Campaign ID": 662735167, "Advertising Sub Channel": "Universal App Campaign", "Account Name": "VNG - MP2 - Gunny Mobi", "End date": "", "Views": 4023, "Video played to 25%": 33.2, "Video played to 50%": 28.71, "Avg. CPV": 0.001632, "Bid Strategy Type": "Target CPA"}, {"Campaign serving status": "eligible", "Video played to 100%": 0.0, "Avg. Cost": 0.015602, "CTR": 28.4, "Interaction Rate": 28.4, "Invalid clicks": 15, "Interactions": 432, "Avg. position": 1.6, "Advertising Channel": "Search", "Cost": 6.74, "Video played to 75%": 0.0, "Interaction Types": ["Clicks"], "Date": "2017-08-01", "Campaign state": "paused", "View rate": 0.0, "Engagements": 0, "Avg. CPM": 4.431295, "Conversions": 0.0, "Avg. CPE": 0.0, "Impressions": 1521, "Start date": "2015-01-06", "Account ID": "4092061132", "Unique cookies": "", "Avg. CPC": 0.015602, "Mapping": false, "Campaign": "GNM | 122 | 1710026 1709022 1708018 1707134 1707041 | PC | SEM", "Clicks": 432, "Campaign ID": 222324445, "Advertising Sub Channel": "", "Account Name": "VNG - MP2 - Gunny Mobi", "End date": "", "Views": 0, "Video played to 25%": 0.0, "Video played to 50%": 0.0, "Avg. CPV": 0.0, "Bid Strategy Type": "cpc"}, {"Campaign serving status": "eligible", "Video played to 100%": 4.51, "Avg. Cost": 0.010015, "CTR": 0.91, "Interaction Rate": 8.19, "Invalid clicks": 180, "Interactions": 20763, "Avg. position": 1.0, "Advertising Channel": "Multi Channel", "Cost": 207.93264, "Video played to 75%": 10.39, "Interaction Types": ["Clicks", "Engagements", "Views"], "Date": "2017-08-01", "Campaign state": "paused", "View rate": 30.36, "Engagements": 16658, "Avg. CPM": 0.820402, "Conversions": 357.0, "Avg. CPE": 0.003049, "Impressions": 253452, "Start date": "2016-09-16", "Account ID": "4092061132", "Unique cookies": "", "Avg. CPC": 0.090327, "Mapping": false, "Campaign": "GNM | 122 | 1710026 1709022 1708018 1707134 1707041 | IOS | UAC | 2", "Clicks": 2302, "Campaign ID": 662844680, "Advertising Sub Channel": "Universal App Campaign", "Account Name": "VNG - MP2 - Gunny Mobi", "End date": "", "Views": 13443, "Video played to 25%": 21.34, "Video played to 50%": 13.54, "Avg. CPV": 0.003726, "Bid Strategy Type": "Target CPA"}, {"Campaign serving status": "eligible", "Video played to 100%": 0.0, "Avg. Cost": 0.012084, "CTR": 3.0, "Interaction Rate": 3.0, "Invalid clicks": 7026, "Interactions": 28508, "Avg. position": 1.0, "Advertising Channel": "Display", "Cost": 344.48, "Video played to 75%": 0.0, "Interaction Types": ["Clicks"], "Date": "2017-08-01", "Campaign state": "paused", "View rate": 0.0, "Engagements": 0, "Avg. CPM": 0.362977, "Conversions": 1130.0, "Avg. CPE": 0.0, "Impressions": 949041, "Start date": "2015-01-21", "Account ID": "4092061132", "Unique cookies": 380679, "Avg. CPC": 0.012084, "Mapping": false, "Campaign": "GNM | 122 | 1710026 1709022 1708018 1707134 1707041 | AND | GDN", "Clicks": 28508, "Campaign ID": 224548645, "Advertising Sub Channel": "Display Mobile App", "Account Name": "VNG - MP2 - Gunny Mobi", "End date": "", "Views": 0, "Video played to 25%": 0.0, "Video played to 50%": 0.0, "Avg. CPV": 0.0, "Bid Strategy Type": "Target CPA"}, {"Campaign serving status": "eligible", "Video played to 100%": 6.43, "Avg. Cost": 0.00592, "CTR": 1.31, "Interaction Rate": 38.31, "Invalid clicks": 0, "Interactions": 17555, "Avg. position": 1.0, "Advertising Channel": "Video", "Cost": 103.92795, "Video played to 75%": 24.17, "Interaction Types": ["Engagements", "Views]"], "Date": "2017-08-01", "Campaign state": "paused", "View rate": 29.72, "Engagements": 11532, "Avg. CPM": 2.267981, "Conversions": 273.0, "Avg. CPE": 0.009012, "Impressions": 45824, "Start date": "2016-11-11", "Account ID": "4092061132", "Unique cookies": 36897, "Avg. CPC": 0.172638, "Mapping": false, "Campaign": "GNM | 122 | 1710026 1709022 1708018 1707134 1707041 | AND | VV | IS | 1", "Clicks": 602, "Campaign ID": 697791306, "Advertising Sub Channel": "", "Account Name": "VNG - MP2 - Gunny Mobi", "End date": "", "Views": 13619, "Video played to 25%": 37.45, "Video played to 50%": 28.84, "Avg. CPV": 0.007631, "Bid Strategy Type": "Target CPA"}, {"Campaign serving status": "eligible", "Video played to 100%": 1.86, "Avg. Cost": 0.021837, "CTR": 1.42, "Interaction Rate": 1.45, "Invalid clicks": 1199, "Interactions": 4741, "Avg. position": 1.0, "Advertising Channel": "Display", "Cost": 103.53, "Video played to 75%": 9.09, "Interaction Types": ["Clicks", "Engag"], "Date": "2017-08-01", "Campaign state": "paused", "View rate": 0.0, "Engagements": 116, "Avg. CPM": 0.317122, "Conversions": 526.0, "Avg. CPE": 0.010517, "Impressions": 326467, "Start date": "2016-11-18", "Account ID": "4092061132", "Unique cookies": 182434, "Avg. CPC": 0.022361, "Mapping": false, "Campaign": "GNM | 122 | 1710026 1709022 1708018 1707134 1707041 | AND | GDN | 2", "Clicks": 4630, "Campaign ID": 702245469, "Advertising Sub Channel": "Display Mobile App", "Account Name": "VNG - MP2 - Gunny Mobi", "End date": "", "Views": 0, "Video played to 25%": 13.95, "Video played to 50%": 10.68, "Avg. CPV": 0.0, "Bid Strategy Type": "Target CPA"}, {"Campaign serving status": "", "Video played to 100%": 4.51, "Avg. Cost": 0.014705, "CTR": 2.29, "Interaction Rate": 4.78, "Invalid clicks": 8925, "Interactions": 87194, "Avg. position": 1.0, "Advertising Channel": "", "Cost": 1282.16574, "Video played to 75%": 16.36, "Interaction Types": "", "Date": "2017-08-01", "Campaign state": "Total", "View rate": 15.74, "Engagements": 33446, "Avg. CPM": 0.702691, "Conversions": 4539.0, "Avg. CPE": 0.006449, "Impressions": 1824652, "Start date": "", "Account ID": "4092061132", "Unique cookies": "", "Avg. CPC": 0.030709, "Mapping": false, "Campaign": "", "Clicks": 41752, "Campaign ID": "", "Advertising Sub Channel": "", "Account Name": "VNG - MP2 - Gunny Mobi", "End date": "", "Views": 35984, "Video played to 25%": 26.61, "Video played to 50%": 20.27, "Avg. CPV": 0.005903, "Bid Strategy Type": ""}]