[{"View rate": 0.0, "Campaign": "Gen-term_2_FH-G-3Q_game tam qu\u1ed1c-bmm", "Unique cookies": "", "Dept": "WPL", "Bid Strategy Type": "cpc", "Views": 0, "Video played to 50%": 0.0, "CTR": 3.7, "Conversions": 0.0, "Account ID": "1124503774", "Clicks": 1, "Interaction Rate": 3.7, "Avg. position": 2.0, "Advertising Channel": "Search", "Advertising Sub Channel": "", "Campaign ID": 763975411, "Avg. CPV": 0.0, "Campaign serving status": "eligible", "Avg. CPM": 5.925926, "Invalid clicks": 0, "End date": "", "Avg. Cost": 0.16, "Start date": "2017-02-27", "Mapping": false, "Engagements": 0, "Avg. CPC": 0.16, "Interactions": 1, "Date": "2017-03-02", "Video played to 100%": 0.0, "Cost": 0.16, "Interaction Types": ["Clicks"], "Video played to 75%": 0.0, "Video played to 25%": 0.0, "Campaign state": "paused", "Avg. CPE": 0.0, "Account Name": "[paused] G1 - WPL - tvc360-3", "Impressions": 27}, {"View rate": 0.0, "Campaign": "Gen-term_2_FH-G-3Q_game 3q-bmm", "Unique cookies": "", "Dept": "WPL", "Bid Strategy Type": "cpc", "Views": 0, "Video played to 50%": 0.0, "CTR": 75.0, "Conversions": 0.0, "Account ID": "1124503774", "Clicks": 3, "Interaction Rate": 75.0, "Avg. position": 1.0, "Advertising Channel": "Search", "Advertising Sub Channel": "", "Campaign ID": 763975417, "Avg. CPV": 0.0, "Campaign serving status": "eligible", "Avg. CPM": 100.0, "Invalid clicks": 0, "End date": "", "Avg. Cost": 0.133333, "Start date": "2017-02-27", "Mapping": false, "Engagements": 0, "Avg. CPC": 0.133333, "Interactions": 3, "Date": "2017-03-02", "Video played to 100%": 0.0, "Cost": 0.4, "Interaction Types": ["Clicks"], "Video played to 75%": 0.0, "Video played to 25%": 0.0, "Campaign state": "paused", "Avg. CPE": 0.0, "Account Name": "[paused] G1 - WPL - tvc360-3", "Impressions": 4}, {"View rate": 0.0, "Campaign": "Gen-term_2_FH-G-GVL_game vo lam-bmm", "Unique cookies": "", "Dept": "WPL", "Bid Strategy Type": "cpc", "Views": 0, "Video played to 50%": 0.0, "CTR": 33.33, "Conversions": 0.0, "Account ID": "1124503774", "Clicks": 1, "Interaction Rate": 33.33, "Avg. position": 1.0, "Advertising Channel": "Search", "Advertising Sub Channel": "", "Campaign ID": 763975435, "Avg. CPV": 0.0, "Campaign serving status": "eligible", "Avg. CPM": 56.666667, "Invalid clicks": 0, "End date": "", "Avg. Cost": 0.17, "Start date": "2017-02-27", "Mapping": false, "Engagements": 0, "Avg. CPC": 0.17, "Interactions": 1, "Date": "2017-03-02", "Video played to 100%": 0.0, "Cost": 0.17, "Interaction Types": ["Clicks"], "Video played to 75%": 0.0, "Video played to 25%": 0.0, "Campaign state": "paused", "Avg. CPE": 0.0, "Account Name": "[paused] G1 - WPL - tvc360-3", "Impressions": 3}, {"View rate": 0.0, "Campaign": "Gen-term_2_FH-G-HAY_game hay nhat-ex", "Unique cookies": "", "Dept": "WPL", "Bid Strategy Type": "cpc", "Views": 0, "Video played to 50%": 0.0, "CTR": 33.33, "Conversions": 1.0, "Account ID": "1124503774", "Clicks": 1, "Interaction Rate": 33.33, "Avg. position": 1.3, "Advertising Channel": "Search", "Advertising Sub Channel": "", "Campaign ID": 763976053, "Avg. CPV": 0.0, "Campaign serving status": "eligible", "Avg. CPM": 56.666667, "Invalid clicks": 0, "End date": "", "Avg. Cost": 0.17, "Start date": "2017-02-27", "Mapping": false, "Engagements": 0, "Avg. CPC": 0.17, "Interactions": 1, "Date": "2017-03-02", "Video played to 100%": 0.0, "Cost": 0.17, "Interaction Types": ["Clicks"], "Video played to 75%": 0.0, "Video played to 25%": 0.0, "Campaign state": "paused", "Avg. CPE": 0.0, "Account Name": "[paused] G1 - WPL - tvc360-3", "Impressions": 3}, {"View rate": 0.0, "Campaign": "Gen-term_2_FH-W-W_webgame-ex", "Unique cookies": "", "Dept": "WPL", "Bid Strategy Type": "cpc", "Views": 0, "Video played to 50%": 0.0, "CTR": 25.55, "Conversions": 32.0, "Account ID": "1124503774", "Clicks": 81, "Interaction Rate": 25.55, "Avg. position": 1.0, "Advertising Channel": "Search", "Advertising Sub Channel": "", "Campaign ID": 763976080, "Avg. CPV": 0.0, "Campaign serving status": "eligible", "Avg. CPM": 10.820189, "Invalid clicks": 3, "End date": "", "Avg. Cost": 0.042346, "Start date": "2017-02-27", "Mapping": false, "Engagements": 0, "Avg. CPC": 0.042346, "Interactions": 81, "Date": "2017-03-02", "Video played to 100%": 0.0, "Cost": 3.43, "Interaction Types": ["Clicks"], "Video played to 75%": 0.0, "Video played to 25%": 0.0, "Campaign state": "paused", "Avg. CPE": 0.0, "Account Name": "[paused] G1 - WPL - tvc360-3", "Impressions": 317}, {"View rate": 0.0, "Campaign": "Gen-term_2_MT-G-NV_game nhap vai hay-phr", "Unique cookies": "", "Dept": "WPL", "Bid Strategy Type": "cpc", "Views": 0, "Video played to 50%": 0.0, "CTR": 100.0, "Conversions": 1.0, "Account ID": "1124503774", "Clicks": 1, "Interaction Rate": 100.0, "Avg. position": 1.0, "Advertising Channel": "Search", "Advertising Sub Channel": "", "Campaign ID": 763978933, "Avg. CPV": 0.0, "Campaign serving status": "eligible", "Avg. CPM": 80.0, "Invalid clicks": 0, "End date": "", "Avg. Cost": 0.08, "Start date": "2017-02-27", "Mapping": false, "Engagements": 0, "Avg. CPC": 0.08, "Interactions": 1, "Date": "2017-03-02", "Video played to 100%": 0.0, "Cost": 0.08, "Interaction Types": ["Clicks"], "Video played to 75%": 0.0, "Video played to 25%": 0.0, "Campaign state": "paused", "Avg. CPE": 0.0, "Account Name": "[paused] G1 - WPL - tvc360-3", "Impressions": 1}, {"View rate": 0.0, "Campaign": "Gen-term_2_FH-G-KH_game kiem hiep-bmm", "Unique cookies": "", "Dept": "WPL", "Bid Strategy Type": "cpc", "Views": 0, "Video played to 50%": 0.0, "CTR": 33.33, "Conversions": 3.0, "Account ID": "1124503774", "Clicks": 9, "Interaction Rate": 33.33, "Avg. position": 1.2, "Advertising Channel": "Search", "Advertising Sub Channel": "", "Campaign ID": 763975423, "Avg. CPV": 0.0, "Campaign serving status": "eligible", "Avg. CPM": 43.703704, "Invalid clicks": 0, "End date": "", "Avg. Cost": 0.131111, "Start date": "2017-02-27", "Mapping": false, "Engagements": 0, "Avg. CPC": 0.131111, "Interactions": 9, "Date": "2017-03-02", "Video played to 100%": 0.0, "Cost": 1.18, "Interaction Types": ["Clicks"], "Video played to 75%": 0.0, "Video played to 25%": 0.0, "Campaign state": "paused", "Avg. CPE": 0.0, "Account Name": "[paused] G1 - WPL - tvc360-3", "Impressions": 27}, {"View rate": 0.0, "Campaign": "Gen-term_2_FH-G-3D_game 3d-bmm", "Unique cookies": "", "Dept": "WPL", "Bid Strategy Type": "cpc", "Views": 0, "Video played to 50%": 0.0, "CTR": 6.59, "Conversions": 11.0, "Account ID": "1124503774", "Clicks": 114, "Interaction Rate": 6.59, "Avg. position": 2.1, "Advertising Channel": "Search", "Advertising Sub Channel": "", "Campaign ID": 763975588, "Avg. CPV": 0.0, "Campaign serving status": "eligible", "Avg. CPM": 8.67052, "Invalid clicks": 2, "End date": "", "Avg. Cost": 0.131579, "Start date": "2017-02-27", "Mapping": false, "Engagements": 0, "Avg. CPC": 0.131579, "Interactions": 114, "Date": "2017-03-02", "Video played to 100%": 0.0, "Cost": 15.0, "Interaction Types": ["Clicks"], "Video played to 75%": 0.0, "Video played to 25%": 0.0, "Campaign state": "paused", "Avg. CPE": 0.0, "Account Name": "[paused] G1 - WPL - tvc360-3", "Impressions": 1730}, {"View rate": 0.0, "Campaign": "Gen-term_2_FH-W-NV_webgame nhap vai-ex", "Unique cookies": "", "Dept": "WPL", "Bid Strategy Type": "cpc", "Views": 0, "Video played to 50%": 0.0, "CTR": 16.67, "Conversions": 0.0, "Account ID": "1124503774", "Clicks": 1, "Interaction Rate": 16.67, "Avg. position": 1.3, "Advertising Channel": "Search", "Advertising Sub Channel": "", "Campaign ID": 763976059, "Avg. CPV": 0.0, "Campaign serving status": "eligible", "Avg. CPM": 11.666667, "Invalid clicks": 0, "End date": "", "Avg. Cost": 0.07, "Start date": "2017-02-27", "Mapping": false, "Engagements": 0, "Avg. CPC": 0.07, "Interactions": 1, "Date": "2017-03-02", "Video played to 100%": 0.0, "Cost": 0.07, "Interaction Types": ["Clicks"], "Video played to 75%": 0.0, "Video played to 25%": 0.0, "Campaign state": "paused", "Avg. CPE": 0.0, "Account Name": "[paused] G1 - WPL - tvc360-3", "Impressions": 6}, {"View rate": 0.0, "Campaign": "Gen-term_2_FH-G-TT_game truc tuyen-phr", "Unique cookies": "", "Dept": "WPL", "Bid Strategy Type": "cpc", "Views": 0, "Video played to 50%": 0.0, "CTR": 10.0, "Conversions": 0.0, "Account ID": "1124503774", "Clicks": 2, "Interaction Rate": 10.0, "Avg. position": 1.5, "Advertising Channel": "Search", "Advertising Sub Channel": "", "Campaign ID": 763978717, "Avg. CPV": 0.0, "Campaign serving status": "eligible", "Avg. CPM": 14.5, "Invalid clicks": 0, "End date": "", "Avg. Cost": 0.145, "Start date": "2017-02-27", "Mapping": false, "Engagements": 0, "Avg. CPC": 0.145, "Interactions": 2, "Date": "2017-03-02", "Video played to 100%": 0.0, "Cost": 0.29, "Interaction Types": ["Clicks"], "Video played to 75%": 0.0, "Video played to 25%": 0.0, "Campaign state": "paused", "Avg. CPE": 0.0, "Account Name": "[paused] G1 - WPL - tvc360-3", "Impressions": 20}, {"View rate": 0.0, "Campaign": "Gen-term_2_FH-G-NEW_game moi nhat-phr", "Unique cookies": "", "Dept": "WPL", "Bid Strategy Type": "cpc", "Views": 0, "Video played to 50%": 0.0, "CTR": 44.44, "Conversions": 2.0, "Account ID": "1124503774", "Clicks": 4, "Interaction Rate": 44.44, "Avg. position": 1.4, "Advertising Channel": "Search", "Advertising Sub Channel": "", "Campaign ID": 763978738, "Avg. CPV": 0.0, "Campaign serving status": "eligible", "Avg. CPM": 44.444444, "Invalid clicks": 1, "End date": "", "Avg. Cost": 0.1, "Start date": "2017-02-27", "Mapping": false, "Engagements": 0, "Avg. CPC": 0.1, "Interactions": 4, "Date": "2017-03-02", "Video played to 100%": 0.0, "Cost": 0.4, "Interaction Types": ["Clicks"], "Video played to 75%": 0.0, "Video played to 25%": 0.0, "Campaign state": "paused", "Avg. CPE": 0.0, "Account Name": "[paused] G1 - WPL - tvc360-3", "Impressions": 9}, {"View rate": 0.0, "Campaign": "Gen-term_2_FH-G-GO_game online-bmm", "Unique cookies": "", "Dept": "WPL", "Bid Strategy Type": "cpc", "Views": 0, "Video played to 50%": 0.0, "CTR": 5.05, "Conversions": 8.0, "Account ID": "1124503774", "Clicks": 90, "Interaction Rate": 5.05, "Avg. position": 3.2, "Advertising Channel": "Search", "Advertising Sub Channel": "", "Campaign ID": 763975567, "Avg. CPV": 0.0, "Campaign serving status": "eligible", "Avg. CPM": 3.307131, "Invalid clicks": 2, "End date": "", "Avg. Cost": 0.065444, "Start date": "2017-02-27", "Mapping": false, "Engagements": 0, "Avg. CPC": 0.065444, "Interactions": 90, "Date": "2017-03-02", "Video played to 100%": 0.0, "Cost": 5.89, "Interaction Types": ["Clicks"], "Video played to 75%": 0.0, "Video played to 25%": 0.0, "Campaign state": "paused", "Avg. CPE": 0.0, "Account Name": "[paused] G1 - WPL - tvc360-3", "Impressions": 1781}, {"View rate": 0.0, "Campaign": "Gen-term_2_MT-G-G16_game 2016 hay nh\u1ea5t-bmm", "Unique cookies": "", "Dept": "WPL", "Bid Strategy Type": "cpc", "Views": 0, "Video played to 50%": 0.0, "CTR": 8.33, "Conversions": 0.0, "Account ID": "1124503774", "Clicks": 1, "Interaction Rate": 8.33, "Avg. position": 1.8, "Advertising Channel": "Search", "Advertising Sub Channel": "", "Campaign ID": 763975648, "Avg. CPV": 0.0, "Campaign serving status": "eligible", "Avg. CPM": 11.666667, "Invalid clicks": 0, "End date": "", "Avg. Cost": 0.14, "Start date": "2017-02-27", "Mapping": false, "Engagements": 0, "Avg. CPC": 0.14, "Interactions": 1, "Date": "2017-03-02", "Video played to 100%": 0.0, "Cost": 0.14, "Interaction Types": ["Clicks"], "Video played to 75%": 0.0, "Video played to 25%": 0.0, "Campaign state": "paused", "Avg. CPE": 0.0, "Account Name": "[paused] G1 - WPL - tvc360-3", "Impressions": 12}, {"View rate": 0.0, "Campaign": "Gen-term_2_FH-W-3Q_webgame tam quoc-ex", "Unique cookies": "", "Dept": "WPL", "Bid Strategy Type": "cpc", "Views": 0, "Video played to 50%": 0.0, "CTR": 50.0, "Conversions": 0.0, "Account ID": "1124503774", "Clicks": 1, "Interaction Rate": 50.0, "Avg. position": 1.0, "Advertising Channel": "Search", "Advertising Sub Channel": "", "Campaign ID": 763976086, "Avg. CPV": 0.0, "Campaign serving status": "eligible", "Avg. CPM": 95.0, "Invalid clicks": 0, "End date": "", "Avg. Cost": 0.19, "Start date": "2017-02-27", "Mapping": false, "Engagements": 0, "Avg. CPC": 0.19, "Interactions": 1, "Date": "2017-03-02", "Video played to 100%": 0.0, "Cost": 0.19, "Interaction Types": ["Clicks"], "Video played to 75%": 0.0, "Video played to 25%": 0.0, "Campaign state": "paused", "Avg. CPE": 0.0, "Account Name": "[paused] G1 - WPL - tvc360-3", "Impressions": 2}, {"View rate": 0.0, "Campaign": "Gen-term_2_FH-G-HAY_game hay nhat-phr", "Unique cookies": "", "Dept": "WPL", "Bid Strategy Type": "cpc", "Views": 0, "Video played to 50%": 0.0, "CTR": 28.57, "Conversions": 0.0, "Account ID": "1124503774", "Clicks": 6, "Interaction Rate": 28.57, "Avg. position": 1.0, "Advertising Channel": "Search", "Advertising Sub Channel": "", "Campaign ID": 763978747, "Avg. CPV": 0.0, "Campaign serving status": "eligible", "Avg. CPM": 27.619048, "Invalid clicks": 0, "End date": "", "Avg. Cost": 0.096667, "Start date": "2017-02-27", "Mapping": false, "Engagements": 0, "Avg. CPC": 0.096667, "Interactions": 6, "Date": "2017-03-02", "Video played to 100%": 0.0, "Cost": 0.58, "Interaction Types": ["Clicks"], "Video played to 75%": 0.0, "Video played to 25%": 0.0, "Campaign state": "paused", "Avg. CPE": 0.0, "Account Name": "[paused] G1 - WPL - tvc360-3", "Impressions": 21}, {"View rate": 0.0, "Campaign": "Gen-term_2_MT-G-GO_game online m\u1edbi-phr", "Unique cookies": "", "Dept": "WPL", "Bid Strategy Type": "cpc", "Views": 0, "Video played to 50%": 0.0, "CTR": 15.38, "Conversions": 1.0, "Account ID": "1124503774", "Clicks": 2, "Interaction Rate": 15.38, "Avg. position": 1.5, "Advertising Channel": "Search", "Advertising Sub Channel": "", "Campaign ID": 763981570, "Avg. CPV": 0.0, "Campaign serving status": "eligible", "Avg. CPM": 17.692308, "Invalid clicks": 0, "End date": "", "Avg. Cost": 0.115, "Start date": "2017-02-27", "Mapping": false, "Engagements": 0, "Avg. CPC": 0.115, "Interactions": 2, "Date": "2017-03-02", "Video played to 100%": 0.0, "Cost": 0.23, "Interaction Types": ["Clicks"], "Video played to 75%": 0.0, "Video played to 25%": 0.0, "Campaign state": "paused", "Avg. CPE": 0.0, "Account Name": "[paused] G1 - WPL - tvc360-3", "Impressions": 13}, {"View rate": 0.0, "Campaign": "Gen-term_2_MT-G-GO_game online hay-phr", "Unique cookies": "", "Dept": "WPL", "Bid Strategy Type": "cpc", "Views": 0, "Video played to 50%": 0.0, "CTR": 17.65, "Conversions": 3.0, "Account ID": "1124503774", "Clicks": 6, "Interaction Rate": 17.65, "Avg. position": 1.4, "Advertising Channel": "Search", "Advertising Sub Channel": "", "Campaign ID": 763981579, "Avg. CPV": 0.0, "Campaign serving status": "eligible", "Avg. CPM": 19.705882, "Invalid clicks": 0, "End date": "", "Avg. Cost": 0.111667, "Start date": "2017-02-27", "Mapping": false, "Engagements": 0, "Avg. CPC": 0.111667, "Interactions": 6, "Date": "2017-03-02", "Video played to 100%": 0.0, "Cost": 0.67, "Interaction Types": ["Clicks"], "Video played to 75%": 0.0, "Video played to 25%": 0.0, "Campaign state": "paused", "Avg. CPE": 0.0, "Account Name": "[paused] G1 - WPL - tvc360-3", "Impressions": 34}, {"View rate": 0.0, "Campaign": "Gen-term_2_FH-W-HAY_webgame hay-bmm", "Unique cookies": "", "Dept": "WPL", "Bid Strategy Type": "cpc", "Views": 0, "Video played to 50%": 0.0, "CTR": 14.04, "Conversions": 3.0, "Account ID": "1124503774", "Clicks": 8, "Interaction Rate": 14.04, "Avg. position": 1.2, "Advertising Channel": "Search", "Advertising Sub Channel": "", "Campaign ID": 763983100, "Avg. CPV": 0.0, "Campaign serving status": "eligible", "Avg. CPM": 17.368421, "Invalid clicks": 0, "End date": "", "Avg. Cost": 0.12375, "Start date": "2017-02-27", "Mapping": false, "Engagements": 0, "Avg. CPC": 0.12375, "Interactions": 8, "Date": "2017-03-02", "Video played to 100%": 0.0, "Cost": 0.99, "Interaction Types": ["Clicks"], "Video played to 75%": 0.0, "Video played to 25%": 0.0, "Campaign state": "paused", "Avg. CPE": 0.0, "Account Name": "[paused] G1 - WPL - tvc360-3", "Impressions": 57}, {"View rate": 0.0, "Campaign": "Gen-term_2_MT-G-NV_game nh\u1eadp vai online-bmm", "Unique cookies": "", "Dept": "WPL", "Bid Strategy Type": "cpc", "Views": 0, "Video played to 50%": 0.0, "CTR": 12.5, "Conversions": 0.0, "Account ID": "1124503774", "Clicks": 1, "Interaction Rate": 12.5, "Avg. position": 1.3, "Advertising Channel": "Search", "Advertising Sub Channel": "", "Campaign ID": 764275343, "Avg. CPV": 0.0, "Campaign serving status": "eligible", "Avg. CPM": 22.5, "Invalid clicks": 0, "End date": "", "Avg. Cost": 0.18, "Start date": "2017-02-27", "Mapping": false, "Engagements": 0, "Avg. CPC": 0.18, "Interactions": 1, "Date": "2017-03-02", "Video played to 100%": 0.0, "Cost": 0.18, "Interaction Types": ["Clicks"], "Video played to 75%": 0.0, "Video played to 25%": 0.0, "Campaign state": "paused", "Avg. CPE": 0.0, "Account Name": "[paused] G1 - WPL - tvc360-3", "Impressions": 8}, {"View rate": 0.0, "Campaign": "Gen-term_2_FH-G-NV_game nhap vai-bmm", "Unique cookies": "", "Dept": "WPL", "Bid Strategy Type": "cpc", "Views": 0, "Video played to 50%": 0.0, "CTR": 19.11, "Conversions": 7.0, "Account ID": "1124503774", "Clicks": 30, "Interaction Rate": 19.11, "Avg. position": 1.3, "Advertising Channel": "Search", "Advertising Sub Channel": "", "Campaign ID": 763983031, "Avg. CPV": 0.0, "Campaign serving status": "eligible", "Avg. CPM": 22.292994, "Invalid clicks": 1, "End date": "", "Avg. Cost": 0.116667, "Start date": "2017-02-27", "Mapping": false, "Engagements": 0, "Avg. CPC": 0.116667, "Interactions": 30, "Date": "2017-03-02", "Video played to 100%": 0.0, "Cost": 3.5, "Interaction Types": ["Clicks"], "Video played to 75%": 0.0, "Video played to 25%": 0.0, "Campaign state": "paused", "Avg. CPE": 0.0, "Account Name": "[paused] G1 - WPL - tvc360-3", "Impressions": 157}, {"View rate": 0.0, "Campaign": "Gen-term_2_FH-G-PC_game pc-bmm", "Unique cookies": "", "Dept": "WPL", "Bid Strategy Type": "cpc", "Views": 0, "Video played to 50%": 0.0, "CTR": 2.09, "Conversions": 0.0, "Account ID": "1124503774", "Clicks": 13, "Interaction Rate": 2.09, "Avg. position": 1.6, "Advertising Channel": "Search", "Advertising Sub Channel": "", "Campaign ID": 763975564, "Avg. CPV": 0.0, "Campaign serving status": "eligible", "Avg. CPM": 2.199037, "Invalid clicks": 0, "End date": "", "Avg. Cost": 0.105385, "Start date": "2017-02-27", "Mapping": false, "Engagements": 0, "Avg. CPC": 0.105385, "Interactions": 13, "Date": "2017-03-02", "Video played to 100%": 0.0, "Cost": 1.37, "Interaction Types": ["Clicks"], "Video played to 75%": 0.0, "Video played to 25%": 0.0, "Campaign state": "paused", "Avg. CPE": 0.0, "Account Name": "[paused] G1 - WPL - tvc360-3", "Impressions": 623}, {"View rate": 0.0, "Campaign": "Gen-term_2_FH-G-TT_game truc tuyen-bmm", "Unique cookies": "", "Dept": "WPL", "Bid Strategy Type": "cpc", "Views": 0, "Video played to 50%": 0.0, "CTR": 5.56, "Conversions": 0.0, "Account ID": "1124503774", "Clicks": 1, "Interaction Rate": 5.56, "Avg. position": 3.1, "Advertising Channel": "Search", "Advertising Sub Channel": "", "Campaign ID": 763975582, "Avg. CPV": 0.0, "Campaign serving status": "eligible", "Avg. CPM": 4.444444, "Invalid clicks": 0, "End date": "", "Avg. Cost": 0.08, "Start date": "2017-02-27", "Mapping": false, "Engagements": 0, "Avg. CPC": 0.08, "Interactions": 1, "Date": "2017-03-02", "Video played to 100%": 0.0, "Cost": 0.08, "Interaction Types": ["Clicks"], "Video played to 75%": 0.0, "Video played to 25%": 0.0, "Campaign state": "paused", "Avg. CPE": 0.0, "Account Name": "[paused] G1 - WPL - tvc360-3", "Impressions": 18}, {"View rate": 0.0, "Campaign": "Gen-term_2_FH-G-NEW_game m\u1edbi nh\u1ea5t-ex", "Unique cookies": "", "Dept": "WPL", "Bid Strategy Type": "cpc", "Views": 0, "Video played to 50%": 0.0, "CTR": 50.0, "Conversions": 0.0, "Account ID": "1124503774", "Clicks": 5, "Interaction Rate": 50.0, "Avg. position": 1.2, "Advertising Channel": "Search", "Advertising Sub Channel": "", "Campaign ID": 763976041, "Avg. CPV": 0.0, "Campaign serving status": "eligible", "Avg. CPM": 76.0, "Invalid clicks": 0, "End date": "", "Avg. Cost": 0.152, "Start date": "2017-02-27", "Mapping": false, "Engagements": 0, "Avg. CPC": 0.152, "Interactions": 5, "Date": "2017-03-02", "Video played to 100%": 0.0, "Cost": 0.76, "Interaction Types": ["Clicks"], "Video played to 75%": 0.0, "Video played to 25%": 0.0, "Campaign state": "paused", "Avg. CPE": 0.0, "Account Name": "[paused] G1 - WPL - tvc360-3", "Impressions": 10}, {"View rate": 0.0, "Campaign": "Gen-term_2_FH-G-NEW_game moi nhat-ex", "Unique cookies": "", "Dept": "WPL", "Bid Strategy Type": "cpc", "Views": 0, "Video played to 50%": 0.0, "CTR": 50.0, "Conversions": 1.0, "Account ID": "1124503774", "Clicks": 4, "Interaction Rate": 50.0, "Avg. position": 1.5, "Advertising Channel": "Search", "Advertising Sub Channel": "", "Campaign ID": 763976044, "Avg. CPV": 0.0, "Campaign serving status": "eligible", "Avg. CPM": 63.75, "Invalid clicks": 0, "End date": "", "Avg. Cost": 0.1275, "Start date": "2017-02-27", "Mapping": false, "Engagements": 0, "Avg. CPC": 0.1275, "Interactions": 4, "Date": "2017-03-02", "Video played to 100%": 0.0, "Cost": 0.51, "Interaction Types": ["Clicks"], "Video played to 75%": 0.0, "Video played to 25%": 0.0, "Campaign state": "paused", "Avg. CPE": 0.0, "Account Name": "[paused] G1 - WPL - tvc360-3", "Impressions": 8}, {"View rate": 0.0, "Campaign": "Gen-term_2_FH-G-NEW_game m\u1edbi nh\u1ea5t-phr", "Unique cookies": "", "Dept": "WPL", "Bid Strategy Type": "cpc", "Views": 0, "Video played to 50%": 0.0, "CTR": 23.08, "Conversions": 0.0, "Account ID": "1124503774", "Clicks": 3, "Interaction Rate": 23.08, "Avg. position": 1.5, "Advertising Channel": "Search", "Advertising Sub Channel": "", "Campaign ID": 763978735, "Avg. CPV": 0.0, "Campaign serving status": "eligible", "Avg. CPM": 8.461538, "Invalid clicks": 0, "End date": "", "Avg. Cost": 0.036667, "Start date": "2017-02-27", "Mapping": false, "Engagements": 0, "Avg. CPC": 0.036667, "Interactions": 3, "Date": "2017-03-02", "Video played to 100%": 0.0, "Cost": 0.11, "Interaction Types": ["Clicks"], "Video played to 75%": 0.0, "Video played to 25%": 0.0, "Campaign state": "paused", "Avg. CPE": 0.0, "Account Name": "[paused] G1 - WPL - tvc360-3", "Impressions": 13}, {"View rate": 0.0, "Campaign": "Gen-term_2_FH-G-TH_game ti\u00ean hi\u1ec7p-bmm", "Unique cookies": "", "Dept": "WPL", "Bid Strategy Type": "cpc", "Views": 0, "Video played to 50%": 0.0, "CTR": 23.91, "Conversions": 4.0, "Account ID": "1124503774", "Clicks": 11, "Interaction Rate": 23.91, "Avg. position": 1.2, "Advertising Channel": "Search", "Advertising Sub Channel": "", "Campaign ID": 763975426, "Avg. CPV": 0.0, "Campaign serving status": "eligible", "Avg. CPM": 21.956522, "Invalid clicks": 0, "End date": "", "Avg. Cost": 0.091818, "Start date": "2017-02-27", "Mapping": false, "Engagements": 0, "Avg. CPC": 0.091818, "Interactions": 11, "Date": "2017-03-02", "Video played to 100%": 0.0, "Cost": 1.01, "Interaction Types": ["Clicks"], "Video played to 75%": 0.0, "Video played to 25%": 0.0, "Campaign state": "paused", "Avg. CPE": 0.0, "Account Name": "[paused] G1 - WPL - tvc360-3", "Impressions": 46}, {"View rate": 0.0, "Campaign": "Gen-term_2_FH-G-GVL_game v\u00f5 l\u00e2m-bmm", "Unique cookies": "", "Dept": "WPL", "Bid Strategy Type": "cpc", "Views": 0, "Video played to 50%": 0.0, "CTR": 16.67, "Conversions": 2.0, "Account ID": "1124503774", "Clicks": 2, "Interaction Rate": 16.67, "Avg. position": 1.3, "Advertising Channel": "Search", "Advertising Sub Channel": "", "Campaign ID": 763975432, "Avg. CPV": 0.0, "Campaign serving status": "eligible", "Avg. CPM": 33.333333, "Invalid clicks": 0, "End date": "", "Avg. Cost": 0.2, "Start date": "2017-02-27", "Mapping": false, "Engagements": 0, "Avg. CPC": 0.2, "Interactions": 2, "Date": "2017-03-02", "Video played to 100%": 0.0, "Cost": 0.4, "Interaction Types": ["Clicks"], "Video played to 75%": 0.0, "Video played to 25%": 0.0, "Campaign state": "paused", "Avg. CPE": 0.0, "Account Name": "[paused] G1 - WPL - tvc360-3", "Impressions": 12}, {"View rate": 0.0, "Campaign": "Gen-term_2_FH-G-MT_game m\u00e1y t\u00ednh-bmm", "Unique cookies": "", "Dept": "WPL", "Bid Strategy Type": "cpc", "Views": 0, "Video played to 50%": 0.0, "CTR": 4.37, "Conversions": 2.0, "Account ID": "1124503774", "Clicks": 10, "Interaction Rate": 4.37, "Avg. position": 1.9, "Advertising Channel": "Search", "Advertising Sub Channel": "", "Campaign ID": 763975573, "Avg. CPV": 0.0, "Campaign serving status": "eligible", "Avg. CPM": 5.021834, "Invalid clicks": 0, "End date": "", "Avg. Cost": 0.115, "Start date": "2017-02-27", "Mapping": false, "Engagements": 0, "Avg. CPC": 0.115, "Interactions": 10, "Date": "2017-03-02", "Video played to 100%": 0.0, "Cost": 1.15, "Interaction Types": ["Clicks"], "Video played to 75%": 0.0, "Video played to 25%": 0.0, "Campaign state": "paused", "Avg. CPE": 0.0, "Account Name": "[paused] G1 - WPL - tvc360-3", "Impressions": 229}, {"View rate": 0.0, "Campaign": "Gen-term_2_FH-G-G16_game 2016-bmm", "Unique cookies": "", "Dept": "WPL", "Bid Strategy Type": "cpc", "Views": 0, "Video played to 50%": 0.0, "CTR": 5.66, "Conversions": 1.0, "Account ID": "1124503774", "Clicks": 3, "Interaction Rate": 5.66, "Avg. position": 1.7, "Advertising Channel": "Search", "Advertising Sub Channel": "", "Campaign ID": 763975594, "Avg. CPV": 0.0, "Campaign serving status": "eligible", "Avg. CPM": 6.226415, "Invalid clicks": 0, "End date": "", "Avg. Cost": 0.11, "Start date": "2017-02-27", "Mapping": false, "Engagements": 0, "Avg. CPC": 0.11, "Interactions": 3, "Date": "2017-03-02", "Video played to 100%": 0.0, "Cost": 0.33, "Interaction Types": ["Clicks"], "Video played to 75%": 0.0, "Video played to 25%": 0.0, "Campaign state": "paused", "Avg. CPE": 0.0, "Account Name": "[paused] G1 - WPL - tvc360-3", "Impressions": 53}, {"View rate": 0.0, "Campaign": "Gen-term_2_FH-G-TT_game tr\u1ef1c tuy\u1ebfn-phr", "Unique cookies": "", "Dept": "WPL", "Bid Strategy Type": "cpc", "Views": 0, "Video played to 50%": 0.0, "CTR": 2.86, "Conversions": 0.0, "Account ID": "1124503774", "Clicks": 1, "Interaction Rate": 2.86, "Avg. position": 2.2, "Advertising Channel": "Search", "Advertising Sub Channel": "", "Campaign ID": 763978714, "Avg. CPV": 0.0, "Campaign serving status": "eligible", "Avg. CPM": 4.571429, "Invalid clicks": 0, "End date": "", "Avg. Cost": 0.16, "Start date": "2017-02-27", "Mapping": false, "Engagements": 0, "Avg. CPC": 0.16, "Interactions": 1, "Date": "2017-03-02", "Video played to 100%": 0.0, "Cost": 0.16, "Interaction Types": ["Clicks"], "Video played to 75%": 0.0, "Video played to 25%": 0.0, "Campaign state": "paused", "Avg. CPE": 0.0, "Account Name": "[paused] G1 - WPL - tvc360-3", "Impressions": 35}, {"View rate": 0.0, "Campaign": "Gen-term_2_MT-G-NV_game nhap vai m\u1edbi-phr", "Unique cookies": "", "Dept": "WPL", "Bid Strategy Type": "cpc", "Views": 0, "Video played to 50%": 0.0, "CTR": 33.33, "Conversions": 0.0, "Account ID": "1124503774", "Clicks": 1, "Interaction Rate": 33.33, "Avg. position": 1.0, "Advertising Channel": "Search", "Advertising Sub Channel": "", "Campaign ID": 763978924, "Avg. CPV": 0.0, "Campaign serving status": "eligible", "Avg. CPM": 40.0, "Invalid clicks": 0, "End date": "", "Avg. Cost": 0.12, "Start date": "2017-02-27", "Mapping": false, "Engagements": 0, "Avg. CPC": 0.12, "Interactions": 1, "Date": "2017-03-02", "Video played to 100%": 0.0, "Cost": 0.12, "Interaction Types": ["Clicks"], "Video played to 75%": 0.0, "Video played to 25%": 0.0, "Campaign state": "paused", "Avg. CPE": 0.0, "Account Name": "[paused] G1 - WPL - tvc360-3", "Impressions": 3}, {"View rate": 0.0, "Campaign": "Gen-term_2_MT-G-CT_game chien thuat 3d-phr", "Unique cookies": "", "Dept": "WPL", "Bid Strategy Type": "cpc", "Views": 0, "Video played to 50%": 0.0, "CTR": 100.0, "Conversions": 0.0, "Account ID": "1124503774", "Clicks": 1, "Interaction Rate": 100.0, "Avg. position": 1.0, "Advertising Channel": "Search", "Advertising Sub Channel": "", "Campaign ID": 763979203, "Avg. CPV": 0.0, "Campaign serving status": "eligible", "Avg. CPM": 90.0, "Invalid clicks": 0, "End date": "", "Avg. Cost": 0.09, "Start date": "2017-02-27", "Mapping": false, "Engagements": 0, "Avg. CPC": 0.09, "Interactions": 1, "Date": "2017-03-02", "Video played to 100%": 0.0, "Cost": 0.09, "Interaction Types": ["Clicks"], "Video played to 75%": 0.0, "Video played to 25%": 0.0, "Campaign state": "paused", "Avg. CPE": 0.0, "Account Name": "[paused] G1 - WPL - tvc360-3", "Impressions": 1}, {"View rate": 0.0, "Campaign": "Gen-term_2_FH-G-NV_game nh\u1eadp vai-bmm", "Unique cookies": "", "Dept": "WPL", "Bid Strategy Type": "cpc", "Views": 0, "Video played to 50%": 0.0, "CTR": 25.0, "Conversions": 3.0, "Account ID": "1124503774", "Clicks": 7, "Interaction Rate": 25.0, "Avg. position": 1.3, "Advertising Channel": "Search", "Advertising Sub Channel": "", "Campaign ID": 763983028, "Avg. CPV": 0.0, "Campaign serving status": "eligible", "Avg. CPM": 33.928571, "Invalid clicks": 0, "End date": "", "Avg. Cost": 0.135714, "Start date": "2017-02-27", "Mapping": false, "Engagements": 0, "Avg. CPC": 0.135714, "Interactions": 7, "Date": "2017-03-02", "Video played to 100%": 0.0, "Cost": 0.95, "Interaction Types": ["Clicks"], "Video played to 75%": 0.0, "Video played to 25%": 0.0, "Campaign state": "paused", "Avg. CPE": 0.0, "Account Name": "[paused] G1 - WPL - tvc360-3", "Impressions": 28}, {"View rate": 0.0, "Campaign": "Gen-term_2_FH-G-KH_game ki\u1ebfm hi\u1ec7p-bmm", "Unique cookies": "", "Dept": "WPL", "Bid Strategy Type": "cpc", "Views": 0, "Video played to 50%": 0.0, "CTR": 20.0, "Conversions": 0.0, "Account ID": "1124503774", "Clicks": 2, "Interaction Rate": 20.0, "Avg. position": 1.0, "Advertising Channel": "Search", "Advertising Sub Channel": "", "Campaign ID": 763975420, "Avg. CPV": 0.0, "Campaign serving status": "eligible", "Avg. CPM": 34.0, "Invalid clicks": 0, "End date": "", "Avg. Cost": 0.17, "Start date": "2017-02-27", "Mapping": false, "Engagements": 0, "Avg. CPC": 0.17, "Interactions": 2, "Date": "2017-03-02", "Video played to 100%": 0.0, "Cost": 0.34, "Interaction Types": ["Clicks"], "Video played to 75%": 0.0, "Video played to 25%": 0.0, "Campaign state": "paused", "Avg. CPE": 0.0, "Account Name": "[paused] G1 - WPL - tvc360-3", "Impressions": 10}, {"View rate": 0.0, "Campaign": "Gen-term_2_FH-G-MT_game may tinh-bmm", "Unique cookies": "", "Dept": "WPL", "Bid Strategy Type": "cpc", "Views": 0, "Video played to 50%": 0.0, "CTR": 4.78, "Conversions": 3.0, "Account ID": "1124503774", "Clicks": 10, "Interaction Rate": 4.78, "Avg. position": 2.0, "Advertising Channel": "Search", "Advertising Sub Channel": "", "Campaign ID": 763975576, "Avg. CPV": 0.0, "Campaign serving status": "eligible", "Avg. CPM": 5.358852, "Invalid clicks": 1, "End date": "", "Avg. Cost": 0.112, "Start date": "2017-02-27", "Mapping": false, "Engagements": 0, "Avg. CPC": 0.112, "Interactions": 10, "Date": "2017-03-02", "Video played to 100%": 0.0, "Cost": 1.12, "Interaction Types": ["Clicks"], "Video played to 75%": 0.0, "Video played to 25%": 0.0, "Campaign state": "paused", "Avg. CPE": 0.0, "Account Name": "[paused] G1 - WPL - tvc360-3", "Impressions": 209}, {"View rate": 0.0, "Campaign": "Gen-term_2_FH-G-HAY_game hay-phr", "Unique cookies": "", "Dept": "WPL", "Bid Strategy Type": "cpc", "Views": 0, "Video played to 50%": 0.0, "CTR": 5.51, "Conversions": 3.0, "Account ID": "1124503774", "Clicks": 37, "Interaction Rate": 5.51, "Avg. position": 2.2, "Advertising Channel": "Search", "Advertising Sub Channel": "", "Campaign ID": 763978741, "Avg. CPV": 0.0, "Campaign serving status": "eligible", "Avg. CPM": 8.196721, "Invalid clicks": 0, "End date": "", "Avg. Cost": 0.148649, "Start date": "2017-02-27", "Mapping": false, "Engagements": 0, "Avg. CPC": 0.148649, "Interactions": 37, "Date": "2017-03-02", "Video played to 100%": 0.0, "Cost": 5.5, "Interaction Types": ["Clicks"], "Video played to 75%": 0.0, "Video played to 25%": 0.0, "Campaign state": "paused", "Avg. CPE": 0.0, "Account Name": "[paused] G1 - WPL - tvc360-3", "Impressions": 671}, {"View rate": 0.0, "Campaign": "Gen-term_2_MT-G-MT_game may tinh hay-bmm", "Unique cookies": "", "Dept": "WPL", "Bid Strategy Type": "cpc", "Views": 0, "Video played to 50%": 0.0, "CTR": 25.0, "Conversions": 0.0, "Account ID": "1124503774", "Clicks": 1, "Interaction Rate": 25.0, "Avg. position": 1.0, "Advertising Channel": "Search", "Advertising Sub Channel": "", "Campaign ID": 764273432, "Avg. CPV": 0.0, "Campaign serving status": "eligible", "Avg. CPM": 22.5, "Invalid clicks": 0, "End date": "", "Avg. Cost": 0.09, "Start date": "2017-02-27", "Mapping": false, "Engagements": 0, "Avg. CPC": 0.09, "Interactions": 1, "Date": "2017-03-02", "Video played to 100%": 0.0, "Cost": 0.09, "Interaction Types": ["Clicks"], "Video played to 75%": 0.0, "Video played to 25%": 0.0, "Campaign state": "paused", "Avg. CPE": 0.0, "Account Name": "[paused] G1 - WPL - tvc360-3", "Impressions": 4}, {"View rate": 0.0, "Campaign": "Gen-term_2_FH-W-G16_webgame 2016-bmm", "Unique cookies": "", "Dept": "WPL", "Bid Strategy Type": "cpc", "Views": 0, "Video played to 50%": 0.0, "CTR": 44.44, "Conversions": 1.0, "Account ID": "1124503774", "Clicks": 4, "Interaction Rate": 44.44, "Avg. position": 1.3, "Advertising Channel": "Search", "Advertising Sub Channel": "", "Campaign ID": 763983088, "Avg. CPV": 0.0, "Campaign serving status": "eligible", "Avg. CPM": 63.333333, "Invalid clicks": 0, "End date": "", "Avg. Cost": 0.1425, "Start date": "2017-02-27", "Mapping": false, "Engagements": 0, "Avg. CPC": 0.1425, "Interactions": 4, "Date": "2017-03-02", "Video played to 100%": 0.0, "Cost": 0.57, "Interaction Types": ["Clicks"], "Video played to 75%": 0.0, "Video played to 25%": 0.0, "Campaign state": "paused", "Avg. CPE": 0.0, "Account Name": "[paused] G1 - WPL - tvc360-3", "Impressions": 9}, {"View rate": 0.0, "Campaign": "Gen-term_2_MT-G-NV_game nh\u1eadp vai hay-bmm", "Unique cookies": "", "Dept": "WPL", "Bid Strategy Type": "cpc", "Views": 0, "Video played to 50%": 0.0, "CTR": 25.0, "Conversions": 1.0, "Account ID": "1124503774", "Clicks": 3, "Interaction Rate": 25.0, "Avg. position": 1.3, "Advertising Channel": "Search", "Advertising Sub Channel": "", "Campaign ID": 764275382, "Avg. CPV": 0.0, "Campaign serving status": "eligible", "Avg. CPM": 38.333333, "Invalid clicks": 0, "End date": "", "Avg. Cost": 0.153333, "Start date": "2017-02-27", "Mapping": false, "Engagements": 0, "Avg. CPC": 0.153333, "Interactions": 3, "Date": "2017-03-02", "Video played to 100%": 0.0, "Cost": 0.46, "Interaction Types": ["Clicks"], "Video played to 75%": 0.0, "Video played to 25%": 0.0, "Campaign state": "paused", "Avg. CPE": 0.0, "Account Name": "[paused] G1 - WPL - tvc360-3", "Impressions": 12}, {"View rate": 0.0, "Campaign": "Gen-term_2_FH-G-3D_game 3d-phr", "Unique cookies": "", "Dept": "WPL", "Bid Strategy Type": "cpc", "Views": 0, "Video played to 50%": 0.0, "CTR": 22.86, "Conversions": 5.0, "Account ID": "1124503774", "Clicks": 16, "Interaction Rate": 22.86, "Avg. position": 1.3, "Advertising Channel": "Search", "Advertising Sub Channel": "", "Campaign ID": 763978723, "Avg. CPV": 0.0, "Campaign serving status": "eligible", "Avg. CPM": 27.428571, "Invalid clicks": 1, "End date": "", "Avg. Cost": 0.12, "Start date": "2017-02-27", "Mapping": false, "Engagements": 0, "Avg. CPC": 0.12, "Interactions": 16, "Date": "2017-03-02", "Video played to 100%": 0.0, "Cost": 1.92, "Interaction Types": ["Clicks"], "Video played to 75%": 0.0, "Video played to 25%": 0.0, "Campaign state": "paused", "Avg. CPE": 0.0, "Account Name": "[paused] G1 - WPL - tvc360-3", "Impressions": 70}, {"View rate": 0.0, "Campaign": "Gen-term_2_FH-G-NEW_game m\u1edbi-phr", "Unique cookies": "", "Dept": "WPL", "Bid Strategy Type": "cpc", "Views": 0, "Video played to 50%": 0.0, "CTR": 26.85, "Conversions": 27.0, "Account ID": "1124503774", "Clicks": 109, "Interaction Rate": 26.85, "Avg. position": 1.4, "Advertising Channel": "Search", "Advertising Sub Channel": "", "Campaign ID": 763978732, "Avg. CPV": 0.0, "Campaign serving status": "eligible", "Avg. CPM": 30.418719, "Invalid clicks": 1, "End date": "", "Avg. Cost": 0.113303, "Start date": "2017-02-27", "Mapping": false, "Engagements": 0, "Avg. CPC": 0.113303, "Interactions": 109, "Date": "2017-03-02", "Video played to 100%": 0.0, "Cost": 12.35, "Interaction Types": ["Clicks"], "Video played to 75%": 0.0, "Video played to 25%": 0.0, "Campaign state": "paused", "Avg. CPE": 0.0, "Account Name": "[paused] G1 - WPL - tvc360-3", "Impressions": 406}, {"View rate": 0.0, "Campaign": "Gen-term_2_FH-G-3Q_game tam quoc-bmm", "Unique cookies": "", "Dept": "WPL", "Bid Strategy Type": "cpc", "Views": 0, "Video played to 50%": 0.0, "CTR": 7.14, "Conversions": 0.0, "Account ID": "1124503774", "Clicks": 1, "Interaction Rate": 7.14, "Avg. position": 2.4, "Advertising Channel": "Search", "Advertising Sub Channel": "", "Campaign ID": 763975414, "Avg. CPV": 0.0, "Campaign serving status": "eligible", "Avg. CPM": 1.428571, "Invalid clicks": 0, "End date": "", "Avg. Cost": 0.02, "Start date": "2017-02-27", "Mapping": false, "Engagements": 0, "Avg. CPC": 0.02, "Interactions": 1, "Date": "2017-03-02", "Video played to 100%": 0.0, "Cost": 0.02, "Interaction Types": ["Clicks"], "Video played to 75%": 0.0, "Video played to 25%": 0.0, "Campaign state": "paused", "Avg. CPE": 0.0, "Account Name": "[paused] G1 - WPL - tvc360-3", "Impressions": 14}, {"View rate": 0.0, "Campaign": "Gen-term_2_FH-G-HAY_game hay-ex", "Unique cookies": "", "Dept": "WPL", "Bid Strategy Type": "cpc", "Views": 0, "Video played to 50%": 0.0, "CTR": 7.45, "Conversions": 2.0, "Account ID": "1124503774", "Clicks": 7, "Interaction Rate": 7.45, "Avg. position": 1.9, "Advertising Channel": "Search", "Advertising Sub Channel": "", "Campaign ID": 763976047, "Avg. CPV": 0.0, "Campaign serving status": "eligible", "Avg. CPM": 12.659574, "Invalid clicks": 1, "End date": "", "Avg. Cost": 0.17, "Start date": "2017-02-27", "Mapping": false, "Engagements": 0, "Avg. CPC": 0.17, "Interactions": 7, "Date": "2017-03-02", "Video played to 100%": 0.0, "Cost": 1.19, "Interaction Types": ["Clicks"], "Video played to 75%": 0.0, "Video played to 25%": 0.0, "Campaign state": "paused", "Avg. CPE": 0.0, "Account Name": "[paused] G1 - WPL - tvc360-3", "Impressions": 94}, {"View rate": 0.0, "Campaign": "Gen-term_2_FH-G-GO_game online-phr", "Unique cookies": "", "Dept": "WPL", "Bid Strategy Type": "cpc", "Views": 0, "Video played to 50%": 0.0, "CTR": 9.08, "Conversions": 4.0, "Account ID": "1124503774", "Clicks": 55, "Interaction Rate": 9.08, "Avg. position": 2.4, "Advertising Channel": "Search", "Advertising Sub Channel": "", "Campaign ID": 763978702, "Avg. CPV": 0.0, "Campaign serving status": "eligible", "Avg. CPM": 5.132013, "Invalid clicks": 2, "End date": "", "Avg. Cost": 0.056545, "Start date": "2017-02-27", "Mapping": false, "Engagements": 0, "Avg. CPC": 0.056545, "Interactions": 55, "Date": "2017-03-02", "Video played to 100%": 0.0, "Cost": 3.11, "Interaction Types": ["Clicks"], "Video played to 75%": 0.0, "Video played to 25%": 0.0, "Campaign state": "paused", "Avg. CPE": 0.0, "Account Name": "[paused] G1 - WPL - tvc360-3", "Impressions": 606}, {"View rate": 0.0, "Campaign": "Gen-term_2_MT-G-GO_game online m\u1edbi nh\u1ea5t-phr", "Unique cookies": "", "Dept": "WPL", "Bid Strategy Type": "cpc", "Views": 0, "Video played to 50%": 0.0, "CTR": 33.33, "Conversions": 0.0, "Account ID": "1124503774", "Clicks": 1, "Interaction Rate": 33.33, "Avg. position": 1.0, "Advertising Channel": "Search", "Advertising Sub Channel": "", "Campaign ID": 763981573, "Avg. CPV": 0.0, "Campaign serving status": "eligible", "Avg. CPM": 23.333333, "Invalid clicks": 0, "End date": "", "Avg. Cost": 0.07, "Start date": "2017-02-27", "Mapping": false, "Engagements": 0, "Avg. CPC": 0.07, "Interactions": 1, "Date": "2017-03-02", "Video played to 100%": 0.0, "Cost": 0.07, "Interaction Types": ["Clicks"], "Video played to 75%": 0.0, "Video played to 25%": 0.0, "Campaign state": "paused", "Avg. CPE": 0.0, "Account Name": "[paused] G1 - WPL - tvc360-3", "Impressions": 3}, {"View rate": 0.0, "Campaign": "Gen-term_2_MT-G-GO_game online hay nhat-phr", "Unique cookies": "", "Dept": "WPL", "Bid Strategy Type": "cpc", "Views": 0, "Video played to 50%": 0.0, "CTR": 50.0, "Conversions": 0.0, "Account ID": "1124503774", "Clicks": 1, "Interaction Rate": 50.0, "Avg. position": 1.0, "Advertising Channel": "Search", "Advertising Sub Channel": "", "Campaign ID": 763981585, "Avg. CPV": 0.0, "Campaign serving status": "eligible", "Avg. CPM": 60.0, "Invalid clicks": 0, "End date": "", "Avg. Cost": 0.12, "Start date": "2017-02-27", "Mapping": false, "Engagements": 0, "Avg. CPC": 0.12, "Interactions": 1, "Date": "2017-03-02", "Video played to 100%": 0.0, "Cost": 0.12, "Interaction Types": ["Clicks"], "Video played to 75%": 0.0, "Video played to 25%": 0.0, "Campaign state": "paused", "Avg. CPE": 0.0, "Account Name": "[paused] G1 - WPL - tvc360-3", "Impressions": 2}, {"View rate": 0.0, "Campaign": "Gen-term_2_MT-G-NV_game nhap vai m\u1edbi nh\u1ea5t-bmm", "Unique cookies": "", "Dept": "WPL", "Bid Strategy Type": "cpc", "Views": 0, "Video played to 50%": 0.0, "CTR": 100.0, "Conversions": 0.0, "Account ID": "1124503774", "Clicks": 1, "Interaction Rate": 100.0, "Avg. position": 1.0, "Advertising Channel": "Search", "Advertising Sub Channel": "", "Campaign ID": 764275580, "Avg. CPV": 0.0, "Campaign serving status": "eligible", "Avg. CPM": 110.0, "Invalid clicks": 0, "End date": "", "Avg. Cost": 0.11, "Start date": "2017-02-27", "Mapping": false, "Engagements": 0, "Avg. CPC": 0.11, "Interactions": 1, "Date": "2017-03-02", "Video played to 100%": 0.0, "Cost": 0.11, "Interaction Types": ["Clicks"], "Video played to 75%": 0.0, "Video played to 25%": 0.0, "Campaign state": "paused", "Avg. CPE": 0.0, "Account Name": "[paused] G1 - WPL - tvc360-3", "Impressions": 1}, {"View rate": 0.0, "Campaign": "Gen-term_2_MT-G-TT_game tr\u1ef1c tuy\u1ebfn hay-phr", "Unique cookies": "", "Dept": "WPL", "Bid Strategy Type": "cpc", "Views": 0, "Video played to 50%": 0.0, "CTR": 33.33, "Conversions": 1.0, "Account ID": "1124503774", "Clicks": 3, "Interaction Rate": 33.33, "Avg. position": 1.0, "Advertising Channel": "Search", "Advertising Sub Channel": "", "Campaign ID": 763982287, "Avg. CPV": 0.0, "Campaign serving status": "eligible", "Avg. CPM": 35.555556, "Invalid clicks": 2, "End date": "", "Avg. Cost": 0.106667, "Start date": "2017-02-27", "Mapping": false, "Engagements": 0, "Avg. CPC": 0.106667, "Interactions": 3, "Date": "2017-03-02", "Video played to 100%": 0.0, "Cost": 0.32, "Interaction Types": ["Clicks"], "Video played to 75%": 0.0, "Video played to 25%": 0.0, "Campaign state": "paused", "Avg. CPE": 0.0, "Account Name": "[paused] G1 - WPL - tvc360-3", "Impressions": 9}, {"View rate": 0.0, "Campaign": "Gen-term_2_FH-W-NEW_webgame m\u1edbi-bmm", "Unique cookies": "", "Dept": "WPL", "Bid Strategy Type": "cpc", "Views": 0, "Video played to 50%": 0.0, "CTR": 9.52, "Conversions": 1.0, "Account ID": "1124503774", "Clicks": 2, "Interaction Rate": 9.52, "Avg. position": 1.2, "Advertising Channel": "Search", "Advertising Sub Channel": "", "Campaign ID": 763983091, "Avg. CPV": 0.0, "Campaign serving status": "eligible", "Avg. CPM": 5.714286, "Invalid clicks": 0, "End date": "", "Avg. Cost": 0.06, "Start date": "2017-02-27", "Mapping": false, "Engagements": 0, "Avg. CPC": 0.06, "Interactions": 2, "Date": "2017-03-02", "Video played to 100%": 0.0, "Cost": 0.12, "Interaction Types": ["Clicks"], "Video played to 75%": 0.0, "Video played to 25%": 0.0, "Campaign state": "paused", "Avg. CPE": 0.0, "Account Name": "[paused] G1 - WPL - tvc360-3", "Impressions": 21}, {"View rate": 0.0, "Campaign": "Gen-term_2_FH-W-NEW_webgame m\u1edbi nh\u1ea5t-bmm", "Unique cookies": "", "Dept": "WPL", "Bid Strategy Type": "cpc", "Views": 0, "Video played to 50%": 0.0, "CTR": 20.0, "Conversions": 0.0, "Account ID": "1124503774", "Clicks": 1, "Interaction Rate": 20.0, "Avg. position": 1.8, "Advertising Channel": "Search", "Advertising Sub Channel": "", "Campaign ID": 763983094, "Avg. CPV": 0.0, "Campaign serving status": "eligible", "Avg. CPM": 26.0, "Invalid clicks": 0, "End date": "", "Avg. Cost": 0.13, "Start date": "2017-02-27", "Mapping": false, "Engagements": 0, "Avg. CPC": 0.13, "Interactions": 1, "Date": "2017-03-02", "Video played to 100%": 0.0, "Cost": 0.13, "Interaction Types": ["Clicks"], "Video played to 75%": 0.0, "Video played to 25%": 0.0, "Campaign state": "paused", "Avg. CPE": 0.0, "Account Name": "[paused] G1 - WPL - tvc360-3", "Impressions": 5}, {"View rate": 0.0, "Campaign": "Gen-term_2_FH-G-HAY_game hay-bmm", "Unique cookies": "", "Dept": "WPL", "Bid Strategy Type": "cpc", "Views": 0, "Video played to 50%": 0.0, "CTR": 5.45, "Conversions": 12.0, "Account ID": "1124503774", "Clicks": 102, "Interaction Rate": 5.45, "Avg. position": 2.4, "Advertising Channel": "Search", "Advertising Sub Channel": "", "Campaign ID": 764301549, "Avg. CPV": 0.0, "Campaign serving status": "eligible", "Avg. CPM": 7.411765, "Invalid clicks": 2, "End date": "", "Avg. Cost": 0.135882, "Start date": "2017-02-27", "Mapping": false, "Engagements": 0, "Avg. CPC": 0.135882, "Interactions": 102, "Date": "2017-03-02", "Video played to 100%": 0.0, "Cost": 13.86, "Interaction Types": ["Clicks"], "Video played to 75%": 0.0, "Video played to 25%": 0.0, "Campaign state": "paused", "Avg. CPE": 0.0, "Account Name": "[paused] G1 - WPL - tvc360-3", "Impressions": 1870}, {"View rate": 0.0, "Campaign": "Gen-term_2_FH-G-HAY_game hay nh\u1ea5t-bmm", "Unique cookies": "", "Dept": "WPL", "Bid Strategy Type": "cpc", "Views": 0, "Video played to 50%": 0.0, "CTR": 8.21, "Conversions": 2.0, "Account ID": "1124503774", "Clicks": 11, "Interaction Rate": 8.21, "Avg. position": 2.3, "Advertising Channel": "Search", "Advertising Sub Channel": "", "Campaign ID": 764301552, "Avg. CPV": 0.0, "Campaign serving status": "eligible", "Avg. CPM": 11.044776, "Invalid clicks": 1, "End date": "", "Avg. Cost": 0.134545, "Start date": "2017-02-27", "Mapping": false, "Engagements": 0, "Avg. CPC": 0.134545, "Interactions": 11, "Date": "2017-03-02", "Video played to 100%": 0.0, "Cost": 1.48, "Interaction Types": ["Clicks"], "Video played to 75%": 0.0, "Video played to 25%": 0.0, "Campaign state": "paused", "Avg. CPE": 0.0, "Account Name": "[paused] G1 - WPL - tvc360-3", "Impressions": 134}, {"View rate": 0.0, "Campaign": "Gen-term_2_FH-G-CT_game chi\u1ebfn thu\u1eadt-phr", "Unique cookies": "", "Dept": "WPL", "Bid Strategy Type": "cpc", "Views": 0, "Video played to 50%": 0.0, "CTR": 5.88, "Conversions": 0.0, "Account ID": "1124503774", "Clicks": 1, "Interaction Rate": 5.88, "Avg. position": 1.2, "Advertising Channel": "Search", "Advertising Sub Channel": "", "Campaign ID": 764305659, "Avg. CPV": 0.0, "Campaign serving status": "eligible", "Avg. CPM": 4.705882, "Invalid clicks": 0, "End date": "", "Avg. Cost": 0.08, "Start date": "2017-02-27", "Mapping": false, "Engagements": 0, "Avg. CPC": 0.08, "Interactions": 1, "Date": "2017-03-02", "Video played to 100%": 0.0, "Cost": 0.08, "Interaction Types": ["Clicks"], "Video played to 75%": 0.0, "Video played to 25%": 0.0, "Campaign state": "paused", "Avg. CPE": 0.0, "Account Name": "[paused] G1 - WPL - tvc360-3", "Impressions": 17}, {"View rate": 0.0, "Campaign": "Gen-term_2_FH-G-3Q_game tam quoc-phr", "Unique cookies": "", "Dept": "WPL", "Bid Strategy Type": "cpc", "Views": 0, "Video played to 50%": 0.0, "CTR": 8.7, "Conversions": 1.0, "Account ID": "1124503774", "Clicks": 2, "Interaction Rate": 8.7, "Avg. position": 2.3, "Advertising Channel": "Search", "Advertising Sub Channel": "", "Campaign ID": 764305800, "Avg. CPV": 0.0, "Campaign serving status": "eligible", "Avg. CPM": 12.608696, "Invalid clicks": 0, "End date": "", "Avg. Cost": 0.145, "Start date": "2017-02-27", "Mapping": false, "Engagements": 0, "Avg. CPC": 0.145, "Interactions": 2, "Date": "2017-03-02", "Video played to 100%": 0.0, "Cost": 0.29, "Interaction Types": ["Clicks"], "Video played to 75%": 0.0, "Video played to 25%": 0.0, "Campaign state": "paused", "Avg. CPE": 0.0, "Account Name": "[paused] G1 - WPL - tvc360-3", "Impressions": 23}, {"View rate": 0.0, "Campaign": "Gen-term_2_FH-G-3D_game 3d-ex", "Unique cookies": "", "Dept": "WPL", "Bid Strategy Type": "cpc", "Views": 0, "Video played to 50%": 0.0, "CTR": 33.33, "Conversions": 2.0, "Account ID": "1124503774", "Clicks": 5, "Interaction Rate": 33.33, "Avg. position": 1.7, "Advertising Channel": "Search", "Advertising Sub Channel": "", "Campaign ID": 764307072, "Avg. CPV": 0.0, "Campaign serving status": "eligible", "Avg. CPM": 37.333333, "Invalid clicks": 0, "End date": "", "Avg. Cost": 0.112, "Start date": "2017-02-27", "Mapping": false, "Engagements": 0, "Avg. CPC": 0.112, "Interactions": 5, "Date": "2017-03-02", "Video played to 100%": 0.0, "Cost": 0.56, "Interaction Types": ["Clicks"], "Video played to 75%": 0.0, "Video played to 25%": 0.0, "Campaign state": "paused", "Avg. CPE": 0.0, "Account Name": "[paused] G1 - WPL - tvc360-3", "Impressions": 15}, {"View rate": 0.0, "Campaign": "Gen-term_2_MT-G-GO_game online m\u1edbi-ex", "Unique cookies": "", "Dept": "WPL", "Bid Strategy Type": "cpc", "Views": 0, "Video played to 50%": 0.0, "CTR": 33.33, "Conversions": 1.0, "Account ID": "1124503774", "Clicks": 3, "Interaction Rate": 33.33, "Avg. position": 1.4, "Advertising Channel": "Search", "Advertising Sub Channel": "", "Campaign ID": 764309007, "Avg. CPV": 0.0, "Campaign serving status": "eligible", "Avg. CPM": 54.444444, "Invalid clicks": 0, "End date": "", "Avg. Cost": 0.163333, "Start date": "2017-02-27", "Mapping": false, "Engagements": 0, "Avg. CPC": 0.163333, "Interactions": 3, "Date": "2017-03-02", "Video played to 100%": 0.0, "Cost": 0.49, "Interaction Types": ["Clicks"], "Video played to 75%": 0.0, "Video played to 25%": 0.0, "Campaign state": "paused", "Avg. CPE": 0.0, "Account Name": "[paused] G1 - WPL - tvc360-3", "Impressions": 9}, {"View rate": 0.0, "Campaign": "Gen-term_2_FH-W-W_webgame-bmm", "Unique cookies": "", "Dept": "WPL", "Bid Strategy Type": "cpc", "Views": 0, "Video played to 50%": 0.0, "CTR": 11.38, "Conversions": 13.0, "Account ID": "1124503774", "Clicks": 51, "Interaction Rate": 11.38, "Avg. position": 1.6, "Advertising Channel": "Search", "Advertising Sub Channel": "", "Campaign ID": 764301582, "Avg. CPV": 0.0, "Campaign serving status": "eligible", "Avg. CPM": 8.660714, "Invalid clicks": 0, "End date": "", "Avg. Cost": 0.076078, "Start date": "2017-02-27", "Mapping": false, "Engagements": 0, "Avg. CPC": 0.076078, "Interactions": 51, "Date": "2017-03-02", "Video played to 100%": 0.0, "Cost": 3.88, "Interaction Types": ["Clicks"], "Video played to 75%": 0.0, "Video played to 25%": 0.0, "Campaign state": "paused", "Avg. CPE": 0.0, "Account Name": "[paused] G1 - WPL - tvc360-3", "Impressions": 448}, {"View rate": 0.0, "Campaign": "Gen-term_2_MT-G-3D_game 3d online-ex", "Unique cookies": "", "Dept": "WPL", "Bid Strategy Type": "cpc", "Views": 0, "Video played to 50%": 0.0, "CTR": 25.0, "Conversions": 0.0, "Account ID": "1124503774", "Clicks": 1, "Interaction Rate": 25.0, "Avg. position": 1.3, "Advertising Channel": "Search", "Advertising Sub Channel": "", "Campaign ID": 764278706, "Avg. CPV": 0.0, "Campaign serving status": "eligible", "Avg. CPM": 37.5, "Invalid clicks": 0, "End date": "", "Avg. Cost": 0.15, "Start date": "2017-02-27", "Mapping": false, "Engagements": 0, "Avg. CPC": 0.15, "Interactions": 1, "Date": "2017-03-02", "Video played to 100%": 0.0, "Cost": 0.15, "Interaction Types": ["Clicks"], "Video played to 75%": 0.0, "Video played to 25%": 0.0, "Campaign state": "paused", "Avg. CPE": 0.0, "Account Name": "[paused] G1 - WPL - tvc360-3", "Impressions": 4}, {"View rate": 0.0, "Campaign": "Gen-term_2_FH-G-HAY_game hay nhat-bmm", "Unique cookies": "", "Dept": "WPL", "Bid Strategy Type": "cpc", "Views": 0, "Video played to 50%": 0.0, "CTR": 26.23, "Conversions": 7.0, "Account ID": "1124503774", "Clicks": 16, "Interaction Rate": 26.23, "Avg. position": 1.7, "Advertising Channel": "Search", "Advertising Sub Channel": "", "Campaign ID": 764301555, "Avg. CPV": 0.0, "Campaign serving status": "eligible", "Avg. CPM": 33.114754, "Invalid clicks": 0, "End date": "", "Avg. Cost": 0.12625, "Start date": "2017-02-27", "Mapping": false, "Engagements": 0, "Avg. CPC": 0.12625, "Interactions": 16, "Date": "2017-03-02", "Video played to 100%": 0.0, "Cost": 2.02, "Interaction Types": ["Clicks"], "Video played to 75%": 0.0, "Video played to 25%": 0.0, "Campaign state": "paused", "Avg. CPE": 0.0, "Account Name": "[paused] G1 - WPL - tvc360-3", "Impressions": 61}, {"View rate": 0.0, "Campaign": "Gen-term_2_FH-G-KH_game kiem hiep-phr", "Unique cookies": "", "Dept": "WPL", "Bid Strategy Type": "cpc", "Views": 0, "Video played to 50%": 0.0, "CTR": 40.0, "Conversions": 3.0, "Account ID": "1124503774", "Clicks": 4, "Interaction Rate": 40.0, "Avg. position": 1.0, "Advertising Channel": "Search", "Advertising Sub Channel": "", "Campaign ID": 764305809, "Avg. CPV": 0.0, "Campaign serving status": "eligible", "Avg. CPM": 44.0, "Invalid clicks": 0, "End date": "", "Avg. Cost": 0.11, "Start date": "2017-02-27", "Mapping": false, "Engagements": 0, "Avg. CPC": 0.11, "Interactions": 4, "Date": "2017-03-02", "Video played to 100%": 0.0, "Cost": 0.44, "Interaction Types": ["Clicks"], "Video played to 75%": 0.0, "Video played to 25%": 0.0, "Campaign state": "paused", "Avg. CPE": 0.0, "Account Name": "[paused] G1 - WPL - tvc360-3", "Impressions": 10}, {"View rate": 0.0, "Campaign": "Gen-term_2_FH-G-TH_game ti\u00ean hi\u1ec7p-phr", "Unique cookies": "", "Dept": "WPL", "Bid Strategy Type": "cpc", "Views": 0, "Video played to 50%": 0.0, "CTR": 25.0, "Conversions": 1.0, "Account ID": "1124503774", "Clicks": 4, "Interaction Rate": 25.0, "Avg. position": 1.1, "Advertising Channel": "Search", "Advertising Sub Channel": "", "Campaign ID": 764305812, "Avg. CPV": 0.0, "Campaign serving status": "eligible", "Avg. CPM": 22.5, "Invalid clicks": 1, "End date": "", "Avg. Cost": 0.09, "Start date": "2017-02-27", "Mapping": false, "Engagements": 0, "Avg. CPC": 0.09, "Interactions": 4, "Date": "2017-03-02", "Video played to 100%": 0.0, "Cost": 0.36, "Interaction Types": ["Clicks"], "Video played to 75%": 0.0, "Video played to 25%": 0.0, "Campaign state": "paused", "Avg. CPE": 0.0, "Account Name": "[paused] G1 - WPL - tvc360-3", "Impressions": 16}, {"View rate": 0.0, "Campaign": "Gen-term_2_FH-G-GVL_game vo lam-phr", "Unique cookies": "", "Dept": "WPL", "Bid Strategy Type": "cpc", "Views": 0, "Video played to 50%": 0.0, "CTR": 52.94, "Conversions": 8.0, "Account ID": "1124503774", "Clicks": 9, "Interaction Rate": 52.94, "Avg. position": 1.2, "Advertising Channel": "Search", "Advertising Sub Channel": "", "Campaign ID": 764305821, "Avg. CPV": 0.0, "Campaign serving status": "eligible", "Avg. CPM": 78.823529, "Invalid clicks": 0, "End date": "", "Avg. Cost": 0.148889, "Start date": "2017-02-27", "Mapping": false, "Engagements": 0, "Avg. CPC": 0.148889, "Interactions": 9, "Date": "2017-03-02", "Video played to 100%": 0.0, "Cost": 1.34, "Interaction Types": ["Clicks"], "Video played to 75%": 0.0, "Video played to 25%": 0.0, "Campaign state": "paused", "Avg. CPE": 0.0, "Account Name": "[paused] G1 - WPL - tvc360-3", "Impressions": 17}, {"View rate": 0.0, "Campaign": "Gen-term_2_FH-G-NV_game nh\u1eadp vai-ex", "Unique cookies": "", "Dept": "WPL", "Bid Strategy Type": "cpc", "Views": 0, "Video played to 50%": 0.0, "CTR": 23.81, "Conversions": 1.0, "Account ID": "1124503774", "Clicks": 5, "Interaction Rate": 23.81, "Avg. position": 1.0, "Advertising Channel": "Search", "Advertising Sub Channel": "", "Campaign ID": 764306871, "Avg. CPV": 0.0, "Campaign serving status": "eligible", "Avg. CPM": 24.285714, "Invalid clicks": 0, "End date": "", "Avg. Cost": 0.102, "Start date": "2017-02-27", "Mapping": false, "Engagements": 0, "Avg. CPC": 0.102, "Interactions": 5, "Date": "2017-03-02", "Video played to 100%": 0.0, "Cost": 0.51, "Interaction Types": ["Clicks"], "Video played to 75%": 0.0, "Video played to 25%": 0.0, "Campaign state": "paused", "Avg. CPE": 0.0, "Account Name": "[paused] G1 - WPL - tvc360-3", "Impressions": 21}, {"View rate": 0.0, "Campaign": "Gen-term_2_FH-G-NV_game nhap vai-ex", "Unique cookies": "", "Dept": "WPL", "Bid Strategy Type": "cpc", "Views": 0, "Video played to 50%": 0.0, "CTR": 30.84, "Conversions": 18.0, "Account ID": "1124503774", "Clicks": 33, "Interaction Rate": 30.84, "Avg. position": 1.1, "Advertising Channel": "Search", "Advertising Sub Channel": "", "Campaign ID": 764306874, "Avg. CPV": 0.0, "Campaign serving status": "eligible", "Avg. CPM": 34.018692, "Invalid clicks": 0, "End date": "", "Avg. Cost": 0.110303, "Start date": "2017-02-27", "Mapping": false, "Engagements": 0, "Avg. CPC": 0.110303, "Interactions": 33, "Date": "2017-03-02", "Video played to 100%": 0.0, "Cost": 3.64, "Interaction Types": ["Clicks"], "Video played to 75%": 0.0, "Video played to 25%": 0.0, "Campaign state": "paused", "Avg. CPE": 0.0, "Account Name": "[paused] G1 - WPL - tvc360-3", "Impressions": 107}, {"View rate": 0.0, "Campaign": "Gen-term_2_FH-G-TH_game tien hiep-ex", "Unique cookies": "", "Dept": "WPL", "Bid Strategy Type": "cpc", "Views": 0, "Video played to 50%": 0.0, "CTR": 100.0, "Conversions": 0.0, "Account ID": "1124503774", "Clicks": 1, "Interaction Rate": 100.0, "Avg. position": 1.0, "Advertising Channel": "Search", "Advertising Sub Channel": "", "Campaign ID": 764307033, "Avg. CPV": 0.0, "Campaign serving status": "eligible", "Avg. CPM": 90.0, "Invalid clicks": 0, "End date": "", "Avg. Cost": 0.09, "Start date": "2017-02-27", "Mapping": false, "Engagements": 0, "Avg. CPC": 0.09, "Interactions": 1, "Date": "2017-03-02", "Video played to 100%": 0.0, "Cost": 0.09, "Interaction Types": ["Clicks"], "Video played to 75%": 0.0, "Video played to 25%": 0.0, "Campaign state": "paused", "Avg. CPE": 0.0, "Account Name": "[paused] G1 - WPL - tvc360-3", "Impressions": 1}, {"View rate": 0.0, "Campaign": "Gen-term_2_FH-G-MT_game may tinh-ex", "Unique cookies": "", "Dept": "WPL", "Bid Strategy Type": "cpc", "Views": 0, "Video played to 50%": 0.0, "CTR": 100.0, "Conversions": 0.0, "Account ID": "1124503774", "Clicks": 2, "Interaction Rate": 100.0, "Avg. position": 1.0, "Advertising Channel": "Search", "Advertising Sub Channel": "", "Campaign ID": 764307060, "Avg. CPV": 0.0, "Campaign serving status": "eligible", "Avg. CPM": 95.0, "Invalid clicks": 0, "End date": "", "Avg. Cost": 0.095, "Start date": "2017-02-27", "Mapping": false, "Engagements": 0, "Avg. CPC": 0.095, "Interactions": 2, "Date": "2017-03-02", "Video played to 100%": 0.0, "Cost": 0.19, "Interaction Types": ["Clicks"], "Video played to 75%": 0.0, "Video played to 25%": 0.0, "Campaign state": "paused", "Avg. CPE": 0.0, "Account Name": "[paused] G1 - WPL - tvc360-3", "Impressions": 2}, {"View rate": 0.0, "Campaign": "Gen-term_2_MT-W-3D_webgame 3d hay nhat-ex", "Unique cookies": "", "Dept": "WPL", "Bid Strategy Type": "cpc", "Views": 0, "Video played to 50%": 0.0, "CTR": 100.0, "Conversions": 0.0, "Account ID": "1124503774", "Clicks": 1, "Interaction Rate": 100.0, "Avg. position": 1.0, "Advertising Channel": "Search", "Advertising Sub Channel": "", "Campaign ID": 764279483, "Avg. CPV": 0.0, "Campaign serving status": "eligible", "Avg. CPM": 60.0, "Invalid clicks": 0, "End date": "", "Avg. Cost": 0.06, "Start date": "2017-02-27", "Mapping": false, "Engagements": 0, "Avg. CPC": 0.06, "Interactions": 1, "Date": "2017-03-02", "Video played to 100%": 0.0, "Cost": 0.06, "Interaction Types": ["Clicks"], "Video played to 75%": 0.0, "Video played to 25%": 0.0, "Campaign state": "paused", "Avg. CPE": 0.0, "Account Name": "[paused] G1 - WPL - tvc360-3", "Impressions": 1}, {"View rate": 0.0, "Campaign": "Gen-term_2_FH-G-NEW_game m\u1edbi nh\u1ea5t-bmm", "Unique cookies": "", "Dept": "WPL", "Bid Strategy Type": "cpc", "Views": 0, "Video played to 50%": 0.0, "CTR": 18.18, "Conversions": 0.0, "Account ID": "1124503774", "Clicks": 6, "Interaction Rate": 18.18, "Avg. position": 1.4, "Advertising Channel": "Search", "Advertising Sub Channel": "", "Campaign ID": 764301543, "Avg. CPV": 0.0, "Campaign serving status": "eligible", "Avg. CPM": 22.424242, "Invalid clicks": 0, "End date": "", "Avg. Cost": 0.123333, "Start date": "2017-02-27", "Mapping": false, "Engagements": 0, "Avg. CPC": 0.123333, "Interactions": 6, "Date": "2017-03-02", "Video played to 100%": 0.0, "Cost": 0.74, "Interaction Types": ["Clicks"], "Video played to 75%": 0.0, "Video played to 25%": 0.0, "Campaign state": "paused", "Avg. CPE": 0.0, "Account Name": "[paused] G1 - WPL - tvc360-3", "Impressions": 33}, {"View rate": 0.0, "Campaign": "Gen-term_2_FH-G-NEW_game moi nhat-bmm", "Unique cookies": "", "Dept": "WPL", "Bid Strategy Type": "cpc", "Views": 0, "Video played to 50%": 0.0, "CTR": 40.0, "Conversions": 0.0, "Account ID": "1124503774", "Clicks": 6, "Interaction Rate": 40.0, "Avg. position": 1.5, "Advertising Channel": "Search", "Advertising Sub Channel": "", "Campaign ID": 764301546, "Avg. CPV": 0.0, "Campaign serving status": "eligible", "Avg. CPM": 49.333333, "Invalid clicks": 0, "End date": "", "Avg. Cost": 0.123333, "Start date": "2017-02-27", "Mapping": false, "Engagements": 0, "Avg. CPC": 0.123333, "Interactions": 6, "Date": "2017-03-02", "Video played to 100%": 0.0, "Cost": 0.74, "Interaction Types": ["Clicks"], "Video played to 75%": 0.0, "Video played to 25%": 0.0, "Campaign state": "paused", "Avg. CPE": 0.0, "Account Name": "[paused] G1 - WPL - tvc360-3", "Impressions": 15}, {"View rate": 0.0, "Campaign": "Gen-term_2_FH-W-3D_webgame 3d-ex", "Unique cookies": "", "Dept": "WPL", "Bid Strategy Type": "cpc", "Views": 0, "Video played to 50%": 0.0, "CTR": 17.65, "Conversions": 3.0, "Account ID": "1124503774", "Clicks": 3, "Interaction Rate": 17.65, "Avg. position": 1.0, "Advertising Channel": "Search", "Advertising Sub Channel": "", "Campaign ID": 764303718, "Avg. CPV": 0.0, "Campaign serving status": "eligible", "Avg. CPM": 10.588235, "Invalid clicks": 0, "End date": "", "Avg. Cost": 0.06, "Start date": "2017-02-27", "Mapping": false, "Engagements": 0, "Avg. CPC": 0.06, "Interactions": 3, "Date": "2017-03-02", "Video played to 100%": 0.0, "Cost": 0.18, "Interaction Types": ["Clicks"], "Video played to 75%": 0.0, "Video played to 25%": 0.0, "Campaign state": "paused", "Avg. CPE": 0.0, "Account Name": "[paused] G1 - WPL - tvc360-3", "Impressions": 17}, {"View rate": 0.0, "Campaign": "Gen-term_2_FH-G-NV_game nh\u1eadp vai-phr", "Unique cookies": "", "Dept": "WPL", "Bid Strategy Type": "cpc", "Views": 0, "Video played to 50%": 0.0, "CTR": 17.31, "Conversions": 2.0, "Account ID": "1124503774", "Clicks": 9, "Interaction Rate": 17.31, "Avg. position": 1.3, "Advertising Channel": "Search", "Advertising Sub Channel": "", "Campaign ID": 764305653, "Avg. CPV": 0.0, "Campaign serving status": "eligible", "Avg. CPM": 20.192308, "Invalid clicks": 0, "End date": "", "Avg. Cost": 0.116667, "Start date": "2017-02-27", "Mapping": false, "Engagements": 0, "Avg. CPC": 0.116667, "Interactions": 9, "Date": "2017-03-02", "Video played to 100%": 0.0, "Cost": 1.05, "Interaction Types": ["Clicks"], "Video played to 75%": 0.0, "Video played to 25%": 0.0, "Campaign state": "paused", "Avg. CPE": 0.0, "Account Name": "[paused] G1 - WPL - tvc360-3", "Impressions": 52}, {"View rate": 0.0, "Campaign": "Gen-term_2_FH-G-CT_game chien thuat-ex", "Unique cookies": "", "Dept": "WPL", "Bid Strategy Type": "cpc", "Views": 0, "Video played to 50%": 0.0, "CTR": 25.0, "Conversions": 0.0, "Account ID": "1124503774", "Clicks": 1, "Interaction Rate": 25.0, "Avg. position": 1.3, "Advertising Channel": "Search", "Advertising Sub Channel": "", "Campaign ID": 764307000, "Avg. CPV": 0.0, "Campaign serving status": "eligible", "Avg. CPM": 45.0, "Invalid clicks": 0, "End date": "", "Avg. Cost": 0.18, "Start date": "2017-02-27", "Mapping": false, "Engagements": 0, "Avg. CPC": 0.18, "Interactions": 1, "Date": "2017-03-02", "Video played to 100%": 0.0, "Cost": 0.18, "Interaction Types": ["Clicks"], "Video played to 75%": 0.0, "Video played to 25%": 0.0, "Campaign state": "paused", "Avg. CPE": 0.0, "Account Name": "[paused] G1 - WPL - tvc360-3", "Impressions": 4}, {"View rate": 0.0, "Campaign": "Gen-term_2_FH-G-GVL_game v\u00f5 l\u00e2m-ex", "Unique cookies": "", "Dept": "WPL", "Bid Strategy Type": "cpc", "Views": 0, "Video played to 50%": 0.0, "CTR": 100.0, "Conversions": 1.0, "Account ID": "1124503774", "Clicks": 1, "Interaction Rate": 100.0, "Avg. position": 1.0, "Advertising Channel": "Search", "Advertising Sub Channel": "", "Campaign ID": 764307036, "Avg. CPV": 0.0, "Campaign serving status": "eligible", "Avg. CPM": 150.0, "Invalid clicks": 0, "End date": "", "Avg. Cost": 0.15, "Start date": "2017-02-27", "Mapping": false, "Engagements": 0, "Avg. CPC": 0.15, "Interactions": 1, "Date": "2017-03-02", "Video played to 100%": 0.0, "Cost": 0.15, "Interaction Types": ["Clicks"], "Video played to 75%": 0.0, "Video played to 25%": 0.0, "Campaign state": "paused", "Avg. CPE": 0.0, "Account Name": "[paused] G1 - WPL - tvc360-3", "Impressions": 1}, {"View rate": 0.0, "Campaign": "Gen-term_2_MT-G-GO_game online m\u1edbi nh\u1ea5t-ex", "Unique cookies": "", "Dept": "WPL", "Bid Strategy Type": "cpc", "Views": 0, "Video played to 50%": 0.0, "CTR": 33.33, "Conversions": 0.0, "Account ID": "1124503774", "Clicks": 1, "Interaction Rate": 33.33, "Avg. position": 1.0, "Advertising Channel": "Search", "Advertising Sub Channel": "", "Campaign ID": 764309010, "Avg. CPV": 0.0, "Campaign serving status": "eligible", "Avg. CPM": 50.0, "Invalid clicks": 0, "End date": "", "Avg. Cost": 0.15, "Start date": "2017-02-27", "Mapping": false, "Engagements": 0, "Avg. CPC": 0.15, "Interactions": 1, "Date": "2017-03-02", "Video played to 100%": 0.0, "Cost": 0.15, "Interaction Types": ["Clicks"], "Video played to 75%": 0.0, "Video played to 25%": 0.0, "Campaign state": "paused", "Avg. CPE": 0.0, "Account Name": "[paused] G1 - WPL - tvc360-3", "Impressions": 3}, {"View rate": 0.0, "Campaign": "Gen-term_2_FH-G-3Q_game 3q-phr", "Unique cookies": "", "Dept": "WPL", "Bid Strategy Type": "cpc", "Views": 0, "Video played to 50%": 0.0, "CTR": 12.5, "Conversions": 0.0, "Account ID": "1124503774", "Clicks": 2, "Interaction Rate": 12.5, "Avg. position": 1.3, "Advertising Channel": "Search", "Advertising Sub Channel": "", "Campaign ID": 764305803, "Avg. CPV": 0.0, "Campaign serving status": "eligible", "Avg. CPM": 15.0, "Invalid clicks": 0, "End date": "", "Avg. Cost": 0.12, "Start date": "2017-02-27", "Mapping": false, "Engagements": 0, "Avg. CPC": 0.12, "Interactions": 2, "Date": "2017-03-02", "Video played to 100%": 0.0, "Cost": 0.24, "Interaction Types": ["Clicks"], "Video played to 75%": 0.0, "Video played to 25%": 0.0, "Campaign state": "paused", "Avg. CPE": 0.0, "Account Name": "[paused] G1 - WPL - tvc360-3", "Impressions": 16}, {"View rate": 0.0, "Campaign": "Gen-term_2_FH-G-TT_game tr\u1ef1c tuy\u1ebfn-ex", "Unique cookies": "", "Dept": "WPL", "Bid Strategy Type": "cpc", "Views": 0, "Video played to 50%": 0.0, "CTR": 50.0, "Conversions": 0.0, "Account ID": "1124503774", "Clicks": 1, "Interaction Rate": 50.0, "Avg. position": 1.0, "Advertising Channel": "Search", "Advertising Sub Channel": "", "Campaign ID": 764307063, "Avg. CPV": 0.0, "Campaign serving status": "eligible", "Avg. CPM": 60.0, "Invalid clicks": 0, "End date": "", "Avg. Cost": 0.12, "Start date": "2017-02-27", "Mapping": false, "Engagements": 0, "Avg. CPC": 0.12, "Interactions": 1, "Date": "2017-03-02", "Video played to 100%": 0.0, "Cost": 0.12, "Interaction Types": ["Clicks"], "Video played to 75%": 0.0, "Video played to 25%": 0.0, "Campaign state": "paused", "Avg. CPE": 0.0, "Account Name": "[paused] G1 - WPL - tvc360-3", "Impressions": 2}, {"View rate": 0.0, "Campaign": "Gen-term_2_FH-G-NEW_game m\u1edbi-ex", "Unique cookies": "", "Dept": "WPL", "Bid Strategy Type": "cpc", "Views": 0, "Video played to 50%": 0.0, "CTR": 28.57, "Conversions": 2.0, "Account ID": "1124503774", "Clicks": 4, "Interaction Rate": 28.57, "Avg. position": 1.1, "Advertising Channel": "Search", "Advertising Sub Channel": "", "Campaign ID": 764307081, "Avg. CPV": 0.0, "Campaign serving status": "eligible", "Avg. CPM": 33.571429, "Invalid clicks": 0, "End date": "", "Avg. Cost": 0.1175, "Start date": "2017-02-27", "Mapping": false, "Engagements": 0, "Avg. CPC": 0.1175, "Interactions": 4, "Date": "2017-03-02", "Video played to 100%": 0.0, "Cost": 0.47, "Interaction Types": ["Clicks"], "Video played to 75%": 0.0, "Video played to 25%": 0.0, "Campaign state": "paused", "Avg. CPE": 0.0, "Account Name": "[paused] G1 - WPL - tvc360-3", "Impressions": 14}, {"View rate": 0.0, "Campaign": "Gen-term_2_FH-GTT-BM-MOR", "Unique cookies": "", "Dept": "WPL", "Bid Strategy Type": "cpc", "Views": 0, "Video played to 50%": 0.0, "CTR": 23.11, "Conversions": 30.0, "Account ID": "1124503774", "Clicks": 107, "Interaction Rate": 23.11, "Avg. position": 1.6, "Advertising Channel": "Search", "Advertising Sub Channel": "", "Campaign ID": 764277248, "Avg. CPV": 0.0, "Campaign serving status": "eligible", "Avg. CPM": 29.676026, "Invalid clicks": 2, "End date": "", "Avg. Cost": 0.128411, "Start date": "2017-02-27", "Mapping": false, "Engagements": 0, "Avg. CPC": 0.128411, "Interactions": 107, "Date": "2017-03-02", "Video played to 100%": 0.0, "Cost": 13.74, "Interaction Types": ["Clicks"], "Video played to 75%": 0.0, "Video played to 25%": 0.0, "Campaign state": "paused", "Avg. CPE": 0.0, "Account Name": "[paused] G1 - WPL - tvc360-3", "Impressions": 463}, {"View rate": 0.0, "Campaign": "Gen-term_2_FH-G-NV_game nhap vai-phr", "Unique cookies": "", "Dept": "WPL", "Bid Strategy Type": "cpc", "Views": 0, "Video played to 50%": 0.0, "CTR": 28.95, "Conversions": 16.0, "Account ID": "1124503774", "Clicks": 44, "Interaction Rate": 28.95, "Avg. position": 1.1, "Advertising Channel": "Search", "Advertising Sub Channel": "", "Campaign ID": 764305656, "Avg. CPV": 0.0, "Campaign serving status": "eligible", "Avg. CPM": 34.407895, "Invalid clicks": 2, "End date": "", "Avg. Cost": 0.118864, "Start date": "2017-02-27", "Mapping": false, "Engagements": 0, "Avg. CPC": 0.118864, "Interactions": 44, "Date": "2017-03-02", "Video played to 100%": 0.0, "Cost": 5.23, "Interaction Types": ["Clicks"], "Video played to 75%": 0.0, "Video played to 25%": 0.0, "Campaign state": "paused", "Avg. CPE": 0.0, "Account Name": "[paused] G1 - WPL - tvc360-3", "Impressions": 152}, {"View rate": 0.0, "Campaign": "Gen-term_2_MT-G-NV_game nh\u1eadp vai online-ex", "Unique cookies": "", "Dept": "WPL", "Bid Strategy Type": "cpc", "Views": 0, "Video played to 50%": 0.0, "CTR": 18.18, "Conversions": 1.0, "Account ID": "1124503774", "Clicks": 2, "Interaction Rate": 18.18, "Avg. position": 1.2, "Advertising Channel": "Search", "Advertising Sub Channel": "", "Campaign ID": 764307090, "Avg. CPV": 0.0, "Campaign serving status": "eligible", "Avg. CPM": 22.727273, "Invalid clicks": 0, "End date": "", "Avg. Cost": 0.125, "Start date": "2017-02-27", "Mapping": false, "Engagements": 0, "Avg. CPC": 0.125, "Interactions": 2, "Date": "2017-03-02", "Video played to 100%": 0.0, "Cost": 0.25, "Interaction Types": ["Clicks"], "Video played to 75%": 0.0, "Video played to 25%": 0.0, "Campaign state": "paused", "Avg. CPE": 0.0, "Account Name": "[paused] G1 - WPL - tvc360-3", "Impressions": 11}, {"View rate": 0.0, "Campaign": "Gen-term_2_MT-G-NV_game nh\u1eadp vai hay nhat-ex", "Unique cookies": "", "Dept": "WPL", "Bid Strategy Type": "cpc", "Views": 0, "Video played to 50%": 0.0, "CTR": 100.0, "Conversions": 0.0, "Account ID": "1124503774", "Clicks": 1, "Interaction Rate": 100.0, "Avg. position": 1.0, "Advertising Channel": "Search", "Advertising Sub Channel": "", "Campaign ID": 764307255, "Avg. CPV": 0.0, "Campaign serving status": "eligible", "Avg. CPM": 180.0, "Invalid clicks": 0, "End date": "", "Avg. Cost": 0.18, "Start date": "2017-02-27", "Mapping": false, "Engagements": 0, "Avg. CPC": 0.18, "Interactions": 1, "Date": "2017-03-02", "Video played to 100%": 0.0, "Cost": 0.18, "Interaction Types": ["Clicks"], "Video played to 75%": 0.0, "Video played to 25%": 0.0, "Campaign state": "paused", "Avg. CPE": 0.0, "Account Name": "[paused] G1 - WPL - tvc360-3", "Impressions": 1}, {"View rate": 0.0, "Campaign": "Gen-term_2_MT-GO-Phrase-MOR", "Unique cookies": "", "Dept": "WPL", "Bid Strategy Type": "cpc", "Views": 0, "Video played to 50%": 0.0, "CTR": 42.86, "Conversions": 1.0, "Account ID": "1124503774", "Clicks": 3, "Interaction Rate": 42.86, "Avg. position": 1.0, "Advertising Channel": "Search", "Advertising Sub Channel": "", "Campaign ID": 764277113, "Avg. CPV": 0.0, "Campaign serving status": "eligible", "Avg. CPM": 54.285714, "Invalid clicks": 0, "End date": "", "Avg. Cost": 0.126667, "Start date": "2017-02-27", "Mapping": false, "Engagements": 0, "Avg. CPC": 0.126667, "Interactions": 3, "Date": "2017-03-02", "Video played to 100%": 0.0, "Cost": 0.38, "Interaction Types": ["Clicks"], "Video played to 75%": 0.0, "Video played to 25%": 0.0, "Campaign state": "paused", "Avg. CPE": 0.0, "Account Name": "[paused] G1 - WPL - tvc360-3", "Impressions": 7}, {"View rate": 0.0, "Campaign": "Gen-term_2_FH-GPC-BM-MOR", "Unique cookies": "", "Dept": "WPL", "Bid Strategy Type": "cpc", "Views": 0, "Video played to 50%": 0.0, "CTR": 18.39, "Conversions": 3.0, "Account ID": "1124503774", "Clicks": 16, "Interaction Rate": 18.39, "Avg. position": 1.1, "Advertising Channel": "Search", "Advertising Sub Channel": "", "Campaign ID": 764277290, "Avg. CPV": 0.0, "Campaign serving status": "eligible", "Avg. CPM": 26.551724, "Invalid clicks": 1, "End date": "", "Avg. Cost": 0.144375, "Start date": "2017-02-27", "Mapping": false, "Engagements": 0, "Avg. CPC": 0.144375, "Interactions": 16, "Date": "2017-03-02", "Video played to 100%": 0.0, "Cost": 2.31, "Interaction Types": ["Clicks"], "Video played to 75%": 0.0, "Video played to 25%": 0.0, "Campaign state": "paused", "Avg. CPE": 0.0, "Account Name": "[paused] G1 - WPL - tvc360-3", "Impressions": 87}, {"View rate": 0.0, "Campaign": "Gen-term_2_FH-W-GO_webgame online-ex", "Unique cookies": "", "Dept": "WPL", "Bid Strategy Type": "cpc", "Views": 0, "Video played to 50%": 0.0, "CTR": 40.0, "Conversions": 1.0, "Account ID": "1124503774", "Clicks": 2, "Interaction Rate": 40.0, "Avg. position": 1.4, "Advertising Channel": "Search", "Advertising Sub Channel": "", "Campaign ID": 764303697, "Avg. CPV": 0.0, "Campaign serving status": "eligible", "Avg. CPM": 36.0, "Invalid clicks": 0, "End date": "", "Avg. Cost": 0.09, "Start date": "2017-02-27", "Mapping": false, "Engagements": 0, "Avg. CPC": 0.09, "Interactions": 2, "Date": "2017-03-02", "Video played to 100%": 0.0, "Cost": 0.18, "Interaction Types": ["Clicks"], "Video played to 75%": 0.0, "Video played to 25%": 0.0, "Campaign state": "paused", "Avg. CPE": 0.0, "Account Name": "[paused] G1 - WPL - tvc360-3", "Impressions": 5}, {"View rate": 0.0, "Campaign": "Gen-term_2_FH-W-NEW_webgame m\u1edbi-ex", "Unique cookies": "", "Dept": "WPL", "Bid Strategy Type": "cpc", "Views": 0, "Video played to 50%": 0.0, "CTR": 16.67, "Conversions": 1.0, "Account ID": "1124503774", "Clicks": 3, "Interaction Rate": 16.67, "Avg. position": 1.1, "Advertising Channel": "Search", "Advertising Sub Channel": "", "Campaign ID": 764303727, "Avg. CPV": 0.0, "Campaign serving status": "eligible", "Avg. CPM": 19.444444, "Invalid clicks": 0, "End date": "", "Avg. Cost": 0.116667, "Start date": "2017-02-27", "Mapping": false, "Engagements": 0, "Avg. CPC": 0.116667, "Interactions": 3, "Date": "2017-03-02", "Video played to 100%": 0.0, "Cost": 0.35, "Interaction Types": ["Clicks"], "Video played to 75%": 0.0, "Video played to 25%": 0.0, "Campaign state": "paused", "Avg. CPE": 0.0, "Account Name": "[paused] G1 - WPL - tvc360-3", "Impressions": 18}, {"View rate": 0.0, "Campaign": "Gen-term_2_FH-W-NEW_webgame moi nhat-ex", "Unique cookies": "", "Dept": "WPL", "Bid Strategy Type": "cpc", "Views": 0, "Video played to 50%": 0.0, "CTR": 100.0, "Conversions": 0.0, "Account ID": "1124503774", "Clicks": 1, "Interaction Rate": 100.0, "Avg. position": 1.0, "Advertising Channel": "Search", "Advertising Sub Channel": "", "Campaign ID": 764303733, "Avg. CPV": 0.0, "Campaign serving status": "eligible", "Avg. CPM": 120.0, "Invalid clicks": 0, "End date": "", "Avg. Cost": 0.12, "Start date": "2017-02-27", "Mapping": false, "Engagements": 0, "Avg. CPC": 0.12, "Interactions": 1, "Date": "2017-03-02", "Video played to 100%": 0.0, "Cost": 0.12, "Interaction Types": ["Clicks"], "Video played to 75%": 0.0, "Video played to 25%": 0.0, "Campaign state": "paused", "Avg. CPE": 0.0, "Account Name": "[paused] G1 - WPL - tvc360-3", "Impressions": 1}, {"View rate": 0.0, "Campaign": "Gen-term_2_MT-G-CT_game chi\u1ebfn thu\u1eadt 3d-ex", "Unique cookies": "", "Dept": "WPL", "Bid Strategy Type": "cpc", "Views": 0, "Video played to 50%": 0.0, "CTR": 50.0, "Conversions": 0.0, "Account ID": "1124503774", "Clicks": 1, "Interaction Rate": 50.0, "Avg. position": 1.0, "Advertising Channel": "Search", "Advertising Sub Channel": "", "Campaign ID": 764307519, "Avg. CPV": 0.0, "Campaign serving status": "eligible", "Avg. CPM": 40.0, "Invalid clicks": 0, "End date": "", "Avg. Cost": 0.08, "Start date": "2017-02-27", "Mapping": false, "Engagements": 0, "Avg. CPC": 0.08, "Interactions": 1, "Date": "2017-03-02", "Video played to 100%": 0.0, "Cost": 0.08, "Interaction Types": ["Clicks"], "Video played to 75%": 0.0, "Video played to 25%": 0.0, "Campaign state": "paused", "Avg. CPE": 0.0, "Account Name": "[paused] G1 - WPL - tvc360-3", "Impressions": 2}, {"View rate": 0.0, "Campaign": "Gen-term_2_MT-G-GO_game online hay-ex", "Unique cookies": "", "Dept": "WPL", "Bid Strategy Type": "cpc", "Views": 0, "Video played to 50%": 0.0, "CTR": 50.0, "Conversions": 0.0, "Account ID": "1124503774", "Clicks": 1, "Interaction Rate": 50.0, "Avg. position": 1.0, "Advertising Channel": "Search", "Advertising Sub Channel": "", "Campaign ID": 764309016, "Avg. CPV": 0.0, "Campaign serving status": "eligible", "Avg. CPM": 95.0, "Invalid clicks": 0, "End date": "", "Avg. Cost": 0.19, "Start date": "2017-02-27", "Mapping": false, "Engagements": 0, "Avg. CPC": 0.19, "Interactions": 1, "Date": "2017-03-02", "Video played to 100%": 0.0, "Cost": 0.19, "Interaction Types": ["Clicks"], "Video played to 75%": 0.0, "Video played to 25%": 0.0, "Campaign state": "paused", "Avg. CPE": 0.0, "Account Name": "[paused] G1 - WPL - tvc360-3", "Impressions": 2}, {"View rate": 0.0, "Campaign": "Gen-term_2_FH-W-HAY_webgame hay-ex", "Unique cookies": "", "Dept": "WPL", "Bid Strategy Type": "cpc", "Views": 0, "Video played to 50%": 0.0, "CTR": 28.57, "Conversions": 10.0, "Account ID": "1124503774", "Clicks": 22, "Interaction Rate": 28.57, "Avg. position": 1.0, "Advertising Channel": "Search", "Advertising Sub Channel": "", "Campaign ID": 764303736, "Avg. CPV": 0.0, "Campaign serving status": "eligible", "Avg. CPM": 30.0, "Invalid clicks": 0, "End date": "", "Avg. Cost": 0.105, "Start date": "2017-02-27", "Mapping": false, "Engagements": 0, "Avg. CPC": 0.105, "Interactions": 22, "Date": "2017-03-02", "Video played to 100%": 0.0, "Cost": 2.31, "Interaction Types": ["Clicks"], "Video played to 75%": 0.0, "Video played to 25%": 0.0, "Campaign state": "paused", "Avg. CPE": 0.0, "Account Name": "[paused] G1 - WPL - tvc360-3", "Impressions": 77}, {"View rate": 0.0, "Campaign": "Gen-term_2_FH-G-KH_game ki\u1ebfm hi\u1ec7p-phr", "Unique cookies": "", "Dept": "WPL", "Bid Strategy Type": "cpc", "Views": 0, "Video played to 50%": 0.0, "CTR": 22.22, "Conversions": 0.0, "Account ID": "1124503774", "Clicks": 2, "Interaction Rate": 22.22, "Avg. position": 1.2, "Advertising Channel": "Search", "Advertising Sub Channel": "", "Campaign ID": 764305806, "Avg. CPV": 0.0, "Campaign serving status": "eligible", "Avg. CPM": 22.222222, "Invalid clicks": 2, "End date": "", "Avg. Cost": 0.1, "Start date": "2017-02-27", "Mapping": false, "Engagements": 0, "Avg. CPC": 0.1, "Interactions": 2, "Date": "2017-03-02", "Video played to 100%": 0.0, "Cost": 0.2, "Interaction Types": ["Clicks"], "Video played to 75%": 0.0, "Video played to 25%": 0.0, "Campaign state": "paused", "Avg. CPE": 0.0, "Account Name": "[paused] G1 - WPL - tvc360-3", "Impressions": 9}, {"View rate": 0.0, "Campaign": "Gen-term_2_FH-G-TH_game ti\u00ean hi\u1ec7p-ex", "Unique cookies": "", "Dept": "WPL", "Bid Strategy Type": "cpc", "Views": 0, "Video played to 50%": 0.0, "CTR": 70.0, "Conversions": 2.0, "Account ID": "1124503774", "Clicks": 7, "Interaction Rate": 70.0, "Avg. position": 1.0, "Advertising Channel": "Search", "Advertising Sub Channel": "", "Campaign ID": 764307030, "Avg. CPV": 0.0, "Campaign serving status": "eligible", "Avg. CPM": 51.0, "Invalid clicks": 0, "End date": "", "Avg. Cost": 0.072857, "Start date": "2017-02-27", "Mapping": false, "Engagements": 0, "Avg. CPC": 0.072857, "Interactions": 7, "Date": "2017-03-02", "Video played to 100%": 0.0, "Cost": 0.51, "Interaction Types": ["Clicks"], "Video played to 75%": 0.0, "Video played to 25%": 0.0, "Campaign state": "paused", "Avg. CPE": 0.0, "Account Name": "[paused] G1 - WPL - tvc360-3", "Impressions": 10}, {"View rate": 0.0, "Campaign": "Gen-term_2_MT-G-NV_game nh\u1eadp vai m\u1edbi nh\u1ea5t-ex", "Unique cookies": "", "Dept": "WPL", "Bid Strategy Type": "cpc", "Views": 0, "Video played to 50%": 0.0, "CTR": 100.0, "Conversions": 1.0, "Account ID": "1124503774", "Clicks": 1, "Interaction Rate": 100.0, "Avg. position": 1.0, "Advertising Channel": "Search", "Advertising Sub Channel": "", "Campaign ID": 764307243, "Avg. CPV": 0.0, "Campaign serving status": "eligible", "Avg. CPM": 80.0, "Invalid clicks": 0, "End date": "", "Avg. Cost": 0.08, "Start date": "2017-02-27", "Mapping": false, "Engagements": 0, "Avg. CPC": 0.08, "Interactions": 1, "Date": "2017-03-02", "Video played to 100%": 0.0, "Cost": 0.08, "Interaction Types": ["Clicks"], "Video played to 75%": 0.0, "Video played to 25%": 0.0, "Campaign state": "paused", "Avg. CPE": 0.0, "Account Name": "[paused] G1 - WPL - tvc360-3", "Impressions": 1}, {"View rate": 0.0, "Campaign": "Gen-term_2_MT-G-3D_game 3d online-bmm", "Unique cookies": "", "Dept": "WPL", "Bid Strategy Type": "cpc", "Views": 0, "Video played to 50%": 0.0, "CTR": 16.29, "Conversions": 7.0, "Account ID": "1124503774", "Clicks": 57, "Interaction Rate": 16.29, "Avg. position": 1.4, "Advertising Channel": "Search", "Advertising Sub Channel": "", "Campaign ID": 764277023, "Avg. CPV": 0.0, "Campaign serving status": "eligible", "Avg. CPM": 19.714286, "Invalid clicks": 1, "End date": "", "Avg. Cost": 0.121053, "Start date": "2017-02-27", "Mapping": false, "Engagements": 0, "Avg. CPC": 0.121053, "Interactions": 57, "Date": "2017-03-02", "Video played to 100%": 0.0, "Cost": 6.9, "Interaction Types": ["Clicks"], "Video played to 75%": 0.0, "Video played to 25%": 0.0, "Campaign state": "paused", "Avg. CPE": 0.0, "Account Name": "[paused] G1 - WPL - tvc360-3", "Impressions": 350}, {"View rate": 0.0, "Campaign": "Gen-term_2_MT-G-3D_game 3d m\u1edbi-bmm", "Unique cookies": "", "Dept": "WPL", "Bid Strategy Type": "cpc", "Views": 0, "Video played to 50%": 0.0, "CTR": 100.0, "Conversions": 2.0, "Account ID": "1124503774", "Clicks": 2, "Interaction Rate": 100.0, "Avg. position": 1.0, "Advertising Channel": "Search", "Advertising Sub Channel": "", "Campaign ID": 764277041, "Avg. CPV": 0.0, "Campaign serving status": "eligible", "Avg. CPM": 155.0, "Invalid clicks": 0, "End date": "", "Avg. Cost": 0.155, "Start date": "2017-02-27", "Mapping": false, "Engagements": 0, "Avg. CPC": 0.155, "Interactions": 2, "Date": "2017-03-02", "Video played to 100%": 0.0, "Cost": 0.31, "Interaction Types": ["Clicks"], "Video played to 75%": 0.0, "Video played to 25%": 0.0, "Campaign state": "paused", "Avg. CPE": 0.0, "Account Name": "[paused] G1 - WPL - tvc360-3", "Impressions": 2}, {"View rate": 0.0, "Campaign": "Gen-term_2_FH-G-NEW_game m\u1edbi-bmm", "Unique cookies": "", "Dept": "WPL", "Bid Strategy Type": "cpc", "Views": 0, "Video played to 50%": 0.0, "CTR": 19.8, "Conversions": 33.0, "Account ID": "1124503774", "Clicks": 98, "Interaction Rate": 19.8, "Avg. position": 1.4, "Advertising Channel": "Search", "Advertising Sub Channel": "", "Campaign ID": 764301540, "Avg. CPV": 0.0, "Campaign serving status": "eligible", "Avg. CPM": 26.30303, "Invalid clicks": 1, "End date": "", "Avg. Cost": 0.132857, "Start date": "2017-02-27", "Mapping": false, "Engagements": 0, "Avg. CPC": 0.132857, "Interactions": 98, "Date": "2017-03-02", "Video played to 100%": 0.0, "Cost": 13.02, "Interaction Types": ["Clicks"], "Video played to 75%": 0.0, "Video played to 25%": 0.0, "Campaign state": "paused", "Avg. CPE": 0.0, "Account Name": "[paused] G1 - WPL - tvc360-3", "Impressions": 495}, {"View rate": 0.0, "Campaign": "Gen-term_2_FH-W-HAY_webgame hay nh\u1ea5t-ex", "Unique cookies": "", "Dept": "WPL", "Bid Strategy Type": "cpc", "Views": 0, "Video played to 50%": 0.0, "CTR": 200.0, "Conversions": 1.0, "Account ID": "1124503774", "Clicks": 2, "Interaction Rate": 200.0, "Avg. position": 1.0, "Advertising Channel": "Search", "Advertising Sub Channel": "", "Campaign ID": 764303739, "Avg. CPV": 0.0, "Campaign serving status": "eligible", "Avg. CPM": 120.0, "Invalid clicks": 0, "End date": "", "Avg. Cost": 0.06, "Start date": "2017-02-27", "Mapping": false, "Engagements": 0, "Avg. CPC": 0.06, "Interactions": 2, "Date": "2017-03-02", "Video played to 100%": 0.0, "Cost": 0.12, "Interaction Types": ["Clicks"], "Video played to 75%": 0.0, "Video played to 25%": 0.0, "Campaign state": "paused", "Avg. CPE": 0.0, "Account Name": "[paused] G1 - WPL - tvc360-3", "Impressions": 1}, {"View rate": 0.0, "Campaign": "Gen-term_2_FH-G-TH_game tien hiep-phr", "Unique cookies": "", "Dept": "WPL", "Bid Strategy Type": "cpc", "Views": 0, "Video played to 50%": 0.0, "CTR": 40.0, "Conversions": 1.0, "Account ID": "1124503774", "Clicks": 2, "Interaction Rate": 40.0, "Avg. position": 1.0, "Advertising Channel": "Search", "Advertising Sub Channel": "", "Campaign ID": 764305815, "Avg. CPV": 0.0, "Campaign serving status": "eligible", "Avg. CPM": 16.0, "Invalid clicks": 0, "End date": "", "Avg. Cost": 0.04, "Start date": "2017-02-27", "Mapping": false, "Engagements": 0, "Avg. CPC": 0.04, "Interactions": 2, "Date": "2017-03-02", "Video played to 100%": 0.0, "Cost": 0.08, "Interaction Types": ["Clicks"], "Video played to 75%": 0.0, "Video played to 25%": 0.0, "Campaign state": "paused", "Avg. CPE": 0.0, "Account Name": "[paused] G1 - WPL - tvc360-3", "Impressions": 5}, {"View rate": 0.0, "Campaign": "Gen-term_2_FH-G-KH_game ki\u1ebfm hi\u1ec7p-ex", "Unique cookies": "", "Dept": "WPL", "Bid Strategy Type": "cpc", "Views": 0, "Video played to 50%": 0.0, "CTR": 25.0, "Conversions": 1.0, "Account ID": "1124503774", "Clicks": 2, "Interaction Rate": 25.0, "Avg. position": 1.0, "Advertising Channel": "Search", "Advertising Sub Channel": "", "Campaign ID": 764307024, "Avg. CPV": 0.0, "Campaign serving status": "eligible", "Avg. CPM": 26.25, "Invalid clicks": 0, "End date": "", "Avg. Cost": 0.105, "Start date": "2017-02-27", "Mapping": false, "Engagements": 0, "Avg. CPC": 0.105, "Interactions": 2, "Date": "2017-03-02", "Video played to 100%": 0.0, "Cost": 0.21, "Interaction Types": ["Clicks"], "Video played to 75%": 0.0, "Video played to 25%": 0.0, "Campaign state": "paused", "Avg. CPE": 0.0, "Account Name": "[paused] G1 - WPL - tvc360-3", "Impressions": 8}, {"View rate": 0.0, "Campaign": "Gen-term_2_FH-G-KH_game kiem hiep-ex", "Unique cookies": "", "Dept": "WPL", "Bid Strategy Type": "cpc", "Views": 0, "Video played to 50%": 0.0, "CTR": 50.0, "Conversions": 6.0, "Account ID": "1124503774", "Clicks": 9, "Interaction Rate": 50.0, "Avg. position": 1.2, "Advertising Channel": "Search", "Advertising Sub Channel": "", "Campaign ID": 764307027, "Avg. CPV": 0.0, "Campaign serving status": "eligible", "Avg. CPM": 37.222222, "Invalid clicks": 1, "End date": "", "Avg. Cost": 0.074444, "Start date": "2017-02-27", "Mapping": false, "Engagements": 0, "Avg. CPC": 0.074444, "Interactions": 9, "Date": "2017-03-02", "Video played to 100%": 0.0, "Cost": 0.67, "Interaction Types": ["Clicks"], "Video played to 75%": 0.0, "Video played to 25%": 0.0, "Campaign state": "paused", "Avg. CPE": 0.0, "Account Name": "[paused] G1 - WPL - tvc360-3", "Impressions": 18}, {"View rate": 0.0, "Campaign": "Gen-term_2_FH-G-PC_game pc-ex", "Unique cookies": "", "Dept": "WPL", "Bid Strategy Type": "cpc", "Views": 0, "Video played to 50%": 0.0, "CTR": 40.0, "Conversions": 0.0, "Account ID": "1124503774", "Clicks": 4, "Interaction Rate": 40.0, "Avg. position": 1.3, "Advertising Channel": "Search", "Advertising Sub Channel": "", "Campaign ID": 764307048, "Avg. CPV": 0.0, "Campaign serving status": "eligible", "Avg. CPM": 60.0, "Invalid clicks": 0, "End date": "", "Avg. Cost": 0.15, "Start date": "2017-02-27", "Mapping": false, "Engagements": 0, "Avg. CPC": 0.15, "Interactions": 4, "Date": "2017-03-02", "Video played to 100%": 0.0, "Cost": 0.6, "Interaction Types": ["Clicks"], "Video played to 75%": 0.0, "Video played to 25%": 0.0, "Campaign state": "paused", "Avg. CPE": 0.0, "Account Name": "[paused] G1 - WPL - tvc360-3", "Impressions": 10}, {"View rate": 0.0, "Campaign": "Gen-term_2_FH-G-GO_game online-ex", "Unique cookies": "", "Dept": "WPL", "Bid Strategy Type": "cpc", "Views": 0, "Video played to 50%": 0.0, "CTR": 12.96, "Conversions": 2.0, "Account ID": "1124503774", "Clicks": 7, "Interaction Rate": 12.96, "Avg. position": 2.0, "Advertising Channel": "Search", "Advertising Sub Channel": "", "Campaign ID": 764307051, "Avg. CPV": 0.0, "Campaign serving status": "eligible", "Avg. CPM": 8.333333, "Invalid clicks": 0, "End date": "", "Avg. Cost": 0.064286, "Start date": "2017-02-27", "Mapping": false, "Engagements": 0, "Avg. CPC": 0.064286, "Interactions": 7, "Date": "2017-03-02", "Video played to 100%": 0.0, "Cost": 0.45, "Interaction Types": ["Clicks"], "Video played to 75%": 0.0, "Video played to 25%": 0.0, "Campaign state": "paused", "Avg. CPE": 0.0, "Account Name": "[paused] G1 - WPL - tvc360-3", "Impressions": 54}, {"View rate": 0.0, "Campaign": "Gen-term_2_MT-GO-BMM-MOR", "Unique cookies": "", "Dept": "WPL", "Bid Strategy Type": "cpc", "Views": 0, "Video played to 50%": 0.0, "CTR": 21.39, "Conversions": 15.0, "Account ID": "1124503774", "Clicks": 43, "Interaction Rate": 21.39, "Avg. position": 1.2, "Advertising Channel": "Search", "Advertising Sub Channel": "", "Campaign ID": 764277110, "Avg. CPV": 0.0, "Campaign serving status": "eligible", "Avg. CPM": 20.646766, "Invalid clicks": 3, "End date": "", "Avg. Cost": 0.096512, "Start date": "2017-02-27", "Mapping": false, "Engagements": 0, "Avg. CPC": 0.096512, "Interactions": 43, "Date": "2017-03-02", "Video played to 100%": 0.0, "Cost": 4.15, "Interaction Types": ["Clicks"], "Video played to 75%": 0.0, "Video played to 25%": 0.0, "Campaign state": "paused", "Avg. CPE": 0.0, "Account Name": "[paused] G1 - WPL - tvc360-3", "Impressions": 201}, {"View rate": 0.0, "Campaign": "Gen-term_2_MT-G-3D_game 3d nhap vai-ex", "Unique cookies": "", "Dept": "WPL", "Bid Strategy Type": "cpc", "Views": 0, "Video played to 50%": 0.0, "CTR": 100.0, "Conversions": 0.0, "Account ID": "1124503774", "Clicks": 1, "Interaction Rate": 100.0, "Avg. position": 1.0, "Advertising Channel": "Search", "Advertising Sub Channel": "", "Campaign ID": 764278682, "Avg. CPV": 0.0, "Campaign serving status": "eligible", "Avg. CPM": 180.0, "Invalid clicks": 0, "End date": "", "Avg. Cost": 0.18, "Start date": "2017-02-27", "Mapping": false, "Engagements": 0, "Avg. CPC": 0.18, "Interactions": 1, "Date": "2017-03-02", "Video played to 100%": 0.0, "Cost": 0.18, "Interaction Types": ["Clicks"], "Video played to 75%": 0.0, "Video played to 25%": 0.0, "Campaign state": "paused", "Avg. CPE": 0.0, "Account Name": "[paused] G1 - WPL - tvc360-3", "Impressions": 1}, {"View rate": 0.0, "Campaign": "Gen-term_2_FH-PCG-BM-MOR", "Unique cookies": "", "Dept": "WPL", "Bid Strategy Type": "cpc", "Views": 0, "Video played to 50%": 0.0, "CTR": 13.24, "Conversions": 2.0, "Account ID": "1124503774", "Clicks": 9, "Interaction Rate": 13.24, "Avg. position": 1.4, "Advertising Channel": "Search", "Advertising Sub Channel": "", "Campaign ID": 764306850, "Avg. CPV": 0.0, "Campaign serving status": "eligible", "Avg. CPM": 19.705882, "Invalid clicks": 1, "End date": "", "Avg. Cost": 0.148889, "Start date": "2017-02-27", "Mapping": false, "Engagements": 0, "Avg. CPC": 0.148889, "Interactions": 9, "Date": "2017-03-02", "Video played to 100%": 0.0, "Cost": 1.34, "Interaction Types": ["Clicks"], "Video played to 75%": 0.0, "Video played to 25%": 0.0, "Campaign state": "paused", "Avg. CPE": 0.0, "Account Name": "[paused] G1 - WPL - tvc360-3", "Impressions": 68}, {"View rate": 0.0, "Campaign": "", "Unique cookies": "", "Dept": "WPL", "Bid Strategy Type": "", "Views": 0, "Video played to 50%": 0.0, "CTR": 11.08, "Conversions": 346.0, "Account ID": "1124503774", "Clicks": 1413, "Interaction Rate": 11.08, "Avg. position": 2.0, "Advertising Channel": "", "Advertising Sub Channel": "", "Campaign ID": "", "Avg. CPV": 0.0, "Campaign serving status": "", "Avg. CPM": 12.220742, "Invalid clicks": 37, "End date": "", "Avg. Cost": 0.110333, "Start date": "", "Mapping": false, "Engagements": 0, "Avg. CPC": 0.110333, "Interactions": 1413, "Date": "2017-03-02", "Video played to 100%": 0.0, "Cost": 155.9, "Interaction Types": "", "Video played to 75%": 0.0, "Video played to 25%": 0.0, "Campaign state": "Total", "Avg. CPE": 0.0, "Account Name": "[paused] G1 - WPL - tvc360-3", "Impressions": 12757}]