[{"Campaign serving status": "eligible", "Advertising Channel": "Search", "Views": 0, "Avg. CPC": 0.01282, "Video played to 75%": 0.0, "Campaign state": "paused", "Video played to 50%": 0.0, "Interaction Rate": 29.55, "Mapping": false, "Account ID": "6376833586", "Start date": "2017-03-03", "Avg. CPE": 0.0, "Account Name": "[W] G1 - WPL - tvc360", "Impressions": 1032, "Video played to 25%": 0.0, "Engagements": 0, "Conversions": 34.0, "Video played to 100%": 0.0, "Avg. Cost": 0.01282, "Interactions": 305, "Clicks": 305, "Avg. CPV": 0.0, "Unique cookies": "", "Invalid clicks": 12, "Advertising Sub Channel": "", "Interaction Types": ["Clicks"], "Avg. position": 1.0, "Date": "2017-03-04", "CTR": 29.55, "Dept": "WPL", "View rate": 0.0, "Bid Strategy Type": "cpc", "Cost": 3.91, "Campaign ID": "767548009", "Avg. CPM": 3.78876, "Campaign": "GDN_Search-w-Display_Contextual", "End date": ""}, {"Campaign serving status": "eligible", "Advertising Channel": "Search", "Views": 0, "Avg. CPC": 0.011777, "Video played to 75%": 0.0, "Campaign state": "enabled", "Video played to 50%": 0.0, "Interaction Rate": 74.84, "Mapping": false, "Account ID": "6376833586", "Start date": "2017-02-20", "Avg. CPE": 0.0, "Account Name": "[W] G1 - WPL - tvc360", "Impressions": 1256, "Video played to 25%": 0.0, "Engagements": 0, "Conversions": 30.0, "Video played to 100%": 0.0, "Avg. Cost": 0.011777, "Interactions": 940, "Clicks": 940, "Avg. CPV": 0.0, "Unique cookies": "", "Invalid clicks": 27, "Advertising Sub Channel": "", "Interaction Types": ["Clicks"], "Avg. position": 1.0, "Date": "2017-03-04", "CTR": 74.84, "Dept": "WPL", "View rate": 0.0, "Bid Strategy Type": "cpc", "Cost": 11.07, "Campaign ID": "759575163", "Avg. CPM": 8.813694, "Campaign": "Brand-term_tvc", "End date": ""}, {"Campaign serving status": "eligible", "Advertising Channel": "Display", "Views": 0, "Avg. CPC": 0.058772, "Video played to 75%": 0.0, "Campaign state": "paused", "Video played to 50%": 0.0, "Interaction Rate": 0.1, "Mapping": false, "Account ID": "6376833586", "Start date": "2017-03-02", "Avg. CPE": 0.0, "Account Name": "[W] G1 - WPL - tvc360", "Impressions": 113725, "Video played to 25%": 0.0, "Engagements": 0, "Conversions": 34.0, "Video played to 100%": 0.0, "Avg. Cost": 0.058772, "Interactions": 114, "Clicks": 114, "Avg. CPV": 0.0, "Unique cookies": 34508, "Invalid clicks": 53, "Advertising Sub Channel": "", "Interaction Types": ["Clicks"], "Avg. position": 1.0, "Date": "2017-03-04", "CTR": 0.1, "Dept": "WPL", "View rate": 0.0, "Bid Strategy Type": "cpc", "Cost": 6.7, "Campaign ID": "767096046", "Avg. CPM": 0.058914, "Campaign": "GDN_Keyword-Contextual", "End date": ""}, {"Campaign serving status": "eligible", "Advertising Channel": "Display", "Views": 0, "Avg. CPC": 0.06, "Video played to 75%": 0.0, "Campaign state": "paused", "Video played to 50%": 0.0, "Interaction Rate": 0.07, "Mapping": false, "Account ID": "6376833586", "Start date": "2017-02-24", "Avg. CPE": 0.0, "Account Name": "[W] G1 - WPL - tvc360", "Impressions": 4565, "Video played to 25%": 0.0, "Engagements": 0, "Conversions": 0.0, "Video played to 100%": 0.0, "Avg. Cost": 0.06, "Interactions": 3, "Clicks": 3, "Avg. CPV": 0.0, "Unique cookies": 2149, "Invalid clicks": 1, "Advertising Sub Channel": "", "Interaction Types": ["Clicks"], "Avg. position": 1.0, "Date": "2017-03-04", "CTR": 0.07, "Dept": "WPL", "View rate": 0.0, "Bid Strategy Type": "cpc", "Cost": 0.18, "Campaign ID": "762751914", "Avg. CPM": 0.03943, "Campaign": "GDN_TVC_Nhac_Remarketing-360event", "End date": ""}, {"Campaign serving status": "eligible", "Advertising Channel": "Search", "Views": 0, "Avg. CPC": 0.017786, "Video played to 75%": 0.0, "Campaign state": "enabled", "Video played to 50%": 0.0, "Interaction Rate": 67.74, "Mapping": false, "Account ID": "6376833586", "Start date": "2017-02-20", "Avg. CPE": 0.0, "Account Name": "[W] G1 - WPL - tvc360", "Impressions": 15357, "Video played to 25%": 0.0, "Engagements": 0, "Conversions": 801.0, "Video played to 100%": 0.0, "Avg. Cost": 0.017786, "Interactions": 10403, "Clicks": 10403, "Avg. CPV": 0.0, "Unique cookies": "", "Invalid clicks": 754, "Advertising Sub Channel": "", "Interaction Types": ["Clicks"], "Avg. position": 1.0, "Date": "2017-03-04", "CTR": 67.74, "Dept": "WPL", "View rate": 0.0, "Bid Strategy Type": "cpc", "Cost": 185.03, "Campaign ID": "759377721", "Avg. CPM": 12.048577, "Campaign": "Brand-term_thanh-van-chi", "End date": ""}, {"Campaign serving status": "eligible", "Advertising Channel": "Display", "Views": 0, "Avg. CPC": 0.02664, "Video played to 75%": 0.0, "Campaign state": "paused", "Video played to 50%": 0.0, "Interaction Rate": 0.46, "Mapping": false, "Account ID": "6376833586", "Start date": "2017-03-02", "Avg. CPE": 0.0, "Account Name": "[W] G1 - WPL - tvc360", "Impressions": 601858, "Video played to 25%": 0.0, "Engagements": 0, "Conversions": 315.0, "Video played to 100%": 0.0, "Avg. Cost": 0.02664, "Interactions": 2774, "Clicks": 2774, "Avg. CPV": 0.0, "Unique cookies": 187147, "Invalid clicks": 304, "Advertising Sub Channel": "", "Interaction Types": ["Clicks"], "Avg. position": 1.0, "Date": "2017-03-04", "CTR": 0.46, "Dept": "WPL", "View rate": 0.0, "Bid Strategy Type": "cpc", "Cost": 73.9, "Campaign ID": "766651408", "Avg. CPM": 0.122786, "Campaign": "GDN_Placement-Remarketing-360game", "End date": ""}, {"Campaign serving status": "eligible", "Advertising Channel": "Display", "Views": 0, "Avg. CPC": 0.0335, "Video played to 75%": 0.0, "Campaign state": "paused", "Video played to 50%": 0.0, "Interaction Rate": 0.23, "Mapping": false, "Account ID": "6376833586", "Start date": "2017-03-04", "Avg. CPE": 0.0, "Account Name": "[W] G1 - WPL - tvc360", "Impressions": 17148, "Video played to 25%": 0.0, "Engagements": 0, "Conversions": 7.0, "Video played to 100%": 0.0, "Avg. Cost": 0.0335, "Interactions": 40, "Clicks": 40, "Avg. CPV": 0.0, "Unique cookies": 6852, "Invalid clicks": 11, "Advertising Sub Channel": "", "Interaction Types": ["Clicks"], "Avg. position": 1.0, "Date": "2017-03-04", "CTR": 0.23, "Dept": "WPL", "View rate": 0.0, "Bid Strategy Type": "cpc", "Cost": 1.34, "Campaign ID": "768760218", "Avg. CPM": 0.078143, "Campaign": "GDN_Placement-Remarketing-TVC", "End date": ""}, {"Campaign serving status": "eligible", "Advertising Channel": "Search", "Views": 0, "Avg. CPC": 0.018287, "Video played to 75%": 0.0, "Campaign state": "enabled", "Video played to 50%": 0.0, "Interaction Rate": 63.04, "Mapping": false, "Account ID": "6376833586", "Start date": "2017-02-20", "Avg. CPE": 0.0, "Account Name": "[W] G1 - WPL - tvc360", "Impressions": 1093, "Video played to 25%": 0.0, "Engagements": 0, "Conversions": 23.0, "Video played to 100%": 0.0, "Avg. Cost": 0.018287, "Interactions": 689, "Clicks": 689, "Avg. CPV": 0.0, "Unique cookies": "", "Invalid clicks": 8, "Advertising Sub Channel": "", "Interaction Types": ["Clicks"], "Avg. position": 1.0, "Date": "2017-03-04", "CTR": 63.04, "Dept": "WPL", "View rate": 0.0, "Bid Strategy Type": "cpc", "Cost": 12.6, "Campaign ID": "759575166", "Avg. CPM": 11.527905, "Campaign": "Brand-term_thanh-van-chi-abc", "End date": ""}, {"Campaign serving status": "", "Advertising Channel": "", "Views": 0, "Avg. CPC": 0.019304, "Video played to 75%": 0.0, "Campaign state": "Total", "Video played to 50%": 0.0, "Interaction Rate": 2.02, "Mapping": false, "Account ID": "6376833586", "Start date": "", "Avg. CPE": 0.0, "Account Name": "[W] G1 - WPL - tvc360", "Impressions": 756034, "Video played to 25%": 0.0, "Engagements": 0, "Conversions": 1244.0, "Video played to 100%": 0.0, "Avg. Cost": 0.019304, "Interactions": 15268, "Clicks": 15268, "Avg. CPV": 0.0, "Unique cookies": "", "Invalid clicks": 1170, "Advertising Sub Channel": "", "Interaction Types": "", "Avg. position": 1.0, "Date": "2017-03-04", "CTR": 2.02, "Dept": "WPL", "View rate": 0.0, "Bid Strategy Type": "", "Cost": 294.73, "Campaign ID": "", "Avg. CPM": 0.389837, "Campaign": "", "End date": ""}]