[{"Start date": "2017-02-20", "Avg. CPC": 0.011365, "Interactions": 2403, "Avg. position": 1.0, "Campaign serving status": "eligible", "Campaign ID": 759377721, "Invalid clicks": 128, "Impressions": 3154, "Video played to 50%": 0.0, "Account ID": "6376833586", "Conversions": 103.0, "Views": 0, "Engagements": 0, "Avg. CPE": 0.0, "Advertising Sub Channel": "", "Account Name": "[W] G1 - WPL - tvc360", "End date": "", "Video played to 100%": 0.0, "Clicks": 2403, "Avg. Cost": 0.011365, "Interaction Types": ["Clicks"], "Video played to 25%": 0.0, "View rate": 0.0, "Video played to 75%": 0.0, "Avg. CPM": 8.658846, "CTR": 76.19, "Campaign state": "enabled", "Unique cookies": "", "Advertising Channel": "Search", "Interaction Rate": 76.19, "Bid Strategy Type": "cpc", "Date": "2017-08-03", "Mapping": false, "Campaign": "Brand-term_thanh-van-chi", "Avg. CPV": 0.0, "Cost": 27.31}, {"Start date": "2017-02-20", "Avg. CPC": 0.011306, "Interactions": 268, "Avg. position": 1.0, "Campaign serving status": "eligible", "Campaign ID": 759575163, "Invalid clicks": 56, "Impressions": 420, "Video played to 50%": 0.0, "Account ID": "6376833586", "Conversions": 5.0, "Views": 0, "Engagements": 0, "Avg. CPE": 0.0, "Advertising Sub Channel": "", "Account Name": "[W] G1 - WPL - tvc360", "End date": "", "Video played to 100%": 0.0, "Clicks": 268, "Avg. Cost": 0.011306, "Interaction Types": ["Clicks"], "Video played to 25%": 0.0, "View rate": 0.0, "Video played to 75%": 0.0, "Avg. CPM": 7.214286, "CTR": 63.81, "Campaign state": "enabled", "Unique cookies": "", "Advertising Channel": "Search", "Interaction Rate": 63.81, "Bid Strategy Type": "cpc", "Date": "2017-08-03", "Mapping": false, "Campaign": "Brand-term_tvc", "Avg. CPV": 0.0, "Cost": 3.03}, {"Start date": "", "Avg. CPC": 0.011359, "Interactions": 2671, "Avg. position": 1.0, "Campaign serving status": "", "Campaign ID": "", "Invalid clicks": 184, "Impressions": 3576, "Video played to 50%": 0.0, "Account ID": "6376833586", "Conversions": 108.0, "Views": 0, "Engagements": 0, "Avg. CPE": 0.0, "Advertising Sub Channel": "", "Account Name": "[W] G1 - WPL - tvc360", "End date": "", "Video played to 100%": 0.0, "Clicks": 2671, "Avg. Cost": 0.011359, "Interaction Types": "", "Video played to 25%": 0.0, "View rate": 0.0, "Video played to 75%": 0.0, "Avg. CPM": 8.48434, "CTR": 74.69, "Campaign state": "Total", "Unique cookies": "", "Advertising Channel": "", "Interaction Rate": 74.69, "Bid Strategy Type": "", "Date": "2017-08-03", "Mapping": false, "Campaign": "", "Avg. CPV": 0.0, "Cost": 30.34}]