[{"Campaign state": "enabled", "Interaction Types": ["Clicks"], "Campaign serving status": "eligible", "Cost": 28.03, "Interactions": 201, "Avg. CPM": 30.600437, "Bid Strategy Type": "cpc", "Video played to 100%": 0.0, "Avg. CPE": 0.0, "Mapping": false, "Start date": "2015-06-08", "View rate": 0.0, "Account ID": "1033505012", "Avg. CPC": 0.139453, "Conversions": 65.0, "Video played to 75%": 0.0, "Impressions": 916, "Avg. position": 1.2, "Advertising Sub Channel": "", "Campaign ID": 260085044, "Avg. Cost": 0.139453, "Avg. CPV": 0.0, "Campaign": "Gen-term_FH-GO-Exact-MOR", "Interaction Rate": 21.94, "Advertising Channel": "Search", "Video played to 50%": 0.0, "Date": "2017-08-02", "End date": "", "CTR": 21.94, "Video played to 25%": 0.0, "Engagements": 0, "Invalid clicks": 8, "Clicks": 201, "Views": 0, "Unique cookies": ""}, {"Campaign state": "enabled", "Interaction Types": ["Clicks"], "Campaign serving status": "eligible", "Cost": 2.18, "Interactions": 19, "Avg. CPM": 26.585366, "Bid Strategy Type": "cpc", "Video played to 100%": 0.0, "Avg. CPE": 0.0, "Mapping": false, "Start date": "2015-06-08", "View rate": 0.0, "Account ID": "1033505012", "Avg. CPC": 0.114737, "Conversions": 6.0, "Video played to 75%": 0.0, "Impressions": 82, "Avg. position": 1.2, "Advertising Sub Channel": "", "Campaign ID": 260085644, "Avg. Cost": 0.114737, "Avg. CPV": 0.0, "Campaign": "Gen-term_FH-GO-Phrase-MOR", "Interaction Rate": 23.17, "Advertising Channel": "Search", "Video played to 50%": 0.0, "Date": "2017-08-02", "End date": "", "CTR": 23.17, "Video played to 25%": 0.0, "Engagements": 0, "Invalid clicks": 0, "Clicks": 19, "Views": 0, "Unique cookies": ""}, {"Campaign state": "enabled", "Interaction Types": ["Clicks"], "Campaign serving status": "eligible", "Cost": 0.33, "Interactions": 2, "Avg. CPM": 82.5, "Bid Strategy Type": "cpc", "Video played to 100%": 0.0, "Avg. CPE": 0.0, "Mapping": false, "Start date": "2015-06-08", "View rate": 0.0, "Account ID": "1033505012", "Avg. CPC": 0.165, "Conversions": 1.0, "Video played to 75%": 0.0, "Impressions": 4, "Avg. position": 1.5, "Advertising Sub Channel": "", "Campaign ID": 260087684, "Avg. Cost": 0.165, "Avg. CPV": 0.0, "Campaign": "Gen-term_LT-GO-Exact-MOR", "Interaction Rate": 50.0, "Advertising Channel": "Search", "Video played to 50%": 0.0, "Date": "2017-08-02", "End date": "", "CTR": 50.0, "Video played to 25%": 0.0, "Engagements": 0, "Invalid clicks": 0, "Clicks": 2, "Views": 0, "Unique cookies": ""}, {"Campaign state": "enabled", "Interaction Types": ["Clicks"], "Campaign serving status": "eligible", "Cost": 0.21, "Interactions": 2, "Avg. CPM": 17.5, "Bid Strategy Type": "cpc", "Video played to 100%": 0.0, "Avg. CPE": 0.0, "Mapping": false, "Start date": "2015-06-08", "View rate": 0.0, "Account ID": "1033505012", "Avg. CPC": 0.105, "Conversions": 0.0, "Video played to 75%": 0.0, "Impressions": 12, "Avg. position": 1.8, "Advertising Sub Channel": "", "Campaign ID": 260099204, "Avg. Cost": 0.105, "Avg. CPV": 0.0, "Campaign": "Gen-term_FH-PCG-BM-MOR", "Interaction Rate": 16.67, "Advertising Channel": "Search", "Video played to 50%": 0.0, "Date": "2017-08-02", "End date": "", "CTR": 16.67, "Video played to 25%": 0.0, "Engagements": 0, "Invalid clicks": 0, "Clicks": 2, "Views": 0, "Unique cookies": ""}, {"Campaign state": "enabled", "Interaction Types": ["Clicks"], "Campaign serving status": "eligible", "Cost": 13.38, "Interactions": 78, "Avg. CPM": 32.163462, "Bid Strategy Type": "cpc", "Video played to 100%": 0.0, "Avg. CPE": 0.0, "Mapping": false, "Start date": "2015-06-08", "View rate": 0.0, "Account ID": "1033505012", "Avg. CPC": 0.171538, "Conversions": 33.0, "Video played to 75%": 0.0, "Impressions": 416, "Avg. position": 1.4, "Advertising Sub Channel": "", "Campaign ID": 260086124, "Avg. Cost": 0.171538, "Avg. CPV": 0.0, "Campaign": "Gen-term_MT-Game-Exact-MOR", "Interaction Rate": 18.75, "Advertising Channel": "Search", "Video played to 50%": 0.0, "Date": "2017-08-02", "End date": "", "CTR": 18.75, "Video played to 25%": 0.0, "Engagements": 0, "Invalid clicks": 8, "Clicks": 78, "Views": 0, "Unique cookies": ""}, {"Campaign state": "enabled", "Interaction Types": ["Clicks"], "Campaign serving status": "eligible", "Cost": 0.09, "Interactions": 1, "Avg. CPM": 30.0, "Bid Strategy Type": "cpc", "Video played to 100%": 0.0, "Avg. CPE": 0.0, "Mapping": false, "Start date": "2015-06-08", "View rate": 0.0, "Account ID": "1033505012", "Avg. CPC": 0.09, "Conversions": 1.0, "Video played to 75%": 0.0, "Impressions": 3, "Avg. position": 2.3, "Advertising Sub Channel": "", "Campaign ID": 260097164, "Avg. Cost": 0.09, "Avg. CPV": 0.0, "Campaign": "Gen-term_MT-GPC-Exact-MOR", "Interaction Rate": 33.33, "Advertising Channel": "Search", "Video played to 50%": 0.0, "Date": "2017-08-02", "End date": "", "CTR": 33.33, "Video played to 25%": 0.0, "Engagements": 0, "Invalid clicks": 0, "Clicks": 1, "Views": 0, "Unique cookies": ""}, {"Campaign state": "enabled", "Interaction Types": ["Clicks"], "Campaign serving status": "eligible", "Cost": 9.61, "Interactions": 78, "Avg. CPM": 28.181818, "Bid Strategy Type": "cpc", "Video played to 100%": 0.0, "Avg. CPE": 0.0, "Mapping": false, "Start date": "2015-06-08", "View rate": 0.0, "Account ID": "1033505012", "Avg. CPC": 0.123205, "Conversions": 26.0, "Video played to 75%": 0.0, "Impressions": 341, "Avg. position": 1.3, "Advertising Sub Channel": "", "Campaign ID": 260112164, "Avg. Cost": 0.123205, "Avg. CPV": 0.0, "Campaign": "Gen-term_FH-WG-Exact-MOR", "Interaction Rate": 22.87, "Advertising Channel": "Search", "Video played to 50%": 0.0, "Date": "2017-08-02", "End date": "", "CTR": 22.87, "Video played to 25%": 0.0, "Engagements": 0, "Invalid clicks": 1, "Clicks": 78, "Views": 0, "Unique cookies": ""}, {"Campaign state": "enabled", "Interaction Types": ["Clicks"], "Campaign serving status": "eligible", "Cost": 209.11, "Interactions": 7675, "Avg. CPM": 10.503818, "Bid Strategy Type": "cpc", "Video played to 100%": 0.0, "Avg. CPE": 0.0, "Mapping": false, "Start date": "2017-03-31", "View rate": 0.0, "Account ID": "1033505012", "Avg. CPC": 0.027246, "Conversions": 1454.0, "Video played to 75%": 0.0, "Impressions": 19908, "Avg. position": 1.1, "Advertising Sub Channel": "", "Campaign ID": 792716395, "Avg. Cost": 0.027246, "Avg. CPV": 0.0, "Campaign": "Brand-term_Gunny", "Interaction Rate": 38.55, "Advertising Channel": "Search", "Video played to 50%": 0.0, "Date": "2017-08-02", "End date": "", "CTR": 38.55, "Video played to 25%": 0.0, "Engagements": 0, "Invalid clicks": 472, "Clicks": 7675, "Views": 0, "Unique cookies": ""}, {"Campaign state": "enabled", "Interaction Types": ["Clicks"], "Campaign serving status": "eligible", "Cost": 0.68, "Interactions": 10, "Avg. CPM": 11.724138, "Bid Strategy Type": "cpc", "Video played to 100%": 0.0, "Avg. CPE": 0.0, "Mapping": false, "Start date": "2017-07-10", "View rate": 0.0, "Account ID": "1033505012", "Avg. CPC": 0.068, "Conversions": 2.0, "Video played to 75%": 0.0, "Impressions": 58, "Avg. position": 1.9, "Advertising Sub Channel": "", "Campaign ID": 877338628, "Avg. Cost": 0.068, "Avg. CPV": 0.0, "Campaign": "Brand-term_Chinh-do", "Interaction Rate": 17.24, "Advertising Channel": "Search", "Video played to 50%": 0.0, "Date": "2017-08-02", "End date": "", "CTR": 17.24, "Video played to 25%": 0.0, "Engagements": 0, "Invalid clicks": 1, "Clicks": 10, "Views": 0, "Unique cookies": ""}, {"Campaign state": "enabled", "Interaction Types": ["Clicks"], "Campaign serving status": "eligible", "Cost": 21.02, "Interactions": 186, "Avg. CPM": 20.467381, "Bid Strategy Type": "cpc", "Video played to 100%": 0.0, "Avg. CPE": 0.0, "Mapping": false, "Start date": "2015-06-08", "View rate": 0.0, "Account ID": "1033505012", "Avg. CPC": 0.113011, "Conversions": 30.0, "Video played to 75%": 0.0, "Impressions": 1027, "Avg. position": 1.7, "Advertising Sub Channel": "", "Campaign ID": 260084084, "Avg. Cost": 0.113011, "Avg. CPV": 0.0, "Campaign": "Gen-term_FH-Game-Phrase-MOR", "Interaction Rate": 18.11, "Advertising Channel": "Search", "Video played to 50%": 0.0, "Date": "2017-08-02", "End date": "", "CTR": 18.11, "Video played to 25%": 0.0, "Engagements": 0, "Invalid clicks": 42, "Clicks": 186, "Views": 0, "Unique cookies": ""}, {"Campaign state": "enabled", "Interaction Types": ["Clicks"], "Campaign serving status": "eligible", "Cost": 0.89, "Interactions": 5, "Avg. CPM": 24.054054, "Bid Strategy Type": "cpc", "Video played to 100%": 0.0, "Avg. CPE": 0.0, "Mapping": false, "Start date": "2015-06-08", "View rate": 0.0, "Account ID": "1033505012", "Avg. CPC": 0.178, "Conversions": 0.0, "Video played to 75%": 0.0, "Impressions": 37, "Avg. position": 1.9, "Advertising Sub Channel": "", "Campaign ID": 260088764, "Avg. Cost": 0.178, "Avg. CPV": 0.0, "Campaign": "Gen-term_MT-GO-Exact-MOR", "Interaction Rate": 13.51, "Advertising Channel": "Search", "Video played to 50%": 0.0, "Date": "2017-08-02", "End date": "", "CTR": 13.51, "Video played to 25%": 0.0, "Engagements": 0, "Invalid clicks": 0, "Clicks": 5, "Views": 0, "Unique cookies": ""}, {"Campaign state": "enabled", "Interaction Types": ["Clicks"], "Campaign serving status": "eligible", "Cost": 88.13, "Interactions": 809, "Avg. CPM": 18.111385, "Bid Strategy Type": "cpc", "Video played to 100%": 0.0, "Avg. CPE": 0.0, "Mapping": false, "Start date": "2015-06-08", "View rate": 0.0, "Account ID": "1033505012", "Avg. CPC": 0.108937, "Conversions": 133.0, "Video played to 75%": 0.0, "Impressions": 4866, "Avg. position": 1.7, "Advertising Sub Channel": "", "Campaign ID": 260084204, "Avg. Cost": 0.108937, "Avg. CPV": 0.0, "Campaign": "Gen-term_FH-Game-BM-MOR", "Interaction Rate": 16.63, "Advertising Channel": "Search", "Video played to 50%": 0.0, "Date": "2017-08-02", "End date": "", "CTR": 16.63, "Video played to 25%": 0.0, "Engagements": 0, "Invalid clicks": 70, "Clicks": 809, "Views": 0, "Unique cookies": ""}, {"Campaign state": "enabled", "Interaction Types": ["Clicks"], "Campaign serving status": "eligible", "Cost": 2.43, "Interactions": 13, "Avg. CPM": 37.96875, "Bid Strategy Type": "cpc", "Video played to 100%": 0.0, "Avg. CPE": 0.0, "Mapping": false, "Start date": "2015-06-08", "View rate": 0.0, "Account ID": "1033505012", "Avg. CPC": 0.186923, "Conversions": 2.0, "Video played to 75%": 0.0, "Impressions": 64, "Avg. position": 1.4, "Advertising Sub Channel": "", "Campaign ID": 260089124, "Avg. Cost": 0.186923, "Avg. CPV": 0.0, "Campaign": "Gen-term_FH-GTT-Exact-MOR", "Interaction Rate": 20.31, "Advertising Channel": "Search", "Video played to 50%": 0.0, "Date": "2017-08-02", "End date": "", "CTR": 20.31, "Video played to 25%": 0.0, "Engagements": 0, "Invalid clicks": 2, "Clicks": 13, "Views": 0, "Unique cookies": ""}, {"Campaign state": "enabled", "Interaction Types": ["Clicks"], "Campaign serving status": "eligible", "Cost": 0.57, "Interactions": 6, "Avg. CPM": 21.923077, "Bid Strategy Type": "cpc", "Video played to 100%": 0.0, "Avg. CPE": 0.0, "Mapping": false, "Start date": "2015-06-08", "View rate": 0.0, "Account ID": "1033505012", "Avg. CPC": 0.095, "Conversions": 0.0, "Video played to 75%": 0.0, "Impressions": 26, "Avg. position": 1.3, "Advertising Sub Channel": "", "Campaign ID": 260112764, "Avg. Cost": 0.095, "Avg. CPV": 0.0, "Campaign": "Gen-term_FH-WG-Phrase-MOR", "Interaction Rate": 23.08, "Advertising Channel": "Search", "Video played to 50%": 0.0, "Date": "2017-08-02", "End date": "", "CTR": 23.08, "Video played to 25%": 0.0, "Engagements": 0, "Invalid clicks": 0, "Clicks": 6, "Views": 0, "Unique cookies": ""}, {"Campaign state": "enabled", "Interaction Types": ["Clicks"], "Campaign serving status": "eligible", "Cost": 122.12, "Interactions": 1355, "Avg. CPM": 17.195156, "Bid Strategy Type": "cpc", "Video played to 100%": 0.0, "Avg. CPE": 0.0, "Mapping": false, "Start date": "2015-06-08", "View rate": 0.0, "Account ID": "1033505012", "Avg. CPC": 0.090125, "Conversions": 195.0, "Video played to 75%": 0.0, "Impressions": 7102, "Avg. position": 1.4, "Advertising Sub Channel": "", "Campaign ID": 260112884, "Avg. Cost": 0.090125, "Avg. CPV": 0.0, "Campaign": "Gen-term_FH-WG-BM-MOR", "Interaction Rate": 19.08, "Advertising Channel": "Search", "Video played to 50%": 0.0, "Date": "2017-08-02", "End date": "", "CTR": 19.08, "Video played to 25%": 0.0, "Engagements": 0, "Invalid clicks": 107, "Clicks": 1355, "Views": 0, "Unique cookies": ""}, {"Campaign state": "enabled", "Interaction Types": ["Clicks"], "Campaign serving status": "eligible", "Cost": 14.77, "Interactions": 94, "Avg. CPM": 24.698997, "Bid Strategy Type": "cpc", "Video played to 100%": 0.0, "Avg. CPE": 0.0, "Mapping": false, "Start date": "2015-06-08", "View rate": 0.0, "Account ID": "1033505012", "Avg. CPC": 0.157128, "Conversions": 17.0, "Video played to 75%": 0.0, "Impressions": 598, "Avg. position": 1.6, "Advertising Sub Channel": "", "Campaign ID": 260113484, "Avg. Cost": 0.157128, "Avg. CPV": 0.0, "Campaign": "Gen-term_FH-WG-BMM-MOR", "Interaction Rate": 15.72, "Advertising Channel": "Search", "Video played to 50%": 0.0, "Date": "2017-08-02", "End date": "", "CTR": 15.72, "Video played to 25%": 0.0, "Engagements": 0, "Invalid clicks": 9, "Clicks": 94, "Views": 0, "Unique cookies": ""}, {"Campaign state": "enabled", "Interaction Types": ["Clicks"], "Campaign serving status": "eligible", "Cost": 6.0, "Interactions": 106, "Avg. CPM": 10.948905, "Bid Strategy Type": "cpc", "Video played to 100%": 0.0, "Avg. CPE": 0.0, "Mapping": false, "Start date": "2016-08-04", "View rate": 0.0, "Account ID": "1033505012", "Avg. CPC": 0.056604, "Conversions": 21.0, "Video played to 75%": 0.0, "Impressions": 548, "Avg. position": 1.4, "Advertising Sub Channel": "", "Campaign ID": 637556576, "Avg. Cost": 0.056604, "Avg. CPV": 0.0, "Campaign": "Brand-term_Kiem-Vu", "Interaction Rate": 19.34, "Advertising Channel": "Search", "Video played to 50%": 0.0, "Date": "2017-08-02", "End date": "", "CTR": 19.34, "Video played to 25%": 0.0, "Engagements": 0, "Invalid clicks": 7, "Clicks": 106, "Views": 0, "Unique cookies": ""}, {"Campaign state": "enabled", "Interaction Types": ["Clicks"], "Campaign serving status": "eligible", "Cost": 251.03, "Interactions": 6448, "Avg. CPM": 5.420526, "Bid Strategy Type": "cpc", "Video played to 100%": 0.0, "Avg. CPE": 0.0, "Mapping": false, "Start date": "2016-08-18", "View rate": 0.0, "Account ID": "1033505012", "Avg. CPC": 0.038931, "Conversions": 922.0, "Video played to 75%": 0.0, "Impressions": 46311, "Avg. position": 2.4, "Advertising Sub Channel": "", "Campaign ID": 645195815, "Avg. Cost": 0.038931, "Avg. CPV": 0.0, "Campaign": "Brand-term_360Game", "Interaction Rate": 13.92, "Advertising Channel": "Search", "Video played to 50%": 0.0, "Date": "2017-08-02", "End date": "", "CTR": 13.92, "Video played to 25%": 0.0, "Engagements": 0, "Invalid clicks": 272, "Clicks": 6448, "Views": 0, "Unique cookies": ""}, {"Campaign state": "enabled", "Interaction Types": ["Clicks"], "Campaign serving status": "eligible", "Cost": 27.88, "Interactions": 303, "Avg. CPM": 21.25, "Bid Strategy Type": "cpc", "Video played to 100%": 0.0, "Avg. CPE": 0.0, "Mapping": false, "Start date": "2016-08-30", "View rate": 0.0, "Account ID": "1033505012", "Avg. CPC": 0.092013, "Conversions": 53.0, "Video played to 75%": 0.0, "Impressions": 1312, "Avg. position": 1.2, "Advertising Sub Channel": "", "Campaign ID": 651551927, "Avg. Cost": 0.092013, "Avg. CPV": 0.0, "Campaign": "Brand-term_MUdts", "Interaction Rate": 23.09, "Advertising Channel": "Search", "Video played to 50%": 0.0, "Date": "2017-08-02", "End date": "", "CTR": 23.09, "Video played to 25%": 0.0, "Engagements": 0, "Invalid clicks": 11, "Clicks": 303, "Views": 0, "Unique cookies": ""}, {"Campaign state": "enabled", "Interaction Types": ["Clicks"], "Campaign serving status": "eligible", "Cost": 7.78, "Interactions": 80, "Avg. CPM": 13.967684, "Bid Strategy Type": "cpc", "Video played to 100%": 0.0, "Avg. CPE": 0.0, "Mapping": false, "Start date": "2015-06-08", "View rate": 0.0, "Account ID": "1033505012", "Avg. CPC": 0.09725, "Conversions": 12.0, "Video played to 75%": 0.0, "Impressions": 557, "Avg. position": 2.0, "Advertising Sub Channel": "", "Campaign ID": 260085404, "Avg. Cost": 0.09725, "Avg. CPV": 0.0, "Campaign": "Gen-term_FH-GO-BMM-MOR", "Interaction Rate": 14.36, "Advertising Channel": "Search", "Video played to 50%": 0.0, "Date": "2017-08-02", "End date": "", "CTR": 14.36, "Video played to 25%": 0.0, "Engagements": 0, "Invalid clicks": 14, "Clicks": 80, "Views": 0, "Unique cookies": ""}, {"Campaign state": "enabled", "Interaction Types": ["Clicks"], "Campaign serving status": "eligible", "Cost": 1.53, "Interactions": 10, "Avg. CPM": 18.888889, "Bid Strategy Type": "cpc", "Video played to 100%": 0.0, "Avg. CPE": 0.0, "Mapping": false, "Start date": "2015-06-08", "View rate": 0.0, "Account ID": "1033505012", "Avg. CPC": 0.153, "Conversions": 4.0, "Video played to 75%": 0.0, "Impressions": 81, "Avg. position": 2.2, "Advertising Sub Channel": "", "Campaign ID": 260086724, "Avg. Cost": 0.153, "Avg. CPV": 0.0, "Campaign": "Gen-term_MT-Game-Phrase-MOR", "Interaction Rate": 12.35, "Advertising Channel": "Search", "Video played to 50%": 0.0, "Date": "2017-08-02", "End date": "", "CTR": 12.35, "Video played to 25%": 0.0, "Engagements": 0, "Invalid clicks": 0, "Clicks": 10, "Views": 0, "Unique cookies": ""}, {"Campaign state": "enabled", "Interaction Types": ["Clicks"], "Campaign serving status": "eligible", "Cost": 2.52, "Interactions": 14, "Avg. CPM": 66.315789, "Bid Strategy Type": "cpc", "Video played to 100%": 0.0, "Avg. CPE": 0.0, "Mapping": false, "Start date": "2015-06-08", "View rate": 0.0, "Account ID": "1033505012", "Avg. CPC": 0.18, "Conversions": 4.0, "Video played to 75%": 0.0, "Impressions": 38, "Avg. position": 1.9, "Advertising Sub Channel": "", "Campaign ID": 260114804, "Avg. Cost": 0.18, "Avg. CPV": 0.0, "Campaign": "Gen-term_MT-WG-Exact-MOR", "Interaction Rate": 36.84, "Advertising Channel": "Search", "Video played to 50%": 0.0, "Date": "2017-08-02", "End date": "", "CTR": 36.84, "Video played to 25%": 0.0, "Engagements": 0, "Invalid clicks": 0, "Clicks": 14, "Views": 0, "Unique cookies": ""}, {"Campaign state": "enabled", "Interaction Types": ["Clicks"], "Campaign serving status": "eligible", "Cost": 152.66, "Interactions": 2317, "Avg. CPM": 18.907605, "Bid Strategy Type": "cpc", "Video played to 100%": 0.0, "Avg. CPE": 0.0, "Mapping": false, "Start date": "2017-06-26", "View rate": 0.0, "Account ID": "1033505012", "Avg. CPC": 0.065887, "Conversions": 176.0, "Video played to 75%": 0.0, "Impressions": 8074, "Avg. position": 1.0, "Advertising Sub Channel": "", "Campaign ID": 868336773, "Avg. Cost": 0.065887, "Avg. CPV": 0.0, "Campaign": "Brand-term_Thoi-loan", "Interaction Rate": 28.7, "Advertising Channel": "Search", "Video played to 50%": 0.0, "Date": "2017-08-02", "End date": "", "CTR": 28.7, "Video played to 25%": 0.0, "Engagements": 0, "Invalid clicks": 354, "Clicks": 2317, "Views": 0, "Unique cookies": ""}, {"Campaign state": "enabled", "Interaction Types": ["Clicks"], "Campaign serving status": "eligible", "Cost": 15.2, "Interactions": 344, "Avg. CPM": 13.644524, "Bid Strategy Type": "cpc", "Video played to 100%": 0.0, "Avg. CPE": 0.0, "Mapping": false, "Start date": "2017-07-11", "View rate": 0.0, "Account ID": "1033505012", "Avg. CPC": 0.044186, "Conversions": 46.0, "Video played to 75%": 0.0, "Impressions": 1114, "Avg. position": 1.0, "Advertising Sub Channel": "", "Campaign ID": 879391568, "Avg. Cost": 0.044186, "Avg. CPV": 0.0, "Campaign": "Brand-term_Ngoa-Long", "Interaction Rate": 30.88, "Advertising Channel": "Search", "Video played to 50%": 0.0, "Date": "2017-08-02", "End date": "", "CTR": 30.88, "Video played to 25%": 0.0, "Engagements": 0, "Invalid clicks": 8, "Clicks": 344, "Views": 0, "Unique cookies": ""}, {"Campaign state": "enabled", "Interaction Types": ["Clicks"], "Campaign serving status": "eligible", "Cost": 22.14, "Interactions": 205, "Avg. CPM": 16.101818, "Bid Strategy Type": "cpc", "Video played to 100%": 0.0, "Avg. CPE": 0.0, "Mapping": false, "Start date": "2015-06-08", "View rate": 0.0, "Account ID": "1033505012", "Avg. CPC": 0.108, "Conversions": 43.0, "Video played to 75%": 0.0, "Impressions": 1375, "Avg. position": 1.8, "Advertising Sub Channel": "", "Campaign ID": 260083484, "Avg. Cost": 0.108, "Avg. CPV": 0.0, "Campaign": "Gen-term_FH-Game-Exact-MOR", "Interaction Rate": 14.91, "Advertising Channel": "Search", "Video played to 50%": 0.0, "Date": "2017-08-02", "End date": "", "CTR": 14.91, "Video played to 25%": 0.0, "Engagements": 0, "Invalid clicks": 13, "Clicks": 205, "Views": 0, "Unique cookies": ""}, {"Campaign state": "enabled", "Interaction Types": ["Clicks"], "Campaign serving status": "eligible", "Cost": 6.22, "Interactions": 125, "Avg. CPM": 17.670455, "Bid Strategy Type": "cpc", "Video played to 100%": 0.0, "Avg. CPE": 0.0, "Mapping": false, "Start date": "2015-06-08", "View rate": 0.0, "Account ID": "1033505012", "Avg. CPC": 0.04976, "Conversions": 20.0, "Video played to 75%": 0.0, "Impressions": 352, "Avg. position": 1.4, "Advertising Sub Channel": "", "Campaign ID": 260083724, "Avg. Cost": 0.04976, "Avg. CPV": 0.0, "Campaign": "Gen-term_MT-Game-BMM-MOR", "Interaction Rate": 35.51, "Advertising Channel": "Search", "Video played to 50%": 0.0, "Date": "2017-08-02", "End date": "", "CTR": 35.51, "Video played to 25%": 0.0, "Engagements": 0, "Invalid clicks": 9, "Clicks": 125, "Views": 0, "Unique cookies": ""}, {"Campaign state": "enabled", "Interaction Types": ["Clicks"], "Campaign serving status": "eligible", "Cost": 5.17, "Interactions": 23, "Avg. CPM": 70.821918, "Bid Strategy Type": "cpc", "Video played to 100%": 0.0, "Avg. CPE": 0.0, "Mapping": false, "Start date": "2015-06-08", "View rate": 0.0, "Account ID": "1033505012", "Avg. CPC": 0.224783, "Conversions": 1.0, "Video played to 75%": 0.0, "Impressions": 73, "Avg. position": 1.2, "Advertising Sub Channel": "", "Campaign ID": 260101724, "Avg. Cost": 0.224783, "Avg. CPV": 0.0, "Campaign": "Gen-term_FH-PCG-BMM-MOR", "Interaction Rate": 31.51, "Advertising Channel": "Search", "Video played to 50%": 0.0, "Date": "2017-08-02", "End date": "", "CTR": 31.51, "Video played to 25%": 0.0, "Engagements": 0, "Invalid clicks": 0, "Clicks": 23, "Views": 0, "Unique cookies": ""}, {"Campaign state": "enabled", "Interaction Types": ["Clicks"], "Campaign serving status": "eligible", "Cost": 0.59, "Interactions": 3, "Avg. CPM": 84.285714, "Bid Strategy Type": "cpc", "Video played to 100%": 0.0, "Avg. CPE": 0.0, "Mapping": false, "Start date": "2015-06-08", "View rate": 0.0, "Account ID": "1033505012", "Avg. CPC": 0.196667, "Conversions": 1.0, "Video played to 75%": 0.0, "Impressions": 7, "Avg. position": 2.1, "Advertising Sub Channel": "", "Campaign ID": 260112404, "Avg. Cost": 0.196667, "Avg. CPV": 0.0, "Campaign": "Gen-term_MT-WG-BMM-MOR", "Interaction Rate": 42.86, "Advertising Channel": "Search", "Video played to 50%": 0.0, "Date": "2017-08-02", "End date": "", "CTR": 42.86, "Video played to 25%": 0.0, "Engagements": 0, "Invalid clicks": 0, "Clicks": 3, "Views": 0, "Unique cookies": ""}, {"Campaign state": "enabled", "Interaction Types": ["Clicks"], "Campaign serving status": "eligible", "Cost": 0.6, "Interactions": 2, "Avg. CPM": 75.0, "Bid Strategy Type": "cpc", "Video played to 100%": 0.0, "Avg. CPE": 0.0, "Mapping": false, "Start date": "2015-06-08", "View rate": 0.0, "Account ID": "1033505012", "Avg. CPC": 0.3, "Conversions": 1.0, "Video played to 75%": 0.0, "Impressions": 8, "Avg. position": 1.5, "Advertising Sub Channel": "", "Campaign ID": 260098244, "Avg. Cost": 0.3, "Avg. CPV": 0.0, "Campaign": "Gen-term_FH-GPC-Exact-MOR", "Interaction Rate": 25.0, "Advertising Channel": "Search", "Video played to 50%": 0.0, "Date": "2017-08-02", "End date": "", "CTR": 25.0, "Video played to 25%": 0.0, "Engagements": 0, "Invalid clicks": 0, "Clicks": 2, "Views": 0, "Unique cookies": ""}, {"Campaign state": "enabled", "Interaction Types": ["Clicks"], "Campaign serving status": "eligible", "Cost": 42.28, "Interactions": 976, "Avg. CPM": 18.625551, "Bid Strategy Type": "cpc", "Video played to 100%": 0.0, "Avg. CPE": 0.0, "Mapping": false, "Start date": "2016-08-04", "View rate": 0.0, "Account ID": "1033505012", "Avg. CPC": 0.04332, "Conversions": 122.0, "Video played to 75%": 0.0, "Impressions": 2270, "Avg. position": 1.0, "Advertising Sub Channel": "", "Campaign ID": 637694601, "Avg. Cost": 0.04332, "Avg. CPV": 0.0, "Campaign": "Brand-term_Vo-Lam-Chi-Mong", "Interaction Rate": 43.0, "Advertising Channel": "Search", "Video played to 50%": 0.0, "Date": "2017-08-02", "End date": "", "CTR": 43.0, "Video played to 25%": 0.0, "Engagements": 0, "Invalid clicks": 63, "Clicks": 976, "Views": 0, "Unique cookies": ""}, {"Campaign state": "enabled", "Interaction Types": ["Clicks"], "Campaign serving status": "eligible", "Cost": 4.09, "Interactions": 66, "Avg. CPM": 18.935185, "Bid Strategy Type": "cpc", "Video played to 100%": 0.0, "Avg. CPE": 0.0, "Mapping": false, "Start date": "2016-08-04", "View rate": 0.0, "Account ID": "1033505012", "Avg. CPC": 0.06197, "Conversions": 10.0, "Video played to 75%": 0.0, "Impressions": 216, "Avg. position": 1.1, "Advertising Sub Channel": "", "Campaign ID": 637694772, "Avg. Cost": 0.06197, "Avg. CPV": 0.0, "Campaign": "Brand-term_Phong-Van", "Interaction Rate": 30.56, "Advertising Channel": "Search", "Video played to 50%": 0.0, "Date": "2017-08-02", "End date": "", "CTR": 30.56, "Video played to 25%": 0.0, "Engagements": 0, "Invalid clicks": 3, "Clicks": 66, "Views": 0, "Unique cookies": ""}, {"Campaign state": "enabled", "Interaction Types": ["Clicks"], "Campaign serving status": "eligible", "Cost": 1.93, "Interactions": 72, "Avg. CPM": 13.591549, "Bid Strategy Type": "cpc", "Video played to 100%": 0.0, "Avg. CPE": 0.0, "Mapping": false, "Start date": "2017-05-05", "View rate": 0.0, "Account ID": "1033505012", "Avg. CPC": 0.026806, "Conversions": 5.0, "Video played to 75%": 0.0, "Impressions": 142, "Avg. position": 1.0, "Advertising Sub Channel": "", "Campaign ID": 819387541, "Avg. Cost": 0.026806, "Avg. CPV": 0.0, "Campaign": "Brand-term_Thanh-Van-Chi", "Interaction Rate": 50.7, "Advertising Channel": "Search", "Video played to 50%": 0.0, "Date": "2017-08-02", "End date": "", "CTR": 50.7, "Video played to 25%": 0.0, "Engagements": 0, "Invalid clicks": 5, "Clicks": 72, "Views": 0, "Unique cookies": ""}, {"Campaign state": "enabled", "Interaction Types": ["Clicks"], "Campaign serving status": "eligible", "Cost": 9.58, "Interactions": 78, "Avg. CPM": 23.890274, "Bid Strategy Type": "cpc", "Video played to 100%": 0.0, "Avg. CPE": 0.0, "Mapping": false, "Start date": "2015-06-08", "View rate": 0.0, "Account ID": "1033505012", "Avg. CPC": 0.122821, "Conversions": 19.0, "Video played to 75%": 0.0, "Impressions": 401, "Avg. position": 1.7, "Advertising Sub Channel": "", "Campaign ID": 260084684, "Avg. Cost": 0.122821, "Avg. CPV": 0.0, "Campaign": "Gen-term_FH-Game-BMM-MOR", "Interaction Rate": 19.45, "Advertising Channel": "Search", "Video played to 50%": 0.0, "Date": "2017-08-02", "End date": "", "CTR": 19.45, "Video played to 25%": 0.0, "Engagements": 0, "Invalid clicks": 2, "Clicks": 78, "Views": 0, "Unique cookies": ""}, {"Campaign state": "enabled", "Interaction Types": ["Clicks"], "Campaign serving status": "eligible", "Cost": 0.23, "Interactions": 2, "Avg. CPM": 25.555556, "Bid Strategy Type": "cpc", "Video played to 100%": 0.0, "Avg. CPE": 0.0, "Mapping": false, "Start date": "2015-06-08", "View rate": 0.0, "Account ID": "1033505012", "Avg. CPC": 0.115, "Conversions": 2.0, "Video played to 75%": 0.0, "Impressions": 9, "Avg. position": 1.0, "Advertising Sub Channel": "", "Campaign ID": 260088164, "Avg. Cost": 0.115, "Avg. CPV": 0.0, "Campaign": "Gen-term_MT-GO-BMM-MOR", "Interaction Rate": 22.22, "Advertising Channel": "Search", "Video played to 50%": 0.0, "Date": "2017-08-02", "End date": "", "CTR": 22.22, "Video played to 25%": 0.0, "Engagements": 0, "Invalid clicks": 0, "Clicks": 2, "Views": 0, "Unique cookies": ""}, {"Campaign state": "enabled", "Interaction Types": ["Clicks"], "Campaign serving status": "eligible", "Cost": 0.2, "Interactions": 3, "Avg. CPM": 15.384615, "Bid Strategy Type": "cpc", "Video played to 100%": 0.0, "Avg. CPE": 0.0, "Mapping": false, "Start date": "2015-06-08", "View rate": 0.0, "Account ID": "1033505012", "Avg. CPC": 0.066667, "Conversions": 0.0, "Video played to 75%": 0.0, "Impressions": 13, "Avg. position": 2.8, "Advertising Sub Channel": "", "Campaign ID": 260089844, "Avg. Cost": 0.066667, "Avg. CPV": 0.0, "Campaign": "Gen-term_FH-GTT-BM-MOR", "Interaction Rate": 23.08, "Advertising Channel": "Search", "Video played to 50%": 0.0, "Date": "2017-08-02", "End date": "", "CTR": 23.08, "Video played to 25%": 0.0, "Engagements": 0, "Invalid clicks": 0, "Clicks": 3, "Views": 0, "Unique cookies": ""}, {"Campaign state": "enabled", "Interaction Types": ["Clicks"], "Campaign serving status": "eligible", "Cost": 4.05, "Interactions": 127, "Avg. CPM": 11.218837, "Bid Strategy Type": "cpc", "Video played to 100%": 0.0, "Avg. CPE": 0.0, "Mapping": false, "Start date": "2016-08-04", "View rate": 0.0, "Account ID": "1033505012", "Avg. CPC": 0.03189, "Conversions": 13.0, "Video played to 75%": 0.0, "Impressions": 361, "Avg. position": 1.0, "Advertising Sub Channel": "", "Campaign ID": 637694769, "Avg. Cost": 0.03189, "Avg. CPV": 0.0, "Campaign": "Brand-term_Thien-Long-Bat-Bo", "Interaction Rate": 35.18, "Advertising Channel": "Search", "Video played to 50%": 0.0, "Date": "2017-08-02", "End date": "", "CTR": 35.18, "Video played to 25%": 0.0, "Engagements": 0, "Invalid clicks": 9, "Clicks": 127, "Views": 0, "Unique cookies": ""}, {"Campaign state": "enabled", "Interaction Types": ["Clicks"], "Campaign serving status": "eligible", "Cost": 0.94, "Interactions": 59, "Avg. CPM": 7.401575, "Bid Strategy Type": "cpc", "Video played to 100%": 0.0, "Avg. CPE": 0.0, "Mapping": false, "Start date": "2017-06-26", "View rate": 0.0, "Account ID": "1033505012", "Avg. CPC": 0.015932, "Conversions": 5.0, "Video played to 75%": 0.0, "Impressions": 127, "Avg. position": 1.0, "Advertising Sub Channel": "", "Campaign ID": 867418735, "Avg. Cost": 0.015932, "Avg. CPV": 0.0, "Campaign": "Brand-term_Hiep-Khach-Hanh", "Interaction Rate": 46.46, "Advertising Channel": "Search", "Video played to 50%": 0.0, "Date": "2017-08-02", "End date": "", "CTR": 46.46, "Video played to 25%": 0.0, "Engagements": 0, "Invalid clicks": 2, "Clicks": 59, "Views": 0, "Unique cookies": ""}, {"Campaign state": "enabled", "Interaction Types": ["Clicks"], "Campaign serving status": "eligible", "Cost": 1.04, "Interactions": 98, "Avg. CPM": 6.5, "Bid Strategy Type": "cpc", "Video played to 100%": 0.0, "Avg. CPE": 0.0, "Mapping": false, "Start date": "2016-08-12", "View rate": 0.0, "Account ID": "1033505012", "Avg. CPC": 0.010612, "Conversions": 21.0, "Video played to 75%": 0.0, "Impressions": 160, "Avg. position": 1.0, "Advertising Sub Channel": "", "Campaign ID": 642570944, "Avg. Cost": 0.010612, "Avg. CPV": 0.0, "Campaign": "Brand-term_TTTD-ex", "Interaction Rate": 61.25, "Advertising Channel": "Search", "Video played to 50%": 0.0, "Date": "2017-08-02", "End date": "", "CTR": 61.25, "Video played to 25%": 0.0, "Engagements": 0, "Invalid clicks": 8, "Clicks": 98, "Views": 0, "Unique cookies": ""}, {"Campaign state": "Total", "Interaction Types": "", "Campaign serving status": "", "Cost": 1077.21, "Interactions": 21995, "Avg. CPM": 10.879371, "Bid Strategy Type": "", "Video played to 100%": 0.0, "Avg. CPE": 0.0, "Mapping": false, "Start date": "", "View rate": 0.0, "Account ID": "1033505012", "Avg. CPC": 0.048975, "Conversions": 3466.0, "Video played to 75%": 0.0, "Impressions": 99014, "Avg. position": 1.8, "Advertising Sub Channel": "", "Campaign ID": "", "Avg. Cost": 0.048975, "Avg. CPV": 0.0, "Campaign": "", "Interaction Rate": 22.21, "Advertising Channel": "", "Video played to 50%": 0.0, "Date": "2017-08-02", "End date": "", "CTR": 22.21, "Video played to 25%": 0.0, "Engagements": 0, "Invalid clicks": 1501, "Clicks": 21995, "Views": 0, "Unique cookies": ""}]