[{"Campaign serving status": "eligible", "Advertising Channel": "Search", "Views": 0, "Avg. CPC": 0.055, "Video played to 75%": 0.0, "Campaign state": "paused", "Video played to 50%": 0.0, "Interaction Rate": 12.9, "Mapping": false, "Account ID": "3818588895", "Start date": "2016-12-22", "Avg. CPE": 0.0, "Account Name": "[paused] G1 - WPL - vc360-2", "Impressions": 31, "Video played to 25%": 0.0, "Engagements": 0, "Conversions": 1.0, "Video played to 100%": 0.0, "Avg. Cost": 0.055, "Interactions": 4, "Clicks": 4, "Avg. CPV": 0.0, "Unique cookies": "", "Invalid clicks": 0, "Advertising Sub Channel": "", "Interaction Types": ["Clicks"], "Avg. position": 3.4, "Date": "2017-03-04", "CTR": 12.9, "Dept": "WPL", "View rate": 0.0, "Bid Strategy Type": "cpc", "Cost": 0.22, "Campaign ID": "722926206", "Avg. CPM": 7.096774, "Campaign": "Gen-term_2_MT-G-GO_game online kiem hiep-bmm", "End date": ""}, {"Campaign serving status": "eligible", "Advertising Channel": "Search", "Views": 0, "Avg. CPC": 0.09, "Video played to 75%": 0.0, "Campaign state": "paused", "Video played to 50%": 0.0, "Interaction Rate": 33.33, "Mapping": false, "Account ID": "3818588895", "Start date": "2016-12-22", "Avg. CPE": 0.0, "Account Name": "[paused] G1 - WPL - vc360-2", "Impressions": 3, "Video played to 25%": 0.0, "Engagements": 0, "Conversions": 1.0, "Video played to 100%": 0.0, "Avg. Cost": 0.09, "Interactions": 1, "Clicks": 1, "Avg. CPV": 0.0, "Unique cookies": "", "Invalid clicks": 0, "Advertising Sub Channel": "", "Interaction Types": ["Clicks"], "Avg. position": 4.7, "Date": "2017-03-04", "CTR": 33.33, "Dept": "WPL", "View rate": 0.0, "Bid Strategy Type": "cpc", "Cost": 0.09, "Campaign ID": "722927934", "Avg. CPM": 30.0, "Campaign": "Gen-term_2_MT-W-3D_webgame 3d hay nhat-bmm", "End date": ""}, {"Campaign serving status": "eligible", "Advertising Channel": "Search", "Views": 0, "Avg. CPC": 0.056667, "Video played to 75%": 0.0, "Campaign state": "paused", "Video played to 50%": 0.0, "Interaction Rate": 18.75, "Mapping": false, "Account ID": "3818588895", "Start date": "2016-12-22", "Avg. CPE": 0.0, "Account Name": "[paused] G1 - WPL - vc360-2", "Impressions": 16, "Video played to 25%": 0.0, "Engagements": 0, "Conversions": 1.0, "Video played to 100%": 0.0, "Avg. Cost": 0.056667, "Interactions": 3, "Clicks": 3, "Avg. CPV": 0.0, "Unique cookies": "", "Invalid clicks": 0, "Advertising Sub Channel": "", "Interaction Types": ["Clicks"], "Avg. position": 3.3, "Date": "2017-03-04", "CTR": 18.75, "Dept": "WPL", "View rate": 0.0, "Bid Strategy Type": "cpc", "Cost": 0.17, "Campaign ID": "722925996", "Avg. CPM": 10.625, "Campaign": "Gen-term_2_MT-G-PC_game pc ki\u1ebfm hi\u1ec7p-bmm", "End date": ""}, {"Campaign serving status": "eligible", "Advertising Channel": "Search", "Views": 0, "Avg. CPC": 0.07, "Video played to 75%": 0.0, "Campaign state": "paused", "Video played to 50%": 0.0, "Interaction Rate": 20.0, "Mapping": false, "Account ID": "3818588895", "Start date": "2016-12-22", "Avg. CPE": 0.0, "Account Name": "[paused] G1 - WPL - vc360-2", "Impressions": 5, "Video played to 25%": 0.0, "Engagements": 0, "Conversions": 0.0, "Video played to 100%": 0.0, "Avg. Cost": 0.07, "Interactions": 1, "Clicks": 1, "Avg. CPV": 0.0, "Unique cookies": "", "Invalid clicks": 0, "Advertising Sub Channel": "", "Interaction Types": ["Clicks"], "Avg. position": 3.2, "Date": "2017-03-04", "CTR": 20.0, "Dept": "WPL", "View rate": 0.0, "Bid Strategy Type": "cpc", "Cost": 0.07, "Campaign ID": "722926209", "Avg. CPM": 14.0, "Campaign": "Gen-term_2_MT-G-GO_game online ti\u00ean hi\u1ec7p-bmm", "End date": ""}, {"Campaign serving status": "eligible", "Advertising Channel": "Search", "Views": 0, "Avg. CPC": 0.1, "Video played to 75%": 0.0, "Campaign state": "paused", "Video played to 50%": 0.0, "Interaction Rate": 3.57, "Mapping": false, "Account ID": "3818588895", "Start date": "2016-12-22", "Avg. CPE": 0.0, "Account Name": "[paused] G1 - WPL - vc360-2", "Impressions": 28, "Video played to 25%": 0.0, "Engagements": 0, "Conversions": 0.0, "Video played to 100%": 0.0, "Avg. Cost": 0.1, "Interactions": 1, "Clicks": 1, "Avg. CPV": 0.0, "Unique cookies": "", "Invalid clicks": 0, "Advertising Sub Channel": "", "Interaction Types": ["Clicks"], "Avg. position": 4.3, "Date": "2017-03-04", "CTR": 3.57, "Dept": "WPL", "View rate": 0.0, "Bid Strategy Type": "cpc", "Cost": 0.1, "Campaign ID": "722926020", "Avg. CPM": 3.571429, "Campaign": "Gen-term_2_MT-G-PC_game pc nh\u1eadp vai-bmm", "End date": ""}, {"Campaign serving status": "eligible", "Advertising Channel": "Search", "Views": 0, "Avg. CPC": 0.095, "Video played to 75%": 0.0, "Campaign state": "paused", "Video played to 50%": 0.0, "Interaction Rate": 9.09, "Mapping": false, "Account ID": "3818588895", "Start date": "2016-12-22", "Avg. CPE": 0.0, "Account Name": "[paused] G1 - WPL - vc360-2", "Impressions": 22, "Video played to 25%": 0.0, "Engagements": 0, "Conversions": 0.0, "Video played to 100%": 0.0, "Avg. Cost": 0.095, "Interactions": 2, "Clicks": 2, "Avg. CPV": 0.0, "Unique cookies": "", "Invalid clicks": 0, "Advertising Sub Channel": "", "Interaction Types": ["Clicks"], "Avg. position": 3.0, "Date": "2017-03-04", "CTR": 9.09, "Dept": "WPL", "View rate": 0.0, "Bid Strategy Type": "cpc", "Cost": 0.19, "Campaign ID": "722928444", "Avg. CPM": 8.636364, "Campaign": "Gen-term_2_FH-PCG-BMM-MOR", "End date": ""}, {"Campaign serving status": "", "Advertising Channel": "", "Views": 0, "Avg. CPC": 0.07, "Video played to 75%": 0.0, "Campaign state": "Total", "Video played to 50%": 0.0, "Interaction Rate": 5.91, "Mapping": false, "Account ID": "3818588895", "Start date": "", "Avg. CPE": 0.0, "Account Name": "[paused] G1 - WPL - vc360-2", "Impressions": 203, "Video played to 25%": 0.0, "Engagements": 0, "Conversions": 3.0, "Video played to 100%": 0.0, "Avg. Cost": 0.07, "Interactions": 12, "Clicks": 12, "Avg. CPV": 0.0, "Unique cookies": "", "Invalid clicks": 0, "Advertising Sub Channel": "", "Interaction Types": "", "Avg. position": 4.1, "Date": "2017-03-04", "CTR": 5.91, "Dept": "WPL", "View rate": 0.0, "Bid Strategy Type": "", "Cost": 0.84, "Campaign ID": "", "Avg. CPM": 4.137931, "Campaign": "", "End date": ""}]