[{"Start date": "2017-07-20", "Advertising Sub Channel": "Search Mobile App", "Impressions": 300, "Avg. position": 1.0, "Campaign serving status": "eligible", "Advertising Channel": "Search", "Invalid clicks": 3, "Interactions": 28, "Video played to 50%": 0.0, "Interaction Types": ["Clicks"], "Conversions": 7.0, "Views": 0, "Engagements": 0, "Avg. CPE": 0.0, "Account Name": "VNG-PG3-TNUH-Appinstall-SEM-IOS", "End date": "", "Video played to 100%": 0.0, "Clicks": 28, "Avg. Cost": 0.085357, "Account ID": "9963010276", "Video played to 25%": 0.0, "View rate": 0.0, "Avg. CPV": 0.0, "Video played to 75%": 0.0, "Avg. CPM": 7.966667, "CTR": 9.33, "Campaign state": "enabled", "Campaign ID": 888228471, "Interaction Rate": 9.33, "Bid Strategy Type": "cpc", "Date": "2017-08-01", "Mapping": false, "Campaign": "TNUH|261|1707096|AND|SEM| Brand Keywords - broad | 18h - 0h", "Avg. CPC": 0.085357, "Unique cookies": "", "Cost": 2.39}, {"Start date": "2017-07-20", "Advertising Sub Channel": "Search Mobile App", "Impressions": 103, "Avg. position": 1.0, "Campaign serving status": "eligible", "Advertising Channel": "Search", "Invalid clicks": 0, "Interactions": 4, "Video played to 50%": 0.0, "Interaction Types": ["Clicks"], "Conversions": 0.0, "Views": 0, "Engagements": 0, "Avg. CPE": 0.0, "Account Name": "VNG-PG3-TNUH-Appinstall-SEM-IOS", "End date": "", "Video played to 100%": 0.0, "Clicks": 4, "Avg. Cost": 0.105, "Account ID": "9963010276", "Video played to 25%": 0.0, "View rate": 0.0, "Avg. CPV": 0.0, "Video played to 75%": 0.0, "Avg. CPM": 4.07767, "CTR": 3.88, "Campaign state": "enabled", "Campaign ID": 888508463, "Interaction Rate": 3.88, "Bid Strategy Type": "cpc", "Date": "2017-08-01", "Mapping": false, "Campaign": "TNUH|261|1707096|IOS|SEM| Brand Keywords - broad | 18h - 0h", "Avg. CPC": 0.105, "Unique cookies": "", "Cost": 0.42}, {"Start date": "2017-07-20", "Advertising Sub Channel": "Search Mobile App", "Impressions": 31, "Avg. position": 1.0, "Campaign serving status": "eligible", "Advertising Channel": "Search", "Invalid clicks": 0, "Interactions": 2, "Video played to 50%": 0.0, "Interaction Types": ["Clicks"], "Conversions": 0.0, "Views": 0, "Engagements": 0, "Avg. CPE": 0.0, "Account Name": "VNG-PG3-TNUH-Appinstall-SEM-IOS", "End date": "", "Video played to 100%": 0.0, "Clicks": 2, "Avg. Cost": 0.15, "Account ID": "9963010276", "Video played to 25%": 0.0, "View rate": 0.0, "Avg. CPV": 0.0, "Video played to 75%": 0.0, "Avg. CPM": 9.677419, "CTR": 6.45, "Campaign state": "enabled", "Campaign ID": 888832512, "Interaction Rate": 6.45, "Bid Strategy Type": "cpc", "Date": "2017-08-01", "Mapping": false, "Campaign": "TNUH|261|1707096|IOS|IN|SEM - Brand Keywords - Exact | 18h - 0h", "Avg. CPC": 0.15, "Unique cookies": "", "Cost": 0.3}, {"Start date": "2017-07-22", "Advertising Sub Channel": "Search Mobile App", "Impressions": 23, "Avg. position": 1.0, "Campaign serving status": "eligible", "Advertising Channel": "Search", "Invalid clicks": 0, "Interactions": 4, "Video played to 50%": 0.0, "Interaction Types": ["Clicks"], "Conversions": 1.0, "Views": 0, "Engagements": 0, "Avg. CPE": 0.0, "Account Name": "VNG-PG3-TNUH-Appinstall-SEM-IOS", "End date": "", "Video played to 100%": 0.0, "Clicks": 4, "Avg. Cost": 0.1125, "Account ID": "9963010276", "Video played to 25%": 0.0, "View rate": 0.0, "Avg. CPV": 0.0, "Video played to 75%": 0.0, "Avg. CPM": 19.565217, "CTR": 17.39, "Campaign state": "enabled", "Campaign ID": 891464140, "Interaction Rate": 17.39, "Bid Strategy Type": "cpc", "Date": "2017-08-01", "Mapping": false, "Campaign": "\"TNUH|261|1707096|AND|SEM| Brand Keywords - broad | 0h - 6h \"\"\u0110\u1ed5i ads\"\"\"", "Avg. CPC": 0.1125, "Unique cookies": "", "Cost": 0.45}, {"Start date": "2017-07-22", "Advertising Sub Channel": "Search Mobile App", "Impressions": 121, "Avg. position": 1.0, "Campaign serving status": "eligible", "Advertising Channel": "Search", "Invalid clicks": 1, "Interactions": 5, "Video played to 50%": 0.0, "Interaction Types": ["Clicks"], "Conversions": 0.0, "Views": 0, "Engagements": 0, "Avg. CPE": 0.0, "Account Name": "VNG-PG3-TNUH-Appinstall-SEM-IOS", "End date": "", "Video played to 100%": 0.0, "Clicks": 5, "Avg. Cost": 0.092, "Account ID": "9963010276", "Video played to 25%": 0.0, "View rate": 0.0, "Avg. CPV": 0.0, "Video played to 75%": 0.0, "Avg. CPM": 3.801653, "CTR": 4.13, "Campaign state": "enabled", "Campaign ID": 891527716, "Interaction Rate": 4.13, "Bid Strategy Type": "cpc", "Date": "2017-08-01", "Mapping": false, "Campaign": "\"TNUH|261|1707096|IOS|SEM| Brand Keywords - broad | 18h - 0h \"\"\u0110\u1ed5i ads\"\"\"", "Avg. CPC": 0.092, "Unique cookies": "", "Cost": 0.46}, {"Start date": "2017-07-22", "Advertising Sub Channel": "Search Mobile App", "Impressions": 14, "Avg. position": 1.0, "Campaign serving status": "eligible", "Advertising Channel": "Search", "Invalid clicks": 0, "Interactions": 4, "Video played to 50%": 0.0, "Interaction Types": ["Clicks"], "Conversions": 0.0, "Views": 0, "Engagements": 0, "Avg. CPE": 0.0, "Account Name": "VNG-PG3-TNUH-Appinstall-SEM-IOS", "End date": "", "Video played to 100%": 0.0, "Clicks": 4, "Avg. Cost": 0.0775, "Account ID": "9963010276", "Video played to 25%": 0.0, "View rate": 0.0, "Avg. CPV": 0.0, "Video played to 75%": 0.0, "Avg. CPM": 22.142857, "CTR": 28.57, "Campaign state": "enabled", "Campaign ID": 891528874, "Interaction Rate": 28.57, "Bid Strategy Type": "cpc", "Date": "2017-08-01", "Mapping": false, "Campaign": "\"TNUH|261|1707096|IOS|IN|SEM - Brand Keywords - Exact | 18h - 0h \"\"\u0110\u1ed5i ads\"\"\"", "Avg. CPC": 0.0775, "Unique cookies": "", "Cost": 0.31}, {"Start date": "2017-07-22", "Advertising Sub Channel": "Search Mobile App", "Impressions": 112, "Avg. position": 1.0, "Campaign serving status": "eligible", "Advertising Channel": "Search", "Invalid clicks": 4, "Interactions": 22, "Video played to 50%": 0.0, "Interaction Types": ["Clicks"], "Conversions": 5.0, "Views": 0, "Engagements": 0, "Avg. CPE": 0.0, "Account Name": "VNG-PG3-TNUH-Appinstall-SEM-IOS", "End date": "", "Video played to 100%": 0.0, "Clicks": 22, "Avg. Cost": 0.196364, "Account ID": "9963010276", "Video played to 25%": 0.0, "View rate": 0.0, "Avg. CPV": 0.0, "Video played to 75%": 0.0, "Avg. CPM": 38.571429, "CTR": 19.64, "Campaign state": "enabled", "Campaign ID": 892134905, "Interaction Rate": 19.64, "Bid Strategy Type": "cpc", "Date": "2017-08-01", "Mapping": false, "Campaign": "\"TNUH|261|1707096|AND|SEM| Brand Keywords - broad | 12h - 18h \"\"\u0110\u1ed5i ads\"\"\"", "Avg. CPC": 0.196364, "Unique cookies": "", "Cost": 4.32}, {"Start date": "2017-07-20", "Advertising Sub Channel": "Search Mobile App", "Impressions": 28, "Avg. position": 1.0, "Campaign serving status": "eligible", "Advertising Channel": "Search", "Invalid clicks": 1, "Interactions": 8, "Video played to 50%": 0.0, "Interaction Types": ["Clicks"], "Conversions": 0.0, "Views": 0, "Engagements": 0, "Avg. CPE": 0.0, "Account Name": "VNG-PG3-TNUH-Appinstall-SEM-IOS", "End date": "", "Video played to 100%": 0.0, "Clicks": 8, "Avg. Cost": 0.04375, "Account ID": "9963010276", "Video played to 25%": 0.0, "View rate": 0.0, "Avg. CPV": 0.0, "Video played to 75%": 0.0, "Avg. CPM": 12.5, "CTR": 28.57, "Campaign state": "enabled", "Campaign ID": 888508010, "Interaction Rate": 28.57, "Bid Strategy Type": "cpc", "Date": "2017-08-01", "Mapping": false, "Campaign": "TNUH|261|1707096|IOS|IN|SEM - Brand Keywords - Exact | 12h - 18h", "Avg. CPC": 0.04375, "Unique cookies": "", "Cost": 0.35}, {"Start date": "2017-07-20", "Advertising Sub Channel": "Search Mobile App", "Impressions": 72, "Avg. position": 1.0, "Campaign serving status": "eligible", "Advertising Channel": "Search", "Invalid clicks": 1, "Interactions": 26, "Video played to 50%": 0.0, "Interaction Types": ["Clicks"], "Conversions": 10.0, "Views": 0, "Engagements": 0, "Avg. CPE": 0.0, "Account Name": "VNG-PG3-TNUH-Appinstall-SEM-IOS", "End date": "", "Video played to 100%": 0.0, "Clicks": 26, "Avg. Cost": 0.051154, "Account ID": "9963010276", "Video played to 25%": 0.0, "View rate": 0.0, "Avg. CPV": 0.0, "Video played to 75%": 0.0, "Avg. CPM": 18.472222, "CTR": 36.11, "Campaign state": "enabled", "Campaign ID": 887230681, "Interaction Rate": 36.11, "Bid Strategy Type": "cpc", "Date": "2017-08-01", "Mapping": false, "Campaign": "TNUH|261|1707096|AND|SEM| Brand Keywords - Exact | 18h - 0h", "Avg. CPC": 0.051154, "Unique cookies": "", "Cost": 1.33}, {"Start date": "2017-07-20", "Advertising Sub Channel": "Search Mobile App", "Impressions": 59, "Avg. position": 1.0, "Campaign serving status": "eligible", "Advertising Channel": "Search", "Invalid clicks": 2, "Interactions": 19, "Video played to 50%": 0.0, "Interaction Types": ["Clicks"], "Conversions": 3.0, "Views": 0, "Engagements": 0, "Avg. CPE": 0.0, "Account Name": "VNG-PG3-TNUH-Appinstall-SEM-IOS", "End date": "", "Video played to 100%": 0.0, "Clicks": 19, "Avg. Cost": 0.036842, "Account ID": "9963010276", "Video played to 25%": 0.0, "View rate": 0.0, "Avg. CPV": 0.0, "Video played to 75%": 0.0, "Avg. CPM": 11.864407, "CTR": 32.2, "Campaign state": "enabled", "Campaign ID": 887893433, "Interaction Rate": 32.2, "Bid Strategy Type": "cpc", "Date": "2017-08-01", "Mapping": false, "Campaign": "TNUH|261|1707096|AND|SEM|Brand Keywords - Exact | 12h - 18h", "Avg. CPC": 0.036842, "Unique cookies": "", "Cost": 0.7}, {"Start date": "2017-07-22", "Advertising Sub Channel": "Search Mobile App", "Impressions": 225, "Avg. position": 1.0, "Campaign serving status": "eligible", "Advertising Channel": "Search", "Invalid clicks": 3, "Interactions": 33, "Video played to 50%": 0.0, "Interaction Types": ["Clicks"], "Conversions": 5.0, "Views": 0, "Engagements": 0, "Avg. CPE": 0.0, "Account Name": "VNG-PG3-TNUH-Appinstall-SEM-IOS", "End date": "", "Video played to 100%": 0.0, "Clicks": 33, "Avg. Cost": 0.12, "Account ID": "9963010276", "Video played to 25%": 0.0, "View rate": 0.0, "Avg. CPV": 0.0, "Video played to 75%": 0.0, "Avg. CPM": 17.6, "CTR": 14.67, "Campaign state": "enabled", "Campaign ID": 892135187, "Interaction Rate": 14.67, "Bid Strategy Type": "cpc", "Date": "2017-08-01", "Mapping": false, "Campaign": "\"TNUH|261|1707096|AND|SEM|Brand Keywords - broad | 18h - 0h \"\"\u0110\u1ed5i ads\"\"\"", "Avg. CPC": 0.12, "Unique cookies": "", "Cost": 3.96}, {"Start date": "2017-07-26", "Advertising Sub Channel": "Search Mobile App", "Impressions": 7, "Avg. position": 1.0, "Campaign serving status": "eligible", "Advertising Channel": "Search", "Invalid clicks": 0, "Interactions": 5, "Video played to 50%": 0.0, "Interaction Types": ["Clicks"], "Conversions": 1.0, "Views": 0, "Engagements": 0, "Avg. CPE": 0.0, "Account Name": "VNG-PG3-TNUH-Appinstall-SEM-IOS", "End date": "", "Video played to 100%": 0.0, "Clicks": 5, "Avg. Cost": 0.046, "Account ID": "9963010276", "Video played to 25%": 0.0, "View rate": 0.0, "Avg. CPV": 0.0, "Video played to 75%": 0.0, "Avg. CPM": 32.857143, "CTR": 71.43, "Campaign state": "enabled", "Campaign ID": 894912879, "Interaction Rate": 71.43, "Bid Strategy Type": "Target search page location", "Date": "2017-08-01", "Mapping": false, "Campaign": "\"TNUH|261|1707096|AND|SEM|Brand Keywords - Exact | 12h - 18h \"\"\u0110\u1ed5i Ads\"\" \"\"\u0110\u1ed5i c\u00e1ch set ads\"\"\"", "Avg. CPC": 0.046, "Unique cookies": "", "Cost": 0.23}, {"Start date": "2017-07-20", "Advertising Sub Channel": "Search Mobile App", "Impressions": 78, "Avg. position": 1.0, "Campaign serving status": "eligible", "Advertising Channel": "Search", "Invalid clicks": 0, "Interactions": 5, "Video played to 50%": 0.0, "Interaction Types": ["Clicks"], "Conversions": 0.0, "Views": 0, "Engagements": 0, "Avg. CPE": 0.0, "Account Name": "VNG-PG3-TNUH-Appinstall-SEM-IOS", "End date": "", "Video played to 100%": 0.0, "Clicks": 5, "Avg. Cost": 0.086, "Account ID": "9963010276", "Video played to 25%": 0.0, "View rate": 0.0, "Avg. CPV": 0.0, "Video played to 75%": 0.0, "Avg. CPM": 5.512821, "CTR": 6.41, "Campaign state": "enabled", "Campaign ID": 888832791, "Interaction Rate": 6.41, "Bid Strategy Type": "cpc", "Date": "2017-08-01", "Mapping": false, "Campaign": "TNUH|261|1707096|IOS|SEM| Brand Keywords - broad | 12h - 18h", "Avg. CPC": 0.086, "Unique cookies": "", "Cost": 0.43}, {"Start date": "2017-07-22", "Advertising Sub Channel": "Search Mobile App", "Impressions": 5, "Avg. position": 1.0, "Campaign serving status": "eligible", "Advertising Channel": "Search", "Invalid clicks": 0, "Interactions": 1, "Video played to 50%": 0.0, "Interaction Types": ["Clicks"], "Conversions": 0.0, "Views": 0, "Engagements": 0, "Avg. CPE": 0.0, "Account Name": "VNG-PG3-TNUH-Appinstall-SEM-IOS", "End date": "", "Video played to 100%": 0.0, "Clicks": 1, "Avg. Cost": 0.04, "Account ID": "9963010276", "Video played to 25%": 0.0, "View rate": 0.0, "Avg. CPV": 0.0, "Video played to 75%": 0.0, "Avg. CPM": 8.0, "CTR": 20.0, "Campaign state": "enabled", "Campaign ID": 892470129, "Interaction Rate": 20.0, "Bid Strategy Type": "cpc", "Date": "2017-08-01", "Mapping": false, "Campaign": "\"TNUH|261|1707096|IOS|SEM| Brand Keywords - Exact | 0h - 6h \"\"\u0110\u1ed5i ads\"\"\"", "Avg. CPC": 0.04, "Unique cookies": "", "Cost": 0.04}, {"Start date": "2017-07-17", "Advertising Sub Channel": "Search Mobile App", "Impressions": 50, "Avg. position": 1.0, "Campaign serving status": "eligible", "Advertising Channel": "Search", "Invalid clicks": 1, "Interactions": 18, "Video played to 50%": 0.0, "Interaction Types": ["Clicks"], "Conversions": 7.0, "Views": 0, "Engagements": 0, "Avg. CPE": 0.0, "Account Name": "VNG-PG3-TNUH-Appinstall-SEM-IOS", "End date": "", "Video played to 100%": 0.0, "Clicks": 18, "Avg. Cost": 0.036111, "Account ID": "9963010276", "Video played to 25%": 0.0, "View rate": 0.0, "Avg. CPV": 0.0, "Video played to 75%": 0.0, "Avg. CPM": 13.0, "CTR": 36.0, "Campaign state": "enabled", "Campaign ID": 884691537, "Interaction Rate": 36.0, "Bid Strategy Type": "cpc", "Date": "2017-08-01", "Mapping": false, "Campaign": "TNUH|261|1707096|AND|SEM| Brand Keywords - Exact | 6h - 12h", "Avg. CPC": 0.036111, "Unique cookies": "", "Cost": 0.65}, {"Start date": "2017-07-20", "Advertising Sub Channel": "Search Mobile App", "Impressions": 36, "Avg. position": 1.0, "Campaign serving status": "eligible", "Advertising Channel": "Search", "Invalid clicks": 0, "Interactions": 4, "Video played to 50%": 0.0, "Interaction Types": ["Clicks"], "Conversions": 0.0, "Views": 0, "Engagements": 0, "Avg. CPE": 0.0, "Account Name": "VNG-PG3-TNUH-Appinstall-SEM-IOS", "End date": "", "Video played to 100%": 0.0, "Clicks": 4, "Avg. Cost": 0.385, "Account ID": "9963010276", "Video played to 25%": 0.0, "View rate": 0.0, "Avg. CPV": 0.0, "Video played to 75%": 0.0, "Avg. CPM": 42.777778, "CTR": 11.11, "Campaign state": "enabled", "Campaign ID": 887233330, "Interaction Rate": 11.11, "Bid Strategy Type": "cpc", "Date": "2017-08-01", "Mapping": false, "Campaign": "TNUH|261|1707096|AND|SEM|Brand Keywords - broad | 0h - 6h", "Avg. CPC": 0.385, "Unique cookies": "", "Cost": 1.54}, {"Start date": "2017-07-22", "Advertising Sub Channel": "Search Mobile App", "Impressions": 25, "Avg. position": 1.0, "Campaign serving status": "eligible", "Advertising Channel": "Search", "Invalid clicks": 0, "Interactions": 6, "Video played to 50%": 0.0, "Interaction Types": ["Clicks"], "Conversions": 4.0, "Views": 0, "Engagements": 0, "Avg. CPE": 0.0, "Account Name": "VNG-PG3-TNUH-Appinstall-SEM-IOS", "End date": "", "Video played to 100%": 0.0, "Clicks": 6, "Avg. Cost": 0.06, "Account ID": "9963010276", "Video played to 25%": 0.0, "View rate": 0.0, "Avg. CPV": 0.0, "Video played to 75%": 0.0, "Avg. CPM": 14.4, "CTR": 24.0, "Campaign state": "enabled", "Campaign ID": 891500851, "Interaction Rate": 24.0, "Bid Strategy Type": "cpc", "Date": "2017-08-01", "Mapping": false, "Campaign": "\"TNUH|261|1707096|AND|SEM| Brand Keywords - Exact | 18h - 0h \"\"\u0110\u1ed5i Ads\"\"\"", "Avg. CPC": 0.06, "Unique cookies": "", "Cost": 0.36}, {"Start date": "2017-07-22", "Advertising Sub Channel": "Search Mobile App", "Impressions": 18, "Avg. position": 1.0, "Campaign serving status": "eligible", "Advertising Channel": "Search", "Invalid clicks": 0, "Interactions": 4, "Video played to 50%": 0.0, "Interaction Types": ["Clicks"], "Conversions": 1.0, "Views": 0, "Engagements": 0, "Avg. CPE": 0.0, "Account Name": "VNG-PG3-TNUH-Appinstall-SEM-IOS", "End date": "", "Video played to 100%": 0.0, "Clicks": 4, "Avg. Cost": 0.035, "Account ID": "9963010276", "Video played to 25%": 0.0, "View rate": 0.0, "Avg. CPV": 0.0, "Video played to 75%": 0.0, "Avg. CPM": 7.777778, "CTR": 22.22, "Campaign state": "enabled", "Campaign ID": 891379918, "Interaction Rate": 22.22, "Bid Strategy Type": "cpc", "Date": "2017-08-01", "Mapping": false, "Campaign": "\"TNUH|261|1707096|AND|SEM| Brand Keywords - Exact | 12h - 18h \"\"\u0110\u1ed5i Ads\"\"\"", "Avg. CPC": 0.035, "Unique cookies": "", "Cost": 0.14}, {"Start date": "2017-07-22", "Advertising Sub Channel": "Search Mobile App", "Impressions": 50, "Avg. position": 1.0, "Campaign serving status": "eligible", "Advertising Channel": "Search", "Invalid clicks": 0, "Interactions": 4, "Video played to 50%": 0.0, "Interaction Types": ["Clicks"], "Conversions": 0.0, "Views": 0, "Engagements": 0, "Avg. CPE": 0.0, "Account Name": "VNG-PG3-TNUH-Appinstall-SEM-IOS", "End date": "", "Video played to 100%": 0.0, "Clicks": 4, "Avg. Cost": 0.0575, "Account ID": "9963010276", "Video played to 25%": 0.0, "View rate": 0.0, "Avg. CPV": 0.0, "Video played to 75%": 0.0, "Avg. CPM": 4.6, "CTR": 8.0, "Campaign state": "enabled", "Campaign ID": 892140152, "Interaction Rate": 8.0, "Bid Strategy Type": "cpc", "Date": "2017-08-01", "Mapping": false, "Campaign": "\"TNUH|261|1707096|IOS|SEM|Brand Keywords - broad |6h - 12h \"\"\u0110\u1ed5i ads\"\"\"", "Avg. CPC": 0.0575, "Unique cookies": "", "Cost": 0.23}, {"Start date": "2017-07-17", "Advertising Sub Channel": "Search Mobile App", "Impressions": 141, "Avg. position": 1.0, "Campaign serving status": "eligible", "Advertising Channel": "Search", "Invalid clicks": 4, "Interactions": 34, "Video played to 50%": 0.0, "Interaction Types": ["Clicks"], "Conversions": 9.0, "Views": 0, "Engagements": 0, "Avg. CPE": 0.0, "Account Name": "VNG-PG3-TNUH-Appinstall-SEM-IOS", "End date": "", "Video played to 100%": 0.0, "Clicks": 34, "Avg. Cost": 0.096471, "Account ID": "9963010276", "Video played to 25%": 0.0, "View rate": 0.0, "Avg. CPV": 0.0, "Video played to 75%": 0.0, "Avg. CPM": 23.262411, "CTR": 24.11, "Campaign state": "enabled", "Campaign ID": 884305604, "Interaction Rate": 24.11, "Bid Strategy Type": "cpc", "Date": "2017-08-01", "Mapping": false, "Campaign": "TNUH|261|1707096|AND|SEM|Brand Keywords - broad | 6h - 12h", "Avg. CPC": 0.096471, "Unique cookies": "", "Cost": 3.28}, {"Start date": "2017-07-20", "Advertising Sub Channel": "Search Mobile App", "Impressions": 51, "Avg. position": 1.0, "Campaign serving status": "eligible", "Advertising Channel": "Search", "Invalid clicks": 0, "Interactions": 3, "Video played to 50%": 0.0, "Interaction Types": ["Clicks"], "Conversions": 0.0, "Views": 0, "Engagements": 0, "Avg. CPE": 0.0, "Account Name": "VNG-PG3-TNUH-Appinstall-SEM-IOS", "End date": "", "Video played to 100%": 0.0, "Clicks": 3, "Avg. Cost": 0.14, "Account ID": "9963010276", "Video played to 25%": 0.0, "View rate": 0.0, "Avg. CPV": 0.0, "Video played to 75%": 0.0, "Avg. CPM": 8.235294, "CTR": 5.88, "Campaign state": "enabled", "Campaign ID": 887847028, "Interaction Rate": 5.88, "Bid Strategy Type": "cpc", "Date": "2017-08-01", "Mapping": false, "Campaign": "TNUH|261|1707096|IOS|SEM|Brand Keywords - broad | 6h - 12h", "Avg. CPC": 0.14, "Unique cookies": "", "Cost": 0.42}, {"Start date": "2017-07-20", "Advertising Sub Channel": "Search Mobile App", "Impressions": 248, "Avg. position": 1.0, "Campaign serving status": "eligible", "Advertising Channel": "Search", "Invalid clicks": 3, "Interactions": 39, "Video played to 50%": 0.0, "Interaction Types": ["Clicks"], "Conversions": 7.0, "Views": 0, "Engagements": 0, "Avg. CPE": 0.0, "Account Name": "VNG-PG3-TNUH-Appinstall-SEM-IOS", "End date": "", "Video played to 100%": 0.0, "Clicks": 39, "Avg. Cost": 0.213333, "Account ID": "9963010276", "Video played to 25%": 0.0, "View rate": 0.0, "Avg. CPV": 0.0, "Video played to 75%": 0.0, "Avg. CPM": 33.548387, "CTR": 15.73, "Campaign state": "enabled", "Campaign ID": 887895359, "Interaction Rate": 15.73, "Bid Strategy Type": "cpc", "Date": "2017-08-01", "Mapping": false, "Campaign": "TNUH|261|1707096|AND|SEM| Brand Keywords - broad | 12h - 18h", "Avg. CPC": 0.213333, "Unique cookies": "", "Cost": 8.32}, {"Start date": "2017-07-22", "Advertising Sub Channel": "Search Mobile App", "Impressions": 88, "Avg. position": 1.0, "Campaign serving status": "eligible", "Advertising Channel": "Search", "Invalid clicks": 3, "Interactions": 4, "Video played to 50%": 0.0, "Interaction Types": ["Clicks"], "Conversions": 0.0, "Views": 0, "Engagements": 0, "Avg. CPE": 0.0, "Account Name": "VNG-PG3-TNUH-Appinstall-SEM-IOS", "End date": "", "Video played to 100%": 0.0, "Clicks": 4, "Avg. Cost": 0.0575, "Account ID": "9963010276", "Video played to 25%": 0.0, "View rate": 0.0, "Avg. CPV": 0.0, "Video played to 75%": 0.0, "Avg. CPM": 2.613636, "CTR": 4.55, "Campaign state": "enabled", "Campaign ID": 891528139, "Interaction Rate": 4.55, "Bid Strategy Type": "cpc", "Date": "2017-08-01", "Mapping": false, "Campaign": "\"TNUH|261|1707096|IOS|SEM| Brand Keywords - broad | 12h - 18h \"\"\u0110\u1ed5i ads\"\"\"", "Avg. CPC": 0.0575, "Unique cookies": "", "Cost": 0.23}, {"Start date": "2017-07-22", "Advertising Sub Channel": "Search Mobile App", "Impressions": 114, "Avg. position": 1.0, "Campaign serving status": "eligible", "Advertising Channel": "Search", "Invalid clicks": 3, "Interactions": 32, "Video played to 50%": 0.0, "Interaction Types": ["Clicks"], "Conversions": 11.0, "Views": 0, "Engagements": 0, "Avg. CPE": 0.0, "Account Name": "VNG-PG3-TNUH-Appinstall-SEM-IOS", "End date": "", "Video played to 100%": 0.0, "Clicks": 32, "Avg. Cost": 0.128125, "Account ID": "9963010276", "Video played to 25%": 0.0, "View rate": 0.0, "Avg. CPV": 0.0, "Video played to 75%": 0.0, "Avg. CPM": 35.964912, "CTR": 28.07, "Campaign state": "enabled", "Campaign ID": 892134671, "Interaction Rate": 28.07, "Bid Strategy Type": "cpc", "Date": "2017-08-01", "Mapping": false, "Campaign": "\"TNUH|261|1707096|AND|SEM|Brand Keywords - broad | 6h - 12h \"\"\u0110\u1ed5i ads\"\"\"", "Avg. CPC": 0.128125, "Unique cookies": "", "Cost": 4.1}, {"Start date": "2017-07-20", "Advertising Sub Channel": "Search Mobile App", "Impressions": 19, "Avg. position": 1.0, "Campaign serving status": "eligible", "Advertising Channel": "Search", "Invalid clicks": 0, "Interactions": 3, "Video played to 50%": 0.0, "Interaction Types": ["Clicks"], "Conversions": 0.0, "Views": 0, "Engagements": 0, "Avg. CPE": 0.0, "Account Name": "VNG-PG3-TNUH-Appinstall-SEM-IOS", "End date": "", "Video played to 100%": 0.0, "Clicks": 3, "Avg. Cost": 0.146667, "Account ID": "9963010276", "Video played to 25%": 0.0, "View rate": 0.0, "Avg. CPV": 0.0, "Video played to 75%": 0.0, "Avg. CPM": 23.157895, "CTR": 15.79, "Campaign state": "enabled", "Campaign ID": 887847058, "Interaction Rate": 15.79, "Bid Strategy Type": "cpc", "Date": "2017-08-01", "Mapping": false, "Campaign": "TNUH|261|1707096|IOS|IN|SEM - Brand Keywords - Exact | 6h - 12h", "Avg. CPC": 0.146667, "Unique cookies": "", "Cost": 0.44}, {"Start date": "2017-07-20", "Advertising Sub Channel": "Search Mobile App", "Impressions": 12, "Avg. position": 1.0, "Campaign serving status": "eligible", "Advertising Channel": "Search", "Invalid clicks": 0, "Interactions": 5, "Video played to 50%": 0.0, "Interaction Types": ["Clicks"], "Conversions": 2.0, "Views": 0, "Engagements": 0, "Avg. CPE": 0.0, "Account Name": "VNG-PG3-TNUH-Appinstall-SEM-IOS", "End date": "", "Video played to 100%": 0.0, "Clicks": 5, "Avg. Cost": 0.032, "Account ID": "9963010276", "Video played to 25%": 0.0, "View rate": 0.0, "Avg. CPV": 0.0, "Video played to 75%": 0.0, "Avg. CPM": 13.333333, "CTR": 41.67, "Campaign state": "enabled", "Campaign ID": 887891477, "Interaction Rate": 41.67, "Bid Strategy Type": "cpc", "Date": "2017-08-01", "Mapping": false, "Campaign": "TNUH|261|1707096|AND|SEM|Brand Keywords - Exact | 0h - 6h", "Avg. CPC": 0.032, "Unique cookies": "", "Cost": 0.16}, {"Start date": "2017-07-20", "Advertising Sub Channel": "Search Mobile App", "Impressions": 5, "Avg. position": 1.0, "Campaign serving status": "eligible", "Advertising Channel": "Search", "Invalid clicks": 0, "Interactions": 1, "Video played to 50%": 0.0, "Interaction Types": ["Clicks"], "Conversions": 0.0, "Views": 0, "Engagements": 0, "Avg. CPE": 0.0, "Account Name": "VNG-PG3-TNUH-Appinstall-SEM-IOS", "End date": "", "Video played to 100%": 0.0, "Clicks": 1, "Avg. Cost": 0.06, "Account ID": "9963010276", "Video played to 25%": 0.0, "View rate": 0.0, "Avg. CPV": 0.0, "Video played to 75%": 0.0, "Avg. CPM": 12.0, "CTR": 20.0, "Campaign state": "enabled", "Campaign ID": 888507740, "Interaction Rate": 20.0, "Bid Strategy Type": "cpc", "Date": "2017-08-01", "Mapping": false, "Campaign": "TNUH|261|1707096|IOS|SEM| Brand Keywords - Exact | 0h - 6h", "Avg. CPC": 0.06, "Unique cookies": "", "Cost": 0.06}, {"Start date": "2017-07-22", "Advertising Sub Channel": "Search Mobile App", "Impressions": 49, "Avg. position": 1.0, "Campaign serving status": "eligible", "Advertising Channel": "Search", "Invalid clicks": 0, "Interactions": 3, "Video played to 50%": 0.0, "Interaction Types": ["Clicks"], "Conversions": 0.0, "Views": 0, "Engagements": 0, "Avg. CPE": 0.0, "Account Name": "VNG-PG3-TNUH-Appinstall-SEM-IOS", "End date": "", "Video played to 100%": 0.0, "Clicks": 3, "Avg. Cost": 0.066667, "Account ID": "9963010276", "Video played to 25%": 0.0, "View rate": 0.0, "Avg. CPV": 0.0, "Video played to 75%": 0.0, "Avg. CPM": 4.081633, "CTR": 6.12, "Campaign state": "enabled", "Campaign ID": 891526774, "Interaction Rate": 6.12, "Bid Strategy Type": "cpc", "Date": "2017-08-01", "Mapping": false, "Campaign": "\"TNUH|261|1707096|IOS|SEM| Brand Keywords - broad | 0h - 6h \"\"\u0110\u1ed5i ads\"\"\"", "Avg. CPC": 0.066667, "Unique cookies": "", "Cost": 0.2}, {"Start date": "2017-07-22", "Advertising Sub Channel": "Search Mobile App", "Impressions": 19, "Avg. position": 1.0, "Campaign serving status": "eligible", "Advertising Channel": "Search", "Invalid clicks": 0, "Interactions": 2, "Video played to 50%": 0.0, "Interaction Types": ["Clicks"], "Conversions": 0.0, "Views": 0, "Engagements": 0, "Avg. CPE": 0.0, "Account Name": "VNG-PG3-TNUH-Appinstall-SEM-IOS", "End date": "", "Video played to 100%": 0.0, "Clicks": 2, "Avg. Cost": 0.02, "Account ID": "9963010276", "Video played to 25%": 0.0, "View rate": 0.0, "Avg. CPV": 0.0, "Video played to 75%": 0.0, "Avg. CPM": 2.105263, "CTR": 10.53, "Campaign state": "enabled", "Campaign ID": 891529132, "Interaction Rate": 10.53, "Bid Strategy Type": "cpc", "Date": "2017-08-01", "Mapping": false, "Campaign": "\"TNUH|261|1707096|IOS|IN|SEM - Brand Keywords - Exact | 12h - 18h \"\"\u0110\u1ed5i ads\"\"\"", "Avg. CPC": 0.02, "Unique cookies": "", "Cost": 0.04}, {"Start date": "2017-07-22", "Advertising Sub Channel": "Search Mobile App", "Impressions": 4, "Avg. position": 1.0, "Campaign serving status": "eligible", "Advertising Channel": "Search", "Invalid clicks": 7, "Interactions": 2, "Video played to 50%": 0.0, "Interaction Types": ["Clicks"], "Conversions": 1.0, "Views": 0, "Engagements": 0, "Avg. CPE": 0.0, "Account Name": "VNG-PG3-TNUH-Appinstall-SEM-IOS", "End date": "", "Video played to 100%": 0.0, "Clicks": 2, "Avg. Cost": 0.01, "Account ID": "9963010276", "Video played to 25%": 0.0, "View rate": 0.0, "Avg. CPV": 0.0, "Video played to 75%": 0.0, "Avg. CPM": 5.0, "CTR": 50.0, "Campaign state": "enabled", "Campaign ID": 892014161, "Interaction Rate": 50.0, "Bid Strategy Type": "cpc", "Date": "2017-08-01", "Mapping": false, "Campaign": "\"TNUH|261|1707096|AND|SEM| Brand Keywords - Exact | 0h - 6h \"\"\u0110\u1ed5i Ads\"\"\"", "Avg. CPC": 0.01, "Unique cookies": "", "Cost": 0.02}, {"Start date": "2017-07-22", "Advertising Sub Channel": "Search Mobile App", "Impressions": 12, "Avg. position": 1.0, "Campaign serving status": "eligible", "Advertising Channel": "Search", "Invalid clicks": 0, "Interactions": 3, "Video played to 50%": 0.0, "Interaction Types": ["Clicks"], "Conversions": 0.0, "Views": 0, "Engagements": 0, "Avg. CPE": 0.0, "Account Name": "VNG-PG3-TNUH-Appinstall-SEM-IOS", "End date": "", "Video played to 100%": 0.0, "Clicks": 3, "Avg. Cost": 0.073333, "Account ID": "9963010276", "Video played to 25%": 0.0, "View rate": 0.0, "Avg. CPV": 0.0, "Video played to 75%": 0.0, "Avg. CPM": 18.333333, "CTR": 25.0, "Campaign state": "enabled", "Campaign ID": 892470447, "Interaction Rate": 25.0, "Bid Strategy Type": "cpc", "Date": "2017-08-01", "Mapping": false, "Campaign": "\"TNUH|261|1707096|IOS|IN|SEM - Brand Keywords - Exact | 6h - 12h \"\"\u0110\u1ed5i ads\"\"\"", "Avg. CPC": 0.073333, "Unique cookies": "", "Cost": 0.22}, {"Start date": "", "Advertising Sub Channel": "", "Impressions": 2147, "Avg. position": 1.0, "Campaign serving status": "", "Advertising Channel": "", "Invalid clicks": 36, "Interactions": 333, "Video played to 50%": 0.0, "Interaction Types": "", "Conversions": 74.0, "Views": 0, "Engagements": 0, "Avg. CPE": 0.0, "Account Name": "VNG-PG3-TNUH-Appinstall-SEM-IOS", "End date": "", "Video played to 100%": 0.0, "Clicks": 333, "Avg. Cost": 0.108408, "Account ID": "9963010276", "Video played to 25%": 0.0, "View rate": 0.0, "Avg. CPV": 0.0, "Video played to 75%": 0.0, "Avg. CPM": 16.814159, "CTR": 15.51, "Campaign state": "Total", "Campaign ID": "", "Interaction Rate": 15.51, "Bid Strategy Type": "", "Date": "2017-08-01", "Mapping": false, "Campaign": "", "Avg. CPC": 0.108408, "Unique cookies": "", "Cost": 36.1}]