[{"End date": "", "Invalid clicks": 1006, "Unique cookies": 245930, "Cost": 237.63, "Avg. CPC": 0.018371, "Account ID": "5008396449", "Account Name": "VNG - PG1 - JXM", "Advertising Sub Channel": "", "Campaign state": "paused", "Video played to 100%": 0.0, "Interaction Types": ["Clicks"], "Campaign serving status": "eligible", "Date": "2017-06-06", "Interaction Rate": 1.68, "CTR": 1.68, "View rate": 0.0, "Avg. CPV": 0.0, "Avg. CPM": 0.308099, "Engagements": 0, "Avg. Cost": 0.018371, "Clicks": 12935, "Views": 0, "Avg. CPE": 0.0, "Video played to 25%": 0.0, "Bid Strategy Type": "Maximize clicks", "Impressions": 771277, "Advertising Channel": "Display", "Mapping": false, "Avg. position": 1.0, "Start date": "2017-05-26", "Video played to 50%": 0.0, "Video played to 75%": 0.0, "Campaign": "JXM | 1705015 1706010 1707028 | Branding GDN - iOS", "Conversions": 54.0, "Campaign ID": 837910039, "Interactions": 12935}, {"End date": "", "Invalid clicks": 52, "Unique cookies": "", "Cost": 23.51, "Avg. CPC": 0.013961, "Account ID": "5008396449", "Account Name": "VNG - PG1 - JXM", "Advertising Sub Channel": "", "Campaign state": "enabled", "Video played to 100%": 0.0, "Interaction Types": ["Clicks"], "Campaign serving status": "eligible", "Date": "2017-06-06", "Interaction Rate": 72.52, "CTR": 72.52, "View rate": 0.0, "Avg. CPV": 0.0, "Avg. CPM": 10.124892, "Engagements": 0, "Avg. Cost": 0.013961, "Clicks": 1684, "Views": 0, "Avg. CPE": 0.0, "Video played to 25%": 0.0, "Bid Strategy Type": "Maximize clicks", "Impressions": 2322, "Advertising Channel": "Search", "Mapping": false, "Avg. position": 1.0, "Start date": "2016-10-16", "Video played to 50%": 0.0, "Video played to 75%": 0.0, "Campaign": "JXM | 1610105 1611013 1611026 1611062 1703048 1704017 1705015 1706010 1707028 1709054 | Search Desktop Only", "Conversions": 0.0, "Campaign ID": 682542681, "Interactions": 1684}, {"End date": "", "Invalid clicks": 469, "Unique cookies": "", "Cost": 427.65, "Avg. CPC": 0.143555, "Account ID": "5008396449", "Account Name": "VNG - PG1 - JXM", "Advertising Sub Channel": "Search Mobile App", "Campaign state": "enabled", "Video played to 100%": 0.0, "Interaction Types": ["Clicks"], "Campaign serving status": "eligible", "Date": "2017-06-06", "Interaction Rate": 12.82, "CTR": 12.82, "View rate": 0.0, "Avg. CPV": 0.0, "Avg. CPM": 18.4078, "Engagements": 0, "Avg. Cost": 0.143555, "Clicks": 2979, "Views": 0, "Avg. CPE": 0.0, "Video played to 25%": 0.0, "Bid Strategy Type": "Target CPA", "Impressions": 23232, "Advertising Channel": "Search", "Mapping": false, "Avg. position": 1.3, "Start date": "2016-10-16", "Video played to 50%": 0.0, "Video played to 75%": 0.0, "Campaign": "JXM | 1610105 1611013 1611026 1611062 1703048 1704016 1706008 1707026 1709039 | Search Google Play Store", "Conversions": 937.0, "Campaign ID": 682545537, "Interactions": 2979}, {"End date": "", "Invalid clicks": 598, "Unique cookies": "", "Cost": 640.66771, "Avg. CPC": 0.124257, "Account ID": "5008396449", "Account Name": "VNG - PG1 - JXM", "Advertising Sub Channel": "Universal App Campaign", "Campaign state": "enabled", "Video played to 100%": 6.38, "Interaction Types": ["Clicks", "Engagements", "Views"], "Campaign serving status": "eligible", "Date": "2017-06-06", "Interaction Rate": 9.8, "CTR": 1.41, "View rate": 17.48, "Avg. CPV": 0.018323, "Avg. CPM": 1.75188, "Engagements": 7610, "Avg. Cost": 0.017879, "Clicks": 5156, "Views": 27935, "Avg. CPE": 0.067263, "Video played to 25%": 18.11, "Bid Strategy Type": "Target CPA", "Impressions": 365703, "Advertising Channel": "Multi Channel", "Mapping": false, "Avg. position": 1.1, "Start date": "2016-11-15", "Video played to 50%": 10.75, "Video played to 75%": 8.49, "Campaign": "JXM | 1610105 1611013 1611026 1611062 1703048 1706008 1707026 1709039 | UAC GMG Android", "Conversions": 762.0, "Campaign ID": 699351990, "Interactions": 35834}, {"End date": "", "Invalid clicks": 148, "Unique cookies": "", "Cost": 376.08368, "Avg. CPC": 0.149299, "Account ID": "5008396449", "Account Name": "VNG - PG1 - JXM", "Advertising Sub Channel": "Universal App Campaign", "Campaign state": "enabled", "Video played to 100%": 6.67, "Interaction Types": ["Clicks", "Engagements", "Views"], "Campaign serving status": "eligible", "Date": "2017-06-06", "Interaction Rate": 6.23, "CTR": 0.67, "View rate": 15.09, "Avg. CPV": 0.013528, "Avg. CPM": 1.001656, "Engagements": 4562, "Avg. Cost": 0.016072, "Clicks": 2519, "Views": 18528, "Avg. CPE": 0.054944, "Video played to 25%": 21.21, "Bid Strategy Type": "Target CPA", "Impressions": 375462, "Advertising Channel": "Multi Channel", "Mapping": false, "Avg. position": 1.0, "Start date": "2016-12-28", "Video played to 50%": 11.9, "Video played to 75%": 9.38, "Campaign": "JXM | 1610105 1611013 1611026 1611062 1703048 1704016 1706008 1707026 1709039 | UAC App Store - iOS", "Conversions": 332.0, "Campaign ID": 726209660, "Interactions": 23400}, {"End date": "", "Invalid clicks": 2584, "Unique cookies": 359542, "Cost": 209.08, "Avg. CPC": 0.017235, "Account ID": "5008396449", "Account Name": "VNG - PG1 - JXM", "Advertising Sub Channel": "", "Campaign state": "paused", "Video played to 100%": 0.0, "Interaction Types": ["Clicks"], "Campaign serving status": "eligible", "Date": "2017-06-06", "Interaction Rate": 1.54, "CTR": 1.54, "View rate": 0.0, "Avg. CPV": 0.0, "Avg. CPM": 0.266104, "Engagements": 0, "Avg. Cost": 0.017235, "Clicks": 12131, "Views": 0, "Avg. CPE": 0.0, "Video played to 25%": 0.0, "Bid Strategy Type": "Maximize clicks", "Impressions": 785709, "Advertising Channel": "Display", "Mapping": false, "Avg. position": 1.0, "Start date": "2017-06-02", "Video played to 50%": 0.0, "Video played to 75%": 0.0, "Campaign": "JXM | 1705015 1706010 1707028 | Branding GDN - Android", "Conversions": 88.0, "Campaign ID": 843945598, "Interactions": 12131}, {"End date": "", "Invalid clicks": 4857, "Unique cookies": "", "Cost": 1914.62139, "Avg. CPC": 0.051188, "Account ID": "5008396449", "Account Name": "VNG - PG1 - JXM", "Advertising Sub Channel": "", "Campaign state": "Total", "Video played to 100%": 6.51, "Interaction Types": "", "Campaign serving status": "", "Date": "2017-06-06", "Interaction Rate": 3.83, "CTR": 1.61, "View rate": 16.44, "Avg. CPV": 0.016411, "Avg. CPM": 0.823952, "Engagements": 12172, "Avg. Cost": 0.021522, "Clicks": 37404, "Views": 46463, "Avg. CPE": 0.062646, "Video played to 25%": 19.5, "Bid Strategy Type": "", "Impressions": 2323705, "Advertising Channel": "", "Mapping": false, "Avg. position": 1.0, "Start date": "", "Video played to 50%": 11.26, "Video played to 75%": 8.89, "Campaign": "", "Conversions": 2173.0, "Campaign ID": "", "Interactions": 88963}]