[{"End date": "", "Invalid clicks": 328, "Unique cookies": "", "Cost": 405.17, "Avg. CPC": 0.146165, "Account ID": "5008396449", "Account Name": "VNG - PG1 - JXM", "Advertising Sub Channel": "Search Mobile App", "Campaign state": "enabled", "Video played to 100%": 0.0, "Interaction Types": ["Clicks"], "Campaign serving status": "eligible", "Date": "2017-06-02", "Interaction Rate": 10.72, "CTR": 10.72, "View rate": 0.0, "Avg. CPV": 0.0, "Avg. CPM": 15.672675, "Engagements": 0, "Avg. Cost": 0.146165, "Clicks": 2772, "Views": 0, "Avg. CPE": 0.0, "Video played to 25%": 0.0, "Bid Strategy Type": "Target CPA", "Impressions": 25852, "Advertising Channel": "Search", "Mapping": false, "Avg. position": 1.3, "Start date": "2016-10-16", "Video played to 50%": 0.0, "Video played to 75%": 0.0, "Campaign": "JXM | 1610105 1611013 1611026 1611062 1703048 1704016 1706008 1707026 1709039 | Search Google Play Store", "Conversions": 834.0, "Campaign ID": 682545537, "Interactions": 2772}, {"End date": "", "Invalid clicks": 77, "Unique cookies": "", "Cost": 24.72, "Avg. CPC": 0.013501, "Account ID": "5008396449", "Account Name": "VNG - PG1 - JXM", "Advertising Sub Channel": "", "Campaign state": "enabled", "Video played to 100%": 0.0, "Interaction Types": ["Clicks"], "Campaign serving status": "eligible", "Date": "2017-06-02", "Interaction Rate": 71.61, "CTR": 71.61, "View rate": 0.0, "Avg. CPV": 0.0, "Avg. CPM": 9.667579, "Engagements": 0, "Avg. Cost": 0.013501, "Clicks": 1831, "Views": 0, "Avg. CPE": 0.0, "Video played to 25%": 0.0, "Bid Strategy Type": "Maximize clicks", "Impressions": 2557, "Advertising Channel": "Search", "Mapping": false, "Avg. position": 1.0, "Start date": "2016-10-16", "Video played to 50%": 0.0, "Video played to 75%": 0.0, "Campaign": "JXM | 1610105 1611013 1611026 1611062 1703048 1704017 1705015 1706010 1707028 1709054 | Search Desktop Only", "Conversions": 0.0, "Campaign ID": 682542681, "Interactions": 1831}, {"End date": "", "Invalid clicks": 1322, "Unique cookies": "", "Cost": 607.16978, "Avg. CPC": 0.058703, "Account ID": "5008396449", "Account Name": "VNG - PG1 - JXM", "Advertising Sub Channel": "Universal App Campaign", "Campaign state": "enabled", "Video played to 100%": 7.89, "Interaction Types": ["Clicks", "Engagements", "Views"], "Campaign serving status": "eligible", "Date": "2017-06-02", "Interaction Rate": 4.79, "CTR": 1.49, "View rate": 14.85, "Avg. CPV": 0.014719, "Avg. CPM": 0.875677, "Engagements": 10023, "Avg. Cost": 0.018294, "Clicks": 10343, "Views": 17681, "Avg. CPE": 0.025967, "Video played to 25%": 21.89, "Bid Strategy Type": "Target CPA", "Impressions": 693372, "Advertising Channel": "Multi Channel", "Mapping": false, "Avg. position": 1.1, "Start date": "2016-11-15", "Video played to 50%": 13.03, "Video played to 75%": 10.14, "Campaign": "JXM | 1610105 1611013 1611026 1611062 1703048 1706008 1707026 1709039 | UAC GMG Android", "Conversions": 1469.0, "Campaign ID": 699351990, "Interactions": 33189}, {"End date": "", "Invalid clicks": 167, "Unique cookies": "", "Cost": 314.38364, "Avg. CPC": 0.128006, "Account ID": "5008396449", "Account Name": "VNG - PG1 - JXM", "Advertising Sub Channel": "Universal App Campaign", "Campaign state": "enabled", "Video played to 100%": 5.78, "Interaction Types": ["Clicks", "Engagements", "Views"], "Campaign serving status": "eligible", "Date": "2017-06-02", "Interaction Rate": 4.88, "CTR": 0.7, "View rate": 16.25, "Avg. CPV": 0.013811, "Avg. CPM": 0.896976, "Engagements": 2566, "Avg. Cost": 0.018391, "Clicks": 2456, "Views": 13450, "Avg. CPE": 0.072402, "Video played to 25%": 17.75, "Bid Strategy Type": "Target CPA", "Impressions": 350493, "Advertising Channel": "Multi Channel", "Mapping": false, "Avg. position": 1.0, "Start date": "2016-12-28", "Video played to 50%": 9.91, "Video played to 75%": 8.02, "Campaign": "JXM | 1610105 1611013 1611026 1611062 1703048 1704016 1706008 1707026 1709039 | UAC App Store - iOS", "Conversions": 266.0, "Campaign ID": 726209660, "Interactions": 17094}, {"End date": "", "Invalid clicks": 2678, "Unique cookies": 212535, "Cost": 184.06, "Avg. CPC": 0.022715, "Account ID": "5008396449", "Account Name": "VNG - PG1 - JXM", "Advertising Sub Channel": "", "Campaign state": "paused", "Video played to 100%": 0.0, "Interaction Types": ["Clicks"], "Campaign serving status": "eligible", "Date": "2017-06-02", "Interaction Rate": 1.45, "CTR": 1.45, "View rate": 0.0, "Avg. CPV": 0.0, "Avg. CPM": 0.32966, "Engagements": 0, "Avg. Cost": 0.022715, "Clicks": 8103, "Views": 0, "Avg. CPE": 0.0, "Video played to 25%": 0.0, "Bid Strategy Type": "Maximize clicks", "Impressions": 558332, "Advertising Channel": "Display", "Mapping": false, "Avg. position": 1.0, "Start date": "2017-06-02", "Video played to 50%": 0.0, "Video played to 75%": 0.0, "Campaign": "JXM | 1705015 1706010 1707028 | Branding GDN - Android", "Conversions": 41.0, "Campaign ID": 843945598, "Interactions": 8103}, {"End date": "", "Invalid clicks": 699, "Unique cookies": 163382, "Cost": 123.03, "Avg. CPC": 0.015912, "Account ID": "5008396449", "Account Name": "VNG - PG1 - JXM", "Advertising Sub Channel": "", "Campaign state": "paused", "Video played to 100%": 0.0, "Interaction Types": ["Clicks"], "Campaign serving status": "eligible", "Date": "2017-06-02", "Interaction Rate": 1.71, "CTR": 1.71, "View rate": 0.0, "Avg. CPV": 0.0, "Avg. CPM": 0.27221, "Engagements": 0, "Avg. Cost": 0.015912, "Clicks": 7732, "Views": 0, "Avg. CPE": 0.0, "Video played to 25%": 0.0, "Bid Strategy Type": "Maximize clicks", "Impressions": 451968, "Advertising Channel": "Display", "Mapping": false, "Avg. position": 1.0, "Start date": "2017-05-26", "Video played to 50%": 0.0, "Video played to 75%": 0.0, "Campaign": "JXM | 1705015 1706010 1707028 | Branding GDN - iOS", "Conversions": 44.0, "Campaign ID": 837910039, "Interactions": 7732}, {"End date": "", "Invalid clicks": 5271, "Unique cookies": "", "Cost": 1658.53342, "Avg. CPC": 0.0499, "Account ID": "5008396449", "Account Name": "VNG - PG1 - JXM", "Advertising Sub Channel": "", "Campaign state": "Total", "Video played to 100%": 6.96, "Interaction Types": "", "Campaign serving status": "", "Date": "2017-06-02", "Interaction Rate": 3.4, "CTR": 1.6, "View rate": 15.43, "Avg. CPV": 0.014327, "Avg. CPM": 0.796386, "Engagements": 12589, "Avg. Cost": 0.023452, "Clicks": 33237, "Views": 31131, "Avg. CPE": 0.035432, "Video played to 25%": 20.06, "Bid Strategy Type": "", "Impressions": 2082574, "Advertising Channel": "", "Mapping": false, "Avg. position": 1.0, "Start date": "", "Video played to 50%": 11.65, "Video played to 75%": 9.21, "Campaign": "", "Conversions": 2654.0, "Campaign ID": "", "Interactions": 70721}]