[{"Account ID": "1756174326", "Conversions": 17.0, "Views": 0, "Video played to 50%": 0.0, "Advertising Sub Channel": "", "Campaign": "1. G1 - TFA - Brand - Than Khuc", "Avg. CPE": 0.0, "Campaign serving status": "eligible", "Invalid clicks": 3, "Interaction Rate": 37.41, "Interaction Types": ["Clicks"], "Engagements": 0, "End date": "", "Avg. position": 1.0, "Video played to 100%": 0.0, "Video played to 25%": 0.0, "Video played to 75%": 0.0, "Mapping": false, "Avg. CPV": 0.0, "View rate": 0.0, "Avg. CPC": 0.010794, "Avg. Cost": 0.010794, "Avg. CPM": 4.038462, "Campaign state": "paused", "Start date": "2014-05-30", "Account Name": "[paused] G1 - WPL - thankhuc360", "Cost": 2.31, "Advertising Channel": "Search", "Campaign ID": 245844012, "Interactions": 214, "Unique cookies": "", "Clicks": 214, "CTR": 37.41, "Dept": "WPL", "Bid Strategy Type": "cpc", "Date": "2017-03-03", "Impressions": 572}, {"Account ID": "1756174326", "Conversions": 0.0, "Views": 0, "Video played to 50%": 0.0, "Advertising Sub Channel": "", "Campaign": "1. G1 - TFA - Brand - Game Than Khuc", "Avg. CPE": 0.0, "Campaign serving status": "eligible", "Invalid clicks": 0, "Interaction Rate": 20.0, "Interaction Types": ["Clicks"], "Engagements": 0, "End date": "", "Avg. position": 1.0, "Video played to 100%": 0.0, "Video played to 25%": 0.0, "Video played to 75%": 0.0, "Mapping": false, "Avg. CPV": 0.0, "View rate": 0.0, "Avg. CPC": 0.025, "Avg. Cost": 0.025, "Avg. CPM": 5.0, "Campaign state": "paused", "Start date": "2014-05-30", "Account Name": "[paused] G1 - WPL - thankhuc360", "Cost": 0.05, "Advertising Channel": "Search", "Campaign ID": 245844132, "Interactions": 2, "Unique cookies": "", "Clicks": 2, "CTR": 20.0, "Dept": "WPL", "Bid Strategy Type": "cpc", "Date": "2017-03-03", "Impressions": 10}, {"Account ID": "1756174326", "Conversions": 17.0, "Views": 0, "Video played to 50%": 0.0, "Advertising Sub Channel": "", "Campaign": "", "Avg. CPE": 0.0, "Campaign serving status": "", "Invalid clicks": 3, "Interaction Rate": 37.11, "Interaction Types": "", "Engagements": 0, "End date": "", "Avg. position": 1.0, "Video played to 100%": 0.0, "Video played to 25%": 0.0, "Video played to 75%": 0.0, "Mapping": false, "Avg. CPV": 0.0, "View rate": 0.0, "Avg. CPC": 0.010926, "Avg. Cost": 0.010926, "Avg. CPM": 4.054983, "Campaign state": "Total", "Start date": "", "Account Name": "[paused] G1 - WPL - thankhuc360", "Cost": 2.36, "Advertising Channel": "", "Campaign ID": "", "Interactions": 216, "Unique cookies": "", "Clicks": 216, "CTR": 37.11, "Dept": "WPL", "Bid Strategy Type": "", "Date": "2017-03-03", "Impressions": 582}]