[{"End date": "", "Invalid clicks": 1004, "Unique cookies": 202156, "Cost": 166.57, "Avg. CPC": 0.017671, "Account ID": "5008396449", "Account Name": "VNG - PG1 - JXM", "Advertising Sub Channel": "", "Campaign state": "paused", "Video played to 100%": 0.0, "Interaction Types": ["Clicks"], "Campaign serving status": "eligible", "Date": "2017-06-10", "Interaction Rate": 1.73, "CTR": 1.73, "View rate": 0.0, "Avg. CPV": 0.0, "Avg. CPM": 0.306188, "Engagements": 0, "Avg. Cost": 0.017671, "Clicks": 9426, "Views": 0, "Avg. CPE": 0.0, "Video played to 25%": 0.0, "Bid Strategy Type": "Maximize clicks", "Impressions": 544013, "Advertising Channel": "Display", "Mapping": false, "Avg. position": 1.0, "Start date": "2017-05-26", "Video played to 50%": 0.0, "Video played to 75%": 0.0, "Campaign": "JXM | 1705015 1706010 1707028 | Branding GDN - iOS", "Conversions": 49.0, "Campaign ID": 837910039, "Interactions": 9426}, {"End date": "", "Invalid clicks": 168, "Unique cookies": "", "Cost": 449.48245, "Avg. CPC": 0.142241, "Account ID": "5008396449", "Account Name": "VNG - PG1 - JXM", "Advertising Sub Channel": "Universal App Campaign", "Campaign state": "enabled", "Video played to 100%": 6.28, "Interaction Types": ["Clicks", "Engagements", "Views"], "Campaign serving status": "eligible", "Date": "2017-06-10", "Interaction Rate": 6.37, "CTR": 0.71, "View rate": 14.91, "Avg. CPV": 0.014012, "Avg. CPM": 1.010161, "Engagements": 4885, "Avg. Cost": 0.015867, "Clicks": 3160, "Views": 22607, "Avg. CPE": 0.064844, "Video played to 25%": 20.37, "Bid Strategy Type": "Target CPA", "Impressions": 444961, "Advertising Channel": "Multi Channel", "Mapping": false, "Avg. position": 1.0, "Start date": "2016-12-28", "Video played to 50%": 11.21, "Video played to 75%": 8.8, "Campaign": "JXM | 1610105 1611013 1611026 1611062 1703048 1704016 1706008 1707026 1709039 | UAC App Store - iOS", "Conversions": 425.0, "Campaign ID": 726209660, "Interactions": 28329}, {"End date": "", "Invalid clicks": 3181, "Unique cookies": 372247, "Cost": 236.93, "Avg. CPC": 0.017314, "Account ID": "5008396449", "Account Name": "VNG - PG1 - JXM", "Advertising Sub Channel": "", "Campaign state": "paused", "Video played to 100%": 0.0, "Interaction Types": ["Clicks"], "Campaign serving status": "eligible", "Date": "2017-06-10", "Interaction Rate": 1.56, "CTR": 1.56, "View rate": 0.0, "Avg. CPV": 0.0, "Avg. CPM": 0.269767, "Engagements": 0, "Avg. Cost": 0.017314, "Clicks": 13684, "Views": 0, "Avg. CPE": 0.0, "Video played to 25%": 0.0, "Bid Strategy Type": "Maximize clicks", "Impressions": 878277, "Advertising Channel": "Display", "Mapping": false, "Avg. position": 1.0, "Start date": "2017-06-02", "Video played to 50%": 0.0, "Video played to 75%": 0.0, "Campaign": "JXM | 1705015 1706010 1707028 | Branding GDN - Android", "Conversions": 89.0, "Campaign ID": 843945598, "Interactions": 13684}, {"End date": "", "Invalid clicks": 499, "Unique cookies": "", "Cost": 602.51491, "Avg. CPC": 0.128605, "Account ID": "5008396449", "Account Name": "VNG - PG1 - JXM", "Advertising Sub Channel": "Universal App Campaign", "Campaign state": "enabled", "Video played to 100%": 5.61, "Interaction Types": ["Clicks", "Engagements", "Views"], "Campaign serving status": "eligible", "Date": "2017-06-10", "Interaction Rate": 8.32, "CTR": 1.22, "View rate": 15.3, "Avg. CPV": 0.018939, "Avg. CPM": 1.572046, "Engagements": 5200, "Avg. Cost": 0.018891, "Clicks": 4685, "Views": 25582, "Avg. CPE": 0.093174, "Video played to 25%": 16.25, "Bid Strategy Type": "Target CPA", "Impressions": 383268, "Advertising Channel": "Multi Channel", "Mapping": false, "Avg. position": 1.1, "Start date": "2016-11-15", "Video played to 50%": 9.49, "Video played to 75%": 7.42, "Campaign": "JXM | 1610105 1611013 1611026 1611062 1703048 1706008 1707026 1709039 | UAC GMG Android", "Conversions": 968.0, "Campaign ID": 699351990, "Interactions": 31894}, {"End date": "", "Invalid clicks": 577, "Unique cookies": "", "Cost": 402.17, "Avg. CPC": 0.105556, "Account ID": "5008396449", "Account Name": "VNG - PG1 - JXM", "Advertising Sub Channel": "Search Mobile App", "Campaign state": "enabled", "Video played to 100%": 0.0, "Interaction Types": ["Clicks"], "Campaign serving status": "eligible", "Date": "2017-06-10", "Interaction Rate": 15.8, "CTR": 15.8, "View rate": 0.0, "Avg. CPV": 0.0, "Avg. CPM": 16.674406, "Engagements": 0, "Avg. Cost": 0.105556, "Clicks": 3810, "Views": 0, "Avg. CPE": 0.0, "Video played to 25%": 0.0, "Bid Strategy Type": "Target CPA", "Impressions": 24119, "Advertising Channel": "Search", "Mapping": false, "Avg. position": 1.2, "Start date": "2016-10-16", "Video played to 50%": 0.0, "Video played to 75%": 0.0, "Campaign": "JXM | 1610105 1611013 1611026 1611062 1703048 1704016 1706008 1707026 1709039 | Search Google Play Store", "Conversions": 1736.0, "Campaign ID": 682545537, "Interactions": 3810}, {"End date": "", "Invalid clicks": 75, "Unique cookies": "", "Cost": 26.11, "Avg. CPC": 0.012805, "Account ID": "5008396449", "Account Name": "VNG - PG1 - JXM", "Advertising Sub Channel": "", "Campaign state": "enabled", "Video played to 100%": 0.0, "Interaction Types": ["Clicks"], "Campaign serving status": "eligible", "Date": "2017-06-10", "Interaction Rate": 72.51, "CTR": 72.51, "View rate": 0.0, "Avg. CPV": 0.0, "Avg. CPM": 9.285206, "Engagements": 0, "Avg. Cost": 0.012805, "Clicks": 2039, "Views": 0, "Avg. CPE": 0.0, "Video played to 25%": 0.0, "Bid Strategy Type": "Maximize clicks", "Impressions": 2812, "Advertising Channel": "Search", "Mapping": false, "Avg. position": 1.0, "Start date": "2016-10-16", "Video played to 50%": 0.0, "Video played to 75%": 0.0, "Campaign": "JXM | 1610105 1611013 1611026 1611062 1703048 1704017 1705015 1706010 1707028 1709054 | Search Desktop Only", "Conversions": 0.0, "Campaign ID": 682542681, "Interactions": 2039}, {"End date": "", "Invalid clicks": 5504, "Unique cookies": "", "Cost": 1883.77736, "Avg. CPC": 0.051184, "Account ID": "5008396449", "Account Name": "VNG - PG1 - JXM", "Advertising Sub Channel": "", "Campaign state": "Total", "Video played to 100%": 5.93, "Interaction Types": "", "Campaign serving status": "", "Date": "2017-06-10", "Interaction Rate": 3.92, "CTR": 1.62, "View rate": 15.11, "Avg. CPV": 0.016628, "Avg. CPM": 0.827143, "Engagements": 10085, "Avg. Cost": 0.021123, "Clicks": 36804, "Views": 48189, "Avg. CPE": 0.079451, "Video played to 25%": 18.22, "Bid Strategy Type": "", "Impressions": 2277450, "Advertising Channel": "", "Mapping": false, "Avg. position": 1.0, "Start date": "", "Video played to 50%": 10.31, "Video played to 75%": 8.08, "Campaign": "", "Conversions": 3267.0, "Campaign ID": "", "Interactions": 89182}]