[{"Bid Strategy Type": "cpc", "Account Name": "[W] G1 - WPL - phongvan360", "End date": "", "Advertising Channel": "Search", "Mapping": false, "Campaign": "Brand-term_Game PhongVan", "Date": "2017-05-02", "Avg. CPE": 0.0, "Video played to 50%": 0.0, "Clicks": 207, "Cost": 4.16, "Video played to 25%": 0.0, "Interaction Types": ["Clicks"], "Campaign state": "paused", "Avg. position": 1.2, "Interactions": 207, "View rate": 0.0, "Campaign serving status": "eligible", "Engagements": 0, "Avg. Cost": 0.020097, "Conversions": 32.0, "Avg. CPV": 0.0, "Invalid clicks": 12, "Unique cookies": "", "Campaign ID": 192460947, "Views": 0, "Interaction Rate": 33.99, "Advertising Sub Channel": "", "Account ID": "1493302671", "Video played to 100%": 0.0, "CTR": 33.99, "Start date": "2014-07-09", "Avg. CPC": 0.020097, "Video played to 75%": 0.0, "Impressions": 609, "Avg. CPM": 6.83087}, {"Bid Strategy Type": "cpc", "Account Name": "[W] G1 - WPL - phongvan360", "End date": "", "Advertising Channel": "Search", "Mapping": false, "Campaign": "Brand-term_PhongVan", "Date": "2017-05-02", "Avg. CPE": 0.0, "Video played to 50%": 0.0, "Clicks": 455, "Cost": 18.05, "Video played to 25%": 0.0, "Interaction Types": ["Clicks"], "Campaign state": "paused", "Avg. position": 1.1, "Interactions": 455, "View rate": 0.0, "Campaign serving status": "eligible", "Engagements": 0, "Avg. Cost": 0.03967, "Conversions": 87.0, "Avg. CPV": 0.0, "Invalid clicks": 35, "Unique cookies": "", "Campaign ID": 192461067, "Views": 0, "Interaction Rate": 29.72, "Advertising Sub Channel": "", "Account ID": "1493302671", "Video played to 100%": 0.0, "CTR": 29.72, "Start date": "2014-07-09", "Avg. CPC": 0.03967, "Video played to 75%": 0.0, "Impressions": 1531, "Avg. CPM": 11.78968}, {"Bid Strategy Type": "cpc", "Account Name": "[W] G1 - WPL - phongvan360", "End date": "", "Advertising Channel": "Search", "Mapping": false, "Campaign": "Competitor-term_Tan PhongVan", "Date": "2017-05-02", "Avg. CPE": 0.0, "Video played to 50%": 0.0, "Clicks": 7, "Cost": 0.33, "Video played to 25%": 0.0, "Interaction Types": ["Clicks"], "Campaign state": "paused", "Avg. position": 1.3, "Interactions": 7, "View rate": 0.0, "Campaign serving status": "eligible", "Engagements": 0, "Avg. Cost": 0.047143, "Conversions": 2.0, "Avg. CPV": 0.0, "Invalid clicks": 0, "Unique cookies": "", "Campaign ID": 280122747, "Views": 0, "Interaction Rate": 30.43, "Advertising Sub Channel": "", "Account ID": "1493302671", "Video played to 100%": 0.0, "CTR": 30.43, "Start date": "2015-09-01", "Avg. CPC": 0.047143, "Video played to 75%": 0.0, "Impressions": 23, "Avg. CPM": 14.347826}, {"Bid Strategy Type": "", "Account Name": "[W] G1 - WPL - phongvan360", "End date": "", "Advertising Channel": "", "Mapping": false, "Campaign": "", "Date": "2017-05-02", "Avg. CPE": 0.0, "Video played to 50%": 0.0, "Clicks": 669, "Cost": 22.54, "Video played to 25%": 0.0, "Interaction Types": "", "Campaign state": "Total", "Avg. position": 1.2, "Interactions": 669, "View rate": 0.0, "Campaign serving status": "", "Engagements": 0, "Avg. Cost": 0.033692, "Conversions": 121.0, "Avg. CPV": 0.0, "Invalid clicks": 47, "Unique cookies": "", "Campaign ID": "", "Views": 0, "Interaction Rate": 30.93, "Advertising Sub Channel": "", "Account ID": "1493302671", "Video played to 100%": 0.0, "CTR": 30.93, "Start date": "", "Avg. CPC": 0.033692, "Video played to 75%": 0.0, "Impressions": 2163, "Avg. CPM": 10.420712}]