[{"Account ID": "1033505012", "Conversions": 0.0, "Views": 0, "Video played to 50%": 0.0, "Advertising Sub Channel": "", "Campaign": "Gen-term_FH-PCG-BM-MOR", "Avg. CPE": 0.0, "Campaign serving status": "eligible", "Invalid clicks": 0, "Interaction Rate": 19.23, "Interaction Types": ["Clicks"], "Engagements": 0, "End date": "", "Avg. position": 1.3, "Video played to 100%": 0.0, "Video played to 25%": 0.0, "Video played to 75%": 0.0, "Mapping": false, "Avg. CPV": 0.0, "View rate": 0.0, "Avg. CPC": 0.202, "Avg. Cost": 0.202, "Avg. CPM": 38.846154, "Campaign state": "enabled", "Start date": "2015-06-08", "Account Name": "[W] G1 - WPL - 360Game", "Cost": 1.01, "Advertising Channel": "Search", "Campaign ID": 260099204, "Interactions": 5, "Unique cookies": "", "Clicks": 5, "CTR": 19.23, "Dept": "WPL", "Bid Strategy Type": "cpc", "Date": "2017-03-03", "Impressions": 26}, {"Account ID": "1033505012", "Conversions": 3.0, "Views": 0, "Video played to 50%": 0.0, "Advertising Sub Channel": "", "Campaign": "Gen-term_FH-WG-Phrase-MOR", "Avg. CPE": 0.0, "Campaign serving status": "eligible", "Invalid clicks": 0, "Interaction Rate": 15.91, "Interaction Types": ["Clicks"], "Engagements": 0, "End date": "", "Avg. position": 1.1, "Video played to 100%": 0.0, "Video played to 25%": 0.0, "Video played to 75%": 0.0, "Mapping": false, "Avg. CPV": 0.0, "View rate": 0.0, "Avg. CPC": 0.112857, "Avg. Cost": 0.112857, "Avg. CPM": 17.954545, "Campaign state": "enabled", "Start date": "2015-06-08", "Account Name": "[W] G1 - WPL - 360Game", "Cost": 0.79, "Advertising Channel": "Search", "Campaign ID": 260112764, "Interactions": 7, "Unique cookies": "", "Clicks": 7, "CTR": 15.91, "Dept": "WPL", "Bid Strategy Type": "cpc", "Date": "2017-03-03", "Impressions": 44}, {"Account ID": "1033505012", "Conversions": 18.0, "Views": 0, "Video played to 50%": 0.0, "Advertising Sub Channel": "", "Campaign": "Gen-term_FH-WG-BMM-MOR", "Avg. CPE": 0.0, "Campaign serving status": "eligible", "Invalid clicks": 5, "Interaction Rate": 25.55, "Interaction Types": ["Clicks"], "Engagements": 0, "End date": "", "Avg. position": 1.2, "Video played to 100%": 0.0, "Video played to 25%": 0.0, "Video played to 75%": 0.0, "Mapping": false, "Avg. CPV": 0.0, "View rate": 0.0, "Avg. CPC": 0.062366, "Avg. Cost": 0.062366, "Avg. CPM": 15.934066, "Campaign state": "enabled", "Start date": "2015-06-08", "Account Name": "[W] G1 - WPL - 360Game", "Cost": 5.8, "Advertising Channel": "Search", "Campaign ID": 260113484, "Interactions": 93, "Unique cookies": "", "Clicks": 93, "CTR": 25.55, "Dept": "WPL", "Bid Strategy Type": "cpc", "Date": "2017-03-03", "Impressions": 364}, {"Account ID": "1033505012", "Conversions": 19.0, "Views": 0, "Video played to 50%": 0.0, "Advertising Sub Channel": "", "Campaign": "Brand-term_Kiem-Vu", "Avg. CPE": 0.0, "Campaign serving status": "eligible", "Invalid clicks": 8, "Interaction Rate": 48.55, "Interaction Types": ["Clicks"], "Engagements": 0, "End date": "", "Avg. position": 1.1, "Video played to 100%": 0.0, "Video played to 25%": 0.0, "Video played to 75%": 0.0, "Mapping": false, "Avg. CPV": 0.0, "View rate": 0.0, "Avg. CPC": 0.018889, "Avg. Cost": 0.018889, "Avg. CPM": 9.170124, "Campaign state": "enabled", "Start date": "2016-08-04", "Account Name": "[W] G1 - WPL - 360Game", "Cost": 2.21, "Advertising Channel": "Search", "Campaign ID": 637556576, "Interactions": 117, "Unique cookies": "", "Clicks": 117, "CTR": 48.55, "Dept": "WPL", "Bid Strategy Type": "cpc", "Date": "2017-03-03", "Impressions": 241}, {"Account ID": "1033505012", "Conversions": 215.0, "Views": 0, "Video played to 50%": 0.0, "Advertising Sub Channel": "", "Campaign": "Brand-term_360Game", "Avg. CPE": 0.0, "Campaign serving status": "eligible", "Invalid clicks": 80, "Interaction Rate": 39.44, "Interaction Types": ["Clicks"], "Engagements": 0, "End date": "", "Avg. position": 1.1, "Video played to 100%": 0.0, "Video played to 25%": 0.0, "Video played to 75%": 0.0, "Mapping": false, "Avg. CPV": 0.0, "View rate": 0.0, "Avg. CPC": 0.020449, "Avg. Cost": 0.020449, "Avg. CPM": 8.064993, "Campaign state": "enabled", "Start date": "2016-08-18", "Account Name": "[W] G1 - WPL - 360Game", "Cost": 27.3, "Advertising Channel": "Search", "Campaign ID": 645195815, "Interactions": 1335, "Unique cookies": "", "Clicks": 1335, "CTR": 39.44, "Dept": "WPL", "Bid Strategy Type": "cpc", "Date": "2017-03-03", "Impressions": 3385}, {"Account ID": "1033505012", "Conversions": 38.0, "Views": 0, "Video played to 50%": 0.0, "Advertising Sub Channel": "", "Campaign": "Brand-term_MUdts", "Avg. CPE": 0.0, "Campaign serving status": "eligible", "Invalid clicks": 8, "Interaction Rate": 29.41, "Interaction Types": ["Clicks"], "Engagements": 0, "End date": "", "Avg. position": 1.1, "Video played to 100%": 0.0, "Video played to 25%": 0.0, "Video played to 75%": 0.0, "Mapping": false, "Avg. CPV": 0.0, "View rate": 0.0, "Avg. CPC": 0.033172, "Avg. Cost": 0.033172, "Avg. CPM": 9.756592, "Campaign state": "enabled", "Start date": "2016-08-30", "Account Name": "[W] G1 - WPL - 360Game", "Cost": 4.81, "Advertising Channel": "Search", "Campaign ID": 651551927, "Interactions": 145, "Unique cookies": "", "Clicks": 145, "CTR": 29.41, "Dept": "WPL", "Bid Strategy Type": "cpc", "Date": "2017-03-03", "Impressions": 493}, {"Account ID": "1033505012", "Conversions": 229.0, "Views": 0, "Video played to 50%": 0.0, "Advertising Sub Channel": "", "Campaign": "Brand-term_V\u00f5 L\u00e2m", "Avg. CPE": 0.0, "Campaign serving status": "eligible", "Invalid clicks": 87, "Interaction Rate": 15.41, "Interaction Types": ["Clicks"], "Engagements": 0, "End date": "", "Avg. position": 1.5, "Video played to 100%": 0.0, "Video played to 25%": 0.0, "Video played to 75%": 0.0, "Mapping": false, "Avg. CPV": 0.0, "View rate": 0.0, "Avg. CPC": 0.126736, "Avg. Cost": 0.126736, "Avg. CPM": 19.524266, "Campaign state": "paused", "Start date": "2016-09-14", "Account Name": "[W] G1 - WPL - 360Game", "Cost": 122.3, "Advertising Channel": "Search", "Campaign ID": 661683762, "Interactions": 965, "Unique cookies": "", "Clicks": 965, "CTR": 15.41, "Dept": "WPL", "Bid Strategy Type": "cpc", "Date": "2017-03-03", "Impressions": 6264}, {"Account ID": "1033505012", "Conversions": 16.0, "Views": 0, "Video played to 50%": 0.0, "Advertising Sub Channel": "", "Campaign": "Gen-term_MT-Game-Exact-MOR", "Avg. CPE": 0.0, "Campaign serving status": "eligible", "Invalid clicks": 10, "Interaction Rate": 28.37, "Interaction Types": ["Clicks"], "Engagements": 0, "End date": "", "Avg. position": 1.2, "Video played to 100%": 0.0, "Video played to 25%": 0.0, "Video played to 75%": 0.0, "Mapping": false, "Avg. CPV": 0.0, "View rate": 0.0, "Avg. CPC": 0.07918, "Avg. Cost": 0.07918, "Avg. CPM": 22.465116, "Campaign state": "enabled", "Start date": "2015-06-08", "Account Name": "[W] G1 - WPL - 360Game", "Cost": 4.83, "Advertising Channel": "Search", "Campaign ID": 260086124, "Interactions": 61, "Unique cookies": "", "Clicks": 61, "CTR": 28.37, "Dept": "WPL", "Bid Strategy Type": "cpc", "Date": "2017-03-03", "Impressions": 215}, {"Account ID": "1033505012", "Conversions": 0.0, "Views": 0, "Video played to 50%": 0.0, "Advertising Sub Channel": "", "Campaign": "Gen-term_MT-WG-Exact-MOR", "Avg. CPE": 0.0, "Campaign serving status": "eligible", "Invalid clicks": 0, "Interaction Rate": 25.0, "Interaction Types": ["Clicks"], "Engagements": 0, "End date": "", "Avg. position": 1.2, "Video played to 100%": 0.0, "Video played to 25%": 0.0, "Video played to 75%": 0.0, "Mapping": false, "Avg. CPV": 0.0, "View rate": 0.0, "Avg. CPC": 0.04, "Avg. Cost": 0.04, "Avg. CPM": 10.0, "Campaign state": "enabled", "Start date": "2015-06-08", "Account Name": "[W] G1 - WPL - 360Game", "Cost": 0.12, "Advertising Channel": "Search", "Campaign ID": 260114804, "Interactions": 3, "Unique cookies": "", "Clicks": 3, "CTR": 25.0, "Dept": "WPL", "Bid Strategy Type": "cpc", "Date": "2017-03-03", "Impressions": 12}, {"Account ID": "1033505012", "Conversions": 0.0, "Views": 0, "Video played to 50%": 0.0, "Advertising Sub Channel": "", "Campaign": "Brand-term_\u0110ai-Chua-Te", "Avg. CPE": 0.0, "Campaign serving status": "eligible", "Invalid clicks": 0, "Interaction Rate": 33.33, "Interaction Types": ["Clicks"], "Engagements": 0, "End date": "", "Avg. position": 1.0, "Video played to 100%": 0.0, "Video played to 25%": 0.0, "Video played to 75%": 0.0, "Mapping": false, "Avg. CPV": 0.0, "View rate": 0.0, "Avg. CPC": 0.07, "Avg. Cost": 0.07, "Avg. CPM": 23.333333, "Campaign state": "enabled", "Start date": "2016-10-15", "Account Name": "[W] G1 - WPL - 360Game", "Cost": 0.07, "Advertising Channel": "Search", "Campaign ID": 682038434, "Interactions": 1, "Unique cookies": "", "Clicks": 1, "CTR": 33.33, "Dept": "WPL", "Bid Strategy Type": "cpc", "Date": "2017-03-03", "Impressions": 3}, {"Account ID": "1033505012", "Conversions": 345.0, "Views": 0, "Video played to 50%": 0.0, "Advertising Sub Channel": "", "Campaign": "Gen-term_FH-Game-BM-MOR", "Avg. CPE": 0.0, "Campaign serving status": "eligible", "Invalid clicks": 295, "Interaction Rate": 19.81, "Interaction Types": ["Clicks"], "Engagements": 0, "End date": "", "Avg. position": 1.3, "Video played to 100%": 0.0, "Video played to 25%": 0.0, "Video played to 75%": 0.0, "Mapping": false, "Avg. CPV": 0.0, "View rate": 0.0, "Avg. CPC": 0.092703, "Avg. Cost": 0.092703, "Avg. CPM": 18.361195, "Campaign state": "enabled", "Start date": "2015-06-08", "Account Name": "[W] G1 - WPL - 360Game", "Cost": 195.51, "Advertising Channel": "Search", "Campaign ID": 260084204, "Interactions": 2109, "Unique cookies": "", "Clicks": 2109, "CTR": 19.81, "Dept": "WPL", "Bid Strategy Type": "cpc", "Date": "2017-03-03", "Impressions": 10648}, {"Account ID": "1033505012", "Conversions": 96.0, "Views": 0, "Video played to 50%": 0.0, "Advertising Sub Channel": "", "Campaign": "Gen-term_FH-GO-Exact-MOR", "Avg. CPE": 0.0, "Campaign serving status": "eligible", "Invalid clicks": 37, "Interaction Rate": 37.33, "Interaction Types": ["Clicks"], "Engagements": 0, "End date": "", "Avg. position": 1.1, "Video played to 100%": 0.0, "Video played to 25%": 0.0, "Video played to 75%": 0.0, "Mapping": false, "Avg. CPV": 0.0, "View rate": 0.0, "Avg. CPC": 0.030024, "Avg. Cost": 0.030024, "Avg. CPM": 11.209179, "Campaign state": "enabled", "Start date": "2015-06-08", "Account Name": "[W] G1 - WPL - 360Game", "Cost": 12.7, "Advertising Channel": "Search", "Campaign ID": 260085044, "Interactions": 423, "Unique cookies": "", "Clicks": 423, "CTR": 37.33, "Dept": "WPL", "Bid Strategy Type": "cpc", "Date": "2017-03-03", "Impressions": 1133}, {"Account ID": "1033505012", "Conversions": 14.0, "Views": 0, "Video played to 50%": 0.0, "Advertising Sub Channel": "", "Campaign": "Gen-term_FH-GO-Phrase-MOR", "Avg. CPE": 0.0, "Campaign serving status": "eligible", "Invalid clicks": 8, "Interaction Rate": 31.82, "Interaction Types": ["Clicks"], "Engagements": 0, "End date": "", "Avg. position": 1.2, "Video played to 100%": 0.0, "Video played to 25%": 0.0, "Video played to 75%": 0.0, "Mapping": false, "Avg. CPV": 0.0, "View rate": 0.0, "Avg. CPC": 0.030536, "Avg. Cost": 0.030536, "Avg. CPM": 9.715909, "Campaign state": "enabled", "Start date": "2015-06-08", "Account Name": "[W] G1 - WPL - 360Game", "Cost": 1.71, "Advertising Channel": "Search", "Campaign ID": 260085644, "Interactions": 56, "Unique cookies": "", "Clicks": 56, "CTR": 31.82, "Dept": "WPL", "Bid Strategy Type": "cpc", "Date": "2017-03-03", "Impressions": 176}, {"Account ID": "1033505012", "Conversions": 183.0, "Views": 0, "Video played to 50%": 0.0, "Advertising Sub Channel": "", "Campaign": "Gen-term_FH-WG-BM-MOR", "Avg. CPE": 0.0, "Campaign serving status": "eligible", "Invalid clicks": 705, "Interaction Rate": 16.28, "Interaction Types": ["Clicks"], "Engagements": 0, "End date": "", "Avg. position": 1.1, "Video played to 100%": 0.0, "Video played to 25%": 0.0, "Video played to 75%": 0.0, "Mapping": false, "Avg. CPV": 0.0, "View rate": 0.0, "Avg. CPC": 0.132363, "Avg. Cost": 0.132363, "Avg. CPM": 21.548408, "Campaign state": "enabled", "Start date": "2015-06-08", "Account Name": "[W] G1 - WPL - 360Game", "Cost": 194.97, "Advertising Channel": "Search", "Campaign ID": 260112884, "Interactions": 1473, "Unique cookies": "", "Clicks": 1473, "CTR": 16.28, "Dept": "WPL", "Bid Strategy Type": "cpc", "Date": "2017-03-03", "Impressions": 9048}, {"Account ID": "1033505012", "Conversions": 8.0, "Views": 0, "Video played to 50%": 0.0, "Advertising Sub Channel": "", "Campaign": "Gen-term_MT-Game-Phrase-MOR", "Avg. CPE": 0.0, "Campaign serving status": "eligible", "Invalid clicks": 0, "Interaction Rate": 24.46, "Interaction Types": ["Clicks"], "Engagements": 0, "End date": "", "Avg. position": 1.5, "Video played to 100%": 0.0, "Video played to 25%": 0.0, "Video played to 75%": 0.0, "Mapping": false, "Avg. CPV": 0.0, "View rate": 0.0, "Avg. CPC": 0.048222, "Avg. Cost": 0.048222, "Avg. CPM": 11.793478, "Campaign state": "enabled", "Start date": "2015-06-08", "Account Name": "[W] G1 - WPL - 360Game", "Cost": 2.17, "Advertising Channel": "Search", "Campaign ID": 260086724, "Interactions": 45, "Unique cookies": "", "Clicks": 45, "CTR": 24.46, "Dept": "WPL", "Bid Strategy Type": "cpc", "Date": "2017-03-03", "Impressions": 184}, {"Account ID": "1033505012", "Conversions": 43.0, "Views": 0, "Video played to 50%": 0.0, "Advertising Sub Channel": "", "Campaign": "Gen-term_FH-Game-Phrase-MOR", "Avg. CPE": 0.0, "Campaign serving status": "eligible", "Invalid clicks": 49, "Interaction Rate": 19.68, "Interaction Types": ["Clicks"], "Engagements": 0, "End date": "", "Avg. position": 1.4, "Video played to 100%": 0.0, "Video played to 25%": 0.0, "Video played to 75%": 0.0, "Mapping": false, "Avg. CPV": 0.0, "View rate": 0.0, "Avg. CPC": 0.060091, "Avg. Cost": 0.060091, "Avg. CPM": 11.824687, "Campaign state": "enabled", "Start date": "2015-06-08", "Account Name": "[W] G1 - WPL - 360Game", "Cost": 19.83, "Advertising Channel": "Search", "Campaign ID": 260084084, "Interactions": 330, "Unique cookies": "", "Clicks": 330, "CTR": 19.68, "Dept": "WPL", "Bid Strategy Type": "cpc", "Date": "2017-03-03", "Impressions": 1677}, {"Account ID": "1033505012", "Conversions": 3.0, "Views": 0, "Video played to 50%": 0.0, "Advertising Sub Channel": "", "Campaign": "Gen-term_MT-GO-Exact-MOR", "Avg. CPE": 0.0, "Campaign serving status": "eligible", "Invalid clicks": 0, "Interaction Rate": 26.67, "Interaction Types": ["Clicks"], "Engagements": 0, "End date": "", "Avg. position": 1.3, "Video played to 100%": 0.0, "Video played to 25%": 0.0, "Video played to 75%": 0.0, "Mapping": false, "Avg. CPV": 0.0, "View rate": 0.0, "Avg. CPC": 0.099375, "Avg. Cost": 0.099375, "Avg. CPM": 26.5, "Campaign state": "enabled", "Start date": "2015-06-08", "Account Name": "[W] G1 - WPL - 360Game", "Cost": 1.59, "Advertising Channel": "Search", "Campaign ID": 260088764, "Interactions": 16, "Unique cookies": "", "Clicks": 16, "CTR": 26.67, "Dept": "WPL", "Bid Strategy Type": "cpc", "Date": "2017-03-03", "Impressions": 60}, {"Account ID": "1033505012", "Conversions": 1.0, "Views": 0, "Video played to 50%": 0.0, "Advertising Sub Channel": "", "Campaign": "Gen-term_MT-PCG-BMM-MOR", "Avg. CPE": 0.0, "Campaign serving status": "eligible", "Invalid clicks": 0, "Interaction Rate": 19.51, "Interaction Types": ["Clicks"], "Engagements": 0, "End date": "", "Avg. position": 1.2, "Video played to 100%": 0.0, "Video played to 25%": 0.0, "Video played to 75%": 0.0, "Mapping": false, "Avg. CPV": 0.0, "View rate": 0.0, "Avg. CPC": 0.09125, "Avg. Cost": 0.09125, "Avg. CPM": 17.804878, "Campaign state": "enabled", "Start date": "2015-06-08", "Account Name": "[W] G1 - WPL - 360Game", "Cost": 0.73, "Advertising Channel": "Search", "Campaign ID": 260100644, "Interactions": 8, "Unique cookies": "", "Clicks": 8, "CTR": 19.51, "Dept": "WPL", "Bid Strategy Type": "cpc", "Date": "2017-03-03", "Impressions": 41}, {"Account ID": "1033505012", "Conversions": 6.0, "Views": 0, "Video played to 50%": 0.0, "Advertising Sub Channel": "", "Campaign": "Gen-term_FH-WG-Exact-MOR", "Avg. CPE": 0.0, "Campaign serving status": "eligible", "Invalid clicks": 0, "Interaction Rate": 23.08, "Interaction Types": ["Clicks"], "Engagements": 0, "End date": "", "Avg. position": 1.2, "Video played to 100%": 0.0, "Video played to 25%": 0.0, "Video played to 75%": 0.0, "Mapping": false, "Avg. CPV": 0.0, "View rate": 0.0, "Avg. CPC": 0.063333, "Avg. Cost": 0.063333, "Avg. CPM": 14.615385, "Campaign state": "enabled", "Start date": "2015-06-08", "Account Name": "[W] G1 - WPL - 360Game", "Cost": 0.57, "Advertising Channel": "Search", "Campaign ID": 260112164, "Interactions": 9, "Unique cookies": "", "Clicks": 9, "CTR": 23.08, "Dept": "WPL", "Bid Strategy Type": "cpc", "Date": "2017-03-03", "Impressions": 39}, {"Account ID": "1033505012", "Conversions": 41.0, "Views": 0, "Video played to 50%": 0.0, "Advertising Sub Channel": "", "Campaign": "Gen-term_MT-Game-BMM-MOR", "Avg. CPE": 0.0, "Campaign serving status": "eligible", "Invalid clicks": 40, "Interaction Rate": 23.88, "Interaction Types": ["Clicks"], "Engagements": 0, "End date": "", "Avg. position": 1.4, "Video played to 100%": 0.0, "Video played to 25%": 0.0, "Video played to 75%": 0.0, "Mapping": false, "Avg. CPV": 0.0, "View rate": 0.0, "Avg. CPC": 0.057273, "Avg. Cost": 0.057273, "Avg. CPM": 13.675832, "Campaign state": "enabled", "Start date": "2015-06-08", "Account Name": "[W] G1 - WPL - 360Game", "Cost": 9.45, "Advertising Channel": "Search", "Campaign ID": 260083724, "Interactions": 165, "Unique cookies": "", "Clicks": 165, "CTR": 23.88, "Dept": "WPL", "Bid Strategy Type": "cpc", "Date": "2017-03-03", "Impressions": 691}, {"Account ID": "1033505012", "Conversions": 42.0, "Views": 0, "Video played to 50%": 0.0, "Advertising Sub Channel": "", "Campaign": "Gen-term_FH-Game-BMM-MOR", "Avg. CPE": 0.0, "Campaign serving status": "eligible", "Invalid clicks": 10, "Interaction Rate": 22.52, "Interaction Types": ["Clicks"], "Engagements": 0, "End date": "", "Avg. position": 1.4, "Video played to 100%": 0.0, "Video played to 25%": 0.0, "Video played to 75%": 0.0, "Mapping": false, "Avg. CPV": 0.0, "View rate": 0.0, "Avg. CPC": 0.080616, "Avg. Cost": 0.080616, "Avg. CPM": 18.153682, "Campaign state": "enabled", "Start date": "2015-06-08", "Account Name": "[W] G1 - WPL - 360Game", "Cost": 17.01, "Advertising Channel": "Search", "Campaign ID": 260084684, "Interactions": 211, "Unique cookies": "", "Clicks": 211, "CTR": 22.52, "Dept": "WPL", "Bid Strategy Type": "cpc", "Date": "2017-03-03", "Impressions": 937}, {"Account ID": "1033505012", "Conversions": 8.0, "Views": 0, "Video played to 50%": 0.0, "Advertising Sub Channel": "", "Campaign": "Gen-term_MT-GO-BMM-MOR", "Avg. CPE": 0.0, "Campaign serving status": "eligible", "Invalid clicks": 0, "Interaction Rate": 28.79, "Interaction Types": ["Clicks"], "Engagements": 0, "End date": "", "Avg. position": 1.3, "Video played to 100%": 0.0, "Video played to 25%": 0.0, "Video played to 75%": 0.0, "Mapping": false, "Avg. CPV": 0.0, "View rate": 0.0, "Avg. CPC": 0.065789, "Avg. Cost": 0.065789, "Avg. CPM": 18.939394, "Campaign state": "enabled", "Start date": "2015-06-08", "Account Name": "[W] G1 - WPL - 360Game", "Cost": 1.25, "Advertising Channel": "Search", "Campaign ID": 260088164, "Interactions": 19, "Unique cookies": "", "Clicks": 19, "CTR": 28.79, "Dept": "WPL", "Bid Strategy Type": "cpc", "Date": "2017-03-03", "Impressions": 66}, {"Account ID": "1033505012", "Conversions": 9.0, "Views": 0, "Video played to 50%": 0.0, "Advertising Sub Channel": "", "Campaign": "Gen-term_FH-Game-Exact-MOR", "Avg. CPE": 0.0, "Campaign serving status": "eligible", "Invalid clicks": 5, "Interaction Rate": 17.44, "Interaction Types": ["Clicks"], "Engagements": 0, "End date": "", "Avg. position": 1.1, "Video played to 100%": 0.0, "Video played to 25%": 0.0, "Video played to 75%": 0.0, "Mapping": false, "Avg. CPV": 0.0, "View rate": 0.0, "Avg. CPC": 0.070294, "Avg. Cost": 0.070294, "Avg. CPM": 12.25641, "Campaign state": "enabled", "Start date": "2015-06-08", "Account Name": "[W] G1 - WPL - 360Game", "Cost": 4.78, "Advertising Channel": "Search", "Campaign ID": 260083484, "Interactions": 68, "Unique cookies": "", "Clicks": 68, "CTR": 17.44, "Dept": "WPL", "Bid Strategy Type": "cpc", "Date": "2017-03-03", "Impressions": 390}, {"Account ID": "1033505012", "Conversions": 0.0, "Views": 0, "Video played to 50%": 0.0, "Advertising Sub Channel": "", "Campaign": "Gen-term_FH-GTT-BM-MOR", "Avg. CPE": 0.0, "Campaign serving status": "eligible", "Invalid clicks": 0, "Interaction Rate": 12.5, "Interaction Types": ["Clicks"], "Engagements": 0, "End date": "", "Avg. position": 2.0, "Video played to 100%": 0.0, "Video played to 25%": 0.0, "Video played to 75%": 0.0, "Mapping": false, "Avg. CPV": 0.0, "View rate": 0.0, "Avg. CPC": 0.15, "Avg. Cost": 0.15, "Avg. CPM": 18.75, "Campaign state": "enabled", "Start date": "2015-06-08", "Account Name": "[W] G1 - WPL - 360Game", "Cost": 0.15, "Advertising Channel": "Search", "Campaign ID": 260089844, "Interactions": 1, "Unique cookies": "", "Clicks": 1, "CTR": 12.5, "Dept": "WPL", "Bid Strategy Type": "cpc", "Date": "2017-03-03", "Impressions": 8}, {"Account ID": "1033505012", "Conversions": 209.0, "Views": 0, "Video played to 50%": 0.0, "Advertising Sub Channel": "", "Campaign": "Gen-term_360Play-BM-Mor", "Avg. CPE": 0.0, "Campaign serving status": "eligible", "Invalid clicks": 158, "Interaction Rate": 21.57, "Interaction Types": ["Clicks"], "Engagements": 0, "End date": "", "Avg. position": 1.2, "Video played to 100%": 0.0, "Video played to 25%": 0.0, "Video played to 75%": 0.0, "Mapping": false, "Avg. CPV": 0.0, "View rate": 0.0, "Avg. CPC": 0.062203, "Avg. Cost": 0.062203, "Avg. CPM": 13.419346, "Campaign state": "paused", "Start date": "2015-06-21", "Account Name": "[W] G1 - WPL - 360Game", "Cost": 95.17, "Advertising Channel": "Search", "Campaign ID": 263315804, "Interactions": 1530, "Unique cookies": "", "Clicks": 1530, "CTR": 21.57, "Dept": "WPL", "Bid Strategy Type": "cpc", "Date": "2017-03-03", "Impressions": 7092}, {"Account ID": "1033505012", "Conversions": 6.0, "Views": 0, "Video played to 50%": 0.0, "Advertising Sub Channel": "", "Campaign": "Brand-term_Thien-Long-Bat-Bo", "Avg. CPE": 0.0, "Campaign serving status": "eligible", "Invalid clicks": 2, "Interaction Rate": 30.74, "Interaction Types": ["Clicks"], "Engagements": 0, "End date": "", "Avg. position": 1.0, "Video played to 100%": 0.0, "Video played to 25%": 0.0, "Video played to 75%": 0.0, "Mapping": false, "Avg. CPV": 0.0, "View rate": 0.0, "Avg. CPC": 0.031408, "Avg. Cost": 0.031408, "Avg. CPM": 9.65368, "Campaign state": "enabled", "Start date": "2016-08-04", "Account Name": "[W] G1 - WPL - 360Game", "Cost": 2.23, "Advertising Channel": "Search", "Campaign ID": 637694769, "Interactions": 71, "Unique cookies": "", "Clicks": 71, "CTR": 30.74, "Dept": "WPL", "Bid Strategy Type": "cpc", "Date": "2017-03-03", "Impressions": 231}, {"Account ID": "1033505012", "Conversions": 0.0, "Views": 0, "Video played to 50%": 0.0, "Advertising Sub Channel": "", "Campaign": "Brand-term_TTTD-ex", "Avg. CPE": 0.0, "Campaign serving status": "eligible", "Invalid clicks": 2, "Interaction Rate": 43.59, "Interaction Types": ["Clicks"], "Engagements": 0, "End date": "", "Avg. position": 1.0, "Video played to 100%": 0.0, "Video played to 25%": 0.0, "Video played to 75%": 0.0, "Mapping": false, "Avg. CPV": 0.0, "View rate": 0.0, "Avg. CPC": 0.018235, "Avg. Cost": 0.018235, "Avg. CPM": 7.948718, "Campaign state": "enabled", "Start date": "2016-08-12", "Account Name": "[W] G1 - WPL - 360Game", "Cost": 0.31, "Advertising Channel": "Search", "Campaign ID": 642570944, "Interactions": 17, "Unique cookies": "", "Clicks": 17, "CTR": 43.59, "Dept": "WPL", "Bid Strategy Type": "cpc", "Date": "2017-03-03", "Impressions": 39}, {"Account ID": "1033505012", "Conversions": 8.0, "Views": 0, "Video played to 50%": 0.0, "Advertising Sub Channel": "", "Campaign": "Gen-term_MT-WG-BMM-MOR", "Avg. CPE": 0.0, "Campaign serving status": "eligible", "Invalid clicks": 3, "Interaction Rate": 27.55, "Interaction Types": ["Clicks"], "Engagements": 0, "End date": "", "Avg. position": 1.2, "Video played to 100%": 0.0, "Video played to 25%": 0.0, "Video played to 75%": 0.0, "Mapping": false, "Avg. CPV": 0.0, "View rate": 0.0, "Avg. CPC": 0.075556, "Avg. Cost": 0.075556, "Avg. CPM": 20.816327, "Campaign state": "enabled", "Start date": "2015-06-08", "Account Name": "[W] G1 - WPL - 360Game", "Cost": 2.04, "Advertising Channel": "Search", "Campaign ID": 260112404, "Interactions": 27, "Unique cookies": "", "Clicks": 27, "CTR": 27.55, "Dept": "WPL", "Bid Strategy Type": "cpc", "Date": "2017-03-03", "Impressions": 98}, {"Account ID": "1033505012", "Conversions": 367.0, "Views": 0, "Video played to 50%": 0.0, "Advertising Sub Channel": "", "Campaign": "Gen-term_360Game-BM-Mor", "Avg. CPE": 0.0, "Campaign serving status": "eligible", "Invalid clicks": 327, "Interaction Rate": 23.98, "Interaction Types": ["Clicks"], "Engagements": 0, "End date": "", "Avg. position": 1.3, "Video played to 100%": 0.0, "Video played to 25%": 0.0, "Video played to 75%": 0.0, "Mapping": false, "Avg. CPV": 0.0, "View rate": 0.0, "Avg. CPC": 0.069755, "Avg. Cost": 0.069755, "Avg. CPM": 16.726622, "Campaign state": "paused", "Start date": "2015-06-08", "Account Name": "[W] G1 - WPL - 360Game", "Cost": 196.22, "Advertising Channel": "Search", "Campaign ID": 260168084, "Interactions": 2813, "Unique cookies": "", "Clicks": 2813, "CTR": 23.98, "Dept": "WPL", "Bid Strategy Type": "cpc", "Date": "2017-03-03", "Impressions": 11731}, {"Account ID": "1033505012", "Conversions": 4.0, "Views": 0, "Video played to 50%": 0.0, "Advertising Sub Channel": "", "Campaign": "Brand-term_Phong-Van", "Avg. CPE": 0.0, "Campaign serving status": "eligible", "Invalid clicks": 4, "Interaction Rate": 25.0, "Interaction Types": ["Clicks"], "Engagements": 0, "End date": "", "Avg. position": 1.2, "Video played to 100%": 0.0, "Video played to 25%": 0.0, "Video played to 75%": 0.0, "Mapping": false, "Avg. CPV": 0.0, "View rate": 0.0, "Avg. CPC": 0.0512, "Avg. Cost": 0.0512, "Avg. CPM": 12.8, "Campaign state": "enabled", "Start date": "2016-08-04", "Account Name": "[W] G1 - WPL - 360Game", "Cost": 2.56, "Advertising Channel": "Search", "Campaign ID": 637694772, "Interactions": 50, "Unique cookies": "", "Clicks": 50, "CTR": 25.0, "Dept": "WPL", "Bid Strategy Type": "cpc", "Date": "2017-03-03", "Impressions": 200}, {"Account ID": "1033505012", "Conversions": 47.0, "Views": 0, "Video played to 50%": 0.0, "Advertising Sub Channel": "", "Campaign": "Gen-term_FH-GO-BMM-MOR", "Avg. CPE": 0.0, "Campaign serving status": "eligible", "Invalid clicks": 36, "Interaction Rate": 20.87, "Interaction Types": ["Clicks"], "Engagements": 0, "End date": "", "Avg. position": 1.5, "Video played to 100%": 0.0, "Video played to 25%": 0.0, "Video played to 75%": 0.0, "Mapping": false, "Avg. CPV": 0.0, "View rate": 0.0, "Avg. CPC": 0.074226, "Avg. Cost": 0.074226, "Avg. CPM": 15.488189, "Campaign state": "enabled", "Start date": "2015-06-08", "Account Name": "[W] G1 - WPL - 360Game", "Cost": 19.67, "Advertising Channel": "Search", "Campaign ID": 260085404, "Interactions": 265, "Unique cookies": "", "Clicks": 265, "CTR": 20.87, "Dept": "WPL", "Bid Strategy Type": "cpc", "Date": "2017-03-03", "Impressions": 1270}, {"Account ID": "1033505012", "Conversions": 1.0, "Views": 0, "Video played to 50%": 0.0, "Advertising Sub Channel": "", "Campaign": "Gen-term_FH-PCG-BMM-MOR", "Avg. CPE": 0.0, "Campaign serving status": "eligible", "Invalid clicks": 0, "Interaction Rate": 46.15, "Interaction Types": ["Clicks"], "Engagements": 0, "End date": "", "Avg. position": 1.1, "Video played to 100%": 0.0, "Video played to 25%": 0.0, "Video played to 75%": 0.0, "Mapping": false, "Avg. CPV": 0.0, "View rate": 0.0, "Avg. CPC": 0.183333, "Avg. Cost": 0.183333, "Avg. CPM": 84.615385, "Campaign state": "enabled", "Start date": "2015-06-08", "Account Name": "[W] G1 - WPL - 360Game", "Cost": 1.1, "Advertising Channel": "Search", "Campaign ID": 260101724, "Interactions": 6, "Unique cookies": "", "Clicks": 6, "CTR": 46.15, "Dept": "WPL", "Bid Strategy Type": "cpc", "Date": "2017-03-03", "Impressions": 13}, {"Account ID": "1033505012", "Conversions": 130.0, "Views": 0, "Video played to 50%": 0.0, "Advertising Sub Channel": "", "Campaign": "Brand-term_Vo-Lam-Chi-Mong", "Avg. CPE": 0.0, "Campaign serving status": "eligible", "Invalid clicks": 117, "Interaction Rate": 29.89, "Interaction Types": ["Clicks"], "Engagements": 0, "End date": "", "Avg. position": 1.0, "Video played to 100%": 0.0, "Video played to 25%": 0.0, "Video played to 75%": 0.0, "Mapping": false, "Avg. CPV": 0.0, "View rate": 0.0, "Avg. CPC": 0.055713, "Avg. Cost": 0.055713, "Avg. CPM": 16.652862, "Campaign state": "enabled", "Start date": "2016-08-04", "Account Name": "[W] G1 - WPL - 360Game", "Cost": 68.36, "Advertising Channel": "Search", "Campaign ID": 637694601, "Interactions": 1227, "Unique cookies": "", "Clicks": 1227, "CTR": 29.89, "Dept": "WPL", "Bid Strategy Type": "cpc", "Date": "2017-03-03", "Impressions": 4105}, {"Account ID": "1033505012", "Conversions": 2109.0, "Views": 0, "Video played to 50%": 0.0, "Advertising Sub Channel": "", "Campaign": "", "Avg. CPE": 0.0, "Campaign serving status": "", "Invalid clicks": 1996, "Interaction Rate": 22.44, "Interaction Types": "", "Engagements": 0, "End date": "", "Avg. position": 1.2, "Video played to 100%": 0.0, "Video played to 25%": 0.0, "Video played to 75%": 0.0, "Mapping": false, "Avg. CPV": 0.0, "View rate": 0.0, "Avg. CPC": 0.074561, "Avg. Cost": 0.074561, "Avg. CPM": 16.729087, "Campaign state": "Total", "Start date": "", "Account Name": "[W] G1 - WPL - 360Game", "Cost": 1019.32, "Advertising Channel": "", "Campaign ID": "", "Interactions": 13671, "Unique cookies": "", "Clicks": 13671, "CTR": 22.44, "Dept": "WPL", "Bid Strategy Type": "", "Date": "2017-03-03", "Impressions": 60931}]