[{"Account ID": "9019703669", "Conversions": 0.0, "Views": 0, "Video played to 50%": 0.0, "Advertising Sub Channel": "", "Campaign": "Brand-term_Game Vo Lam Chi Mong", "Avg. CPE": 0.0, "Campaign serving status": "eligible", "Invalid clicks": 2, "Interaction Rate": 35.9, "Interaction Types": ["Clicks"], "Engagements": 0, "End date": "", "Avg. position": 1.0, "Video played to 100%": 0.0, "Video played to 25%": 0.0, "Video played to 75%": 0.0, "Mapping": false, "Avg. CPV": 0.0, "View rate": 0.0, "Avg. CPC": 0.029286, "Avg. Cost": 0.029286, "Avg. CPM": 10.512821, "Campaign state": "enabled", "Start date": "2014-04-07", "Account Name": "[W] G1 - WPL - vlcm360", "Cost": 0.41, "Advertising Channel": "Search", "Campaign ID": 167665993, "Interactions": 14, "Unique cookies": "", "Clicks": 14, "CTR": 35.9, "Dept": "WPL", "Bid Strategy Type": "cpc", "Date": "2017-03-01", "Impressions": 39}, {"Account ID": "9019703669", "Conversions": 0.0, "Views": 0, "Video played to 50%": 0.0, "Advertising Sub Channel": "", "Campaign": "Brand-term_Vo Lam Chi Mong", "Avg. CPE": 0.0, "Campaign serving status": "eligible", "Invalid clicks": 121, "Interaction Rate": 41.89, "Interaction Types": ["Clicks"], "Engagements": 0, "End date": "", "Avg. position": 1.0, "Video played to 100%": 0.0, "Video played to 25%": 0.0, "Video played to 75%": 0.0, "Mapping": false, "Avg. CPV": 0.0, "View rate": 0.0, "Avg. CPC": 0.026723, "Avg. Cost": 0.026723, "Avg. CPM": 11.195617, "Campaign state": "enabled", "Start date": "2014-04-07", "Account Name": "[W] G1 - WPL - vlcm360", "Cost": 69.48, "Advertising Channel": "Search", "Campaign ID": 167665873, "Interactions": 2600, "Unique cookies": "", "Clicks": 2600, "CTR": 41.89, "Dept": "WPL", "Bid Strategy Type": "cpc", "Date": "2017-03-01", "Impressions": 6206}, {"Account ID": "9019703669", "Conversions": 0.0, "Views": 0, "Video played to 50%": 0.0, "Advertising Sub Channel": "", "Campaign": "", "Avg. CPE": 0.0, "Campaign serving status": "", "Invalid clicks": 123, "Interaction Rate": 41.86, "Interaction Types": "", "Engagements": 0, "End date": "", "Avg. position": 1.0, "Video played to 100%": 0.0, "Video played to 25%": 0.0, "Video played to 75%": 0.0, "Mapping": false, "Avg. CPV": 0.0, "View rate": 0.0, "Avg. CPC": 0.026737, "Avg. Cost": 0.026737, "Avg. CPM": 11.191353, "Campaign state": "Total", "Start date": "", "Account Name": "[W] G1 - WPL - vlcm360", "Cost": 69.89, "Advertising Channel": "", "Campaign ID": "", "Interactions": 2614, "Unique cookies": "", "Clicks": 2614, "CTR": 41.86, "Dept": "WPL", "Bid Strategy Type": "", "Date": "2017-03-01", "Impressions": 6245}]