[{"View rate": 0.0, "Campaign": "Brand-term_Game Vo Lam Chi Mong", "Unique cookies": "", "Dept": "WPL", "Bid Strategy Type": "cpc", "Views": 0, "Video played to 50%": 0.0, "CTR": 35.9, "Conversions": 0.0, "Account ID": "9019703669", "Clicks": 14, "Interaction Rate": 35.9, "Avg. position": 1.0, "Advertising Channel": "Search", "Advertising Sub Channel": "", "Campaign ID": 167665993, "Avg. CPV": 0.0, "Campaign serving status": "eligible", "Avg. CPM": 10.512821, "Invalid clicks": 2, "End date": "", "Avg. Cost": 0.029286, "Start date": "2014-04-07", "Mapping": false, "Engagements": 0, "Avg. CPC": 0.029286, "Interactions": 14, "Date": "2017-03-01", "Video played to 100%": 0.0, "Cost": 0.41, "Interaction Types": ["Clicks"], "Video played to 75%": 0.0, "Video played to 25%": 0.0, "Campaign state": "enabled", "Avg. CPE": 0.0, "Account Name": "[W] G1 - WPL - vlcm360", "Impressions": 39}, {"View rate": 0.0, "Campaign": "Brand-term_Vo Lam Chi Mong", "Unique cookies": "", "Dept": "WPL", "Bid Strategy Type": "cpc", "Views": 0, "Video played to 50%": 0.0, "CTR": 41.89, "Conversions": 0.0, "Account ID": "9019703669", "Clicks": 2600, "Interaction Rate": 41.89, "Avg. position": 1.0, "Advertising Channel": "Search", "Advertising Sub Channel": "", "Campaign ID": 167665873, "Avg. CPV": 0.0, "Campaign serving status": "eligible", "Avg. CPM": 11.195617, "Invalid clicks": 121, "End date": "", "Avg. Cost": 0.026723, "Start date": "2014-04-07", "Mapping": false, "Engagements": 0, "Avg. CPC": 0.026723, "Interactions": 2600, "Date": "2017-03-01", "Video played to 100%": 0.0, "Cost": 69.48, "Interaction Types": ["Clicks"], "Video played to 75%": 0.0, "Video played to 25%": 0.0, "Campaign state": "enabled", "Avg. CPE": 0.0, "Account Name": "[W] G1 - WPL - vlcm360", "Impressions": 6206}, {"View rate": 0.0, "Campaign": "", "Unique cookies": "", "Dept": "WPL", "Bid Strategy Type": "", "Views": 0, "Video played to 50%": 0.0, "CTR": 41.86, "Conversions": 0.0, "Account ID": "9019703669", "Clicks": 2614, "Interaction Rate": 41.86, "Avg. position": 1.0, "Advertising Channel": "", "Advertising Sub Channel": "", "Campaign ID": "", "Avg. CPV": 0.0, "Campaign serving status": "", "Avg. CPM": 11.191353, "Invalid clicks": 123, "End date": "", "Avg. Cost": 0.026737, "Start date": "", "Mapping": false, "Engagements": 0, "Avg. CPC": 0.026737, "Interactions": 2614, "Date": "2017-03-01", "Video played to 100%": 0.0, "Cost": 69.89, "Interaction Types": "", "Video played to 75%": 0.0, "Video played to 25%": 0.0, "Campaign state": "Total", "Avg. CPE": 0.0, "Account Name": "[W] G1 - WPL - vlcm360", "Impressions": 6245}]