[{"End date": "", "Invalid clicks": 962, "Unique cookies": 246343, "Cost": 205.36, "Avg. CPC": 0.017209, "Account ID": "5008396449", "Account Name": "VNG - PG1 - JXM", "Advertising Sub Channel": "", "Campaign state": "paused", "Video played to 100%": 0.0, "Interaction Types": ["Clicks"], "Campaign serving status": "eligible", "Date": "2017-06-08", "Interaction Rate": 1.71, "CTR": 1.71, "View rate": 0.0, "Avg. CPV": 0.0, "Avg. CPM": 0.295104, "Engagements": 0, "Avg. Cost": 0.017209, "Clicks": 11933, "Views": 0, "Avg. CPE": 0.0, "Video played to 25%": 0.0, "Bid Strategy Type": "Maximize clicks", "Impressions": 695890, "Advertising Channel": "Display", "Mapping": false, "Avg. position": 1.0, "Start date": "2017-05-26", "Video played to 50%": 0.0, "Video played to 75%": 0.0, "Campaign": "JXM | 1705015 1706010 1707028 | Branding GDN - iOS", "Conversions": 50.0, "Campaign ID": 837910039, "Interactions": 11933}, {"End date": "", "Invalid clicks": 207, "Unique cookies": "", "Cost": 422.86735, "Avg. CPC": 0.151783, "Account ID": "5008396449", "Account Name": "VNG - PG1 - JXM", "Advertising Sub Channel": "Universal App Campaign", "Campaign state": "enabled", "Video played to 100%": 6.4, "Interaction Types": ["Clicks", "Engagements", "Views"], "Campaign serving status": "eligible", "Date": "2017-06-08", "Interaction Rate": 6.41, "CTR": 0.69, "View rate": 15.47, "Avg. CPV": 0.013944, "Avg. CPM": 1.047663, "Engagements": 4533, "Avg. Cost": 0.016345, "Clicks": 2786, "Views": 20745, "Avg. CPE": 0.063818, "Video played to 25%": 21.09, "Bid Strategy Type": "Target CPA", "Impressions": 403629, "Advertising Channel": "Multi Channel", "Mapping": false, "Avg. position": 1.0, "Start date": "2016-12-28", "Video played to 50%": 11.65, "Video played to 75%": 9.11, "Campaign": "JXM | 1610105 1611013 1611026 1611062 1703048 1704016 1706008 1707026 1709039 | UAC App Store - iOS", "Conversions": 347.0, "Campaign ID": 726209660, "Interactions": 25871}, {"End date": "", "Invalid clicks": 3144, "Unique cookies": 380100, "Cost": 237.71, "Avg. CPC": 0.016842, "Account ID": "5008396449", "Account Name": "VNG - PG1 - JXM", "Advertising Sub Channel": "", "Campaign state": "paused", "Video played to 100%": 0.0, "Interaction Types": ["Clicks"], "Campaign serving status": "eligible", "Date": "2017-06-08", "Interaction Rate": 1.58, "CTR": 1.58, "View rate": 0.0, "Avg. CPV": 0.0, "Avg. CPM": 0.265476, "Engagements": 0, "Avg. Cost": 0.016842, "Clicks": 14114, "Views": 0, "Avg. CPE": 0.0, "Video played to 25%": 0.0, "Bid Strategy Type": "Maximize clicks", "Impressions": 895409, "Advertising Channel": "Display", "Mapping": false, "Avg. position": 1.0, "Start date": "2017-06-02", "Video played to 50%": 0.0, "Video played to 75%": 0.0, "Campaign": "JXM | 1705015 1706010 1707028 | Branding GDN - Android", "Conversions": 97.0, "Campaign ID": 843945598, "Interactions": 14114}, {"End date": "", "Invalid clicks": 621, "Unique cookies": "", "Cost": 621.31094, "Avg. CPC": 0.115228, "Account ID": "5008396449", "Account Name": "VNG - PG1 - JXM", "Advertising Sub Channel": "Universal App Campaign", "Campaign state": "enabled", "Video played to 100%": 5.49, "Interaction Types": ["Clicks", "Engagements", "Views"], "Campaign serving status": "eligible", "Date": "2017-06-08", "Interaction Rate": 7.56, "CTR": 1.25, "View rate": 15.97, "Avg. CPV": 0.01891, "Avg. CPM": 1.444886, "Engagements": 5014, "Avg. Cost": 0.01912, "Clicks": 5392, "Views": 25656, "Avg. CPE": 0.096767, "Video played to 25%": 16.07, "Bid Strategy Type": "Target CPA", "Impressions": 430007, "Advertising Channel": "Multi Channel", "Mapping": false, "Avg. position": 1.0, "Start date": "2016-11-15", "Video played to 50%": 9.42, "Video played to 75%": 7.44, "Campaign": "JXM | 1610105 1611013 1611026 1611062 1703048 1706008 1707026 1709039 | UAC GMG Android", "Conversions": 890.0, "Campaign ID": 699351990, "Interactions": 32495}, {"End date": "", "Invalid clicks": 62, "Unique cookies": "", "Cost": 20.62, "Avg. CPC": 0.012422, "Account ID": "5008396449", "Account Name": "VNG - PG1 - JXM", "Advertising Sub Channel": "", "Campaign state": "enabled", "Video played to 100%": 0.0, "Interaction Types": ["Clicks"], "Campaign serving status": "eligible", "Date": "2017-06-08", "Interaction Rate": 71.58, "CTR": 71.58, "View rate": 0.0, "Avg. CPV": 0.0, "Avg. CPM": 8.891764, "Engagements": 0, "Avg. Cost": 0.012422, "Clicks": 1660, "Views": 0, "Avg. CPE": 0.0, "Video played to 25%": 0.0, "Bid Strategy Type": "Maximize clicks", "Impressions": 2319, "Advertising Channel": "Search", "Mapping": false, "Avg. position": 1.0, "Start date": "2016-10-16", "Video played to 50%": 0.0, "Video played to 75%": 0.0, "Campaign": "JXM | 1610105 1611013 1611026 1611062 1703048 1704017 1705015 1706010 1707028 1709054 | Search Desktop Only", "Conversions": 0.0, "Campaign ID": 682542681, "Interactions": 1660}, {"End date": "", "Invalid clicks": 342, "Unique cookies": "", "Cost": 414.88, "Avg. CPC": 0.14983, "Account ID": "5008396449", "Account Name": "VNG - PG1 - JXM", "Advertising Sub Channel": "Search Mobile App", "Campaign state": "enabled", "Video played to 100%": 0.0, "Interaction Types": ["Clicks"], "Campaign serving status": "eligible", "Date": "2017-06-08", "Interaction Rate": 11.93, "CTR": 11.93, "View rate": 0.0, "Avg. CPV": 0.0, "Avg. CPM": 17.868125, "Engagements": 0, "Avg. Cost": 0.14983, "Clicks": 2769, "Views": 0, "Avg. CPE": 0.0, "Video played to 25%": 0.0, "Bid Strategy Type": "Target CPA", "Impressions": 23219, "Advertising Channel": "Search", "Mapping": false, "Avg. position": 1.4, "Start date": "2016-10-16", "Video played to 50%": 0.0, "Video played to 75%": 0.0, "Campaign": "JXM | 1610105 1611013 1611026 1611062 1703048 1704016 1706008 1707026 1709039 | Search Google Play Store", "Conversions": 926.0, "Campaign ID": 682545537, "Interactions": 2769}, {"End date": "", "Invalid clicks": 5338, "Unique cookies": "", "Cost": 1922.74829, "Avg. CPC": 0.049743, "Account ID": "5008396449", "Account Name": "VNG - PG1 - JXM", "Advertising Sub Channel": "", "Campaign state": "Total", "Video played to 100%": 5.91, "Interaction Types": "", "Campaign serving status": "", "Date": "2017-06-08", "Interaction Rate": 3.63, "CTR": 1.58, "View rate": 15.74, "Avg. CPV": 0.01669, "Avg. CPM": 0.784644, "Engagements": 9547, "Avg. Cost": 0.021642, "Clicks": 38654, "Views": 46401, "Avg. CPE": 0.081123, "Video played to 25%": 18.38, "Bid Strategy Type": "", "Impressions": 2450473, "Advertising Channel": "", "Mapping": false, "Avg. position": 1.0, "Start date": "", "Video played to 50%": 10.44, "Video played to 75%": 8.21, "Campaign": "", "Conversions": 2310.0, "Campaign ID": "", "Interactions": 88842}]