[{"End date": "", "Invalid clicks": 1044, "Unique cookies": 256465, "Cost": 231.08, "Avg. CPC": 0.016222, "Account ID": "5008396449", "Account Name": "VNG - PG1 - JXM", "Advertising Sub Channel": "", "Campaign state": "paused", "Video played to 100%": 0.0, "Interaction Types": ["Clicks"], "Campaign serving status": "eligible", "Date": "2017-06-04", "Interaction Rate": 1.82, "CTR": 1.82, "View rate": 0.0, "Avg. CPV": 0.0, "Avg. CPM": 0.294596, "Engagements": 0, "Avg. Cost": 0.016222, "Clicks": 14245, "Views": 0, "Avg. CPE": 0.0, "Video played to 25%": 0.0, "Bid Strategy Type": "Maximize clicks", "Impressions": 784396, "Advertising Channel": "Display", "Mapping": false, "Avg. position": 1.0, "Start date": "2017-05-26", "Video played to 50%": 0.0, "Video played to 75%": 0.0, "Campaign": "JXM | 1705015 1706010 1707028 | Branding GDN - iOS", "Conversions": 68.0, "Campaign ID": 837910039, "Interactions": 14245}, {"End date": "", "Invalid clicks": 1473, "Unique cookies": "", "Cost": 606.82535, "Avg. CPC": 0.063489, "Account ID": "5008396449", "Account Name": "VNG - PG1 - JXM", "Advertising Sub Channel": "Universal App Campaign", "Campaign state": "enabled", "Video played to 100%": 7.86, "Interaction Types": ["Clicks", "Engagements", "Views"], "Campaign serving status": "eligible", "Date": "2017-06-04", "Interaction Rate": 5.88, "CTR": 1.49, "View rate": 15.04, "Avg. CPV": 0.013925, "Avg. CPM": 0.944978, "Engagements": 12273, "Avg. Cost": 0.016058, "Clicks": 9558, "Views": 21993, "Avg. CPE": 0.024955, "Video played to 25%": 21.92, "Bid Strategy Type": "Target CPA", "Impressions": 642158, "Advertising Channel": "Multi Channel", "Mapping": false, "Avg. position": 1.0, "Start date": "2016-11-15", "Video played to 50%": 13.06, "Video played to 75%": 10.08, "Campaign": "JXM | 1610105 1611013 1611026 1611062 1703048 1706008 1707026 1709039 | UAC GMG Android", "Conversions": 1589.0, "Campaign ID": 699351990, "Interactions": 37790}, {"End date": "", "Invalid clicks": 109, "Unique cookies": "", "Cost": 423.23051, "Avg. CPC": 0.192116, "Account ID": "5008396449", "Account Name": "VNG - PG1 - JXM", "Advertising Sub Channel": "Universal App Campaign", "Campaign state": "enabled", "Video played to 100%": 6.06, "Interaction Types": ["Clicks", "Engagements", "Views"], "Campaign serving status": "eligible", "Date": "2017-06-04", "Interaction Rate": 8.27, "CTR": 0.63, "View rate": 15.22, "Avg. CPV": 0.01389, "Avg. CPM": 1.203875, "Engagements": 5249, "Avg. Cost": 0.014552, "Clicks": 2203, "Views": 24309, "Avg. CPE": 0.064336, "Video played to 25%": 18.54, "Bid Strategy Type": "Target CPA", "Impressions": 351557, "Advertising Channel": "Multi Channel", "Mapping": false, "Avg. position": 1.0, "Start date": "2016-12-28", "Video played to 50%": 10.44, "Video played to 75%": 8.36, "Campaign": "JXM | 1610105 1611013 1611026 1611062 1703048 1704016 1706008 1707026 1709039 | UAC App Store - iOS", "Conversions": 423.0, "Campaign ID": 726209660, "Interactions": 29085}, {"End date": "", "Invalid clicks": 2334, "Unique cookies": 282432, "Cost": 148.82, "Avg. CPC": 0.014443, "Account ID": "5008396449", "Account Name": "VNG - PG1 - JXM", "Advertising Sub Channel": "", "Campaign state": "paused", "Video played to 100%": 0.0, "Interaction Types": ["Clicks"], "Campaign serving status": "eligible", "Date": "2017-06-04", "Interaction Rate": 1.79, "CTR": 1.79, "View rate": 0.0, "Avg. CPV": 0.0, "Avg. CPM": 0.258389, "Engagements": 0, "Avg. Cost": 0.014443, "Clicks": 10304, "Views": 0, "Avg. CPE": 0.0, "Video played to 25%": 0.0, "Bid Strategy Type": "Maximize clicks", "Impressions": 575954, "Advertising Channel": "Display", "Mapping": false, "Avg. position": 1.0, "Start date": "2017-06-02", "Video played to 50%": 0.0, "Video played to 75%": 0.0, "Campaign": "JXM | 1705015 1706010 1707028 | Branding GDN - Android", "Conversions": 65.0, "Campaign ID": 843945598, "Interactions": 10304}, {"End date": "", "Invalid clicks": 72, "Unique cookies": "", "Cost": 22.32, "Avg. CPC": 0.012828, "Account ID": "5008396449", "Account Name": "VNG - PG1 - JXM", "Advertising Sub Channel": "", "Campaign state": "enabled", "Video played to 100%": 0.0, "Interaction Types": ["Clicks"], "Campaign serving status": "eligible", "Date": "2017-06-04", "Interaction Rate": 73.05, "CTR": 73.05, "View rate": 0.0, "Avg. CPV": 0.0, "Avg. CPM": 9.370277, "Engagements": 0, "Avg. Cost": 0.012828, "Clicks": 1740, "Views": 0, "Avg. CPE": 0.0, "Video played to 25%": 0.0, "Bid Strategy Type": "Maximize clicks", "Impressions": 2382, "Advertising Channel": "Search", "Mapping": false, "Avg. position": 1.0, "Start date": "2016-10-16", "Video played to 50%": 0.0, "Video played to 75%": 0.0, "Campaign": "JXM | 1610105 1611013 1611026 1611062 1703048 1704017 1705015 1706010 1707028 1709054 | Search Desktop Only", "Conversions": 0.0, "Campaign ID": 682542681, "Interactions": 1740}, {"End date": "", "Invalid clicks": 405, "Unique cookies": "", "Cost": 404.99, "Avg. CPC": 0.14495, "Account ID": "5008396449", "Account Name": "VNG - PG1 - JXM", "Advertising Sub Channel": "Search Mobile App", "Campaign state": "enabled", "Video played to 100%": 0.0, "Interaction Types": ["Clicks"], "Campaign serving status": "eligible", "Date": "2017-06-04", "Interaction Rate": 13.56, "CTR": 13.56, "View rate": 0.0, "Avg. CPV": 0.0, "Avg. CPM": 19.661618, "Engagements": 0, "Avg. Cost": 0.14495, "Clicks": 2794, "Views": 0, "Avg. CPE": 0.0, "Video played to 25%": 0.0, "Bid Strategy Type": "Target CPA", "Impressions": 20598, "Advertising Channel": "Search", "Mapping": false, "Avg. position": 1.3, "Start date": "2016-10-16", "Video played to 50%": 0.0, "Video played to 75%": 0.0, "Campaign": "JXM | 1610105 1611013 1611026 1611062 1703048 1704016 1706008 1707026 1709039 | Search Google Play Store", "Conversions": 936.0, "Campaign ID": 682545537, "Interactions": 2794}, {"End date": "", "Invalid clicks": 5437, "Unique cookies": "", "Cost": 1837.26586, "Avg. CPC": 0.044983, "Account ID": "5008396449", "Account Name": "VNG - PG1 - JXM", "Advertising Sub Channel": "", "Campaign state": "Total", "Video played to 100%": 6.92, "Interaction Types": "", "Campaign serving status": "", "Date": "2017-06-04", "Interaction Rate": 4.04, "CTR": 1.72, "View rate": 15.13, "Avg. CPV": 0.013906, "Avg. CPM": 0.77292, "Engagements": 17522, "Avg. Cost": 0.019147, "Clicks": 40844, "Views": 46302, "Avg. CPE": 0.036752, "Video played to 25%": 20.14, "Bid Strategy Type": "", "Impressions": 2377045, "Advertising Channel": "", "Mapping": false, "Avg. position": 1.0, "Start date": "", "Video played to 50%": 11.68, "Video played to 75%": 9.18, "Campaign": "", "Conversions": 3081.0, "Campaign ID": "", "Interactions": 95958}]