[{"Bid Strategy Type": "cpc", "Account Name": "[W] G1 - WPL - pl360", "End date": "", "Advertising Channel": "Search", "Mapping": false, "Campaign": "Gen-term_360game_LP", "Date": "2017-05-01", "Avg. CPE": 0.0, "Video played to 50%": 0.0, "Clicks": 2, "Cost": 0.14, "Video played to 25%": 0.0, "Interaction Types": ["Clicks"], "Campaign state": "paused", "Avg. position": 1.0, "Interactions": 2, "View rate": 0.0, "Campaign serving status": "eligible", "Engagements": 0, "Avg. Cost": 0.07, "Conversions": 0.0, "Avg. CPV": 0.0, "Invalid clicks": 0, "Unique cookies": "", "Campaign ID": 786620325, "Views": 0, "Interaction Rate": 66.67, "Advertising Sub Channel": "", "Account ID": "6585673574", "Video played to 100%": 0.0, "CTR": 66.67, "Start date": "2017-03-25", "Avg. CPC": 0.07, "Video played to 75%": 0.0, "Impressions": 3, "Avg. CPM": 46.666667}, {"Bid Strategy Type": "cpc", "Account Name": "[W] G1 - WPL - pl360", "End date": "", "Advertising Channel": "Search", "Mapping": false, "Campaign": "Gen-term_Zing_MP", "Date": "2017-05-01", "Avg. CPE": 0.0, "Video played to 50%": 0.0, "Clicks": 13, "Cost": 1.83, "Video played to 25%": 0.0, "Interaction Types": ["Clicks"], "Campaign state": "paused", "Avg. position": 1.0, "Interactions": 13, "View rate": 0.0, "Campaign serving status": "eligible", "Engagements": 0, "Avg. Cost": 0.140769, "Conversions": 0.0, "Avg. CPV": 0.0, "Invalid clicks": 1, "Unique cookies": "", "Campaign ID": 786620358, "Views": 0, "Interaction Rate": 20.31, "Advertising Sub Channel": "", "Account ID": "6585673574", "Video played to 100%": 0.0, "CTR": 20.31, "Start date": "2017-03-25", "Avg. CPC": 0.140769, "Video played to 75%": 0.0, "Impressions": 64, "Avg. CPM": 28.59375}, {"Bid Strategy Type": "cpc", "Account Name": "[W] G1 - WPL - pl360", "End date": "", "Advertising Channel": "Search", "Mapping": false, "Campaign": "Brand-term_phuc-long", "Date": "2017-05-01", "Avg. CPE": 0.0, "Video played to 50%": 0.0, "Clicks": 1035, "Cost": 26.26, "Video played to 25%": 0.0, "Interaction Types": ["Clicks"], "Campaign state": "enabled", "Avg. position": 1.0, "Interactions": 1035, "View rate": 0.0, "Campaign serving status": "eligible", "Engagements": 0, "Avg. Cost": 0.025372, "Conversions": 53.0, "Avg. CPV": 0.0, "Invalid clicks": 41, "Unique cookies": "", "Campaign ID": 786620373, "Views": 0, "Interaction Rate": 58.15, "Advertising Sub Channel": "", "Account ID": "6585673574", "Video played to 100%": 0.0, "CTR": 58.15, "Start date": "2017-03-25", "Avg. CPC": 0.025372, "Video played to 75%": 0.0, "Impressions": 1780, "Avg. CPM": 14.752809}, {"Bid Strategy Type": "cpc", "Account Name": "[W] G1 - WPL - pl360", "End date": "", "Advertising Channel": "Search", "Mapping": false, "Campaign": "Gen-term_Game-chien-thuat", "Date": "2017-05-01", "Avg. CPE": 0.0, "Video played to 50%": 0.0, "Clicks": 81, "Cost": 12.73, "Video played to 25%": 0.0, "Interaction Types": ["Clicks"], "Campaign state": "paused", "Avg. position": 1.4, "Interactions": 81, "View rate": 0.0, "Campaign serving status": "eligible", "Engagements": 0, "Avg. Cost": 0.15716, "Conversions": 20.0, "Avg. CPV": 0.0, "Invalid clicks": 1, "Unique cookies": "", "Campaign ID": 788928446, "Views": 0, "Interaction Rate": 21.77, "Advertising Sub Channel": "", "Account ID": "6585673574", "Video played to 100%": 0.0, "CTR": 21.77, "Start date": "2017-03-27", "Avg. CPC": 0.15716, "Video played to 75%": 0.0, "Impressions": 372, "Avg. CPM": 34.22043}, {"Bid Strategy Type": "cpc", "Account Name": "[W] G1 - WPL - pl360", "End date": "", "Advertising Channel": "Search", "Mapping": false, "Campaign": "Gen-term_WG_MP", "Date": "2017-05-01", "Avg. CPE": 0.0, "Video played to 50%": 0.0, "Clicks": 3, "Cost": 0.3, "Video played to 25%": 0.0, "Interaction Types": ["Clicks"], "Campaign state": "paused", "Avg. position": 1.7, "Interactions": 3, "View rate": 0.0, "Campaign serving status": "eligible", "Engagements": 0, "Avg. Cost": 0.1, "Conversions": 1.0, "Avg. CPV": 0.0, "Invalid clicks": 0, "Unique cookies": "", "Campaign ID": 786620349, "Views": 0, "Interaction Rate": 8.33, "Advertising Sub Channel": "", "Account ID": "6585673574", "Video played to 100%": 0.0, "CTR": 8.33, "Start date": "2017-03-25", "Avg. CPC": 0.1, "Video played to 75%": 0.0, "Impressions": 36, "Avg. CPM": 8.333333}, {"Bid Strategy Type": "cpc", "Account Name": "[W] G1 - WPL - pl360", "End date": "", "Advertising Channel": "Search", "Mapping": false, "Campaign": "Gen-term_Zing_HP", "Date": "2017-05-01", "Avg. CPE": 0.0, "Video played to 50%": 0.0, "Clicks": 4, "Cost": 0.64, "Video played to 25%": 0.0, "Interaction Types": ["Clicks"], "Campaign state": "paused", "Avg. position": 1.1, "Interactions": 4, "View rate": 0.0, "Campaign serving status": "eligible", "Engagements": 0, "Avg. Cost": 0.16, "Conversions": 0.0, "Avg. CPV": 0.0, "Invalid clicks": 0, "Unique cookies": "", "Campaign ID": 786620355, "Views": 0, "Interaction Rate": 17.39, "Advertising Sub Channel": "", "Account ID": "6585673574", "Video played to 100%": 0.0, "CTR": 17.39, "Start date": "2017-03-25", "Avg. CPC": 0.16, "Video played to 75%": 0.0, "Impressions": 23, "Avg. CPM": 27.826087}, {"Bid Strategy Type": "cpc", "Account Name": "[W] G1 - WPL - pl360", "End date": "", "Advertising Channel": "Search", "Mapping": false, "Campaign": "Gen-term_GO_MP", "Date": "2017-05-01", "Avg. CPE": 0.0, "Video played to 50%": 0.0, "Clicks": 43, "Cost": 5.91, "Video played to 25%": 0.0, "Interaction Types": ["Clicks"], "Campaign state": "paused", "Avg. position": 1.5, "Interactions": 43, "View rate": 0.0, "Campaign serving status": "eligible", "Engagements": 0, "Avg. Cost": 0.137442, "Conversions": 12.0, "Avg. CPV": 0.0, "Invalid clicks": 1, "Unique cookies": "", "Campaign ID": 786620340, "Views": 0, "Interaction Rate": 19.91, "Advertising Sub Channel": "", "Account ID": "6585673574", "Video played to 100%": 0.0, "CTR": 19.91, "Start date": "2017-03-25", "Avg. CPC": 0.137442, "Video played to 75%": 0.0, "Impressions": 216, "Avg. CPM": 27.361111}, {"Bid Strategy Type": "cpc", "Account Name": "[W] G1 - WPL - pl360", "End date": "", "Advertising Channel": "Search", "Mapping": false, "Campaign": "Brand-term_pl", "Date": "2017-05-01", "Avg. CPE": 0.0, "Video played to 50%": 0.0, "Clicks": 107, "Cost": 9.18, "Video played to 25%": 0.0, "Interaction Types": ["Clicks"], "Campaign state": "enabled", "Avg. position": 1.1, "Interactions": 107, "View rate": 0.0, "Campaign serving status": "eligible", "Engagements": 0, "Avg. Cost": 0.085794, "Conversions": 1.0, "Avg. CPV": 0.0, "Invalid clicks": 22, "Unique cookies": "", "Campaign ID": 786620316, "Views": 0, "Interaction Rate": 27.16, "Advertising Sub Channel": "", "Account ID": "6585673574", "Video played to 100%": 0.0, "CTR": 27.16, "Start date": "2017-03-25", "Avg. CPC": 0.085794, "Video played to 75%": 0.0, "Impressions": 394, "Avg. CPM": 23.299492}, {"Bid Strategy Type": "cpc", "Account Name": "[W] G1 - WPL - pl360", "End date": "", "Advertising Channel": "Search", "Mapping": false, "Campaign": "Gen-term_Other_LP", "Date": "2017-05-01", "Avg. CPE": 0.0, "Video played to 50%": 0.0, "Clicks": 4, "Cost": 0.23, "Video played to 25%": 0.0, "Interaction Types": ["Clicks"], "Campaign state": "paused", "Avg. position": 1.2, "Interactions": 4, "View rate": 0.0, "Campaign serving status": "eligible", "Engagements": 0, "Avg. Cost": 0.0575, "Conversions": 2.0, "Avg. CPV": 0.0, "Invalid clicks": 0, "Unique cookies": "", "Campaign ID": 786620370, "Views": 0, "Interaction Rate": 30.77, "Advertising Sub Channel": "", "Account ID": "6585673574", "Video played to 100%": 0.0, "CTR": 30.77, "Start date": "2017-03-25", "Avg. CPC": 0.0575, "Video played to 75%": 0.0, "Impressions": 13, "Avg. CPM": 17.692308}, {"Bid Strategy Type": "cpc", "Account Name": "[W] G1 - WPL - pl360", "End date": "", "Advertising Channel": "Search", "Mapping": false, "Campaign": "Gen-term_360game_HP", "Date": "2017-05-01", "Avg. CPE": 0.0, "Video played to 50%": 0.0, "Clicks": 71, "Cost": 4.73, "Video played to 25%": 0.0, "Interaction Types": ["Clicks"], "Campaign state": "paused", "Avg. position": 1.0, "Interactions": 71, "View rate": 0.0, "Campaign serving status": "eligible", "Engagements": 0, "Avg. Cost": 0.06662, "Conversions": 4.0, "Avg. CPV": 0.0, "Invalid clicks": 2, "Unique cookies": "", "Campaign ID": 786620319, "Views": 0, "Interaction Rate": 31.14, "Advertising Sub Channel": "", "Account ID": "6585673574", "Video played to 100%": 0.0, "CTR": 31.14, "Start date": "2017-03-25", "Avg. CPC": 0.06662, "Video played to 75%": 0.0, "Impressions": 228, "Avg. CPM": 20.745614}, {"Bid Strategy Type": "cpc", "Account Name": "[W] G1 - WPL - pl360", "End date": "", "Advertising Channel": "Search", "Mapping": false, "Campaign": "Gen-term_Other_HP", "Date": "2017-05-01", "Avg. CPE": 0.0, "Video played to 50%": 0.0, "Clicks": 57, "Cost": 8.59, "Video played to 25%": 0.0, "Interaction Types": ["Clicks"], "Campaign state": "paused", "Avg. position": 1.4, "Interactions": 57, "View rate": 0.0, "Campaign serving status": "eligible", "Engagements": 0, "Avg. Cost": 0.150702, "Conversions": 15.0, "Avg. CPV": 0.0, "Invalid clicks": 7, "Unique cookies": "", "Campaign ID": 786620364, "Views": 0, "Interaction Rate": 24.46, "Advertising Sub Channel": "", "Account ID": "6585673574", "Video played to 100%": 0.0, "CTR": 24.46, "Start date": "2017-03-25", "Avg. CPC": 0.150702, "Video played to 75%": 0.0, "Impressions": 233, "Avg. CPM": 36.866953}, {"Bid Strategy Type": "cpc", "Account Name": "[W] G1 - WPL - pl360", "End date": "", "Advertising Channel": "Search", "Mapping": false, "Campaign": "Gen-term_Game_HP", "Date": "2017-05-01", "Avg. CPE": 0.0, "Video played to 50%": 0.0, "Clicks": 54, "Cost": 9.53, "Video played to 25%": 0.0, "Interaction Types": ["Clicks"], "Campaign state": "paused", "Avg. position": 1.4, "Interactions": 54, "View rate": 0.0, "Campaign serving status": "eligible", "Engagements": 0, "Avg. Cost": 0.176481, "Conversions": 11.0, "Avg. CPV": 0.0, "Invalid clicks": 1, "Unique cookies": "", "Campaign ID": 786620328, "Views": 0, "Interaction Rate": 20.69, "Advertising Sub Channel": "", "Account ID": "6585673574", "Video played to 100%": 0.0, "CTR": 20.69, "Start date": "2017-03-25", "Avg. CPC": 0.176481, "Video played to 75%": 0.0, "Impressions": 261, "Avg. CPM": 36.51341}, {"Bid Strategy Type": "cpc", "Account Name": "[W] G1 - WPL - pl360", "End date": "", "Advertising Channel": "Search", "Mapping": false, "Campaign": "Gen-term_WG_HP", "Date": "2017-05-01", "Avg. CPE": 0.0, "Video played to 50%": 0.0, "Clicks": 42, "Cost": 7.79, "Video played to 25%": 0.0, "Interaction Types": ["Clicks"], "Campaign state": "paused", "Avg. position": 1.6, "Interactions": 42, "View rate": 0.0, "Campaign serving status": "eligible", "Engagements": 0, "Avg. Cost": 0.185476, "Conversions": 7.0, "Avg. CPV": 0.0, "Invalid clicks": 3, "Unique cookies": "", "Campaign ID": 786620346, "Views": 0, "Interaction Rate": 25.3, "Advertising Sub Channel": "", "Account ID": "6585673574", "Video played to 100%": 0.0, "CTR": 25.3, "Start date": "2017-03-25", "Avg. CPC": 0.185476, "Video played to 75%": 0.0, "Impressions": 166, "Avg. CPM": 46.927711}, {"Bid Strategy Type": "cpc", "Account Name": "[W] G1 - WPL - pl360", "End date": "", "Advertising Channel": "Search", "Mapping": false, "Campaign": "Gen-term_360game_MP", "Date": "2017-05-01", "Avg. CPE": 0.0, "Video played to 50%": 0.0, "Clicks": 33, "Cost": 1.32, "Video played to 25%": 0.0, "Interaction Types": ["Clicks"], "Campaign state": "paused", "Avg. position": 1.0, "Interactions": 33, "View rate": 0.0, "Campaign serving status": "eligible", "Engagements": 0, "Avg. Cost": 0.04, "Conversions": 2.0, "Avg. CPV": 0.0, "Invalid clicks": 1, "Unique cookies": "", "Campaign ID": 786620322, "Views": 0, "Interaction Rate": 27.73, "Advertising Sub Channel": "", "Account ID": "6585673574", "Video played to 100%": 0.0, "CTR": 27.73, "Start date": "2017-03-25", "Avg. CPC": 0.04, "Video played to 75%": 0.0, "Impressions": 119, "Avg. CPM": 11.092437}, {"Bid Strategy Type": "cpc", "Account Name": "[W] G1 - WPL - pl360", "End date": "", "Advertising Channel": "Search", "Mapping": false, "Campaign": "Gen-term_Game_MP", "Date": "2017-05-01", "Avg. CPE": 0.0, "Video played to 50%": 0.0, "Clicks": 105, "Cost": 13.94, "Video played to 25%": 0.0, "Interaction Types": ["Clicks"], "Campaign state": "paused", "Avg. position": 1.5, "Interactions": 105, "View rate": 0.0, "Campaign serving status": "eligible", "Engagements": 0, "Avg. Cost": 0.132762, "Conversions": 24.0, "Avg. CPV": 0.0, "Invalid clicks": 1, "Unique cookies": "", "Campaign ID": 786620331, "Views": 0, "Interaction Rate": 20.67, "Advertising Sub Channel": "", "Account ID": "6585673574", "Video played to 100%": 0.0, "CTR": 20.67, "Start date": "2017-03-25", "Avg. CPC": 0.132762, "Video played to 75%": 0.0, "Impressions": 508, "Avg. CPM": 27.440945}, {"Bid Strategy Type": "cpc", "Account Name": "[W] G1 - WPL - pl360", "End date": "", "Advertising Channel": "Search", "Mapping": false, "Campaign": "Gen-term_GO_HP", "Date": "2017-05-01", "Avg. CPE": 0.0, "Video played to 50%": 0.0, "Clicks": 13, "Cost": 1.65, "Video played to 25%": 0.0, "Interaction Types": ["Clicks"], "Campaign state": "paused", "Avg. position": 1.7, "Interactions": 13, "View rate": 0.0, "Campaign serving status": "eligible", "Engagements": 0, "Avg. Cost": 0.126923, "Conversions": 4.0, "Avg. CPV": 0.0, "Invalid clicks": 0, "Unique cookies": "", "Campaign ID": 786620337, "Views": 0, "Interaction Rate": 20.0, "Advertising Sub Channel": "", "Account ID": "6585673574", "Video played to 100%": 0.0, "CTR": 20.0, "Start date": "2017-03-25", "Avg. CPC": 0.126923, "Video played to 75%": 0.0, "Impressions": 65, "Avg. CPM": 25.384615}, {"Bid Strategy Type": "cpc", "Account Name": "[W] G1 - WPL - pl360", "End date": "", "Advertising Channel": "Search", "Mapping": false, "Campaign": "Gen-term_Game_LP", "Date": "2017-05-01", "Avg. CPE": 0.0, "Video played to 50%": 0.0, "Clicks": 3, "Cost": 0.11, "Video played to 25%": 0.0, "Interaction Types": ["Clicks"], "Campaign state": "paused", "Avg. position": 2.9, "Interactions": 3, "View rate": 0.0, "Campaign serving status": "eligible", "Engagements": 0, "Avg. Cost": 0.036667, "Conversions": 1.0, "Avg. CPV": 0.0, "Invalid clicks": 0, "Unique cookies": "", "Campaign ID": 786620334, "Views": 0, "Interaction Rate": 20.0, "Advertising Sub Channel": "", "Account ID": "6585673574", "Video played to 100%": 0.0, "CTR": 20.0, "Start date": "2017-03-25", "Avg. CPC": 0.036667, "Video played to 75%": 0.0, "Impressions": 15, "Avg. CPM": 7.333333}, {"Bid Strategy Type": "cpc", "Account Name": "[W] G1 - WPL - pl360", "End date": "", "Advertising Channel": "Search", "Mapping": false, "Campaign": "Gen-term_Other_MP", "Date": "2017-05-01", "Avg. CPE": 0.0, "Video played to 50%": 0.0, "Clicks": 37, "Cost": 5.17, "Video played to 25%": 0.0, "Interaction Types": ["Clicks"], "Campaign state": "paused", "Avg. position": 2.7, "Interactions": 37, "View rate": 0.0, "Campaign serving status": "eligible", "Engagements": 0, "Avg. Cost": 0.13973, "Conversions": 4.0, "Avg. CPV": 0.0, "Invalid clicks": 2, "Unique cookies": "", "Campaign ID": 786620367, "Views": 0, "Interaction Rate": 11.46, "Advertising Sub Channel": "", "Account ID": "6585673574", "Video played to 100%": 0.0, "CTR": 11.46, "Start date": "2017-03-25", "Avg. CPC": 0.13973, "Video played to 75%": 0.0, "Impressions": 323, "Avg. CPM": 16.006192}, {"Bid Strategy Type": "", "Account Name": "[W] G1 - WPL - pl360", "End date": "", "Advertising Channel": "", "Mapping": false, "Campaign": "", "Date": "2017-05-01", "Avg. CPE": 0.0, "Video played to 50%": 0.0, "Clicks": 1707, "Cost": 110.05, "Video played to 25%": 0.0, "Interaction Types": "", "Campaign state": "Total", "Avg. position": 1.3, "Interactions": 1707, "View rate": 0.0, "Campaign serving status": "", "Engagements": 0, "Avg. Cost": 0.06447, "Conversions": 161.0, "Avg. CPV": 0.0, "Invalid clicks": 83, "Unique cookies": "", "Campaign ID": "", "Views": 0, "Interaction Rate": 35.35, "Advertising Sub Channel": "", "Account ID": "6585673574", "Video played to 100%": 0.0, "CTR": 35.35, "Start date": "", "Avg. CPC": 0.06447, "Video played to 75%": 0.0, "Impressions": 4829, "Avg. CPM": 22.789397}]