[{"Start date": "2017-04-25", "Advertising Sub Channel": "Search Mobile App", "Impressions": 2045, "Avg. position": 1.1, "Campaign serving status": "ended", "Advertising Channel": "Search", "Invalid clicks": 6, "Interactions": 78, "Video played to 50%": 0.0, "Interaction Types": ["Clicks"], "Conversions": 7.0, "Views": 0, "Engagements": 0, "Avg. CPE": 0.0, "Account Name": "[M] MPI - dummy - AppInstall - - Android", "End date": "2017-10-12", "Video played to 100%": 0.0, "Clicks": 78, "Avg. Cost": 0.044615, "Account ID": "9411633791", "Video played to 25%": 0.0, "View rate": 0.0, "Avg. CPV": 0.0, "Video played to 75%": 0.0, "Avg. CPM": 1.701711, "CTR": 3.81, "Campaign state": "enabled", "Campaign ID": 811692894, "Interaction Rate": 3.81, "Bid Strategy Type": "cpc", "Date": "2017-08-02", "Mapping": false, "Campaign": "Android_CT-01_9K", "Avg. CPC": 0.044615, "Unique cookies": "", "Cost": 3.48}, {"Start date": "2017-03-15", "Advertising Sub Channel": "Search Mobile App", "Impressions": 138, "Avg. position": 2.5, "Campaign serving status": "eligible", "Advertising Channel": "Search", "Invalid clicks": 0, "Interactions": 7, "Video played to 50%": 0.0, "Interaction Types": ["Clicks"], "Conversions": 1.0, "Views": 0, "Engagements": 0, "Avg. CPE": 0.0, "Account Name": "[M] MPI - dummy - AppInstall - - Android", "End date": "", "Video played to 100%": 0.0, "Clicks": 7, "Avg. Cost": 0.062857, "Account ID": "9411633791", "Video played to 25%": 0.0, "View rate": 0.0, "Avg. CPV": 0.0, "Video played to 75%": 0.0, "Avg. CPM": 3.188406, "CTR": 5.07, "Campaign state": "paused", "Campaign ID": 777611403, "Interaction Rate": 5.07, "Bid Strategy Type": "cpc", "Date": "2017-08-02", "Mapping": false, "Campaign": "Android_CT-01_Generic_GameCate", "Avg. CPC": 0.062857, "Unique cookies": "", "Cost": 0.44}, {"Start date": "2016-12-08", "Advertising Sub Channel": "Search Mobile App", "Impressions": 1606, "Avg. position": 2.1, "Campaign serving status": "eligible", "Advertising Channel": "Search", "Invalid clicks": 22, "Interactions": 167, "Video played to 50%": 0.0, "Interaction Types": ["Clicks"], "Conversions": 40.0, "Views": 0, "Engagements": 0, "Avg. CPE": 0.0, "Account Name": "[M] MPI - dummy - AppInstall - - Android", "End date": "", "Video played to 100%": 0.0, "Clicks": 167, "Avg. Cost": 0.053413, "Account ID": "9411633791", "Video played to 25%": 0.0, "View rate": 0.0, "Avg. CPV": 0.0, "Video played to 75%": 0.0, "Avg. CPM": 5.554172, "CTR": 10.4, "Campaign state": "enabled", "Campaign ID": 714787655, "Interaction Rate": 10.4, "Bid Strategy Type": "cpc", "Date": "2017-08-02", "Mapping": false, "Campaign": "Android_CT-01_Generic_Dummy", "Avg. CPC": 0.053413, "Unique cookies": "", "Cost": 8.92}, {"Start date": "2017-03-30", "Advertising Sub Channel": "Display Mobile App", "Impressions": 21645, "Avg. position": 1.0, "Campaign serving status": "eligible", "Advertising Channel": "Display", "Invalid clicks": 19, "Interactions": 176, "Video played to 50%": 19.96, "Interaction Types": ["Clicks", "Engag"], "Conversions": 25.0, "Views": 0, "Engagements": 37, "Avg. CPE": 0.011892, "Account Name": "[M] MPI - dummy - AppInstall - - Android", "End date": "", "Video played to 100%": 11.79, "Clicks": 139, "Avg. Cost": 0.059489, "Account ID": "9411633791", "Video played to 25%": 37.29, "View rate": 0.0, "Avg. CPV": 0.0, "Video played to 75%": 15.49, "Avg. CPM": 0.483714, "CTR": 0.64, "Campaign state": "paused", "Campaign ID": 792984132, "Interaction Rate": 0.81, "Bid Strategy Type": "Target CPA", "Date": "2017-08-02", "Mapping": false, "Campaign": "Android_CT-02_TA2-35_DE-04", "Avg. CPC": 0.075324, "Unique cookies": 19059, "Cost": 10.47}, {"Start date": "2017-02-15", "Advertising Sub Channel": "Search Mobile App", "Impressions": 72, "Avg. position": 1.9, "Campaign serving status": "eligible", "Advertising Channel": "Search", "Invalid clicks": 0, "Interactions": 11, "Video played to 50%": 0.0, "Interaction Types": ["Clicks"], "Conversions": 4.0, "Views": 0, "Engagements": 0, "Avg. CPE": 0.0, "Account Name": "[M] MPI - dummy - AppInstall - - Android", "End date": "", "Video played to 100%": 0.0, "Clicks": 11, "Avg. Cost": 0.09, "Account ID": "9411633791", "Video played to 25%": 0.0, "View rate": 0.0, "Avg. CPV": 0.0, "Video played to 75%": 0.0, "Avg. CPM": 13.75, "CTR": 15.28, "Campaign state": "paused", "Campaign ID": 755755660, "Interaction Rate": 15.28, "Bid Strategy Type": "cpc", "Date": "2017-08-02", "Mapping": false, "Campaign": "Android_CT-01_Dummy-EN", "Avg. CPC": 0.09, "Unique cookies": "", "Cost": 0.99}, {"Start date": "2017-04-20", "Advertising Sub Channel": "Search Mobile App", "Impressions": 6233, "Avg. position": 1.0, "Campaign serving status": "eligible", "Advertising Channel": "Search", "Invalid clicks": 45, "Interactions": 480, "Video played to 50%": 0.0, "Interaction Types": ["Clicks"], "Conversions": 127.0, "Views": 0, "Engagements": 0, "Avg. CPE": 0.0, "Account Name": "[M] MPI - dummy - AppInstall - - Android", "End date": "", "Video played to 100%": 0.0, "Clicks": 480, "Avg. Cost": 0.088792, "Account ID": "9411633791", "Video played to 25%": 0.0, "View rate": 0.0, "Avg. CPV": 0.0, "Video played to 75%": 0.0, "Avg. CPM": 6.837799, "CTR": 7.7, "Campaign state": "enabled", "Campaign ID": 808469262, "Interaction Rate": 7.7, "Bid Strategy Type": "cpc", "Date": "2017-08-02", "Mapping": false, "Campaign": "Android_CT-01_Hilo", "Avg. CPC": 0.088792, "Unique cookies": "", "Cost": 42.62}, {"Start date": "2016-11-18", "Advertising Sub Channel": "Universal App Campaign", "Impressions": 206248, "Avg. position": 1.1, "Campaign serving status": "eligible", "Advertising Channel": "Multi Channel", "Invalid clicks": 1322, "Interactions": 4809, "Video played to 50%": 25.23, "Interaction Types": ["Clicks", "Engag"], "Conversions": 480.0, "Views": 0, "Engagements": 378, "Avg. CPE": 0.011693, "Account Name": "[M] MPI - dummy - AppInstall - - Android", "End date": "", "Video played to 100%": 15.14, "Clicks": 4446, "Avg. Cost": 0.041233, "Account ID": "9411633791", "Video played to 25%": 51.93, "View rate": 0.0, "Avg. CPV": 0.0, "Video played to 75%": 19.54, "Avg. CPM": 0.961415, "CTR": 2.16, "Campaign state": "paused", "Campaign ID": 702184007, "Interaction Rate": 2.33, "Bid Strategy Type": "Target CPA", "Date": "2017-08-02", "Mapping": false, "Campaign": "Android_CT-08_TA0-02_DE-04", "Avg. CPC": 0.0446, "Unique cookies": "", "Cost": 198.29}, {"Start date": "2017-04-20", "Advertising Sub Channel": "Search Mobile App", "Impressions": 590, "Avg. position": 2.2, "Campaign serving status": "ended", "Advertising Channel": "Search", "Invalid clicks": 9, "Interactions": 75, "Video played to 50%": 0.0, "Interaction Types": ["Clicks"], "Conversions": 19.0, "Views": 0, "Engagements": 0, "Avg. CPE": 0.0, "Account Name": "[M] MPI - dummy - AppInstall - - Android", "End date": "2017-10-12", "Video played to 100%": 0.0, "Clicks": 75, "Avg. Cost": 0.0672, "Account ID": "9411633791", "Video played to 25%": 0.0, "View rate": 0.0, "Avg. CPV": 0.0, "Video played to 75%": 0.0, "Avg. CPM": 8.542373, "CTR": 12.71, "Campaign state": "enabled", "Campaign ID": 808188401, "Interaction Rate": 12.71, "Bid Strategy Type": "cpc", "Date": "2017-08-02", "Mapping": false, "Campaign": "Android_CT-01_Dummy-SCT", "Avg. CPC": 0.0672, "Unique cookies": "", "Cost": 5.04}, {"Start date": "2017-04-20", "Advertising Sub Channel": "Search Mobile App", "Impressions": 298, "Avg. position": 2.5, "Campaign serving status": "eligible", "Advertising Channel": "Search", "Invalid clicks": 0, "Interactions": 10, "Video played to 50%": 0.0, "Interaction Types": ["Clicks"], "Conversions": 2.0, "Views": 0, "Engagements": 0, "Avg. CPE": 0.0, "Account Name": "[M] MPI - dummy - AppInstall - - Android", "End date": "", "Video played to 100%": 0.0, "Clicks": 10, "Avg. Cost": 0.029, "Account ID": "9411633791", "Video played to 25%": 0.0, "View rate": 0.0, "Avg. CPV": 0.0, "Video played to 75%": 0.0, "Avg. CPM": 0.973154, "CTR": 3.36, "Campaign state": "enabled", "Campaign ID": 808189409, "Interaction Rate": 3.36, "Bid Strategy Type": "cpc", "Date": "2017-08-02", "Mapping": false, "Campaign": "Android_CT-01_Dummy-Tach", "Avg. CPC": 0.029, "Unique cookies": "", "Cost": 0.29}, {"Start date": "", "Advertising Sub Channel": "", "Impressions": 238875, "Avg. position": 1.1, "Campaign serving status": "", "Advertising Channel": "", "Invalid clicks": 1423, "Interactions": 5813, "Video played to 50%": 24.07, "Interaction Types": "", "Conversions": 705.0, "Views": 0, "Engagements": 415, "Avg. CPE": 0.011711, "Account Name": "[M] MPI - dummy - AppInstall - - Android", "End date": "", "Video played to 100%": 14.4, "Clicks": 5413, "Avg. Cost": 0.046541, "Account ID": "9411633791", "Video played to 25%": 48.71, "View rate": 0.0, "Avg. CPV": 0.0, "Video played to 75%": 18.64, "Avg. CPM": 1.132559, "CTR": 2.27, "Campaign state": "Total", "Campaign ID": "", "Interaction Rate": 2.43, "Bid Strategy Type": "", "Date": "2017-08-02", "Mapping": false, "Campaign": "", "Avg. CPC": 0.04998, "Unique cookies": "", "Cost": 270.54}]