[{"Bid Strategy Type": "cpc", "Account Name": "[M] - cfmobile - Branding - VN", "End date": "2017-06-30", "Advertising Channel": "Search", "Mapping": false, "Campaign": "Desktop_CT-01_Brand_DotKich", "Date": "2017-05-03", "Avg. CPE": 0.0, "Video played to 50%": 0.0, "Clicks": 2119, "Cost": 202.0, "Video played to 25%": 0.0, "Interaction Types": ["Clicks"], "Campaign state": "paused", "Avg. position": 1.1, "Interactions": 2119, "View rate": 0.0, "Campaign serving status": "ended", "Engagements": 0, "Avg. Cost": 0.095328, "Conversions": 0.0, "Avg. CPV": 0.0, "Invalid clicks": 143, "Unique cookies": "", "Campaign ID": 776245911, "Views": 0, "Interaction Rate": 26.82, "Advertising Sub Channel": "", "Account ID": "3346913196", "Video played to 100%": 0.0, "CTR": 26.82, "Start date": "2017-03-14", "Avg. CPC": 0.095328, "Video played to 75%": 0.0, "Impressions": 7900, "Avg. CPM": 25.56962}, {"Bid Strategy Type": "cpc", "Account Name": "[M] - cfmobile - Branding - VN", "End date": "", "Advertising Channel": "Search", "Mapping": false, "Campaign": "Desktop_CT-01_Competitor_FPS", "Date": "2017-05-03", "Avg. CPE": 0.0, "Video played to 50%": 0.0, "Clicks": 5, "Cost": 1.28, "Video played to 25%": 0.0, "Interaction Types": ["Clicks"], "Campaign state": "paused", "Avg. position": 1.2, "Interactions": 5, "View rate": 0.0, "Campaign serving status": "eligible", "Engagements": 0, "Avg. Cost": 0.256, "Conversions": 0.0, "Avg. CPV": 0.0, "Invalid clicks": 0, "Unique cookies": "", "Campaign ID": 777131720, "Views": 0, "Interaction Rate": 10.42, "Advertising Sub Channel": "", "Account ID": "3346913196", "Video played to 100%": 0.0, "CTR": 10.42, "Start date": "2017-03-15", "Avg. CPC": 0.256, "Video played to 75%": 0.0, "Impressions": 48, "Avg. CPM": 26.666667}, {"Bid Strategy Type": "cpc", "Account Name": "[M] - cfmobile - Branding - VN", "End date": "2017-06-30", "Advertising Channel": "Search", "Mapping": false, "Campaign": "Desktop_CT-01_Brand_CrossFire", "Date": "2017-05-03", "Avg. CPE": 0.0, "Video played to 50%": 0.0, "Clicks": 465, "Cost": 14.26, "Video played to 25%": 0.0, "Interaction Types": ["Clicks"], "Campaign state": "paused", "Avg. position": 1.0, "Interactions": 465, "View rate": 0.0, "Campaign serving status": "ended", "Engagements": 0, "Avg. Cost": 0.030667, "Conversions": 0.0, "Avg. CPV": 0.0, "Invalid clicks": 27, "Unique cookies": "", "Campaign ID": 775596376, "Views": 0, "Interaction Rate": 34.7, "Advertising Sub Channel": "", "Account ID": "3346913196", "Video played to 100%": 0.0, "CTR": 34.7, "Start date": "2017-03-14", "Avg. CPC": 0.030667, "Video played to 75%": 0.0, "Impressions": 1340, "Avg. CPM": 10.641791}, {"Bid Strategy Type": "cpv", "Account Name": "[M] - cfmobile - Branding - VN", "End date": "2017-06-30", "Advertising Channel": "Video", "Mapping": false, "Campaign": "Desktop_CT-05_Streamer", "Date": "2017-05-03", "Avg. CPE": 0.0, "Video played to 50%": 16.77, "Clicks": 270, "Cost": 98.79, "Video played to 25%": 27.61, "Interaction Types": ["Views"], "Campaign state": "paused", "Avg. position": 1.0, "Interactions": 7646, "View rate": 14.68, "Campaign serving status": "ended", "Engagements": 0, "Avg. Cost": 0.01292, "Conversions": 0.0, "Avg. CPV": 0.01292, "Invalid clicks": 0, "Unique cookies": 49101, "Campaign ID": 810695974, "Views": 7646, "Interaction Rate": 14.68, "Advertising Sub Channel": "", "Account ID": "3346913196", "Video played to 100%": 8.57, "CTR": 0.52, "Start date": "2017-04-25", "Avg. CPC": 0.365889, "Video played to 75%": 12.31, "Impressions": 52084, "Avg. CPM": 1.896744}, {"Bid Strategy Type": "cpc", "Account Name": "[M] - cfmobile - Branding - VN", "End date": "2017-06-30", "Advertising Channel": "Search", "Mapping": false, "Campaign": "Desktop_CT-01_Brand_CF", "Date": "2017-05-03", "Avg. CPE": 0.0, "Video played to 50%": 0.0, "Clicks": 1956, "Cost": 148.71, "Video played to 25%": 0.0, "Interaction Types": ["Clicks"], "Campaign state": "paused", "Avg. position": 1.1, "Interactions": 1956, "View rate": 0.0, "Campaign serving status": "ended", "Engagements": 0, "Avg. Cost": 0.076028, "Conversions": 0.0, "Avg. CPV": 0.0, "Invalid clicks": 67, "Unique cookies": "", "Campaign ID": 775491510, "Views": 0, "Interaction Rate": 26.22, "Advertising Sub Channel": "", "Account ID": "3346913196", "Video played to 100%": 0.0, "CTR": 26.22, "Start date": "2017-03-13", "Avg. CPC": 0.076028, "Video played to 75%": 0.0, "Impressions": 7461, "Avg. CPM": 19.931645}, {"Bid Strategy Type": "", "Account Name": "[M] - cfmobile - Branding - VN", "End date": "", "Advertising Channel": "", "Mapping": false, "Campaign": "", "Date": "2017-05-03", "Avg. CPE": 0.0, "Video played to 50%": 16.77, "Clicks": 4815, "Cost": 465.04, "Video played to 25%": 27.61, "Interaction Types": "", "Campaign state": "Total", "Avg. position": 1.0, "Interactions": 12191, "View rate": 14.68, "Campaign serving status": "", "Engagements": 0, "Avg. Cost": 0.038146, "Conversions": 0.0, "Avg. CPV": 0.01292, "Invalid clicks": 237, "Unique cookies": "", "Campaign ID": "", "Views": 7646, "Interaction Rate": 17.71, "Advertising Sub Channel": "", "Account ID": "3346913196", "Video played to 100%": 8.57, "CTR": 7.0, "Start date": "", "Avg. CPC": 0.096582, "Video played to 75%": 12.31, "Impressions": 68833, "Avg. CPM": 6.756062}]