[{"Bid Strategy Type": "cpc", "Account Name": "[M] MPI - dummy - AppInstall - - Android", "End date": "", "Advertising Channel": "Search", "Mapping": false, "Campaign": "Android_CT-01_Dummy-Tach", "Date": "2017-05-02", "Avg. CPE": 0.0, "Video played to 50%": 0.0, "Clicks": 379, "Cost": 28.51, "Video played to 25%": 0.0, "Interaction Types": ["Clicks"], "Campaign state": "enabled", "Avg. position": 2.0, "Interactions": 379, "View rate": 0.0, "Campaign serving status": "eligible", "Engagements": 0, "Avg. Cost": 0.075224, "Conversions": 86.0, "Avg. CPV": 0.0, "Invalid clicks": 36, "Unique cookies": "", "Campaign ID": 808189409, "Views": 0, "Interaction Rate": 10.17, "Advertising Sub Channel": "Search Mobile App", "Account ID": "9411633791", "Video played to 100%": 0.0, "CTR": 10.17, "Start date": "2017-04-20", "Avg. CPC": 0.075224, "Video played to 75%": 0.0, "Impressions": 3727, "Avg. CPM": 7.649584}, {"Bid Strategy Type": "Target CPA", "Account Name": "[M] MPI - dummy - AppInstall - - Android", "End date": "", "Advertising Channel": "Display", "Mapping": false, "Campaign": "Android_CT-02_TA2-04_DE-04", "Date": "2017-05-02", "Avg. CPE": 0.04, "Video played to 50%": 26.52, "Clicks": 36, "Cost": 3.18, "Video played to 25%": 57.9, "Interaction Types": ["Clicks", "Engag"], "Campaign state": "paused", "Avg. position": 1.0, "Interactions": 37, "View rate": 0.0, "Campaign serving status": "eligible", "Engagements": 1, "Avg. Cost": 0.085946, "Conversions": 7.0, "Avg. CPV": 0.0, "Invalid clicks": 0, "Unique cookies": 3450, "Campaign ID": 808373652, "Views": 0, "Interaction Rate": 0.82, "Advertising Sub Channel": "Display Mobile App", "Account ID": "9411633791", "Video played to 100%": 11.28, "CTR": 0.8, "Start date": "2017-04-20", "Avg. CPC": 0.088333, "Video played to 75%": 19.38, "Impressions": 4519, "Avg. CPM": 0.703696}, {"Bid Strategy Type": "Target CPA", "Account Name": "[M] MPI - dummy - AppInstall - - Android", "End date": "", "Advertising Channel": "Multi Channel", "Mapping": false, "Campaign": "Android_CT-08_TA0-02_DE-04", "Date": "2017-05-02", "Avg. CPE": 0.01807, "Video played to 50%": 71.78, "Clicks": 5646, "Cost": 160.56614, "Video played to 25%": 77.17, "Interaction Types": ["Clicks", "Engagements", "Views"], "Campaign state": "paused", "Avg. position": 1.1, "Interactions": 5649, "View rate": 20.83, "Campaign serving status": "eligible", "Engagements": 2, "Avg. Cost": 0.028424, "Conversions": 367.0, "Avg. CPV": 0.007228, "Invalid clicks": 2185, "Unique cookies": "", "Campaign ID": 702184007, "Views": 5, "Interaction Rate": 3.46, "Advertising Sub Channel": "Universal App Campaign", "Account ID": "9411633791", "Video played to 100%": 66.31, "CTR": 3.46, "Start date": "2016-11-18", "Avg. CPC": 0.028439, "Video played to 75%": 68.86, "Impressions": 163031, "Avg. CPM": 0.984881}, {"Bid Strategy Type": "cpc", "Account Name": "[M] MPI - dummy - AppInstall - - Android", "End date": "2017-10-12", "Advertising Channel": "Search", "Mapping": false, "Campaign": "Android_CT-01_Dummy-SCT", "Date": "2017-05-02", "Avg. CPE": 0.0, "Video played to 50%": 0.0, "Clicks": 94, "Cost": 3.21, "Video played to 25%": 0.0, "Interaction Types": ["Clicks"], "Campaign state": "enabled", "Avg. position": 2.0, "Interactions": 94, "View rate": 0.0, "Campaign serving status": "ended", "Engagements": 0, "Avg. Cost": 0.034149, "Conversions": 21.0, "Avg. CPV": 0.0, "Invalid clicks": 17, "Unique cookies": "", "Campaign ID": 808188401, "Views": 0, "Interaction Rate": 9.54, "Advertising Sub Channel": "Search Mobile App", "Account ID": "9411633791", "Video played to 100%": 0.0, "CTR": 9.54, "Start date": "2017-04-20", "Avg. CPC": 0.034149, "Video played to 75%": 0.0, "Impressions": 985, "Avg. CPM": 3.258883}, {"Bid Strategy Type": "cpc", "Account Name": "[M] MPI - dummy - AppInstall - - Android", "End date": "", "Advertising Channel": "Search", "Mapping": false, "Campaign": "Android_CT-01_Dummy-EN", "Date": "2017-05-02", "Avg. CPE": 0.0, "Video played to 50%": 0.0, "Clicks": 62, "Cost": 9.99, "Video played to 25%": 0.0, "Interaction Types": ["Clicks"], "Campaign state": "paused", "Avg. position": 2.0, "Interactions": 62, "View rate": 0.0, "Campaign serving status": "eligible", "Engagements": 0, "Avg. Cost": 0.161129, "Conversions": 10.0, "Avg. CPV": 0.0, "Invalid clicks": 1, "Unique cookies": "", "Campaign ID": 755755660, "Views": 0, "Interaction Rate": 3.44, "Advertising Sub Channel": "Search Mobile App", "Account ID": "9411633791", "Video played to 100%": 0.0, "CTR": 3.44, "Start date": "2017-02-15", "Avg. CPC": 0.161129, "Video played to 75%": 0.0, "Impressions": 1804, "Avg. CPM": 5.537694}, {"Bid Strategy Type": "cpc", "Account Name": "[M] MPI - dummy - AppInstall - - Android", "End date": "", "Advertising Channel": "Search", "Mapping": false, "Campaign": "Android_CT-01_Hilo", "Date": "2017-05-02", "Avg. CPE": 0.0, "Video played to 50%": 0.0, "Clicks": 600, "Cost": 84.31, "Video played to 25%": 0.0, "Interaction Types": ["Clicks"], "Campaign state": "enabled", "Avg. position": 1.1, "Interactions": 600, "View rate": 0.0, "Campaign serving status": "eligible", "Engagements": 0, "Avg. Cost": 0.140517, "Conversions": 115.0, "Avg. CPV": 0.0, "Invalid clicks": 53, "Unique cookies": "", "Campaign ID": 808469262, "Views": 0, "Interaction Rate": 7.26, "Advertising Sub Channel": "Search Mobile App", "Account ID": "9411633791", "Video played to 100%": 0.0, "CTR": 7.26, "Start date": "2017-04-20", "Avg. CPC": 0.140517, "Video played to 75%": 0.0, "Impressions": 8269, "Avg. CPM": 10.195912}, {"Bid Strategy Type": "Target CPA", "Account Name": "[M] MPI - dummy - AppInstall - - Android", "End date": "", "Advertising Channel": "Display", "Mapping": false, "Campaign": "Android_CT-02_TA2-29_DE-04", "Date": "2017-05-02", "Avg. CPE": 0.0, "Video played to 50%": 26.0, "Clicks": 46, "Cost": 4.56, "Video played to 25%": 52.47, "Interaction Types": ["Clicks"], "Campaign state": "paused", "Avg. position": 1.0, "Interactions": 46, "View rate": 0.0, "Campaign serving status": "eligible", "Engagements": 0, "Avg. Cost": 0.09913, "Conversions": 10.0, "Avg. CPV": 0.0, "Invalid clicks": 3, "Unique cookies": 1632, "Campaign ID": 706287788, "Views": 0, "Interaction Rate": 1.87, "Advertising Sub Channel": "Display Mobile App", "Account ID": "9411633791", "Video played to 100%": 7.12, "CTR": 1.87, "Start date": "2016-11-24", "Avg. CPC": 0.09913, "Video played to 75%": 14.92, "Impressions": 2454, "Avg. CPM": 1.858191}, {"Bid Strategy Type": "Target CPA", "Account Name": "[M] MPI - dummy - AppInstall - - Android", "End date": "", "Advertising Channel": "Display", "Mapping": false, "Campaign": "Android_CT-02_TA2-35_DE-04", "Date": "2017-05-02", "Avg. CPE": 0.059167, "Video played to 50%": 24.69, "Clicks": 507, "Cost": 40.95, "Video played to 25%": 54.49, "Interaction Types": ["Clicks", "Engag"], "Campaign state": "paused", "Avg. position": 1.0, "Interactions": 530, "View rate": 0.0, "Campaign serving status": "eligible", "Engagements": 24, "Avg. Cost": 0.077264, "Conversions": 72.0, "Avg. CPV": 0.0, "Invalid clicks": 46, "Unique cookies": 61146, "Campaign ID": 792984132, "Views": 0, "Interaction Rate": 0.68, "Advertising Sub Channel": "Display Mobile App", "Account ID": "9411633791", "Video played to 100%": 12.91, "CTR": 0.65, "Start date": "2017-03-30", "Avg. CPC": 0.080769, "Video played to 75%": 18.65, "Impressions": 78443, "Avg. CPM": 0.522035}, {"Bid Strategy Type": "cpc", "Account Name": "[M] MPI - dummy - AppInstall - - Android", "End date": "", "Advertising Channel": "Search", "Mapping": false, "Campaign": "Android_CT-01_Dummy", "Date": "2017-05-02", "Avg. CPE": 0.0, "Video played to 50%": 0.0, "Clicks": 448, "Cost": 56.26, "Video played to 25%": 0.0, "Interaction Types": ["Clicks"], "Campaign state": "paused", "Avg. position": 1.9, "Interactions": 448, "View rate": 0.0, "Campaign serving status": "eligible", "Engagements": 0, "Avg. Cost": 0.12558, "Conversions": 120.0, "Avg. CPV": 0.0, "Invalid clicks": 37, "Unique cookies": "", "Campaign ID": 808465329, "Views": 0, "Interaction Rate": 13.87, "Advertising Sub Channel": "Search Mobile App", "Account ID": "9411633791", "Video played to 100%": 0.0, "CTR": 13.87, "Start date": "2017-04-20", "Avg. CPC": 0.12558, "Video played to 75%": 0.0, "Impressions": 3230, "Avg. CPM": 17.417957}, {"Bid Strategy Type": "cpc", "Account Name": "[M] MPI - dummy - AppInstall - - Android", "End date": "", "Advertising Channel": "Search", "Mapping": false, "Campaign": "Android_CT-01_Hilo_DDL", "Date": "2017-05-02", "Avg. CPE": 0.0, "Video played to 50%": 0.0, "Clicks": 1, "Cost": 0.17, "Video played to 25%": 0.0, "Interaction Types": ["Clicks"], "Campaign state": "paused", "Avg. position": 1.4, "Interactions": 1, "View rate": 0.0, "Campaign serving status": "eligible", "Engagements": 0, "Avg. Cost": 0.17, "Conversions": 0.0, "Avg. CPV": 0.0, "Invalid clicks": 0, "Unique cookies": "", "Campaign ID": 773712432, "Views": 0, "Interaction Rate": 6.67, "Advertising Sub Channel": "Search Mobile App", "Account ID": "9411633791", "Video played to 100%": 0.0, "CTR": 6.67, "Start date": "2017-03-10", "Avg. CPC": 0.17, "Video played to 75%": 0.0, "Impressions": 15, "Avg. CPM": 11.333333}, {"Bid Strategy Type": "cpc", "Account Name": "[M] MPI - dummy - AppInstall - - Android", "End date": "", "Advertising Channel": "Search", "Mapping": false, "Campaign": "Android_CT-01_Hilo-EN", "Date": "2017-05-02", "Avg. CPE": 0.0, "Video played to 50%": 0.0, "Clicks": 7, "Cost": 1.67, "Video played to 25%": 0.0, "Interaction Types": ["Clicks"], "Campaign state": "paused", "Avg. position": 1.0, "Interactions": 7, "View rate": 0.0, "Campaign serving status": "eligible", "Engagements": 0, "Avg. Cost": 0.238571, "Conversions": 1.0, "Avg. CPV": 0.0, "Invalid clicks": 0, "Unique cookies": "", "Campaign ID": 808191065, "Views": 0, "Interaction Rate": 3.27, "Advertising Sub Channel": "Search Mobile App", "Account ID": "9411633791", "Video played to 100%": 0.0, "CTR": 3.27, "Start date": "2017-04-20", "Avg. CPC": 0.238571, "Video played to 75%": 0.0, "Impressions": 214, "Avg. CPM": 7.803738}, {"Bid Strategy Type": "cpc", "Account Name": "[M] MPI - dummy - AppInstall - - Android", "End date": "2017-10-12", "Advertising Channel": "Search", "Mapping": false, "Campaign": "Android_CT-01_9K", "Date": "2017-05-02", "Avg. CPE": 0.0, "Video played to 50%": 0.0, "Clicks": 122, "Cost": 9.6, "Video played to 25%": 0.0, "Interaction Types": ["Clicks"], "Campaign state": "enabled", "Avg. position": 1.4, "Interactions": 122, "View rate": 0.0, "Campaign serving status": "ended", "Engagements": 0, "Avg. Cost": 0.078689, "Conversions": 16.0, "Avg. CPV": 0.0, "Invalid clicks": 16, "Unique cookies": "", "Campaign ID": 811692894, "Views": 0, "Interaction Rate": 6.98, "Advertising Sub Channel": "Search Mobile App", "Account ID": "9411633791", "Video played to 100%": 0.0, "CTR": 6.98, "Start date": "2017-04-25", "Avg. CPC": 0.078689, "Video played to 75%": 0.0, "Impressions": 1747, "Avg. CPM": 5.495135}, {"Bid Strategy Type": "", "Account Name": "[M] MPI - dummy - AppInstall - - Android", "End date": "", "Advertising Channel": "", "Mapping": false, "Campaign": "", "Date": "2017-05-02", "Avg. CPE": 0.055413, "Video played to 50%": 27.48, "Clicks": 7948, "Cost": 402.97614, "Video played to 25%": 55.9, "Interaction Types": "", "Campaign state": "Total", "Avg. position": 1.1, "Interactions": 7975, "View rate": 20.83, "Campaign serving status": "", "Engagements": 27, "Avg. Cost": 0.05053, "Conversions": 825.0, "Avg. CPV": 0.007228, "Invalid clicks": 2394, "Unique cookies": "", "Campaign ID": "", "Views": 5, "Interaction Rate": 2.97, "Advertising Sub Channel": "", "Account ID": "9411633791", "Video played to 100%": 15.61, "CTR": 2.96, "Start date": "", "Avg. CPC": 0.050702, "Video played to 75%": 21.38, "Impressions": 268438, "Avg. CPM": 1.501189}]