[{"Video played to 50%": 16.99, "Invalid clicks": 0, "Video played to 100%": 7.09, "Avg. Cost": 0.008828, "Avg. CPE": 0.017628, "Avg. CPM": 1.673905, "Interaction Types": ["Engagements", "Views]"], "Impressions": 9562, "Date": "2017-08-04", "CTR": 0.92, "Account ID": "7449117049", "Video played to 25%": 28.12, "Campaign": "iOS_CT-05_TA2-09_DE-04", "View rate": 13.8, "Views": 1320, "Advertising Channel": "Video", "Advertising Sub Channel": "", "Mapping": false, "Video played to 75%": 12.62, "Avg. CPV": 0.012126, "Bid Strategy Type": "Target CPA", "Clicks": 88, "Start date": "2017-05-24", "End date": "", "Conversions": 74.0, "Interactions": 1813, "Avg. CPC": 0.181885, "Cost": 16.00588, "Campaign serving status": "eligible", "Interaction Rate": 18.96, "Avg. position": 1.0, "Campaign ID": 835255123, "Campaign state": "enabled", "Engagements": 908, "Unique cookies": 8380}, {"Video played to 50%": 7.55, "Invalid clicks": 411, "Video played to 100%": 4.09, "Avg. Cost": 0.021384, "Avg. CPE": 0.02337, "Avg. CPM": 1.050266, "Interaction Types": ["Clicks", "Engagements", "Views"], "Impressions": 395507, "Date": "2017-08-04", "CTR": 1.1, "Account ID": "7449117049", "Video played to 25%": 12.84, "Campaign": "iOS_CT-04_TA0-00_DE-04", "View rate": 13.9, "Views": 12058, "Advertising Channel": "Multi Channel", "Advertising Sub Channel": "Universal App Campaign", "Mapping": false, "Video played to 75%": 5.75, "Avg. CPV": 0.013379, "Bid Strategy Type": "Target CPA", "Clicks": 4354, "Start date": "2017-04-20", "End date": "", "Conversions": 965.0, "Interactions": 19425, "Avg. CPC": 0.095404, "Cost": 415.3877, "Campaign serving status": "eligible", "Interaction Rate": 4.91, "Avg. position": 1.0, "Campaign ID": 808091672, "Campaign state": "enabled", "Engagements": 6910, "Unique cookies": ""}, {"Video played to 50%": 7.93, "Invalid clicks": 411, "Video played to 100%": 4.21, "Avg. Cost": 0.020312, "Avg. CPE": 0.022703, "Avg. CPM": 1.064988, "Interaction Types": "", "Impressions": 405069, "Date": "2017-08-04", "CTR": 1.1, "Account ID": "7449117049", "Video played to 25%": 13.45, "Campaign": "", "View rate": 13.89, "Views": 13378, "Advertising Channel": "", "Advertising Sub Channel": "", "Mapping": false, "Video played to 75%": 6.03, "Avg. CPV": 0.013256, "Bid Strategy Type": "", "Clicks": 4442, "Start date": "", "End date": "", "Conversions": 1039.0, "Interactions": 21238, "Avg. CPC": 0.097117, "Cost": 431.39358, "Campaign serving status": "", "Interaction Rate": 5.24, "Avg. position": 1.0, "Campaign ID": "", "Campaign state": "Total", "Engagements": 7818, "Unique cookies": ""}]