[{"End date": "", "Invalid clicks": 546, "Unique cookies": "", "Cost": 602.09661, "Avg. CPC": 0.116033, "Account ID": "5008396449", "Account Name": "VNG - PG1 - JXM", "Advertising Sub Channel": "Universal App Campaign", "Campaign state": "enabled", "Video played to 100%": 6.39, "Interaction Types": ["Clicks", "Engagements", "Views"], "Campaign serving status": "eligible", "Date": "2017-06-11", "Interaction Rate": 8.79, "CTR": 1.31, "View rate": 15.57, "Avg. CPV": 0.017926, "Avg. CPM": 1.51427, "Engagements": 7269, "Avg. Cost": 0.017231, "Clicks": 5189, "Views": 27027, "Avg. CPE": 0.066652, "Video played to 25%": 18.19, "Bid Strategy Type": "Target CPA", "Impressions": 397615, "Advertising Channel": "Multi Channel", "Mapping": false, "Avg. position": 1.1, "Start date": "2016-11-15", "Video played to 50%": 10.77, "Video played to 75%": 8.33, "Campaign": "JXM | 1610105 1611013 1611026 1611062 1703048 1706008 1707026 1709039 | UAC GMG Android", "Conversions": 878.0, "Campaign ID": 699351990, "Interactions": 34942}, {"End date": "", "Invalid clicks": 246, "Unique cookies": "", "Cost": 522.39453, "Avg. CPC": 0.137436, "Account ID": "5008396449", "Account Name": "VNG - PG1 - JXM", "Advertising Sub Channel": "Universal App Campaign", "Campaign state": "enabled", "Video played to 100%": 6.52, "Interaction Types": ["Clicks", "Engagements", "Views"], "Campaign serving status": "eligible", "Date": "2017-06-11", "Interaction Rate": 5.55, "CTR": 0.67, "View rate": 15.15, "Avg. CPV": 0.014251, "Avg. CPM": 0.92612, "Engagements": 5081, "Avg. Cost": 0.016674, "Clicks": 3801, "Views": 24928, "Avg. CPE": 0.069918, "Video played to 25%": 21.57, "Bid Strategy Type": "Target CPA", "Impressions": 564068, "Advertising Channel": "Multi Channel", "Mapping": false, "Avg. position": 1.0, "Start date": "2016-12-28", "Video played to 50%": 11.77, "Video played to 75%": 9.16, "Campaign": "JXM | 1610105 1611013 1611026 1611062 1703048 1704016 1706008 1707026 1709039 | UAC App Store - iOS", "Conversions": 470.0, "Campaign ID": 726209660, "Interactions": 31329}, {"End date": "", "Invalid clicks": 31, "Unique cookies": 2110, "Cost": 1.1, "Avg. CPC": 0.010092, "Account ID": "5008396449", "Account Name": "VNG - PG1 - JXM", "Advertising Sub Channel": "", "Campaign state": "paused", "Video played to 100%": 0.0, "Interaction Types": ["Clicks"], "Campaign serving status": "eligible", "Date": "2017-06-11", "Interaction Rate": 2.44, "CTR": 2.44, "View rate": 0.0, "Avg. CPV": 0.0, "Avg. CPM": 0.246471, "Engagements": 0, "Avg. Cost": 0.010092, "Clicks": 109, "Views": 0, "Avg. CPE": 0.0, "Video played to 25%": 0.0, "Bid Strategy Type": "Maximize clicks", "Impressions": 4463, "Advertising Channel": "Display", "Mapping": false, "Avg. position": 1.0, "Start date": "2017-06-02", "Video played to 50%": 0.0, "Video played to 75%": 0.0, "Campaign": "JXM | 1705015 1706010 1707028 | Branding GDN - Android", "Conversions": 0.0, "Campaign ID": 843945598, "Interactions": 109}, {"End date": "", "Invalid clicks": 91, "Unique cookies": "", "Cost": 24.54, "Avg. CPC": 0.012998, "Account ID": "5008396449", "Account Name": "VNG - PG1 - JXM", "Advertising Sub Channel": "", "Campaign state": "enabled", "Video played to 100%": 0.0, "Interaction Types": ["Clicks"], "Campaign serving status": "eligible", "Date": "2017-06-11", "Interaction Rate": 71.38, "CTR": 71.38, "View rate": 0.0, "Avg. CPV": 0.0, "Avg. CPM": 9.277883, "Engagements": 0, "Avg. Cost": 0.012998, "Clicks": 1888, "Views": 0, "Avg. CPE": 0.0, "Video played to 25%": 0.0, "Bid Strategy Type": "Maximize clicks", "Impressions": 2645, "Advertising Channel": "Search", "Mapping": false, "Avg. position": 1.0, "Start date": "2016-10-16", "Video played to 50%": 0.0, "Video played to 75%": 0.0, "Campaign": "JXM | 1610105 1611013 1611026 1611062 1703048 1704017 1705015 1706010 1707028 1709054 | Search Desktop Only", "Conversions": 0.0, "Campaign ID": 682542681, "Interactions": 1888}, {"End date": "", "Invalid clicks": 586, "Unique cookies": "", "Cost": 400.61, "Avg. CPC": 0.11807, "Account ID": "5008396449", "Account Name": "VNG - PG1 - JXM", "Advertising Sub Channel": "Search Mobile App", "Campaign state": "enabled", "Video played to 100%": 0.0, "Interaction Types": ["Clicks"], "Campaign serving status": "eligible", "Date": "2017-06-11", "Interaction Rate": 12.81, "CTR": 12.81, "View rate": 0.0, "Avg. CPV": 0.0, "Avg. CPM": 15.130491, "Engagements": 0, "Avg. Cost": 0.11807, "Clicks": 3393, "Views": 0, "Avg. CPE": 0.0, "Video played to 25%": 0.0, "Bid Strategy Type": "Target CPA", "Impressions": 26477, "Advertising Channel": "Search", "Mapping": false, "Avg. position": 1.3, "Start date": "2016-10-16", "Video played to 50%": 0.0, "Video played to 75%": 0.0, "Campaign": "JXM | 1610105 1611013 1611026 1611062 1703048 1704016 1706008 1707026 1709039 | Search Google Play Store", "Conversions": 1189.0, "Campaign ID": 682545537, "Interactions": 3393}, {"End date": "", "Invalid clicks": 960, "Unique cookies": 218862, "Cost": 184.72, "Avg. CPC": 0.017094, "Account ID": "5008396449", "Account Name": "VNG - PG1 - JXM", "Advertising Sub Channel": "", "Campaign state": "paused", "Video played to 100%": 0.0, "Interaction Types": ["Clicks"], "Campaign serving status": "eligible", "Date": "2017-06-11", "Interaction Rate": 1.73, "CTR": 1.73, "View rate": 0.0, "Avg. CPV": 0.0, "Avg. CPM": 0.295898, "Engagements": 0, "Avg. Cost": 0.017094, "Clicks": 10806, "Views": 0, "Avg. CPE": 0.0, "Video played to 25%": 0.0, "Bid Strategy Type": "Maximize clicks", "Impressions": 624270, "Advertising Channel": "Display", "Mapping": false, "Avg. position": 1.0, "Start date": "2017-05-26", "Video played to 50%": 0.0, "Video played to 75%": 0.0, "Campaign": "JXM | 1705015 1706010 1707028 | Branding GDN - iOS", "Conversions": 48.0, "Campaign ID": 837910039, "Interactions": 10806}, {"End date": "", "Invalid clicks": 2460, "Unique cookies": "", "Cost": 1735.46114, "Avg. CPC": 0.068906, "Account ID": "5008396449", "Account Name": "VNG - PG1 - JXM", "Advertising Sub Channel": "", "Campaign state": "Total", "Video played to 100%": 6.45, "Interaction Types": "", "Campaign serving status": "", "Date": "2017-06-11", "Interaction Rate": 5.09, "CTR": 1.56, "View rate": 15.36, "Avg. CPV": 0.016163, "Avg. CPM": 1.071578, "Engagements": 12350, "Avg. Cost": 0.021044, "Clicks": 25186, "Views": 51955, "Avg. CPE": 0.067996, "Video played to 25%": 19.83, "Bid Strategy Type": "", "Impressions": 1619538, "Advertising Channel": "", "Mapping": false, "Avg. position": 1.0, "Start date": "", "Video played to 50%": 11.26, "Video played to 75%": 8.73, "Campaign": "", "Conversions": 2585.0, "Campaign ID": "", "Interactions": 82467}]