[{"Campaign serving status": "eligible", "Advertising Channel": "Search", "Views": 0, "Avg. CPC": 0.051095, "Video played to 75%": 0.0, "Campaign state": "paused", "Video played to 50%": 0.0, "Interaction Rate": 32.18, "Mapping": false, "Account ID": "1493302671", "Start date": "2014-07-09", "Avg. CPE": 0.0, "Account Name": "[W] G1 - WPL - phongvan360", "Impressions": 1305, "Video played to 25%": 0.0, "Engagements": 0, "Conversions": 72.0, "Video played to 100%": 0.0, "Avg. Cost": 0.051095, "Interactions": 420, "Clicks": 420, "Avg. CPV": 0.0, "Unique cookies": "", "Invalid clicks": 36, "Advertising Sub Channel": "", "Interaction Types": ["Clicks"], "Avg. position": 1.1, "Date": "2017-03-04", "CTR": 32.18, "Dept": "WPL", "View rate": 0.0, "Bid Strategy Type": "cpc", "Cost": 21.46, "Campaign ID": "192461067", "Avg. CPM": 16.444444, "Campaign": "Brand-term_PhongVan", "End date": ""}, {"Campaign serving status": "eligible", "Advertising Channel": "Search", "Views": 0, "Avg. CPC": 0.019811, "Video played to 75%": 0.0, "Campaign state": "paused", "Video played to 50%": 0.0, "Interaction Rate": 29.24, "Mapping": false, "Account ID": "1493302671", "Start date": "2014-07-09", "Avg. CPE": 0.0, "Account Name": "[W] G1 - WPL - phongvan360", "Impressions": 725, "Video played to 25%": 0.0, "Engagements": 0, "Conversions": 33.0, "Video played to 100%": 0.0, "Avg. Cost": 0.019811, "Interactions": 212, "Clicks": 212, "Avg. CPV": 0.0, "Unique cookies": "", "Invalid clicks": 21, "Advertising Sub Channel": "", "Interaction Types": ["Clicks"], "Avg. position": 1.4, "Date": "2017-03-04", "CTR": 29.24, "Dept": "WPL", "View rate": 0.0, "Bid Strategy Type": "cpc", "Cost": 4.2, "Campaign ID": "192460947", "Avg. CPM": 5.793103, "Campaign": "Brand-term_Game PhongVan", "End date": ""}, {"Campaign serving status": "", "Advertising Channel": "", "Views": 0, "Avg. CPC": 0.040601, "Video played to 75%": 0.0, "Campaign state": "Total", "Video played to 50%": 0.0, "Interaction Rate": 30.92, "Mapping": false, "Account ID": "1493302671", "Start date": "", "Avg. CPE": 0.0, "Account Name": "[W] G1 - WPL - phongvan360", "Impressions": 2044, "Video played to 25%": 0.0, "Engagements": 0, "Conversions": 105.0, "Video played to 100%": 0.0, "Avg. Cost": 0.040601, "Interactions": 632, "Clicks": 632, "Avg. CPV": 0.0, "Unique cookies": "", "Invalid clicks": 57, "Advertising Sub Channel": "", "Interaction Types": "", "Avg. position": 1.2, "Date": "2017-03-04", "CTR": 30.92, "Dept": "WPL", "View rate": 0.0, "Bid Strategy Type": "", "Cost": 25.66, "Campaign ID": "", "Avg. CPM": 12.553816, "Campaign": "", "End date": ""}]