[{"Account ID": "1493302671", "Conversions": 72.0, "Views": 0, "Video played to 50%": 0.0, "Advertising Sub Channel": "", "Campaign": "Brand-term_PhongVan", "Avg. CPE": 0.0, "Campaign serving status": "eligible", "Invalid clicks": 36, "Interaction Rate": 32.18, "Interaction Types": ["Clicks"], "Engagements": 0, "End date": "", "Avg. position": 1.1, "Video played to 100%": 0.0, "Video played to 25%": 0.0, "Video played to 75%": 0.0, "Mapping": false, "Avg. CPV": 0.0, "View rate": 0.0, "Avg. CPC": 0.051095, "Avg. Cost": 0.051095, "Avg. CPM": 16.444444, "Campaign state": "paused", "Start date": "2014-07-09", "Account Name": "[W] G1 - WPL - phongvan360", "Cost": 21.46, "Advertising Channel": "Search", "Campaign ID": 192461067, "Interactions": 420, "Unique cookies": "", "Clicks": 420, "CTR": 32.18, "Dept": "WPL", "Bid Strategy Type": "cpc", "Date": "2017-03-04", "Impressions": 1305}, {"Account ID": "1493302671", "Conversions": 33.0, "Views": 0, "Video played to 50%": 0.0, "Advertising Sub Channel": "", "Campaign": "Brand-term_Game PhongVan", "Avg. CPE": 0.0, "Campaign serving status": "eligible", "Invalid clicks": 21, "Interaction Rate": 29.24, "Interaction Types": ["Clicks"], "Engagements": 0, "End date": "", "Avg. position": 1.4, "Video played to 100%": 0.0, "Video played to 25%": 0.0, "Video played to 75%": 0.0, "Mapping": false, "Avg. CPV": 0.0, "View rate": 0.0, "Avg. CPC": 0.019811, "Avg. Cost": 0.019811, "Avg. CPM": 5.793103, "Campaign state": "paused", "Start date": "2014-07-09", "Account Name": "[W] G1 - WPL - phongvan360", "Cost": 4.2, "Advertising Channel": "Search", "Campaign ID": 192460947, "Interactions": 212, "Unique cookies": "", "Clicks": 212, "CTR": 29.24, "Dept": "WPL", "Bid Strategy Type": "cpc", "Date": "2017-03-04", "Impressions": 725}, {"Account ID": "1493302671", "Conversions": 105.0, "Views": 0, "Video played to 50%": 0.0, "Advertising Sub Channel": "", "Campaign": "", "Avg. CPE": 0.0, "Campaign serving status": "", "Invalid clicks": 57, "Interaction Rate": 30.92, "Interaction Types": "", "Engagements": 0, "End date": "", "Avg. position": 1.2, "Video played to 100%": 0.0, "Video played to 25%": 0.0, "Video played to 75%": 0.0, "Mapping": false, "Avg. CPV": 0.0, "View rate": 0.0, "Avg. CPC": 0.040601, "Avg. Cost": 0.040601, "Avg. CPM": 12.553816, "Campaign state": "Total", "Start date": "", "Account Name": "[W] G1 - WPL - phongvan360", "Cost": 25.66, "Advertising Channel": "", "Campaign ID": "", "Interactions": 632, "Unique cookies": "", "Clicks": 632, "CTR": 30.92, "Dept": "WPL", "Bid Strategy Type": "", "Date": "2017-03-04", "Impressions": 2044}]