[{"Bid Strategy Type": "cpc", "Account Name": "[W] G1 - WPL - td360", "End date": "", "Advertising Channel": "Search", "Mapping": false, "Campaign": "Brand-term_TTTD-ex-AFT", "Date": "2017-05-04", "Avg. CPE": 0.0, "Video played to 50%": 0.0, "Clicks": 88, "Cost": 0.95, "Video played to 25%": 0.0, "Interaction Types": ["Clicks"], "Campaign state": "enabled", "Avg. position": 1.0, "Interactions": 88, "View rate": 0.0, "Campaign serving status": "eligible", "Engagements": 0, "Avg. Cost": 0.010795, "Conversions": 2.0, "Avg. CPV": 0.0, "Invalid clicks": 8, "Unique cookies": "", "Campaign ID": 639844270, "Views": 0, "Interaction Rate": 80.73, "Advertising Sub Channel": "", "Account ID": "5243164713", "Video played to 100%": 0.0, "CTR": 80.73, "Start date": "2016-08-09", "Avg. CPC": 0.010795, "Video played to 75%": 0.0, "Impressions": 109, "Avg. CPM": 8.715596}, {"Bid Strategy Type": "cpc", "Account Name": "[W] G1 - WPL - td360", "End date": "", "Advertising Channel": "Search", "Mapping": false, "Campaign": "Brand-term_TTTD-phr-EVE", "Date": "2017-05-04", "Avg. CPE": 0.0, "Video played to 50%": 0.0, "Clicks": 9, "Cost": 0.22, "Video played to 25%": 0.0, "Interaction Types": ["Clicks"], "Campaign state": "paused", "Avg. position": 1.0, "Interactions": 9, "View rate": 0.0, "Campaign serving status": "eligible", "Engagements": 0, "Avg. Cost": 0.024444, "Conversions": 0.0, "Avg. CPV": 0.0, "Invalid clicks": 0, "Unique cookies": "", "Campaign ID": 639844282, "Views": 0, "Interaction Rate": 37.5, "Advertising Sub Channel": "", "Account ID": "5243164713", "Video played to 100%": 0.0, "CTR": 37.5, "Start date": "2016-08-09", "Avg. CPC": 0.024444, "Video played to 75%": 0.0, "Impressions": 24, "Avg. CPM": 9.166667}, {"Bid Strategy Type": "cpc", "Account Name": "[W] G1 - WPL - td360", "End date": "", "Advertising Channel": "Search", "Mapping": false, "Campaign": "Brand-term_TTTD-br-MOR", "Date": "2017-05-04", "Avg. CPE": 0.0, "Video played to 50%": 0.0, "Clicks": 477, "Cost": 5.47, "Video played to 25%": 0.0, "Interaction Types": ["Clicks"], "Campaign state": "paused", "Avg. position": 1.0, "Interactions": 477, "View rate": 0.0, "Campaign serving status": "eligible", "Engagements": 0, "Avg. Cost": 0.011468, "Conversions": 4.0, "Avg. CPV": 0.0, "Invalid clicks": 26, "Unique cookies": "", "Campaign ID": 639844267, "Views": 0, "Interaction Rate": 75.36, "Advertising Sub Channel": "", "Account ID": "5243164713", "Video played to 100%": 0.0, "CTR": 75.36, "Start date": "2016-08-09", "Avg. CPC": 0.011468, "Video played to 75%": 0.0, "Impressions": 633, "Avg. CPM": 8.64139}, {"Bid Strategy Type": "cpc", "Account Name": "[W] G1 - WPL - td360", "End date": "", "Advertising Channel": "Search", "Mapping": false, "Campaign": "Brand-term_TTTD-ex-EVE", "Date": "2017-05-04", "Avg. CPE": 0.0, "Video played to 50%": 0.0, "Clicks": 48, "Cost": 0.48, "Video played to 25%": 0.0, "Interaction Types": ["Clicks"], "Campaign state": "enabled", "Avg. position": 1.0, "Interactions": 48, "View rate": 0.0, "Campaign serving status": "eligible", "Engagements": 0, "Avg. Cost": 0.01, "Conversions": 0.0, "Avg. CPV": 0.0, "Invalid clicks": 1, "Unique cookies": "", "Campaign ID": 639844273, "Views": 0, "Interaction Rate": 82.76, "Advertising Sub Channel": "", "Account ID": "5243164713", "Video played to 100%": 0.0, "CTR": 82.76, "Start date": "2016-08-09", "Avg. CPC": 0.01, "Video played to 75%": 0.0, "Impressions": 58, "Avg. CPM": 8.275862}, {"Bid Strategy Type": "cpc", "Account Name": "[W] G1 - WPL - td360", "End date": "", "Advertising Channel": "Search", "Mapping": false, "Campaign": "Brand-term_TTTD-phr-AFT", "Date": "2017-05-04", "Avg. CPE": 0.0, "Video played to 50%": 0.0, "Clicks": 37, "Cost": 0.49, "Video played to 25%": 0.0, "Interaction Types": ["Clicks"], "Campaign state": "paused", "Avg. position": 1.0, "Interactions": 37, "View rate": 0.0, "Campaign serving status": "eligible", "Engagements": 0, "Avg. Cost": 0.013243, "Conversions": 1.0, "Avg. CPV": 0.0, "Invalid clicks": 3, "Unique cookies": "", "Campaign ID": 639844279, "Views": 0, "Interaction Rate": 45.68, "Advertising Sub Channel": "", "Account ID": "5243164713", "Video played to 100%": 0.0, "CTR": 45.68, "Start date": "2016-08-09", "Avg. CPC": 0.013243, "Video played to 75%": 0.0, "Impressions": 81, "Avg. CPM": 6.049383}, {"Bid Strategy Type": "cpc", "Account Name": "[W] G1 - WPL - td360", "End date": "", "Advertising Channel": "Search", "Mapping": false, "Campaign": "Brand-term_TayDuKy-EVE", "Date": "2017-05-04", "Avg. CPE": 0.0, "Video played to 50%": 0.0, "Clicks": 19, "Cost": 0.51, "Video played to 25%": 0.0, "Interaction Types": ["Clicks"], "Campaign state": "paused", "Avg. position": 1.0, "Interactions": 19, "View rate": 0.0, "Campaign serving status": "eligible", "Engagements": 0, "Avg. Cost": 0.026842, "Conversions": 0.0, "Avg. CPV": 0.0, "Invalid clicks": 2, "Unique cookies": "", "Campaign ID": 639844291, "Views": 0, "Interaction Rate": 30.16, "Advertising Sub Channel": "", "Account ID": "5243164713", "Video played to 100%": 0.0, "CTR": 30.16, "Start date": "2016-08-09", "Avg. CPC": 0.026842, "Video played to 75%": 0.0, "Impressions": 63, "Avg. CPM": 8.095238}, {"Bid Strategy Type": "cpc", "Account Name": "[W] G1 - WPL - td360", "End date": "", "Advertising Channel": "Search", "Mapping": false, "Campaign": "Gen-term_FH-GPC-br-EVE", "Date": "2017-05-04", "Avg. CPE": 0.0, "Video played to 50%": 0.0, "Clicks": 1, "Cost": 0.07, "Video played to 25%": 0.0, "Interaction Types": ["Clicks"], "Campaign state": "paused", "Avg. position": 2.0, "Interactions": 1, "View rate": 0.0, "Campaign serving status": "eligible", "Engagements": 0, "Avg. Cost": 0.07, "Conversions": 0.0, "Avg. CPV": 0.0, "Invalid clicks": 0, "Unique cookies": "", "Campaign ID": 641798305, "Views": 0, "Interaction Rate": 100.0, "Advertising Sub Channel": "", "Account ID": "5243164713", "Video played to 100%": 0.0, "CTR": 100.0, "Start date": "2016-08-11", "Avg. CPC": 0.07, "Video played to 75%": 0.0, "Impressions": 1, "Avg. CPM": 70.0}, {"Bid Strategy Type": "cpc", "Account Name": "[W] G1 - WPL - td360", "End date": "", "Advertising Channel": "Search", "Mapping": false, "Campaign": "Brand-term_TayDuKy-MOR", "Date": "2017-05-04", "Avg. CPE": 0.0, "Video played to 50%": 0.0, "Clicks": 32, "Cost": 0.66, "Video played to 25%": 0.0, "Interaction Types": ["Clicks"], "Campaign state": "paused", "Avg. position": 1.0, "Interactions": 32, "View rate": 0.0, "Campaign serving status": "eligible", "Engagements": 0, "Avg. Cost": 0.020625, "Conversions": 1.0, "Avg. CPV": 0.0, "Invalid clicks": 11, "Unique cookies": "", "Campaign ID": 639844294, "Views": 0, "Interaction Rate": 30.19, "Advertising Sub Channel": "", "Account ID": "5243164713", "Video played to 100%": 0.0, "CTR": 30.19, "Start date": "2016-08-09", "Avg. CPC": 0.020625, "Video played to 75%": 0.0, "Impressions": 106, "Avg. CPM": 6.226415}, {"Bid Strategy Type": "cpc", "Account Name": "[W] G1 - WPL - td360", "End date": "", "Advertising Channel": "Search", "Mapping": false, "Campaign": "Brand-term_TTTD-bmm-MOR", "Date": "2017-05-04", "Avg. CPE": 0.0, "Video played to 50%": 0.0, "Clicks": 3, "Cost": 0.14, "Video played to 25%": 0.0, "Interaction Types": ["Clicks"], "Campaign state": "paused", "Avg. position": 1.0, "Interactions": 3, "View rate": 0.0, "Campaign serving status": "eligible", "Engagements": 0, "Avg. Cost": 0.046667, "Conversions": 0.0, "Avg. CPV": 0.0, "Invalid clicks": 0, "Unique cookies": "", "Campaign ID": 639844258, "Views": 0, "Interaction Rate": 60.0, "Advertising Sub Channel": "", "Account ID": "5243164713", "Video played to 100%": 0.0, "CTR": 60.0, "Start date": "2016-08-09", "Avg. CPC": 0.046667, "Video played to 75%": 0.0, "Impressions": 5, "Avg. CPM": 28.0}, {"Bid Strategy Type": "cpc", "Account Name": "[W] G1 - WPL - td360", "End date": "", "Advertising Channel": "Search", "Mapping": false, "Campaign": "Brand-term_TTTD-br-AFT", "Date": "2017-05-04", "Avg. CPE": 0.0, "Video played to 50%": 0.0, "Clicks": 548, "Cost": 6.48, "Video played to 25%": 0.0, "Interaction Types": ["Clicks"], "Campaign state": "paused", "Avg. position": 1.0, "Interactions": 548, "View rate": 0.0, "Campaign serving status": "eligible", "Engagements": 0, "Avg. Cost": 0.011825, "Conversions": 3.0, "Avg. CPV": 0.0, "Invalid clicks": 43, "Unique cookies": "", "Campaign ID": 639844261, "Views": 0, "Interaction Rate": 77.18, "Advertising Sub Channel": "", "Account ID": "5243164713", "Video played to 100%": 0.0, "CTR": 77.18, "Start date": "2016-08-09", "Avg. CPC": 0.011825, "Video played to 75%": 0.0, "Impressions": 710, "Avg. CPM": 9.126761}, {"Bid Strategy Type": "cpc", "Account Name": "[W] G1 - WPL - td360", "End date": "", "Advertising Channel": "Search", "Mapping": false, "Campaign": "Brand-term_TTTD-br-EVE", "Date": "2017-05-04", "Avg. CPE": 0.0, "Video played to 50%": 0.0, "Clicks": 351, "Cost": 3.82, "Video played to 25%": 0.0, "Interaction Types": ["Clicks"], "Campaign state": "paused", "Avg. position": 1.0, "Interactions": 351, "View rate": 0.0, "Campaign serving status": "eligible", "Engagements": 0, "Avg. Cost": 0.010883, "Conversions": 3.0, "Avg. CPV": 0.0, "Invalid clicks": 10, "Unique cookies": "", "Campaign ID": 639844264, "Views": 0, "Interaction Rate": 77.65, "Advertising Sub Channel": "", "Account ID": "5243164713", "Video played to 100%": 0.0, "CTR": 77.65, "Start date": "2016-08-09", "Avg. CPC": 0.010883, "Video played to 75%": 0.0, "Impressions": 452, "Avg. CPM": 8.451327}, {"Bid Strategy Type": "cpc", "Account Name": "[W] G1 - WPL - td360", "End date": "", "Advertising Channel": "Search", "Mapping": false, "Campaign": "Gen-term_Game_Phrase_MOR", "Date": "2017-05-04", "Avg. CPE": 0.0, "Video played to 50%": 0.0, "Clicks": 1, "Cost": 0.07, "Video played to 25%": 0.0, "Interaction Types": ["Clicks"], "Campaign state": "paused", "Avg. position": 1.6, "Interactions": 1, "View rate": 0.0, "Campaign serving status": "eligible", "Engagements": 0, "Avg. Cost": 0.07, "Conversions": 0.0, "Avg. CPV": 0.0, "Invalid clicks": 0, "Unique cookies": "", "Campaign ID": 641798152, "Views": 0, "Interaction Rate": 5.26, "Advertising Sub Channel": "", "Account ID": "5243164713", "Video played to 100%": 0.0, "CTR": 5.26, "Start date": "2016-08-11", "Avg. CPC": 0.07, "Video played to 75%": 0.0, "Impressions": 19, "Avg. CPM": 3.684211}, {"Bid Strategy Type": "cpc", "Account Name": "[W] G1 - WPL - td360", "End date": "", "Advertising Channel": "Search", "Mapping": false, "Campaign": "Gen-term_Game_Phrase_AFT", "Date": "2017-05-04", "Avg. CPE": 0.0, "Video played to 50%": 0.0, "Clicks": 1, "Cost": 0.07, "Video played to 25%": 0.0, "Interaction Types": ["Clicks"], "Campaign state": "paused", "Avg. position": 1.9, "Interactions": 1, "View rate": 0.0, "Campaign serving status": "eligible", "Engagements": 0, "Avg. Cost": 0.07, "Conversions": 0.0, "Avg. CPV": 0.0, "Invalid clicks": 0, "Unique cookies": "", "Campaign ID": 641798155, "Views": 0, "Interaction Rate": 5.0, "Advertising Sub Channel": "", "Account ID": "5243164713", "Video played to 100%": 0.0, "CTR": 5.0, "Start date": "2016-08-11", "Avg. CPC": 0.07, "Video played to 75%": 0.0, "Impressions": 20, "Avg. CPM": 3.5}, {"Bid Strategy Type": "cpc", "Account Name": "[W] G1 - WPL - td360", "End date": "", "Advertising Channel": "Search", "Mapping": false, "Campaign": "Brand-term_TTTD-ex-MOR", "Date": "2017-05-04", "Avg. CPE": 0.0, "Video played to 50%": 0.0, "Clicks": 70, "Cost": 0.72, "Video played to 25%": 0.0, "Interaction Types": ["Clicks"], "Campaign state": "enabled", "Avg. position": 1.0, "Interactions": 70, "View rate": 0.0, "Campaign serving status": "eligible", "Engagements": 0, "Avg. Cost": 0.010286, "Conversions": 0.0, "Avg. CPV": 0.0, "Invalid clicks": 2, "Unique cookies": "", "Campaign ID": 639844276, "Views": 0, "Interaction Rate": 73.68, "Advertising Sub Channel": "", "Account ID": "5243164713", "Video played to 100%": 0.0, "CTR": 73.68, "Start date": "2016-08-09", "Avg. CPC": 0.010286, "Video played to 75%": 0.0, "Impressions": 95, "Avg. CPM": 7.578947}, {"Bid Strategy Type": "cpc", "Account Name": "[W] G1 - WPL - td360", "End date": "", "Advertising Channel": "Search", "Mapping": false, "Campaign": "Brand-term_TayDuKy-AFT", "Date": "2017-05-04", "Avg. CPE": 0.0, "Video played to 50%": 0.0, "Clicks": 34, "Cost": 0.98, "Video played to 25%": 0.0, "Interaction Types": ["Clicks"], "Campaign state": "paused", "Avg. position": 1.1, "Interactions": 34, "View rate": 0.0, "Campaign serving status": "eligible", "Engagements": 0, "Avg. Cost": 0.028824, "Conversions": 0.0, "Avg. CPV": 0.0, "Invalid clicks": 1, "Unique cookies": "", "Campaign ID": 639844288, "Views": 0, "Interaction Rate": 26.56, "Advertising Sub Channel": "", "Account ID": "5243164713", "Video played to 100%": 0.0, "CTR": 26.56, "Start date": "2016-08-09", "Avg. CPC": 0.028824, "Video played to 75%": 0.0, "Impressions": 128, "Avg. CPM": 7.65625}, {"Bid Strategy Type": "cpc", "Account Name": "[W] G1 - WPL - td360", "End date": "", "Advertising Channel": "Search", "Mapping": false, "Campaign": "Brand-term_TTTD-bmm-AFT", "Date": "2017-05-04", "Avg. CPE": 0.0, "Video played to 50%": 0.0, "Clicks": 1, "Cost": 0.01, "Video played to 25%": 0.0, "Interaction Types": ["Clicks"], "Campaign state": "paused", "Avg. position": 1.0, "Interactions": 1, "View rate": 0.0, "Campaign serving status": "eligible", "Engagements": 0, "Avg. Cost": 0.01, "Conversions": 0.0, "Avg. CPV": 0.0, "Invalid clicks": 0, "Unique cookies": "", "Campaign ID": 639844252, "Views": 0, "Interaction Rate": 50.0, "Advertising Sub Channel": "", "Account ID": "5243164713", "Video played to 100%": 0.0, "CTR": 50.0, "Start date": "2016-08-09", "Avg. CPC": 0.01, "Video played to 75%": 0.0, "Impressions": 2, "Avg. CPM": 5.0}, {"Bid Strategy Type": "cpc", "Account Name": "[W] G1 - WPL - td360", "End date": "", "Advertising Channel": "Search", "Mapping": false, "Campaign": "Brand-term_TTTD-bmm-EVE", "Date": "2017-05-04", "Avg. CPE": 0.0, "Video played to 50%": 0.0, "Clicks": 2, "Cost": 0.02, "Video played to 25%": 0.0, "Interaction Types": ["Clicks"], "Campaign state": "paused", "Avg. position": 1.0, "Interactions": 2, "View rate": 0.0, "Campaign serving status": "eligible", "Engagements": 0, "Avg. Cost": 0.01, "Conversions": 0.0, "Avg. CPV": 0.0, "Invalid clicks": 0, "Unique cookies": "", "Campaign ID": 639844255, "Views": 0, "Interaction Rate": 33.33, "Advertising Sub Channel": "", "Account ID": "5243164713", "Video played to 100%": 0.0, "CTR": 33.33, "Start date": "2016-08-09", "Avg. CPC": 0.01, "Video played to 75%": 0.0, "Impressions": 6, "Avg. CPM": 3.333333}, {"Bid Strategy Type": "cpc", "Account Name": "[W] G1 - WPL - td360", "End date": "", "Advertising Channel": "Search", "Mapping": false, "Campaign": "Brand-term_TTTD-phr-MOR", "Date": "2017-05-04", "Avg. CPE": 0.0, "Video played to 50%": 0.0, "Clicks": 21, "Cost": 0.54, "Video played to 25%": 0.0, "Interaction Types": ["Clicks"], "Campaign state": "paused", "Avg. position": 1.0, "Interactions": 21, "View rate": 0.0, "Campaign serving status": "eligible", "Engagements": 0, "Avg. Cost": 0.025714, "Conversions": 0.0, "Avg. CPV": 0.0, "Invalid clicks": 0, "Unique cookies": "", "Campaign ID": 639844285, "Views": 0, "Interaction Rate": 55.26, "Advertising Sub Channel": "", "Account ID": "5243164713", "Video played to 100%": 0.0, "CTR": 55.26, "Start date": "2016-08-09", "Avg. CPC": 0.025714, "Video played to 75%": 0.0, "Impressions": 38, "Avg. CPM": 14.210526}, {"Bid Strategy Type": "cpc", "Account Name": "[W] G1 - WPL - td360", "End date": "", "Advertising Channel": "Search", "Mapping": false, "Campaign": "Gen-term_Game_Broad_AFT", "Date": "2017-05-04", "Avg. CPE": 0.0, "Video played to 50%": 0.0, "Clicks": 1, "Cost": 0.06, "Video played to 25%": 0.0, "Interaction Types": ["Clicks"], "Campaign state": "paused", "Avg. position": 1.8, "Interactions": 1, "View rate": 0.0, "Campaign serving status": "eligible", "Engagements": 0, "Avg. Cost": 0.06, "Conversions": 0.0, "Avg. CPV": 0.0, "Invalid clicks": 0, "Unique cookies": "", "Campaign ID": 641798281, "Views": 0, "Interaction Rate": 5.88, "Advertising Sub Channel": "", "Account ID": "5243164713", "Video played to 100%": 0.0, "CTR": 5.88, "Start date": "2016-08-11", "Avg. CPC": 0.06, "Video played to 75%": 0.0, "Impressions": 17, "Avg. CPM": 3.529412}, {"Bid Strategy Type": "", "Account Name": "[W] G1 - WPL - td360", "End date": "", "Advertising Channel": "", "Mapping": false, "Campaign": "", "Date": "2017-05-04", "Avg. CPE": 0.0, "Video played to 50%": 0.0, "Clicks": 1744, "Cost": 21.76, "Video played to 25%": 0.0, "Interaction Types": "", "Campaign state": "Total", "Avg. position": 1.1, "Interactions": 1744, "View rate": 0.0, "Campaign serving status": "", "Engagements": 0, "Avg. Cost": 0.012477, "Conversions": 14.0, "Avg. CPV": 0.0, "Invalid clicks": 107, "Unique cookies": "", "Campaign ID": "", "Views": 0, "Interaction Rate": 65.15, "Advertising Sub Channel": "", "Account ID": "5243164713", "Video played to 100%": 0.0, "CTR": 65.15, "Start date": "", "Avg. CPC": 0.012477, "Video played to 75%": 0.0, "Impressions": 2677, "Avg. CPM": 8.128502}]