[{"End date": "", "Invalid clicks": 758, "Unique cookies": 171671, "Cost": 166.61, "Avg. CPC": 0.01678, "Account ID": "5008396449", "Account Name": "VNG - PG1 - JXM", "Advertising Sub Channel": "", "Campaign state": "paused", "Video played to 100%": 0.0, "Interaction Types": ["Clicks"], "Campaign serving status": "eligible", "Date": "2017-06-07", "Interaction Rate": 1.9, "CTR": 1.9, "View rate": 0.0, "Avg. CPV": 0.0, "Avg. CPM": 0.319518, "Engagements": 0, "Avg. Cost": 0.01678, "Clicks": 9929, "Views": 0, "Avg. CPE": 0.0, "Video played to 25%": 0.0, "Bid Strategy Type": "Maximize clicks", "Impressions": 521442, "Advertising Channel": "Display", "Mapping": false, "Avg. position": 1.0, "Start date": "2017-05-26", "Video played to 50%": 0.0, "Video played to 75%": 0.0, "Campaign": "JXM | 1705015 1706010 1707028 | Branding GDN - iOS", "Conversions": 45.0, "Campaign ID": 837910039, "Interactions": 9929}, {"End date": "", "Invalid clicks": 2575, "Unique cookies": 283948, "Cost": 180.56, "Avg. CPC": 0.016053, "Account ID": "5008396449", "Account Name": "VNG - PG1 - JXM", "Advertising Sub Channel": "", "Campaign state": "paused", "Video played to 100%": 0.0, "Interaction Types": ["Clicks"], "Campaign serving status": "eligible", "Date": "2017-06-07", "Interaction Rate": 1.69, "CTR": 1.69, "View rate": 0.0, "Avg. CPV": 0.0, "Avg. CPM": 0.270805, "Engagements": 0, "Avg. Cost": 0.016053, "Clicks": 11248, "Views": 0, "Avg. CPE": 0.0, "Video played to 25%": 0.0, "Bid Strategy Type": "Maximize clicks", "Impressions": 666754, "Advertising Channel": "Display", "Mapping": false, "Avg. position": 1.0, "Start date": "2017-06-02", "Video played to 50%": 0.0, "Video played to 75%": 0.0, "Campaign": "JXM | 1705015 1706010 1707028 | Branding GDN - Android", "Conversions": 88.0, "Campaign ID": 843945598, "Interactions": 11248}, {"End date": "", "Invalid clicks": 656, "Unique cookies": "", "Cost": 635.20038, "Avg. CPC": 0.115934, "Account ID": "5008396449", "Account Name": "VNG - PG1 - JXM", "Advertising Sub Channel": "Universal App Campaign", "Campaign state": "enabled", "Video played to 100%": 6.12, "Interaction Types": ["Clicks", "Engagements", "Views"], "Campaign serving status": "eligible", "Date": "2017-06-07", "Interaction Rate": 7.88, "CTR": 1.2, "View rate": 17.26, "Avg. CPV": 0.017793, "Avg. CPM": 1.389938, "Engagements": 5917, "Avg. Cost": 0.017646, "Clicks": 5479, "Views": 28639, "Avg. CPE": 0.086121, "Video played to 25%": 17.25, "Bid Strategy Type": "Target CPA", "Impressions": 456999, "Advertising Channel": "Multi Channel", "Mapping": false, "Avg. position": 1.0, "Start date": "2016-11-15", "Video played to 50%": 10.3, "Video played to 75%": 8.17, "Campaign": "JXM | 1610105 1611013 1611026 1611062 1703048 1706008 1707026 1709039 | UAC GMG Android", "Conversions": 889.0, "Campaign ID": 699351990, "Interactions": 35997}, {"End date": "", "Invalid clicks": 303, "Unique cookies": "", "Cost": 518.8639, "Avg. CPC": 0.117046, "Account ID": "5008396449", "Account Name": "VNG - PG1 - JXM", "Advertising Sub Channel": "Universal App Campaign", "Campaign state": "enabled", "Video played to 100%": 6.48, "Interaction Types": ["Clicks", "Engagements", "Views"], "Campaign serving status": "eligible", "Date": "2017-06-07", "Interaction Rate": 4.14, "CTR": 0.72, "View rate": 14.96, "Avg. CPV": 0.013682, "Avg. CPM": 0.842115, "Engagements": 4336, "Avg. Cost": 0.020353, "Clicks": 4433, "Views": 18818, "Avg. CPE": 0.059381, "Video played to 25%": 21.68, "Bid Strategy Type": "Target CPA", "Impressions": 616144, "Advertising Channel": "Multi Channel", "Mapping": false, "Avg. position": 1.0, "Start date": "2016-12-28", "Video played to 50%": 11.9, "Video played to 75%": 9.28, "Campaign": "JXM | 1610105 1611013 1611026 1611062 1703048 1704016 1706008 1707026 1709039 | UAC App Store - iOS", "Conversions": 434.0, "Campaign ID": 726209660, "Interactions": 25493}, {"End date": "", "Invalid clicks": 480, "Unique cookies": "", "Cost": 424.49, "Avg. CPC": 0.14463, "Account ID": "5008396449", "Account Name": "VNG - PG1 - JXM", "Advertising Sub Channel": "Search Mobile App", "Campaign state": "enabled", "Video played to 100%": 0.0, "Interaction Types": ["Clicks"], "Campaign serving status": "eligible", "Date": "2017-06-07", "Interaction Rate": 13.55, "CTR": 13.55, "View rate": 0.0, "Avg. CPV": 0.0, "Avg. CPM": 19.603307, "Engagements": 0, "Avg. Cost": 0.14463, "Clicks": 2935, "Views": 0, "Avg. CPE": 0.0, "Video played to 25%": 0.0, "Bid Strategy Type": "Target CPA", "Impressions": 21654, "Advertising Channel": "Search", "Mapping": false, "Avg. position": 1.3, "Start date": "2016-10-16", "Video played to 50%": 0.0, "Video played to 75%": 0.0, "Campaign": "JXM | 1610105 1611013 1611026 1611062 1703048 1704016 1706008 1707026 1709039 | Search Google Play Store", "Conversions": 998.0, "Campaign ID": 682545537, "Interactions": 2935}, {"End date": "", "Invalid clicks": 62, "Unique cookies": "", "Cost": 22.59, "Avg. CPC": 0.01347, "Account ID": "5008396449", "Account Name": "VNG - PG1 - JXM", "Advertising Sub Channel": "", "Campaign state": "enabled", "Video played to 100%": 0.0, "Interaction Types": ["Clicks"], "Campaign serving status": "eligible", "Date": "2017-06-07", "Interaction Rate": 70.94, "CTR": 70.94, "View rate": 0.0, "Avg. CPV": 0.0, "Avg. CPM": 9.555838, "Engagements": 0, "Avg. Cost": 0.01347, "Clicks": 1677, "Views": 0, "Avg. CPE": 0.0, "Video played to 25%": 0.0, "Bid Strategy Type": "Maximize clicks", "Impressions": 2364, "Advertising Channel": "Search", "Mapping": false, "Avg. position": 1.0, "Start date": "2016-10-16", "Video played to 50%": 0.0, "Video played to 75%": 0.0, "Campaign": "JXM | 1610105 1611013 1611026 1611062 1703048 1704017 1705015 1706010 1707028 1709054 | Search Desktop Only", "Conversions": 0.0, "Campaign ID": 682542681, "Interactions": 1677}, {"End date": "", "Invalid clicks": 4834, "Unique cookies": "", "Cost": 1948.31428, "Avg. CPC": 0.054573, "Account ID": "5008396449", "Account Name": "VNG - PG1 - JXM", "Advertising Sub Channel": "", "Campaign state": "Total", "Video played to 100%": 6.27, "Interaction Types": "", "Campaign serving status": "", "Date": "2017-06-07", "Interaction Rate": 3.82, "CTR": 1.56, "View rate": 16.27, "Avg. CPV": 0.016163, "Avg. CPM": 0.852521, "Engagements": 10253, "Avg. Cost": 0.022323, "Clicks": 35701, "Views": 47457, "Avg. CPE": 0.074813, "Video played to 25%": 19.15, "Bid Strategy Type": "", "Impressions": 2285357, "Advertising Channel": "", "Mapping": false, "Avg. position": 1.0, "Start date": "", "Video played to 50%": 10.99, "Video played to 75%": 8.65, "Campaign": "", "Conversions": 2454.0, "Campaign ID": "", "Interactions": 87279}]