[{"Bid Strategy Type": "cpc", "Account Name": "[W] G1 - WPL - tlbb360", "End date": "", "Advertising Channel": "Search", "Mapping": false, "Campaign": "Brand-term_TLBB-Web_MOR", "Date": "2017-05-03", "Avg. CPE": 0.0, "Video played to 50%": 0.0, "Clicks": 18, "Cost": 1.69, "Video played to 25%": 0.0, "Interaction Types": ["Clicks"], "Campaign state": "enabled", "Avg. position": 1.0, "Interactions": 18, "View rate": 0.0, "Campaign serving status": "eligible", "Engagements": 0, "Avg. Cost": 0.093889, "Conversions": 2.0, "Avg. CPV": 0.0, "Invalid clicks": 2, "Unique cookies": "", "Campaign ID": 318859835, "Views": 0, "Interaction Rate": 17.65, "Advertising Sub Channel": "", "Account ID": "8640138177", "Video played to 100%": 0.0, "CTR": 17.65, "Start date": "2015-10-12", "Avg. CPC": 0.093889, "Video played to 75%": 0.0, "Impressions": 102, "Avg. CPM": 16.568627}, {"Bid Strategy Type": "cpc", "Account Name": "[W] G1 - WPL - tlbb360", "End date": "", "Advertising Channel": "Search", "Mapping": false, "Campaign": "Brand-term_Thien Long Bat Bo_AFT", "Date": "2017-05-03", "Avg. CPE": 0.0, "Video played to 50%": 0.0, "Clicks": 146, "Cost": 9.93, "Video played to 25%": 0.0, "Interaction Types": ["Clicks"], "Campaign state": "enabled", "Avg. position": 1.0, "Interactions": 146, "View rate": 0.0, "Campaign serving status": "eligible", "Engagements": 0, "Avg. Cost": 0.068014, "Conversions": 16.0, "Avg. CPV": 0.0, "Invalid clicks": 14, "Unique cookies": "", "Campaign ID": 318858515, "Views": 0, "Interaction Rate": 25.39, "Advertising Sub Channel": "", "Account ID": "8640138177", "Video played to 100%": 0.0, "CTR": 25.39, "Start date": "2015-10-12", "Avg. CPC": 0.068014, "Video played to 75%": 0.0, "Impressions": 575, "Avg. CPM": 17.269565}, {"Bid Strategy Type": "cpc", "Account Name": "[W] G1 - WPL - tlbb360", "End date": "", "Advertising Channel": "Search", "Mapping": false, "Campaign": "Brand-term_Thien Long Bat Bo_EVE", "Date": "2017-05-03", "Avg. CPE": 0.0, "Video played to 50%": 0.0, "Clicks": 110, "Cost": 6.93, "Video played to 25%": 0.0, "Interaction Types": ["Clicks"], "Campaign state": "enabled", "Avg. position": 1.0, "Interactions": 110, "View rate": 0.0, "Campaign serving status": "eligible", "Engagements": 0, "Avg. Cost": 0.063, "Conversions": 17.0, "Avg. CPV": 0.0, "Invalid clicks": 4, "Unique cookies": "", "Campaign ID": 318858635, "Views": 0, "Interaction Rate": 24.77, "Advertising Sub Channel": "", "Account ID": "8640138177", "Video played to 100%": 0.0, "CTR": 24.77, "Start date": "2015-10-12", "Avg. CPC": 0.063, "Video played to 75%": 0.0, "Impressions": 444, "Avg. CPM": 15.608108}, {"Bid Strategy Type": "cpc", "Account Name": "[W] G1 - WPL - tlbb360", "End date": "", "Advertising Channel": "Search", "Mapping": false, "Campaign": "Brand-term_Thien Long Bat Bo_MOR", "Date": "2017-05-03", "Avg. CPE": 0.0, "Video played to 50%": 0.0, "Clicks": 147, "Cost": 10.46, "Video played to 25%": 0.0, "Interaction Types": ["Clicks"], "Campaign state": "enabled", "Avg. position": 1.0, "Interactions": 147, "View rate": 0.0, "Campaign serving status": "eligible", "Engagements": 0, "Avg. Cost": 0.071156, "Conversions": 21.0, "Avg. CPV": 0.0, "Invalid clicks": 5, "Unique cookies": "", "Campaign ID": 318858755, "Views": 0, "Interaction Rate": 25.39, "Advertising Sub Channel": "", "Account ID": "8640138177", "Video played to 100%": 0.0, "CTR": 25.39, "Start date": "2015-10-12", "Avg. CPC": 0.071156, "Video played to 75%": 0.0, "Impressions": 579, "Avg. CPM": 18.06563}, {"Bid Strategy Type": "cpc", "Account Name": "[W] G1 - WPL - tlbb360", "End date": "", "Advertising Channel": "Search", "Mapping": false, "Campaign": "Brand-term_Thien Long Bat Bo-Web_AFT", "Date": "2017-05-03", "Avg. CPE": 0.0, "Video played to 50%": 0.0, "Clicks": 50, "Cost": 1.99, "Video played to 25%": 0.0, "Interaction Types": ["Clicks"], "Campaign state": "enabled", "Avg. position": 1.0, "Interactions": 50, "View rate": 0.0, "Campaign serving status": "eligible", "Engagements": 0, "Avg. Cost": 0.0398, "Conversions": 6.0, "Avg. CPV": 0.0, "Invalid clicks": 0, "Unique cookies": "", "Campaign ID": 318858875, "Views": 0, "Interaction Rate": 32.26, "Advertising Sub Channel": "", "Account ID": "8640138177", "Video played to 100%": 0.0, "CTR": 32.26, "Start date": "2015-10-12", "Avg. CPC": 0.0398, "Video played to 75%": 0.0, "Impressions": 155, "Avg. CPM": 12.83871}, {"Bid Strategy Type": "cpc", "Account Name": "[W] G1 - WPL - tlbb360", "End date": "", "Advertising Channel": "Search", "Mapping": false, "Campaign": "Brand-term_Thien Long Bat Bo-Web_EVE", "Date": "2017-05-03", "Avg. CPE": 0.0, "Video played to 50%": 0.0, "Clicks": 52, "Cost": 1.61, "Video played to 25%": 0.0, "Interaction Types": ["Clicks"], "Campaign state": "enabled", "Avg. position": 1.0, "Interactions": 52, "View rate": 0.0, "Campaign serving status": "eligible", "Engagements": 0, "Avg. Cost": 0.030962, "Conversions": 17.0, "Avg. CPV": 0.0, "Invalid clicks": 1, "Unique cookies": "", "Campaign ID": 318858995, "Views": 0, "Interaction Rate": 37.68, "Advertising Sub Channel": "", "Account ID": "8640138177", "Video played to 100%": 0.0, "CTR": 37.68, "Start date": "2015-10-12", "Avg. CPC": 0.030962, "Video played to 75%": 0.0, "Impressions": 138, "Avg. CPM": 11.666667}, {"Bid Strategy Type": "cpc", "Account Name": "[W] G1 - WPL - tlbb360", "End date": "", "Advertising Channel": "Search", "Mapping": false, "Campaign": "Brand-term_TLBB-Web_AFT", "Date": "2017-05-03", "Avg. CPE": 0.0, "Video played to 50%": 0.0, "Clicks": 21, "Cost": 1.5, "Video played to 25%": 0.0, "Interaction Types": ["Clicks"], "Campaign state": "enabled", "Avg. position": 1.0, "Interactions": 21, "View rate": 0.0, "Campaign serving status": "eligible", "Engagements": 0, "Avg. Cost": 0.071429, "Conversions": 3.0, "Avg. CPV": 0.0, "Invalid clicks": 1, "Unique cookies": "", "Campaign ID": 318859595, "Views": 0, "Interaction Rate": 17.21, "Advertising Sub Channel": "", "Account ID": "8640138177", "Video played to 100%": 0.0, "CTR": 17.21, "Start date": "2015-10-12", "Avg. CPC": 0.071429, "Video played to 75%": 0.0, "Impressions": 122, "Avg. CPM": 12.295082}, {"Bid Strategy Type": "cpc", "Account Name": "[W] G1 - WPL - tlbb360", "End date": "", "Advertising Channel": "Search", "Mapping": false, "Campaign": "Brand-term_TLBB-Web_EVE", "Date": "2017-05-03", "Avg. CPE": 0.0, "Video played to 50%": 0.0, "Clicks": 15, "Cost": 1.46, "Video played to 25%": 0.0, "Interaction Types": ["Clicks"], "Campaign state": "enabled", "Avg. position": 1.0, "Interactions": 15, "View rate": 0.0, "Campaign serving status": "eligible", "Engagements": 0, "Avg. Cost": 0.097333, "Conversions": 2.0, "Avg. CPV": 0.0, "Invalid clicks": 0, "Unique cookies": "", "Campaign ID": 318859715, "Views": 0, "Interaction Rate": 16.85, "Advertising Sub Channel": "", "Account ID": "8640138177", "Video played to 100%": 0.0, "CTR": 16.85, "Start date": "2015-10-12", "Avg. CPC": 0.097333, "Video played to 75%": 0.0, "Impressions": 89, "Avg. CPM": 16.404494}, {"Bid Strategy Type": "cpc", "Account Name": "[W] G1 - WPL - tlbb360", "End date": "", "Advertising Channel": "Search", "Mapping": false, "Campaign": "Brand-term_Thien Long Bat Bo-Web_MOR", "Date": "2017-05-03", "Avg. CPE": 0.0, "Video played to 50%": 0.0, "Clicks": 40, "Cost": 0.95, "Video played to 25%": 0.0, "Interaction Types": ["Clicks"], "Campaign state": "enabled", "Avg. position": 1.0, "Interactions": 40, "View rate": 0.0, "Campaign serving status": "eligible", "Engagements": 0, "Avg. Cost": 0.02375, "Conversions": 6.0, "Avg. CPV": 0.0, "Invalid clicks": 2, "Unique cookies": "", "Campaign ID": 318859115, "Views": 0, "Interaction Rate": 30.3, "Advertising Sub Channel": "", "Account ID": "8640138177", "Video played to 100%": 0.0, "CTR": 30.3, "Start date": "2015-10-12", "Avg. CPC": 0.02375, "Video played to 75%": 0.0, "Impressions": 132, "Avg. CPM": 7.19697}, {"Bid Strategy Type": "", "Account Name": "[W] G1 - WPL - tlbb360", "End date": "", "Advertising Channel": "", "Mapping": false, "Campaign": "", "Date": "2017-05-03", "Avg. CPE": 0.0, "Video played to 50%": 0.0, "Clicks": 599, "Cost": 36.52, "Video played to 25%": 0.0, "Interaction Types": "", "Campaign state": "Total", "Avg. position": 1.0, "Interactions": 599, "View rate": 0.0, "Campaign serving status": "", "Engagements": 0, "Avg. Cost": 0.060968, "Conversions": 90.0, "Avg. CPV": 0.0, "Invalid clicks": 29, "Unique cookies": "", "Campaign ID": "", "Views": 0, "Interaction Rate": 25.64, "Advertising Sub Channel": "", "Account ID": "8640138177", "Video played to 100%": 0.0, "CTR": 25.64, "Start date": "", "Avg. CPC": 0.060968, "Video played to 75%": 0.0, "Impressions": 2336, "Avg. CPM": 15.633562}]