[{"View rate": 0.0, "Campaign": "Gen-term_FH-Game-Phrase-AFT", "Unique cookies": "", "Dept": "WPL", "Bid Strategy Type": "cpc", "Views": 0, "Video played to 50%": 0.0, "CTR": 18.75, "Conversions": 0.0, "Account ID": "3764021980", "Clicks": 3, "Interaction Rate": 18.75, "Avg. position": 1.9, "Advertising Channel": "Search", "Advertising Sub Channel": "", "Campaign ID": 420416402, "Avg. CPV": 0.0, "Campaign serving status": "eligible", "Avg. CPM": 10.625, "Invalid clicks": 0, "End date": "", "Avg. Cost": 0.056667, "Start date": "2016-05-17", "Mapping": false, "Engagements": 0, "Avg. CPC": 0.056667, "Interactions": 3, "Date": "2017-03-04", "Video played to 100%": 0.0, "Cost": 0.17, "Interaction Types": ["Clicks"], "Video played to 75%": 0.0, "Video played to 25%": 0.0, "Campaign state": "paused", "Avg. CPE": 0.0, "Account Name": "[W] G1 - WPL - kv360", "Impressions": 16}, {"View rate": 0.0, "Campaign": "Brand-term_Phr-MOR", "Unique cookies": "", "Dept": "WPL", "Bid Strategy Type": "cpc", "Views": 0, "Video played to 50%": 0.0, "CTR": 50.72, "Conversions": 38.0, "Account ID": "3764021980", "Clicks": 988, "Interaction Rate": 50.72, "Avg. position": 1.0, "Advertising Channel": "Search", "Advertising Sub Channel": "", "Campaign ID": 420414002, "Avg. CPV": 0.0, "Campaign serving status": "eligible", "Avg. CPM": 8.311088, "Invalid clicks": 103, "End date": "", "Avg. Cost": 0.016387, "Start date": "2016-05-17", "Mapping": false, "Engagements": 0, "Avg. CPC": 0.016387, "Interactions": 988, "Date": "2017-03-04", "Video played to 100%": 0.0, "Cost": 16.19, "Interaction Types": ["Clicks"], "Video played to 75%": 0.0, "Video played to 25%": 0.0, "Campaign state": "paused", "Avg. CPE": 0.0, "Account Name": "[W] G1 - WPL - kv360", "Impressions": 1948}, {"View rate": 0.0, "Campaign": "Brand-term_Exa-Mor", "Unique cookies": "", "Dept": "WPL", "Bid Strategy Type": "cpc", "Views": 0, "Video played to 50%": 0.0, "CTR": 58.83, "Conversions": 54.0, "Account ID": "3764021980", "Clicks": 543, "Interaction Rate": 58.83, "Avg. position": 1.0, "Advertising Channel": "Search", "Advertising Sub Channel": "", "Campaign ID": 420415202, "Avg. CPV": 0.0, "Campaign serving status": "eligible", "Avg. CPM": 6.738895, "Invalid clicks": 59, "End date": "", "Avg. Cost": 0.011455, "Start date": "2016-05-17", "Mapping": false, "Engagements": 0, "Avg. CPC": 0.011455, "Interactions": 543, "Date": "2017-03-04", "Video played to 100%": 0.0, "Cost": 6.22, "Interaction Types": ["Clicks"], "Video played to 75%": 0.0, "Video played to 25%": 0.0, "Campaign state": "enabled", "Avg. CPE": 0.0, "Account Name": "[W] G1 - WPL - kv360", "Impressions": 923}, {"View rate": 0.0, "Campaign": "Gen-term_FH-Game-Phrase-EVE", "Unique cookies": "", "Dept": "WPL", "Bid Strategy Type": "cpc", "Views": 0, "Video played to 50%": 0.0, "CTR": 60.0, "Conversions": 0.0, "Account ID": "3764021980", "Clicks": 3, "Interaction Rate": 60.0, "Avg. position": 1.2, "Advertising Channel": "Search", "Advertising Sub Channel": "", "Campaign ID": 420416162, "Avg. CPV": 0.0, "Campaign serving status": "eligible", "Avg. CPM": 36.0, "Invalid clicks": 0, "End date": "", "Avg. Cost": 0.06, "Start date": "2016-05-17", "Mapping": false, "Engagements": 0, "Avg. CPC": 0.06, "Interactions": 3, "Date": "2017-03-04", "Video played to 100%": 0.0, "Cost": 0.18, "Interaction Types": ["Clicks"], "Video played to 75%": 0.0, "Video played to 25%": 0.0, "Campaign state": "paused", "Avg. CPE": 0.0, "Account Name": "[W] G1 - WPL - kv360", "Impressions": 5}, {"View rate": 0.0, "Campaign": "Gen-term_FH-Game-Exact-AFT", "Unique cookies": "", "Dept": "WPL", "Bid Strategy Type": "cpc", "Views": 0, "Video played to 50%": 0.0, "CTR": 20.0, "Conversions": 0.0, "Account ID": "3764021980", "Clicks": 1, "Interaction Rate": 20.0, "Avg. position": 2.8, "Advertising Channel": "Search", "Advertising Sub Channel": "", "Campaign ID": 420418802, "Avg. CPV": 0.0, "Campaign serving status": "eligible", "Avg. CPM": 12.0, "Invalid clicks": 0, "End date": "", "Avg. Cost": 0.06, "Start date": "2016-05-17", "Mapping": false, "Engagements": 0, "Avg. CPC": 0.06, "Interactions": 1, "Date": "2017-03-04", "Video played to 100%": 0.0, "Cost": 0.06, "Interaction Types": ["Clicks"], "Video played to 75%": 0.0, "Video played to 25%": 0.0, "Campaign state": "paused", "Avg. CPE": 0.0, "Account Name": "[W] G1 - WPL - kv360", "Impressions": 5}, {"View rate": 0.0, "Campaign": "Gen-term_FH-GPC-BM-AFT", "Unique cookies": "", "Dept": "WPL", "Bid Strategy Type": "cpc", "Views": 0, "Video played to 50%": 0.0, "CTR": 11.76, "Conversions": 1.0, "Account ID": "3764021980", "Clicks": 2, "Interaction Rate": 11.76, "Avg. position": 1.3, "Advertising Channel": "Search", "Advertising Sub Channel": "", "Campaign ID": 420440402, "Avg. CPV": 0.0, "Campaign serving status": "eligible", "Avg. CPM": 7.058824, "Invalid clicks": 0, "End date": "", "Avg. Cost": 0.06, "Start date": "2016-05-17", "Mapping": false, "Engagements": 0, "Avg. CPC": 0.06, "Interactions": 2, "Date": "2017-03-04", "Video played to 100%": 0.0, "Cost": 0.12, "Interaction Types": ["Clicks"], "Video played to 75%": 0.0, "Video played to 25%": 0.0, "Campaign state": "paused", "Avg. CPE": 0.0, "Account Name": "[W] G1 - WPL - kv360", "Impressions": 17}, {"View rate": 0.0, "Campaign": "Gen-term_MT-GPC-BMM-EVE", "Unique cookies": "", "Dept": "WPL", "Bid Strategy Type": "cpc", "Views": 0, "Video played to 50%": 0.0, "CTR": 20.0, "Conversions": 0.0, "Account ID": "3764021980", "Clicks": 1, "Interaction Rate": 20.0, "Avg. position": 1.0, "Advertising Channel": "Search", "Advertising Sub Channel": "", "Campaign ID": 420443042, "Avg. CPV": 0.0, "Campaign serving status": "eligible", "Avg. CPM": 10.0, "Invalid clicks": 0, "End date": "", "Avg. Cost": 0.05, "Start date": "2016-05-17", "Mapping": false, "Engagements": 0, "Avg. CPC": 0.05, "Interactions": 1, "Date": "2017-03-04", "Video played to 100%": 0.0, "Cost": 0.05, "Interaction Types": ["Clicks"], "Video played to 75%": 0.0, "Video played to 25%": 0.0, "Campaign state": "paused", "Avg. CPE": 0.0, "Account Name": "[W] G1 - WPL - kv360", "Impressions": 5}, {"View rate": 0.0, "Campaign": "Gen-term_MT-WG-BMM-MOR", "Unique cookies": "", "Dept": "WPL", "Bid Strategy Type": "cpc", "Views": 0, "Video played to 50%": 0.0, "CTR": 12.5, "Conversions": 0.0, "Account ID": "3764021980", "Clicks": 1, "Interaction Rate": 12.5, "Avg. position": 1.9, "Advertising Channel": "Search", "Advertising Sub Channel": "", "Campaign ID": 420457442, "Avg. CPV": 0.0, "Campaign serving status": "eligible", "Avg. CPM": 3.75, "Invalid clicks": 0, "End date": "", "Avg. Cost": 0.03, "Start date": "2016-05-17", "Mapping": false, "Engagements": 0, "Avg. CPC": 0.03, "Interactions": 1, "Date": "2017-03-04", "Video played to 100%": 0.0, "Cost": 0.03, "Interaction Types": ["Clicks"], "Video played to 75%": 0.0, "Video played to 25%": 0.0, "Campaign state": "paused", "Avg. CPE": 0.0, "Account Name": "[W] G1 - WPL - kv360", "Impressions": 8}, {"View rate": 0.0, "Campaign": "Gen-term_FH-WG-BM-MOR", "Unique cookies": "", "Dept": "WPL", "Bid Strategy Type": "cpc", "Views": 0, "Video played to 50%": 0.0, "CTR": 12.63, "Conversions": 2.0, "Account ID": "3764021980", "Clicks": 25, "Interaction Rate": 12.63, "Avg. position": 1.6, "Advertising Channel": "Search", "Advertising Sub Channel": "", "Campaign ID": 420458402, "Avg. CPV": 0.0, "Campaign serving status": "eligible", "Avg. CPM": 4.646465, "Invalid clicks": 12, "End date": "", "Avg. Cost": 0.0368, "Start date": "2016-05-17", "Mapping": false, "Engagements": 0, "Avg. CPC": 0.0368, "Interactions": 25, "Date": "2017-03-04", "Video played to 100%": 0.0, "Cost": 0.92, "Interaction Types": ["Clicks"], "Video played to 75%": 0.0, "Video played to 25%": 0.0, "Campaign state": "paused", "Avg. CPE": 0.0, "Account Name": "[W] G1 - WPL - kv360", "Impressions": 198}, {"View rate": 0.0, "Campaign": "Brand-term_Phim Kiem Vu-BMM-AFT", "Unique cookies": "", "Dept": "WPL", "Bid Strategy Type": "cpc", "Views": 0, "Video played to 50%": 0.0, "CTR": 52.3, "Conversions": 41.0, "Account ID": "3764021980", "Clicks": 659, "Interaction Rate": 52.3, "Avg. position": 1.0, "Advertising Channel": "Search", "Advertising Sub Channel": "", "Campaign ID": 600817348, "Avg. CPV": 0.0, "Campaign serving status": "eligible", "Avg. CPM": 9.02381, "Invalid clicks": 46, "End date": "", "Avg. Cost": 0.017253, "Start date": "2016-05-26", "Mapping": false, "Engagements": 0, "Avg. CPC": 0.017253, "Interactions": 659, "Date": "2017-03-04", "Video played to 100%": 0.0, "Cost": 11.37, "Interaction Types": ["Clicks"], "Video played to 75%": 0.0, "Video played to 25%": 0.0, "Campaign state": "paused", "Avg. CPE": 0.0, "Account Name": "[W] G1 - WPL - kv360", "Impressions": 1260}, {"View rate": 0.0, "Campaign": "Brand-term_Exa-AFT", "Unique cookies": "", "Dept": "WPL", "Bid Strategy Type": "cpc", "Views": 0, "Video played to 50%": 0.0, "CTR": 57.52, "Conversions": 44.0, "Account ID": "3764021980", "Clicks": 501, "Interaction Rate": 57.52, "Avg. position": 1.0, "Advertising Channel": "Search", "Advertising Sub Channel": "", "Campaign ID": 420414722, "Avg. CPV": 0.0, "Campaign serving status": "eligible", "Avg. CPM": 8.04822, "Invalid clicks": 43, "End date": "", "Avg. Cost": 0.013992, "Start date": "2016-05-17", "Mapping": false, "Engagements": 0, "Avg. CPC": 0.013992, "Interactions": 501, "Date": "2017-03-04", "Video played to 100%": 0.0, "Cost": 7.01, "Interaction Types": ["Clicks"], "Video played to 75%": 0.0, "Video played to 25%": 0.0, "Campaign state": "enabled", "Avg. CPE": 0.0, "Account Name": "[W] G1 - WPL - kv360", "Impressions": 871}, {"View rate": 0.0, "Campaign": "Gen-term_FH-Game-Exact-EVE", "Unique cookies": "", "Dept": "WPL", "Bid Strategy Type": "cpc", "Views": 0, "Video played to 50%": 0.0, "CTR": 12.5, "Conversions": 0.0, "Account ID": "3764021980", "Clicks": 1, "Interaction Rate": 12.5, "Avg. position": 2.5, "Advertising Channel": "Search", "Advertising Sub Channel": "", "Campaign ID": 420416882, "Avg. CPV": 0.0, "Campaign serving status": "eligible", "Avg. CPM": 7.5, "Invalid clicks": 0, "End date": "", "Avg. Cost": 0.06, "Start date": "2016-05-17", "Mapping": false, "Engagements": 0, "Avg. CPC": 0.06, "Interactions": 1, "Date": "2017-03-04", "Video played to 100%": 0.0, "Cost": 0.06, "Interaction Types": ["Clicks"], "Video played to 75%": 0.0, "Video played to 25%": 0.0, "Campaign state": "paused", "Avg. CPE": 0.0, "Account Name": "[W] G1 - WPL - kv360", "Impressions": 8}, {"View rate": 0.0, "Campaign": "Gen-term_FH-Game-BM-AFT", "Unique cookies": "", "Dept": "WPL", "Bid Strategy Type": "cpc", "Views": 0, "Video played to 50%": 0.0, "CTR": 11.11, "Conversions": 0.0, "Account ID": "3764021980", "Clicks": 4, "Interaction Rate": 11.11, "Avg. position": 1.5, "Advertising Channel": "Search", "Advertising Sub Channel": "", "Campaign ID": 420418562, "Avg. CPV": 0.0, "Campaign serving status": "eligible", "Avg. CPM": 5.555556, "Invalid clicks": 0, "End date": "", "Avg. Cost": 0.05, "Start date": "2016-05-17", "Mapping": false, "Engagements": 0, "Avg. CPC": 0.05, "Interactions": 4, "Date": "2017-03-04", "Video played to 100%": 0.0, "Cost": 0.2, "Interaction Types": ["Clicks"], "Video played to 75%": 0.0, "Video played to 25%": 0.0, "Campaign state": "paused", "Avg. CPE": 0.0, "Account Name": "[W] G1 - WPL - kv360", "Impressions": 36}, {"View rate": 0.0, "Campaign": "Gen-term_MT-GO-Phrase-AFT", "Unique cookies": "", "Dept": "WPL", "Bid Strategy Type": "cpc", "Views": 0, "Video played to 50%": 0.0, "CTR": 100.0, "Conversions": 0.0, "Account ID": "3764021980", "Clicks": 1, "Interaction Rate": 100.0, "Avg. position": 1.0, "Advertising Channel": "Search", "Advertising Sub Channel": "", "Campaign ID": 420426962, "Avg. CPV": 0.0, "Campaign serving status": "eligible", "Avg. CPM": 40.0, "Invalid clicks": 0, "End date": "", "Avg. Cost": 0.04, "Start date": "2016-05-17", "Mapping": false, "Engagements": 0, "Avg. CPC": 0.04, "Interactions": 1, "Date": "2017-03-04", "Video played to 100%": 0.0, "Cost": 0.04, "Interaction Types": ["Clicks"], "Video played to 75%": 0.0, "Video played to 25%": 0.0, "Campaign state": "paused", "Avg. CPE": 0.0, "Account Name": "[W] G1 - WPL - kv360", "Impressions": 1}, {"View rate": 0.0, "Campaign": "Gen-term_MT-Game-BMM-AFT", "Unique cookies": "", "Dept": "WPL", "Bid Strategy Type": "cpc", "Views": 0, "Video played to 50%": 0.0, "CTR": 18.18, "Conversions": 0.0, "Account ID": "3764021980", "Clicks": 2, "Interaction Rate": 18.18, "Avg. position": 1.9, "Advertising Channel": "Search", "Advertising Sub Channel": "", "Campaign ID": 420417602, "Avg. CPV": 0.0, "Campaign serving status": "eligible", "Avg. CPM": 10.909091, "Invalid clicks": 0, "End date": "", "Avg. Cost": 0.06, "Start date": "2016-05-17", "Mapping": false, "Engagements": 0, "Avg. CPC": 0.06, "Interactions": 2, "Date": "2017-03-04", "Video played to 100%": 0.0, "Cost": 0.12, "Interaction Types": ["Clicks"], "Video played to 75%": 0.0, "Video played to 25%": 0.0, "Campaign state": "paused", "Avg. CPE": 0.0, "Account Name": "[W] G1 - WPL - kv360", "Impressions": 11}, {"View rate": 0.0, "Campaign": "Gen-term_FH-Game-BM-MOR", "Unique cookies": "", "Dept": "WPL", "Bid Strategy Type": "cpc", "Views": 0, "Video played to 50%": 0.0, "CTR": 10.71, "Conversions": 1.0, "Account ID": "3764021980", "Clicks": 12, "Interaction Rate": 10.71, "Avg. position": 2.3, "Advertising Channel": "Search", "Advertising Sub Channel": "", "Campaign ID": 420418082, "Avg. CPV": 0.0, "Campaign serving status": "eligible", "Avg. CPM": 5.982143, "Invalid clicks": 3, "End date": "", "Avg. Cost": 0.055833, "Start date": "2016-05-17", "Mapping": false, "Engagements": 0, "Avg. CPC": 0.055833, "Interactions": 12, "Date": "2017-03-04", "Video played to 100%": 0.0, "Cost": 0.67, "Interaction Types": ["Clicks"], "Video played to 75%": 0.0, "Video played to 25%": 0.0, "Campaign state": "paused", "Avg. CPE": 0.0, "Account Name": "[W] G1 - WPL - kv360", "Impressions": 112}, {"View rate": 0.0, "Campaign": "Gen-term_FH-Game-BMM-EVE", "Unique cookies": "", "Dept": "WPL", "Bid Strategy Type": "cpc", "Views": 0, "Video played to 50%": 0.0, "CTR": 28.57, "Conversions": 1.0, "Account ID": "3764021980", "Clicks": 2, "Interaction Rate": 28.57, "Avg. position": 1.3, "Advertising Channel": "Search", "Advertising Sub Channel": "", "Campaign ID": 420419282, "Avg. CPV": 0.0, "Campaign serving status": "eligible", "Avg. CPM": 17.142857, "Invalid clicks": 0, "End date": "", "Avg. Cost": 0.06, "Start date": "2016-05-17", "Mapping": false, "Engagements": 0, "Avg. CPC": 0.06, "Interactions": 2, "Date": "2017-03-04", "Video played to 100%": 0.0, "Cost": 0.12, "Interaction Types": ["Clicks"], "Video played to 75%": 0.0, "Video played to 25%": 0.0, "Campaign state": "paused", "Avg. CPE": 0.0, "Account Name": "[W] G1 - WPL - kv360", "Impressions": 7}, {"View rate": 0.0, "Campaign": "Gen-term_MT-Game-Exact-AFT", "Unique cookies": "", "Dept": "WPL", "Bid Strategy Type": "cpc", "Views": 0, "Video played to 50%": 0.0, "CTR": 14.29, "Conversions": 0.0, "Account ID": "3764021980", "Clicks": 2, "Interaction Rate": 14.29, "Avg. position": 2.0, "Advertising Channel": "Search", "Advertising Sub Channel": "", "Campaign ID": 420422402, "Avg. CPV": 0.0, "Campaign serving status": "eligible", "Avg. CPM": 8.571429, "Invalid clicks": 0, "End date": "", "Avg. Cost": 0.06, "Start date": "2016-05-17", "Mapping": false, "Engagements": 0, "Avg. CPC": 0.06, "Interactions": 2, "Date": "2017-03-04", "Video played to 100%": 0.0, "Cost": 0.12, "Interaction Types": ["Clicks"], "Video played to 75%": 0.0, "Video played to 25%": 0.0, "Campaign state": "paused", "Avg. CPE": 0.0, "Account Name": "[W] G1 - WPL - kv360", "Impressions": 14}, {"View rate": 0.0, "Campaign": "Gen-term_FH-GO-BMM-AFT", "Unique cookies": "", "Dept": "WPL", "Bid Strategy Type": "cpc", "Views": 0, "Video played to 50%": 0.0, "CTR": 26.32, "Conversions": 1.0, "Account ID": "3764021980", "Clicks": 5, "Interaction Rate": 26.32, "Avg. position": 1.5, "Advertising Channel": "Search", "Advertising Sub Channel": "", "Campaign ID": 420422882, "Avg. CPV": 0.0, "Campaign serving status": "eligible", "Avg. CPM": 14.210526, "Invalid clicks": 0, "End date": "", "Avg. Cost": 0.054, "Start date": "2016-05-17", "Mapping": false, "Engagements": 0, "Avg. CPC": 0.054, "Interactions": 5, "Date": "2017-03-04", "Video played to 100%": 0.0, "Cost": 0.27, "Interaction Types": ["Clicks"], "Video played to 75%": 0.0, "Video played to 25%": 0.0, "Campaign state": "paused", "Avg. CPE": 0.0, "Account Name": "[W] G1 - WPL - kv360", "Impressions": 19}, {"View rate": 0.0, "Campaign": "Gen-term_MT-GO-Exact-MOR", "Unique cookies": "", "Dept": "WPL", "Bid Strategy Type": "cpc", "Views": 0, "Video played to 50%": 0.0, "CTR": 50.0, "Conversions": 0.0, "Account ID": "3764021980", "Clicks": 1, "Interaction Rate": 50.0, "Avg. position": 1.0, "Advertising Channel": "Search", "Advertising Sub Channel": "", "Campaign ID": 420427202, "Avg. CPV": 0.0, "Campaign serving status": "eligible", "Avg. CPM": 30.0, "Invalid clicks": 0, "End date": "", "Avg. Cost": 0.06, "Start date": "2016-05-17", "Mapping": false, "Engagements": 0, "Avg. CPC": 0.06, "Interactions": 1, "Date": "2017-03-04", "Video played to 100%": 0.0, "Cost": 0.06, "Interaction Types": ["Clicks"], "Video played to 75%": 0.0, "Video played to 25%": 0.0, "Campaign state": "paused", "Avg. CPE": 0.0, "Account Name": "[W] G1 - WPL - kv360", "Impressions": 2}, {"View rate": 0.0, "Campaign": "Gen-term_MT-WG-Phrase-EVE", "Unique cookies": "", "Dept": "WPL", "Bid Strategy Type": "cpc", "Views": 0, "Video played to 50%": 0.0, "CTR": 66.67, "Conversions": 0.0, "Account ID": "3764021980", "Clicks": 2, "Interaction Rate": 66.67, "Avg. position": 2.0, "Advertising Channel": "Search", "Advertising Sub Channel": "", "Campaign ID": 420463442, "Avg. CPV": 0.0, "Campaign serving status": "eligible", "Avg. CPM": 20.0, "Invalid clicks": 0, "End date": "", "Avg. Cost": 0.03, "Start date": "2016-05-17", "Mapping": false, "Engagements": 0, "Avg. CPC": 0.03, "Interactions": 2, "Date": "2017-03-04", "Video played to 100%": 0.0, "Cost": 0.06, "Interaction Types": ["Clicks"], "Video played to 75%": 0.0, "Video played to 25%": 0.0, "Campaign state": "paused", "Avg. CPE": 0.0, "Account Name": "[W] G1 - WPL - kv360", "Impressions": 3}, {"View rate": 0.0, "Campaign": "Brand-term_Exa-Eve", "Unique cookies": "", "Dept": "WPL", "Bid Strategy Type": "cpc", "Views": 0, "Video played to 50%": 0.0, "CTR": 54.42, "Conversions": 95.0, "Account ID": "3764021980", "Clicks": 1337, "Interaction Rate": 54.42, "Avg. position": 1.0, "Advertising Channel": "Search", "Advertising Sub Channel": "", "Campaign ID": 420414962, "Avg. CPV": 0.0, "Campaign serving status": "eligible", "Avg. CPM": 7.207977, "Invalid clicks": 63, "End date": "", "Avg. Cost": 0.013246, "Start date": "2016-05-17", "Mapping": false, "Engagements": 0, "Avg. CPC": 0.013246, "Interactions": 1337, "Date": "2017-03-04", "Video played to 100%": 0.0, "Cost": 17.71, "Interaction Types": ["Clicks"], "Video played to 75%": 0.0, "Video played to 25%": 0.0, "Campaign state": "enabled", "Avg. CPE": 0.0, "Account Name": "[W] G1 - WPL - kv360", "Impressions": 2457}, {"View rate": 0.0, "Campaign": "Gen-term_MT-Game-BMM-MOR", "Unique cookies": "", "Dept": "WPL", "Bid Strategy Type": "cpc", "Views": 0, "Video played to 50%": 0.0, "CTR": 20.0, "Conversions": 0.0, "Account ID": "3764021980", "Clicks": 4, "Interaction Rate": 20.0, "Avg. position": 2.5, "Advertising Channel": "Search", "Advertising Sub Channel": "", "Campaign ID": 420417122, "Avg. CPV": 0.0, "Campaign serving status": "eligible", "Avg. CPM": 9.5, "Invalid clicks": 0, "End date": "", "Avg. Cost": 0.0475, "Start date": "2016-05-17", "Mapping": false, "Engagements": 0, "Avg. CPC": 0.0475, "Interactions": 4, "Date": "2017-03-04", "Video played to 100%": 0.0, "Cost": 0.19, "Interaction Types": ["Clicks"], "Video played to 75%": 0.0, "Video played to 25%": 0.0, "Campaign state": "paused", "Avg. CPE": 0.0, "Account Name": "[W] G1 - WPL - kv360", "Impressions": 20}, {"View rate": 0.0, "Campaign": "Gen-term_FH-Game-BM-EVE", "Unique cookies": "", "Dept": "WPL", "Bid Strategy Type": "cpc", "Views": 0, "Video played to 50%": 0.0, "CTR": 19.57, "Conversions": 0.0, "Account ID": "3764021980", "Clicks": 9, "Interaction Rate": 19.57, "Avg. position": 1.7, "Advertising Channel": "Search", "Advertising Sub Channel": "", "Campaign ID": 420418322, "Avg. CPV": 0.0, "Campaign serving status": "eligible", "Avg. CPM": 5.434783, "Invalid clicks": 3, "End date": "", "Avg. Cost": 0.027778, "Start date": "2016-05-17", "Mapping": false, "Engagements": 0, "Avg. CPC": 0.027778, "Interactions": 9, "Date": "2017-03-04", "Video played to 100%": 0.0, "Cost": 0.25, "Interaction Types": ["Clicks"], "Video played to 75%": 0.0, "Video played to 25%": 0.0, "Campaign state": "paused", "Avg. CPE": 0.0, "Account Name": "[W] G1 - WPL - kv360", "Impressions": 46}, {"View rate": 0.0, "Campaign": "Gen-term_FH-PCG-BMM-AFT", "Unique cookies": "", "Dept": "WPL", "Bid Strategy Type": "cpc", "Views": 0, "Video played to 50%": 0.0, "CTR": 18.18, "Conversions": 0.0, "Account ID": "3764021980", "Clicks": 2, "Interaction Rate": 18.18, "Avg. position": 1.2, "Advertising Channel": "Search", "Advertising Sub Channel": "", "Campaign ID": 420447842, "Avg. CPV": 0.0, "Campaign serving status": "eligible", "Avg. CPM": 2.727273, "Invalid clicks": 0, "End date": "", "Avg. Cost": 0.015, "Start date": "2016-05-17", "Mapping": false, "Engagements": 0, "Avg. CPC": 0.015, "Interactions": 2, "Date": "2017-03-04", "Video played to 100%": 0.0, "Cost": 0.03, "Interaction Types": ["Clicks"], "Video played to 75%": 0.0, "Video played to 25%": 0.0, "Campaign state": "paused", "Avg. CPE": 0.0, "Account Name": "[W] G1 - WPL - kv360", "Impressions": 11}, {"View rate": 0.0, "Campaign": "Brand-term_BMM-EVE", "Unique cookies": "", "Dept": "WPL", "Bid Strategy Type": "cpc", "Views": 0, "Video played to 50%": 0.0, "CTR": 26.1, "Conversions": 11.0, "Account ID": "3764021980", "Clicks": 148, "Interaction Rate": 26.1, "Avg. position": 1.1, "Advertising Channel": "Search", "Advertising Sub Channel": "", "Campaign ID": 420413762, "Avg. CPV": 0.0, "Campaign serving status": "eligible", "Avg. CPM": 15.414462, "Invalid clicks": 5, "End date": "", "Avg. Cost": 0.059054, "Start date": "2016-05-17", "Mapping": false, "Engagements": 0, "Avg. CPC": 0.059054, "Interactions": 148, "Date": "2017-03-04", "Video played to 100%": 0.0, "Cost": 8.74, "Interaction Types": ["Clicks"], "Video played to 75%": 0.0, "Video played to 25%": 0.0, "Campaign state": "paused", "Avg. CPE": 0.0, "Account Name": "[W] G1 - WPL - kv360", "Impressions": 567}, {"View rate": 0.0, "Campaign": "Brand-term_Phr-EVE", "Unique cookies": "", "Dept": "WPL", "Bid Strategy Type": "cpc", "Views": 0, "Video played to 50%": 0.0, "CTR": 44.71, "Conversions": 20.0, "Account ID": "3764021980", "Clicks": 478, "Interaction Rate": 44.71, "Avg. position": 1.0, "Advertising Channel": "Search", "Advertising Sub Channel": "", "Campaign ID": 420414242, "Avg. CPV": 0.0, "Campaign serving status": "eligible", "Avg. CPM": 11.356408, "Invalid clicks": 14, "End date": "", "Avg. Cost": 0.025397, "Start date": "2016-05-17", "Mapping": false, "Engagements": 0, "Avg. CPC": 0.025397, "Interactions": 478, "Date": "2017-03-04", "Video played to 100%": 0.0, "Cost": 12.14, "Interaction Types": ["Clicks"], "Video played to 75%": 0.0, "Video played to 25%": 0.0, "Campaign state": "paused", "Avg. CPE": 0.0, "Account Name": "[W] G1 - WPL - kv360", "Impressions": 1069}, {"View rate": 0.0, "Campaign": "Gen-term_FH-Game-Exact-MOR", "Unique cookies": "", "Dept": "WPL", "Bid Strategy Type": "cpc", "Views": 0, "Video played to 50%": 0.0, "CTR": 16.67, "Conversions": 1.0, "Account ID": "3764021980", "Clicks": 1, "Interaction Rate": 16.67, "Avg. position": 2.3, "Advertising Channel": "Search", "Advertising Sub Channel": "", "Campaign ID": 420416642, "Avg. CPV": 0.0, "Campaign serving status": "eligible", "Avg. CPM": 10.0, "Invalid clicks": 1, "End date": "", "Avg. Cost": 0.06, "Start date": "2016-05-17", "Mapping": false, "Engagements": 0, "Avg. CPC": 0.06, "Interactions": 1, "Date": "2017-03-04", "Video played to 100%": 0.0, "Cost": 0.06, "Interaction Types": ["Clicks"], "Video played to 75%": 0.0, "Video played to 25%": 0.0, "Campaign state": "paused", "Avg. CPE": 0.0, "Account Name": "[W] G1 - WPL - kv360", "Impressions": 6}, {"View rate": 0.0, "Campaign": "Gen-term_MT-GO-BMM-AFT", "Unique cookies": "", "Dept": "WPL", "Bid Strategy Type": "cpc", "Views": 0, "Video played to 50%": 0.0, "CTR": 14.29, "Conversions": 0.0, "Account ID": "3764021980", "Clicks": 1, "Interaction Rate": 14.29, "Avg. position": 2.0, "Advertising Channel": "Search", "Advertising Sub Channel": "", "Campaign ID": 420420722, "Avg. CPV": 0.0, "Campaign serving status": "eligible", "Avg. CPM": 8.571429, "Invalid clicks": 0, "End date": "", "Avg. Cost": 0.06, "Start date": "2016-05-17", "Mapping": false, "Engagements": 0, "Avg. CPC": 0.06, "Interactions": 1, "Date": "2017-03-04", "Video played to 100%": 0.0, "Cost": 0.06, "Interaction Types": ["Clicks"], "Video played to 75%": 0.0, "Video played to 25%": 0.0, "Campaign state": "paused", "Avg. CPE": 0.0, "Account Name": "[W] G1 - WPL - kv360", "Impressions": 7}, {"View rate": 0.0, "Campaign": "Gen-term_FH-GO-Phrase-EVE", "Unique cookies": "", "Dept": "WPL", "Bid Strategy Type": "cpc", "Views": 0, "Video played to 50%": 0.0, "CTR": 15.79, "Conversions": 0.0, "Account ID": "3764021980", "Clicks": 3, "Interaction Rate": 15.79, "Avg. position": 1.9, "Advertising Channel": "Search", "Advertising Sub Channel": "", "Campaign ID": 420421202, "Avg. CPV": 0.0, "Campaign serving status": "eligible", "Avg. CPM": 7.894737, "Invalid clicks": 0, "End date": "", "Avg. Cost": 0.05, "Start date": "2016-05-17", "Mapping": false, "Engagements": 0, "Avg. CPC": 0.05, "Interactions": 3, "Date": "2017-03-04", "Video played to 100%": 0.0, "Cost": 0.15, "Interaction Types": ["Clicks"], "Video played to 75%": 0.0, "Video played to 25%": 0.0, "Campaign state": "paused", "Avg. CPE": 0.0, "Account Name": "[W] G1 - WPL - kv360", "Impressions": 19}, {"View rate": 0.0, "Campaign": "Gen-term_FH-GO-Phrase-AFT", "Unique cookies": "", "Dept": "WPL", "Bid Strategy Type": "cpc", "Views": 0, "Video played to 50%": 0.0, "CTR": 26.67, "Conversions": 0.0, "Account ID": "3764021980", "Clicks": 4, "Interaction Rate": 26.67, "Avg. position": 1.4, "Advertising Channel": "Search", "Advertising Sub Channel": "", "Campaign ID": 420421442, "Avg. CPV": 0.0, "Campaign serving status": "eligible", "Avg. CPM": 16.0, "Invalid clicks": 0, "End date": "", "Avg. Cost": 0.06, "Start date": "2016-05-17", "Mapping": false, "Engagements": 0, "Avg. CPC": 0.06, "Interactions": 4, "Date": "2017-03-04", "Video played to 100%": 0.0, "Cost": 0.24, "Interaction Types": ["Clicks"], "Video played to 75%": 0.0, "Video played to 25%": 0.0, "Campaign state": "paused", "Avg. CPE": 0.0, "Account Name": "[W] G1 - WPL - kv360", "Impressions": 15}, {"View rate": 0.0, "Campaign": "Gen-term_MT-Game-Phrase-MOR", "Unique cookies": "", "Dept": "WPL", "Bid Strategy Type": "cpc", "Views": 0, "Video played to 50%": 0.0, "CTR": 23.53, "Conversions": 0.0, "Account ID": "3764021980", "Clicks": 4, "Interaction Rate": 23.53, "Avg. position": 1.5, "Advertising Channel": "Search", "Advertising Sub Channel": "", "Campaign ID": 420423122, "Avg. CPV": 0.0, "Campaign serving status": "eligible", "Avg. CPM": 9.411765, "Invalid clicks": 0, "End date": "", "Avg. Cost": 0.04, "Start date": "2016-05-17", "Mapping": false, "Engagements": 0, "Avg. CPC": 0.04, "Interactions": 4, "Date": "2017-03-04", "Video played to 100%": 0.0, "Cost": 0.16, "Interaction Types": ["Clicks"], "Video played to 75%": 0.0, "Video played to 25%": 0.0, "Campaign state": "paused", "Avg. CPE": 0.0, "Account Name": "[W] G1 - WPL - kv360", "Impressions": 17}, {"View rate": 0.0, "Campaign": "Gen-term_MT-Game-Phrase-EVE", "Unique cookies": "", "Dept": "WPL", "Bid Strategy Type": "cpc", "Views": 0, "Video played to 50%": 0.0, "CTR": 21.05, "Conversions": 0.0, "Account ID": "3764021980", "Clicks": 4, "Interaction Rate": 21.05, "Avg. position": 1.4, "Advertising Channel": "Search", "Advertising Sub Channel": "", "Campaign ID": 420423362, "Avg. CPV": 0.0, "Campaign serving status": "eligible", "Avg. CPM": 5.263158, "Invalid clicks": 0, "End date": "", "Avg. Cost": 0.025, "Start date": "2016-05-17", "Mapping": false, "Engagements": 0, "Avg. CPC": 0.025, "Interactions": 4, "Date": "2017-03-04", "Video played to 100%": 0.0, "Cost": 0.1, "Interaction Types": ["Clicks"], "Video played to 75%": 0.0, "Video played to 25%": 0.0, "Campaign state": "paused", "Avg. CPE": 0.0, "Account Name": "[W] G1 - WPL - kv360", "Impressions": 19}, {"View rate": 0.0, "Campaign": "Gen-term_FH-GTT-Exact-EVE", "Unique cookies": "", "Dept": "WPL", "Bid Strategy Type": "cpc", "Views": 0, "Video played to 50%": 0.0, "CTR": 25.0, "Conversions": 0.0, "Account ID": "3764021980", "Clicks": 1, "Interaction Rate": 25.0, "Avg. position": 1.3, "Advertising Channel": "Search", "Advertising Sub Channel": "", "Campaign ID": 420428162, "Avg. CPV": 0.0, "Campaign serving status": "eligible", "Avg. CPM": 15.0, "Invalid clicks": 0, "End date": "", "Avg. Cost": 0.06, "Start date": "2016-05-17", "Mapping": false, "Engagements": 0, "Avg. CPC": 0.06, "Interactions": 1, "Date": "2017-03-04", "Video played to 100%": 0.0, "Cost": 0.06, "Interaction Types": ["Clicks"], "Video played to 75%": 0.0, "Video played to 25%": 0.0, "Campaign state": "paused", "Avg. CPE": 0.0, "Account Name": "[W] G1 - WPL - kv360", "Impressions": 4}, {"View rate": 0.0, "Campaign": "Gen-term_FH-GPC-BM-EVE", "Unique cookies": "", "Dept": "WPL", "Bid Strategy Type": "cpc", "Views": 0, "Video played to 50%": 0.0, "CTR": 14.29, "Conversions": 0.0, "Account ID": "3764021980", "Clicks": 3, "Interaction Rate": 14.29, "Avg. position": 1.6, "Advertising Channel": "Search", "Advertising Sub Channel": "", "Campaign ID": 420440162, "Avg. CPV": 0.0, "Campaign serving status": "eligible", "Avg. CPM": 6.190476, "Invalid clicks": 0, "End date": "", "Avg. Cost": 0.043333, "Start date": "2016-05-17", "Mapping": false, "Engagements": 0, "Avg. CPC": 0.043333, "Interactions": 3, "Date": "2017-03-04", "Video played to 100%": 0.0, "Cost": 0.13, "Interaction Types": ["Clicks"], "Video played to 75%": 0.0, "Video played to 25%": 0.0, "Campaign state": "paused", "Avg. CPE": 0.0, "Account Name": "[W] G1 - WPL - kv360", "Impressions": 21}, {"View rate": 0.0, "Campaign": "Gen-term_MT-GPC-BMM-AFT", "Unique cookies": "", "Dept": "WPL", "Bid Strategy Type": "cpc", "Views": 0, "Video played to 50%": 0.0, "CTR": 12.5, "Conversions": 0.0, "Account ID": "3764021980", "Clicks": 1, "Interaction Rate": 12.5, "Avg. position": 1.6, "Advertising Channel": "Search", "Advertising Sub Channel": "", "Campaign ID": 420443282, "Avg. CPV": 0.0, "Campaign serving status": "eligible", "Avg. CPM": 6.25, "Invalid clicks": 0, "End date": "", "Avg. Cost": 0.05, "Start date": "2016-05-17", "Mapping": false, "Engagements": 0, "Avg. CPC": 0.05, "Interactions": 1, "Date": "2017-03-04", "Video played to 100%": 0.0, "Cost": 0.05, "Interaction Types": ["Clicks"], "Video played to 75%": 0.0, "Video played to 25%": 0.0, "Campaign state": "paused", "Avg. CPE": 0.0, "Account Name": "[W] G1 - WPL - kv360", "Impressions": 8}, {"View rate": 0.0, "Campaign": "Gen-term_MT-WG-BMM-EVE", "Unique cookies": "", "Dept": "WPL", "Bid Strategy Type": "cpc", "Views": 0, "Video played to 50%": 0.0, "CTR": 100.0, "Conversions": 0.0, "Account ID": "3764021980", "Clicks": 1, "Interaction Rate": 100.0, "Avg. position": 4.0, "Advertising Channel": "Search", "Advertising Sub Channel": "", "Campaign ID": 420457682, "Avg. CPV": 0.0, "Campaign serving status": "eligible", "Avg. CPM": 60.0, "Invalid clicks": 0, "End date": "", "Avg. Cost": 0.06, "Start date": "2016-05-17", "Mapping": false, "Engagements": 0, "Avg. CPC": 0.06, "Interactions": 1, "Date": "2017-03-04", "Video played to 100%": 0.0, "Cost": 0.06, "Interaction Types": ["Clicks"], "Video played to 75%": 0.0, "Video played to 25%": 0.0, "Campaign state": "paused", "Avg. CPE": 0.0, "Account Name": "[W] G1 - WPL - kv360", "Impressions": 1}, {"View rate": 0.0, "Campaign": "Gen-term_MT-WG-Phrase-MOR", "Unique cookies": "", "Dept": "WPL", "Bid Strategy Type": "cpc", "Views": 0, "Video played to 50%": 0.0, "CTR": 50.0, "Conversions": 0.0, "Account ID": "3764021980", "Clicks": 1, "Interaction Rate": 50.0, "Avg. position": 2.5, "Advertising Channel": "Search", "Advertising Sub Channel": "", "Campaign ID": 420463202, "Avg. CPV": 0.0, "Campaign serving status": "eligible", "Avg. CPM": 15.0, "Invalid clicks": 0, "End date": "", "Avg. Cost": 0.03, "Start date": "2016-05-17", "Mapping": false, "Engagements": 0, "Avg. CPC": 0.03, "Interactions": 1, "Date": "2017-03-04", "Video played to 100%": 0.0, "Cost": 0.03, "Interaction Types": ["Clicks"], "Video played to 75%": 0.0, "Video played to 25%": 0.0, "Campaign state": "paused", "Avg. CPE": 0.0, "Account Name": "[W] G1 - WPL - kv360", "Impressions": 2}, {"View rate": 0.0, "Campaign": "Brand-term_Phr-AFT", "Unique cookies": "", "Dept": "WPL", "Bid Strategy Type": "cpc", "Views": 0, "Video played to 50%": 0.0, "CTR": 40.32, "Conversions": 11.0, "Account ID": "3764021980", "Clicks": 273, "Interaction Rate": 40.32, "Avg. position": 1.0, "Advertising Channel": "Search", "Advertising Sub Channel": "", "Campaign ID": 420414482, "Avg. CPV": 0.0, "Campaign serving status": "eligible", "Avg. CPM": 17.267356, "Invalid clicks": 9, "End date": "", "Avg. Cost": 0.042821, "Start date": "2016-05-17", "Mapping": false, "Engagements": 0, "Avg. CPC": 0.042821, "Interactions": 273, "Date": "2017-03-04", "Video played to 100%": 0.0, "Cost": 11.69, "Interaction Types": ["Clicks"], "Video played to 75%": 0.0, "Video played to 25%": 0.0, "Campaign state": "paused", "Avg. CPE": 0.0, "Account Name": "[W] G1 - WPL - kv360", "Impressions": 677}, {"View rate": 0.0, "Campaign": "Gen-term_FH-GO-Exact-AFT", "Unique cookies": "", "Dept": "WPL", "Bid Strategy Type": "cpc", "Views": 0, "Video played to 50%": 0.0, "CTR": 30.95, "Conversions": 1.0, "Account ID": "3764021980", "Clicks": 13, "Interaction Rate": 30.95, "Avg. position": 1.3, "Advertising Channel": "Search", "Advertising Sub Channel": "", "Campaign ID": 420420242, "Avg. CPV": 0.0, "Campaign serving status": "eligible", "Avg. CPM": 13.809524, "Invalid clicks": 0, "End date": "", "Avg. Cost": 0.044615, "Start date": "2016-05-17", "Mapping": false, "Engagements": 0, "Avg. CPC": 0.044615, "Interactions": 13, "Date": "2017-03-04", "Video played to 100%": 0.0, "Cost": 0.58, "Interaction Types": ["Clicks"], "Video played to 75%": 0.0, "Video played to 25%": 0.0, "Campaign state": "paused", "Avg. CPE": 0.0, "Account Name": "[W] G1 - WPL - kv360", "Impressions": 42}, {"View rate": 0.0, "Campaign": "Gen-term_MT-Game-Phrase-AFT", "Unique cookies": "", "Dept": "WPL", "Bid Strategy Type": "cpc", "Views": 0, "Video played to 50%": 0.0, "CTR": 23.08, "Conversions": 1.0, "Account ID": "3764021980", "Clicks": 3, "Interaction Rate": 23.08, "Avg. position": 1.9, "Advertising Channel": "Search", "Advertising Sub Channel": "", "Campaign ID": 420421682, "Avg. CPV": 0.0, "Campaign serving status": "eligible", "Avg. CPM": 9.230769, "Invalid clicks": 0, "End date": "", "Avg. Cost": 0.04, "Start date": "2016-05-17", "Mapping": false, "Engagements": 0, "Avg. CPC": 0.04, "Interactions": 3, "Date": "2017-03-04", "Video played to 100%": 0.0, "Cost": 0.12, "Interaction Types": ["Clicks"], "Video played to 75%": 0.0, "Video played to 25%": 0.0, "Campaign state": "paused", "Avg. CPE": 0.0, "Account Name": "[W] G1 - WPL - kv360", "Impressions": 13}, {"View rate": 0.0, "Campaign": "Gen-term_FH-GO-BMM-EVE", "Unique cookies": "", "Dept": "WPL", "Bid Strategy Type": "cpc", "Views": 0, "Video played to 50%": 0.0, "CTR": 14.29, "Conversions": 0.0, "Account ID": "3764021980", "Clicks": 3, "Interaction Rate": 14.29, "Avg. position": 2.0, "Advertising Channel": "Search", "Advertising Sub Channel": "", "Campaign ID": 420422642, "Avg. CPV": 0.0, "Campaign serving status": "eligible", "Avg. CPM": 6.666667, "Invalid clicks": 0, "End date": "", "Avg. Cost": 0.046667, "Start date": "2016-05-17", "Mapping": false, "Engagements": 0, "Avg. CPC": 0.046667, "Interactions": 3, "Date": "2017-03-04", "Video played to 100%": 0.0, "Cost": 0.14, "Interaction Types": ["Clicks"], "Video played to 75%": 0.0, "Video played to 25%": 0.0, "Campaign state": "paused", "Avg. CPE": 0.0, "Account Name": "[W] G1 - WPL - kv360", "Impressions": 21}, {"View rate": 0.0, "Campaign": "Gen-term_MT-GO-BMM-EVE", "Unique cookies": "", "Dept": "WPL", "Bid Strategy Type": "cpc", "Views": 0, "Video played to 50%": 0.0, "CTR": 22.22, "Conversions": 0.0, "Account ID": "3764021980", "Clicks": 2, "Interaction Rate": 22.22, "Avg. position": 1.1, "Advertising Channel": "Search", "Advertising Sub Channel": "", "Campaign ID": 420426242, "Avg. CPV": 0.0, "Campaign serving status": "eligible", "Avg. CPM": 6.666667, "Invalid clicks": 0, "End date": "", "Avg. Cost": 0.03, "Start date": "2016-05-17", "Mapping": false, "Engagements": 0, "Avg. CPC": 0.03, "Interactions": 2, "Date": "2017-03-04", "Video played to 100%": 0.0, "Cost": 0.06, "Interaction Types": ["Clicks"], "Video played to 75%": 0.0, "Video played to 25%": 0.0, "Campaign state": "paused", "Avg. CPE": 0.0, "Account Name": "[W] G1 - WPL - kv360", "Impressions": 9}, {"View rate": 0.0, "Campaign": "Gen-term_FH-GTT-BM-MOR", "Unique cookies": "", "Dept": "WPL", "Bid Strategy Type": "cpc", "Views": 0, "Video played to 50%": 0.0, "CTR": 7.5, "Conversions": 1.0, "Account ID": "3764021980", "Clicks": 3, "Interaction Rate": 7.5, "Avg. position": 2.4, "Advertising Channel": "Search", "Advertising Sub Channel": "", "Campaign ID": 420429362, "Avg. CPV": 0.0, "Campaign serving status": "eligible", "Avg. CPM": 3.75, "Invalid clicks": 0, "End date": "", "Avg. Cost": 0.05, "Start date": "2016-05-17", "Mapping": false, "Engagements": 0, "Avg. CPC": 0.05, "Interactions": 3, "Date": "2017-03-04", "Video played to 100%": 0.0, "Cost": 0.15, "Interaction Types": ["Clicks"], "Video played to 75%": 0.0, "Video played to 25%": 0.0, "Campaign state": "paused", "Avg. CPE": 0.0, "Account Name": "[W] G1 - WPL - kv360", "Impressions": 40}, {"View rate": 0.0, "Campaign": "Gen-term_MT-PCG-BMM-EVE", "Unique cookies": "", "Dept": "WPL", "Bid Strategy Type": "cpc", "Views": 0, "Video played to 50%": 0.0, "CTR": 14.29, "Conversions": 0.0, "Account ID": "3764021980", "Clicks": 1, "Interaction Rate": 14.29, "Avg. position": 1.3, "Advertising Channel": "Search", "Advertising Sub Channel": "", "Campaign ID": 420451202, "Avg. CPV": 0.0, "Campaign serving status": "eligible", "Avg. CPM": 8.571429, "Invalid clicks": 0, "End date": "", "Avg. Cost": 0.06, "Start date": "2016-05-17", "Mapping": false, "Engagements": 0, "Avg. CPC": 0.06, "Interactions": 1, "Date": "2017-03-04", "Video played to 100%": 0.0, "Cost": 0.06, "Interaction Types": ["Clicks"], "Video played to 75%": 0.0, "Video played to 25%": 0.0, "Campaign state": "paused", "Avg. CPE": 0.0, "Account Name": "[W] G1 - WPL - kv360", "Impressions": 7}, {"View rate": 0.0, "Campaign": "Brand-term_Phim Kiem Vu-BMM-MOR", "Unique cookies": "", "Dept": "WPL", "Bid Strategy Type": "cpc", "Views": 0, "Video played to 50%": 0.0, "CTR": 30.77, "Conversions": 0.0, "Account ID": "3764021980", "Clicks": 8, "Interaction Rate": 30.77, "Avg. position": 1.0, "Advertising Channel": "Search", "Advertising Sub Channel": "", "Campaign ID": 600817345, "Avg. CPV": 0.0, "Campaign serving status": "eligible", "Avg. CPM": 3.076923, "Invalid clicks": 2, "End date": "", "Avg. Cost": 0.01, "Start date": "2016-05-26", "Mapping": false, "Engagements": 0, "Avg. CPC": 0.01, "Interactions": 8, "Date": "2017-03-04", "Video played to 100%": 0.0, "Cost": 0.08, "Interaction Types": ["Clicks"], "Video played to 75%": 0.0, "Video played to 25%": 0.0, "Campaign state": "paused", "Avg. CPE": 0.0, "Account Name": "[W] G1 - WPL - kv360", "Impressions": 26}, {"View rate": 0.0, "Campaign": "Brand-term_Phim Kiem Vu-BMM-Eve", "Unique cookies": "", "Dept": "WPL", "Bid Strategy Type": "cpc", "Views": 0, "Video played to 50%": 0.0, "CTR": 16.67, "Conversions": 0.0, "Account ID": "3764021980", "Clicks": 1, "Interaction Rate": 16.67, "Avg. position": 1.0, "Advertising Channel": "Search", "Advertising Sub Channel": "", "Campaign ID": 600817351, "Avg. CPV": 0.0, "Campaign serving status": "eligible", "Avg. CPM": 1.666667, "Invalid clicks": 0, "End date": "", "Avg. Cost": 0.01, "Start date": "2016-05-26", "Mapping": false, "Engagements": 0, "Avg. CPC": 0.01, "Interactions": 1, "Date": "2017-03-04", "Video played to 100%": 0.0, "Cost": 0.01, "Interaction Types": ["Clicks"], "Video played to 75%": 0.0, "Video played to 25%": 0.0, "Campaign state": "paused", "Avg. CPE": 0.0, "Account Name": "[W] G1 - WPL - kv360", "Impressions": 6}, {"View rate": 0.0, "Campaign": "Brand-term_BMM-MOR", "Unique cookies": "", "Dept": "WPL", "Bid Strategy Type": "cpc", "Views": 0, "Video played to 50%": 0.0, "CTR": 42.59, "Conversions": 23.0, "Account ID": "3764021980", "Clicks": 270, "Interaction Rate": 42.59, "Avg. position": 1.2, "Advertising Channel": "Search", "Advertising Sub Channel": "", "Campaign ID": 420413282, "Avg. CPV": 0.0, "Campaign serving status": "eligible", "Avg. CPM": 10.962145, "Invalid clicks": 28, "End date": "", "Avg. Cost": 0.025741, "Start date": "2016-05-17", "Mapping": false, "Engagements": 0, "Avg. CPC": 0.025741, "Interactions": 270, "Date": "2017-03-04", "Video played to 100%": 0.0, "Cost": 6.95, "Interaction Types": ["Clicks"], "Video played to 75%": 0.0, "Video played to 25%": 0.0, "Campaign state": "paused", "Avg. CPE": 0.0, "Account Name": "[W] G1 - WPL - kv360", "Impressions": 634}, {"View rate": 0.0, "Campaign": "Brand-term_BMM-AFT", "Unique cookies": "", "Dept": "WPL", "Bid Strategy Type": "cpc", "Views": 0, "Video played to 50%": 0.0, "CTR": 51.44, "Conversions": 40.0, "Account ID": "3764021980", "Clicks": 517, "Interaction Rate": 51.44, "Avg. position": 1.0, "Advertising Channel": "Search", "Advertising Sub Channel": "", "Campaign ID": 420413522, "Avg. CPV": 0.0, "Campaign serving status": "eligible", "Avg. CPM": 8.79602, "Invalid clicks": 33, "End date": "", "Avg. Cost": 0.017099, "Start date": "2016-05-17", "Mapping": false, "Engagements": 0, "Avg. CPC": 0.017099, "Interactions": 517, "Date": "2017-03-04", "Video played to 100%": 0.0, "Cost": 8.84, "Interaction Types": ["Clicks"], "Video played to 75%": 0.0, "Video played to 25%": 0.0, "Campaign state": "paused", "Avg. CPE": 0.0, "Account Name": "[W] G1 - WPL - kv360", "Impressions": 1005}, {"View rate": 0.0, "Campaign": "Gen-term_MT-Game-BMM-EVE", "Unique cookies": "", "Dept": "WPL", "Bid Strategy Type": "cpc", "Views": 0, "Video played to 50%": 0.0, "CTR": 16.67, "Conversions": 0.0, "Account ID": "3764021980", "Clicks": 3, "Interaction Rate": 16.67, "Avg. position": 1.8, "Advertising Channel": "Search", "Advertising Sub Channel": "", "Campaign ID": 420417362, "Avg. CPV": 0.0, "Campaign serving status": "eligible", "Avg. CPM": 7.222222, "Invalid clicks": 0, "End date": "", "Avg. Cost": 0.043333, "Start date": "2016-05-17", "Mapping": false, "Engagements": 0, "Avg. CPC": 0.043333, "Interactions": 3, "Date": "2017-03-04", "Video played to 100%": 0.0, "Cost": 0.13, "Interaction Types": ["Clicks"], "Video played to 75%": 0.0, "Video played to 25%": 0.0, "Campaign state": "paused", "Avg. CPE": 0.0, "Account Name": "[W] G1 - WPL - kv360", "Impressions": 18}, {"View rate": 0.0, "Campaign": "Gen-term_FH-GO-Exact-MOR", "Unique cookies": "", "Dept": "WPL", "Bid Strategy Type": "cpc", "Views": 0, "Video played to 50%": 0.0, "CTR": 35.38, "Conversions": 4.0, "Account ID": "3764021980", "Clicks": 23, "Interaction Rate": 35.38, "Avg. position": 1.3, "Advertising Channel": "Search", "Advertising Sub Channel": "", "Campaign ID": 420419762, "Avg. CPV": 0.0, "Campaign serving status": "eligible", "Avg. CPM": 15.846154, "Invalid clicks": 0, "End date": "", "Avg. Cost": 0.044783, "Start date": "2016-05-17", "Mapping": false, "Engagements": 0, "Avg. CPC": 0.044783, "Interactions": 23, "Date": "2017-03-04", "Video played to 100%": 0.0, "Cost": 1.03, "Interaction Types": ["Clicks"], "Video played to 75%": 0.0, "Video played to 25%": 0.0, "Campaign state": "paused", "Avg. CPE": 0.0, "Account Name": "[W] G1 - WPL - kv360", "Impressions": 65}, {"View rate": 0.0, "Campaign": "Gen-term_FH-GO-Exact-EVE", "Unique cookies": "", "Dept": "WPL", "Bid Strategy Type": "cpc", "Views": 0, "Video played to 50%": 0.0, "CTR": 35.04, "Conversions": 9.0, "Account ID": "3764021980", "Clicks": 48, "Interaction Rate": 35.04, "Avg. position": 1.2, "Advertising Channel": "Search", "Advertising Sub Channel": "", "Campaign ID": 420420002, "Avg. CPV": 0.0, "Campaign serving status": "eligible", "Avg. CPM": 14.744526, "Invalid clicks": 3, "End date": "", "Avg. Cost": 0.042083, "Start date": "2016-05-17", "Mapping": false, "Engagements": 0, "Avg. CPC": 0.042083, "Interactions": 48, "Date": "2017-03-04", "Video played to 100%": 0.0, "Cost": 2.02, "Interaction Types": ["Clicks"], "Video played to 75%": 0.0, "Video played to 25%": 0.0, "Campaign state": "paused", "Avg. CPE": 0.0, "Account Name": "[W] G1 - WPL - kv360", "Impressions": 137}, {"View rate": 0.0, "Campaign": "Gen-term_MT-GO-Phrase-EVE", "Unique cookies": "", "Dept": "WPL", "Bid Strategy Type": "cpc", "Views": 0, "Video played to 50%": 0.0, "CTR": 100.0, "Conversions": 0.0, "Account ID": "3764021980", "Clicks": 1, "Interaction Rate": 100.0, "Avg. position": 1.0, "Advertising Channel": "Search", "Advertising Sub Channel": "", "Campaign ID": 420426722, "Avg. CPV": 0.0, "Campaign serving status": "eligible", "Avg. CPM": 10.0, "Invalid clicks": 0, "End date": "", "Avg. Cost": 0.01, "Start date": "2016-05-17", "Mapping": false, "Engagements": 0, "Avg. CPC": 0.01, "Interactions": 1, "Date": "2017-03-04", "Video played to 100%": 0.0, "Cost": 0.01, "Interaction Types": ["Clicks"], "Video played to 75%": 0.0, "Video played to 25%": 0.0, "Campaign state": "paused", "Avg. CPE": 0.0, "Account Name": "[W] G1 - WPL - kv360", "Impressions": 1}, {"View rate": 0.0, "Campaign": "Gen-term_FH-GMT-BM-AFT", "Unique cookies": "", "Dept": "WPL", "Bid Strategy Type": "cpc", "Views": 0, "Video played to 50%": 0.0, "CTR": 25.0, "Conversions": 0.0, "Account ID": "3764021980", "Clicks": 1, "Interaction Rate": 25.0, "Avg. position": 1.0, "Advertising Channel": "Search", "Advertising Sub Channel": "", "Campaign ID": 420432242, "Avg. CPV": 0.0, "Campaign serving status": "eligible", "Avg. CPM": 15.0, "Invalid clicks": 0, "End date": "", "Avg. Cost": 0.06, "Start date": "2016-05-17", "Mapping": false, "Engagements": 0, "Avg. CPC": 0.06, "Interactions": 1, "Date": "2017-03-04", "Video played to 100%": 0.0, "Cost": 0.06, "Interaction Types": ["Clicks"], "Video played to 75%": 0.0, "Video played to 25%": 0.0, "Campaign state": "paused", "Avg. CPE": 0.0, "Account Name": "[W] G1 - WPL - kv360", "Impressions": 4}, {"View rate": 0.0, "Campaign": "Gen-term_FH-WG-BM-EVE", "Unique cookies": "", "Dept": "WPL", "Bid Strategy Type": "cpc", "Views": 0, "Video played to 50%": 0.0, "CTR": 16.58, "Conversions": 4.0, "Account ID": "3764021980", "Clicks": 32, "Interaction Rate": 16.58, "Avg. position": 1.7, "Advertising Channel": "Search", "Advertising Sub Channel": "", "Campaign ID": 420458642, "Avg. CPV": 0.0, "Campaign serving status": "eligible", "Avg. CPM": 7.668394, "Invalid clicks": 0, "End date": "", "Avg. Cost": 0.04625, "Start date": "2016-05-17", "Mapping": false, "Engagements": 0, "Avg. CPC": 0.04625, "Interactions": 32, "Date": "2017-03-04", "Video played to 100%": 0.0, "Cost": 1.48, "Interaction Types": ["Clicks"], "Video played to 75%": 0.0, "Video played to 25%": 0.0, "Campaign state": "paused", "Avg. CPE": 0.0, "Account Name": "[W] G1 - WPL - kv360", "Impressions": 193}, {"View rate": 0.0, "Campaign": "Gen-term_FH-WG-BM-AFT", "Unique cookies": "", "Dept": "WPL", "Bid Strategy Type": "cpc", "Views": 0, "Video played to 50%": 0.0, "CTR": 17.78, "Conversions": 4.0, "Account ID": "3764021980", "Clicks": 24, "Interaction Rate": 17.78, "Avg. position": 1.6, "Advertising Channel": "Search", "Advertising Sub Channel": "", "Campaign ID": 420458882, "Avg. CPV": 0.0, "Campaign serving status": "eligible", "Avg. CPM": 9.111111, "Invalid clicks": 3, "End date": "", "Avg. Cost": 0.05125, "Start date": "2016-05-17", "Mapping": false, "Engagements": 0, "Avg. CPC": 0.05125, "Interactions": 24, "Date": "2017-03-04", "Video played to 100%": 0.0, "Cost": 1.23, "Interaction Types": ["Clicks"], "Video played to 75%": 0.0, "Video played to 25%": 0.0, "Campaign state": "paused", "Avg. CPE": 0.0, "Account Name": "[W] G1 - WPL - kv360", "Impressions": 135}, {"View rate": 0.0, "Campaign": "Gen-term_MT-WG-Exact-MOR", "Unique cookies": "", "Dept": "WPL", "Bid Strategy Type": "cpc", "Views": 0, "Video played to 50%": 0.0, "CTR": 25.0, "Conversions": 1.0, "Account ID": "3764021980", "Clicks": 1, "Interaction Rate": 25.0, "Avg. position": 2.0, "Advertising Channel": "Search", "Advertising Sub Channel": "", "Campaign ID": 420462002, "Avg. CPV": 0.0, "Campaign serving status": "eligible", "Avg. CPM": 10.0, "Invalid clicks": 0, "End date": "", "Avg. Cost": 0.04, "Start date": "2016-05-17", "Mapping": false, "Engagements": 0, "Avg. CPC": 0.04, "Interactions": 1, "Date": "2017-03-04", "Video played to 100%": 0.0, "Cost": 0.04, "Interaction Types": ["Clicks"], "Video played to 75%": 0.0, "Video played to 25%": 0.0, "Campaign state": "paused", "Avg. CPE": 0.0, "Account Name": "[W] G1 - WPL - kv360", "Impressions": 4}, {"View rate": 0.0, "Campaign": "", "Unique cookies": "", "Dept": "WPL", "Bid Strategy Type": "", "Views": 0, "Video played to 50%": 0.0, "CTR": 46.36, "Conversions": 409.0, "Account ID": "3764021980", "Clicks": 5988, "Interaction Rate": 46.36, "Avg. position": 1.1, "Advertising Channel": "", "Advertising Sub Channel": "", "Campaign ID": "", "Avg. CPV": 0.0, "Campaign serving status": "", "Avg. CPM": 9.204801, "Invalid clicks": 430, "End date": "", "Avg. Cost": 0.019853, "Start date": "", "Mapping": false, "Engagements": 0, "Avg. CPC": 0.019853, "Interactions": 5988, "Date": "2017-03-04", "Video played to 100%": 0.0, "Cost": 118.88, "Interaction Types": "", "Video played to 75%": 0.0, "Video played to 25%": 0.0, "Campaign state": "Total", "Avg. CPE": 0.0, "Account Name": "[W] G1 - WPL - kv360", "Impressions": 12915}]