[{"Account ID": "8640138177", "Conversions": 7.0, "Views": 0, "Video played to 50%": 0.0, "Advertising Sub Channel": "", "Campaign": "Brand-term_Thien Long Bat Bo-Web_MOR", "Avg. CPE": 0.0, "Campaign serving status": "eligible", "Invalid clicks": 1, "Interaction Rate": 38.52, "Interaction Types": ["Clicks"], "Engagements": 0, "End date": "", "Avg. position": 1.0, "Video played to 100%": 0.0, "Video played to 25%": 0.0, "Video played to 75%": 0.0, "Mapping": false, "Avg. CPV": 0.0, "View rate": 0.0, "Avg. CPC": 0.018085, "Avg. Cost": 0.018085, "Avg. CPM": 6.967213, "Campaign state": "enabled", "Start date": "2015-10-12", "Account Name": "[W] G1 - WPL - tlbb360", "Cost": 0.85, "Advertising Channel": "Search", "Campaign ID": 318859115, "Interactions": 47, "Unique cookies": "", "Clicks": 47, "CTR": 38.52, "Dept": "WPL", "Bid Strategy Type": "cpc", "Date": "2017-03-01", "Impressions": 122}, {"Account ID": "8640138177", "Conversions": 1.0, "Views": 0, "Video played to 50%": 0.0, "Advertising Sub Channel": "", "Campaign": "Brand-term_TLBB-Web_MOR", "Avg. CPE": 0.0, "Campaign serving status": "eligible", "Invalid clicks": 0, "Interaction Rate": 26.12, "Interaction Types": ["Clicks"], "Engagements": 0, "End date": "", "Avg. position": 1.1, "Video played to 100%": 0.0, "Video played to 25%": 0.0, "Video played to 75%": 0.0, "Mapping": false, "Avg. CPV": 0.0, "View rate": 0.0, "Avg. CPC": 0.079714, "Avg. Cost": 0.079714, "Avg. CPM": 20.820896, "Campaign state": "enabled", "Start date": "2015-10-12", "Account Name": "[W] G1 - WPL - tlbb360", "Cost": 2.79, "Advertising Channel": "Search", "Campaign ID": 318859835, "Interactions": 35, "Unique cookies": "", "Clicks": 35, "CTR": 26.12, "Dept": "WPL", "Bid Strategy Type": "cpc", "Date": "2017-03-01", "Impressions": 134}, {"Account ID": "8640138177", "Conversions": 2.0, "Views": 0, "Video played to 50%": 0.0, "Advertising Sub Channel": "", "Campaign": "Brand-term_TLBB-Web_AFT", "Avg. CPE": 0.0, "Campaign serving status": "eligible", "Invalid clicks": 1, "Interaction Rate": 25.0, "Interaction Types": ["Clicks"], "Engagements": 0, "End date": "", "Avg. position": 1.0, "Video played to 100%": 0.0, "Video played to 25%": 0.0, "Video played to 75%": 0.0, "Mapping": false, "Avg. CPV": 0.0, "View rate": 0.0, "Avg. CPC": 0.052059, "Avg. Cost": 0.052059, "Avg. CPM": 13.014706, "Campaign state": "enabled", "Start date": "2015-10-12", "Account Name": "[W] G1 - WPL - tlbb360", "Cost": 1.77, "Advertising Channel": "Search", "Campaign ID": 318859595, "Interactions": 34, "Unique cookies": "", "Clicks": 34, "CTR": 25.0, "Dept": "WPL", "Bid Strategy Type": "cpc", "Date": "2017-03-01", "Impressions": 136}, {"Account ID": "8640138177", "Conversions": 21.0, "Views": 0, "Video played to 50%": 0.0, "Advertising Sub Channel": "", "Campaign": "Brand-term_Thien Long Bat Bo_AFT", "Avg. CPE": 0.0, "Campaign serving status": "eligible", "Invalid clicks": 17, "Interaction Rate": 23.34, "Interaction Types": ["Clicks"], "Engagements": 0, "End date": "", "Avg. position": 1.0, "Video played to 100%": 0.0, "Video played to 25%": 0.0, "Video played to 75%": 0.0, "Mapping": false, "Avg. CPV": 0.0, "View rate": 0.0, "Avg. CPC": 0.056319, "Avg. Cost": 0.056319, "Avg. CPM": 13.144246, "Campaign state": "enabled", "Start date": "2015-10-12", "Account Name": "[W] G1 - WPL - tlbb360", "Cost": 8.11, "Advertising Channel": "Search", "Campaign ID": 318858515, "Interactions": 144, "Unique cookies": "", "Clicks": 144, "CTR": 23.34, "Dept": "WPL", "Bid Strategy Type": "cpc", "Date": "2017-03-01", "Impressions": 617}, {"Account ID": "8640138177", "Conversions": 16.0, "Views": 0, "Video played to 50%": 0.0, "Advertising Sub Channel": "", "Campaign": "Brand-term_Thien Long Bat Bo_EVE", "Avg. CPE": 0.0, "Campaign serving status": "eligible", "Invalid clicks": 4, "Interaction Rate": 26.94, "Interaction Types": ["Clicks"], "Engagements": 0, "End date": "", "Avg. position": 1.0, "Video played to 100%": 0.0, "Video played to 25%": 0.0, "Video played to 75%": 0.0, "Mapping": false, "Avg. CPV": 0.0, "View rate": 0.0, "Avg. CPC": 0.05018, "Avg. Cost": 0.05018, "Avg. CPM": 13.519417, "Campaign state": "enabled", "Start date": "2015-10-12", "Account Name": "[W] G1 - WPL - tlbb360", "Cost": 5.57, "Advertising Channel": "Search", "Campaign ID": 318858635, "Interactions": 111, "Unique cookies": "", "Clicks": 111, "CTR": 26.94, "Dept": "WPL", "Bid Strategy Type": "cpc", "Date": "2017-03-01", "Impressions": 412}, {"Account ID": "8640138177", "Conversions": 13.0, "Views": 0, "Video played to 50%": 0.0, "Advertising Sub Channel": "", "Campaign": "Brand-term_Thien Long Bat Bo_MOR", "Avg. CPE": 0.0, "Campaign serving status": "eligible", "Invalid clicks": 4, "Interaction Rate": 22.22, "Interaction Types": ["Clicks"], "Engagements": 0, "End date": "", "Avg. position": 1.0, "Video played to 100%": 0.0, "Video played to 25%": 0.0, "Video played to 75%": 0.0, "Mapping": false, "Avg. CPV": 0.0, "View rate": 0.0, "Avg. CPC": 0.068936, "Avg. Cost": 0.068936, "Avg. CPM": 15.319149, "Campaign state": "enabled", "Start date": "2015-10-12", "Account Name": "[W] G1 - WPL - tlbb360", "Cost": 6.48, "Advertising Channel": "Search", "Campaign ID": 318858755, "Interactions": 94, "Unique cookies": "", "Clicks": 94, "CTR": 22.22, "Dept": "WPL", "Bid Strategy Type": "cpc", "Date": "2017-03-01", "Impressions": 423}, {"Account ID": "8640138177", "Conversions": 7.0, "Views": 0, "Video played to 50%": 0.0, "Advertising Sub Channel": "", "Campaign": "Brand-term_Thien Long Bat Bo-Web_AFT", "Avg. CPE": 0.0, "Campaign serving status": "eligible", "Invalid clicks": 8, "Interaction Rate": 40.17, "Interaction Types": ["Clicks"], "Engagements": 0, "End date": "", "Avg. position": 1.0, "Video played to 100%": 0.0, "Video played to 25%": 0.0, "Video played to 75%": 0.0, "Mapping": false, "Avg. CPV": 0.0, "View rate": 0.0, "Avg. CPC": 0.032128, "Avg. Cost": 0.032128, "Avg. CPM": 12.905983, "Campaign state": "enabled", "Start date": "2015-10-12", "Account Name": "[W] G1 - WPL - tlbb360", "Cost": 1.51, "Advertising Channel": "Search", "Campaign ID": 318858875, "Interactions": 47, "Unique cookies": "", "Clicks": 47, "CTR": 40.17, "Dept": "WPL", "Bid Strategy Type": "cpc", "Date": "2017-03-01", "Impressions": 117}, {"Account ID": "8640138177", "Conversions": 5.0, "Views": 0, "Video played to 50%": 0.0, "Advertising Sub Channel": "", "Campaign": "Brand-term_Thien Long Bat Bo-Web_EVE", "Avg. CPE": 0.0, "Campaign serving status": "eligible", "Invalid clicks": 4, "Interaction Rate": 23.57, "Interaction Types": ["Clicks"], "Engagements": 0, "End date": "", "Avg. position": 1.0, "Video played to 100%": 0.0, "Video played to 25%": 0.0, "Video played to 75%": 0.0, "Mapping": false, "Avg. CPV": 0.0, "View rate": 0.0, "Avg. CPC": 0.017879, "Avg. Cost": 0.017879, "Avg. CPM": 4.214286, "Campaign state": "enabled", "Start date": "2015-10-12", "Account Name": "[W] G1 - WPL - tlbb360", "Cost": 0.59, "Advertising Channel": "Search", "Campaign ID": 318858995, "Interactions": 33, "Unique cookies": "", "Clicks": 33, "CTR": 23.57, "Dept": "WPL", "Bid Strategy Type": "cpc", "Date": "2017-03-01", "Impressions": 140}, {"Account ID": "8640138177", "Conversions": 1.0, "Views": 0, "Video played to 50%": 0.0, "Advertising Sub Channel": "", "Campaign": "Brand-term_TLBB-Web_EVE", "Avg. CPE": 0.0, "Campaign serving status": "eligible", "Invalid clicks": 13, "Interaction Rate": 19.27, "Interaction Types": ["Clicks"], "Engagements": 0, "End date": "", "Avg. position": 1.0, "Video played to 100%": 0.0, "Video played to 25%": 0.0, "Video played to 75%": 0.0, "Mapping": false, "Avg. CPV": 0.0, "View rate": 0.0, "Avg. CPC": 0.078571, "Avg. Cost": 0.078571, "Avg. CPM": 15.137615, "Campaign state": "enabled", "Start date": "2015-10-12", "Account Name": "[W] G1 - WPL - tlbb360", "Cost": 1.65, "Advertising Channel": "Search", "Campaign ID": 318859715, "Interactions": 21, "Unique cookies": "", "Clicks": 21, "CTR": 19.27, "Dept": "WPL", "Bid Strategy Type": "cpc", "Date": "2017-03-01", "Impressions": 109}, {"Account ID": "8640138177", "Conversions": 73.0, "Views": 0, "Video played to 50%": 0.0, "Advertising Sub Channel": "", "Campaign": "", "Avg. CPE": 0.0, "Campaign serving status": "", "Invalid clicks": 52, "Interaction Rate": 25.61, "Interaction Types": "", "Engagements": 0, "End date": "", "Avg. position": 1.0, "Video played to 100%": 0.0, "Video played to 25%": 0.0, "Video played to 75%": 0.0, "Mapping": false, "Avg. CPV": 0.0, "View rate": 0.0, "Avg. CPC": 0.051802, "Avg. Cost": 0.051802, "Avg. CPM": 13.266968, "Campaign state": "Total", "Start date": "", "Account Name": "[W] G1 - WPL - tlbb360", "Cost": 29.32, "Advertising Channel": "", "Campaign ID": "", "Interactions": 566, "Unique cookies": "", "Clicks": 566, "CTR": 25.61, "Dept": "WPL", "Bid Strategy Type": "", "Date": "2017-03-01", "Impressions": 2210}]