[{"Account ID": "9595118601", "Avg. CPM": 19.229558, "Advertising Channel": "Search", "Avg. CPV": 0.0, "Avg. Cost": 0.03387, "Cost": 195.43, "Campaign state": "enabled", "Video played to 50%": 0.0, "Start date": "2017-04-20", "Video played to 100%": 0.0, "Interaction Rate": 56.77, "View rate": 0.0, "Advertising Sub Channel": "Search Mobile App", "Unique cookies": "", "Interaction Types": ["Clicks"], "Campaign serving status": "eligible", "Mapping": false, "Video played to 75%": 0.0, "Conversions": 1092.0, "Impressions": 10163, "Interactions": 5770, "Date": "2017-08-01", "Avg. CPE": 0.0, "Invalid clicks": 1200, "Avg. position": 1.0, "End date": "", "Engagements": 0, "Views": 0, "Campaign": "Android_CT-01_Brand_CFonly", "Clicks": 5770, "CTR": 56.77, "Video played to 25%": 0.0, "Campaign ID": 808176470, "Bid Strategy Type": "Target CPA", "Avg. CPC": 0.03387}, {"Account ID": "9595118601", "Avg. CPM": 15.571218, "Advertising Channel": "Search", "Avg. CPV": 0.0, "Avg. Cost": 0.068465, "Cost": 442.97, "Campaign state": "paused", "Video played to 50%": 0.0, "Start date": "2017-04-13", "Video played to 100%": 0.0, "Interaction Rate": 22.74, "View rate": 0.0, "Advertising Sub Channel": "Search Mobile App", "Unique cookies": "", "Interaction Types": ["Clicks"], "Campaign serving status": "eligible", "Mapping": false, "Video played to 75%": 0.0, "Conversions": 972.0, "Impressions": 28448, "Interactions": 6470, "Date": "2017-08-01", "Avg. CPE": 0.0, "Invalid clicks": 654, "Avg. position": 1.3, "End date": "", "Engagements": 0, "Views": 0, "Campaign": "Android_CT-01_Generic_FPSChung", "Clicks": 6470, "CTR": 22.74, "Video played to 25%": 0.0, "Campaign ID": 803995629, "Bid Strategy Type": "Target CPA", "Avg. CPC": 0.068465}, {"Account ID": "9595118601", "Avg. CPM": 19.497487, "Advertising Channel": "Search", "Avg. CPV": 0.0, "Avg. Cost": 0.078782, "Cost": 15.52, "Campaign state": "enabled", "Video played to 50%": 0.0, "Start date": "2017-04-24", "Video played to 100%": 0.0, "Interaction Rate": 24.75, "View rate": 0.0, "Advertising Sub Channel": "Search Mobile App", "Unique cookies": "", "Interaction Types": ["Clicks"], "Campaign serving status": "eligible", "Mapping": false, "Video played to 75%": 0.0, "Conversions": 45.0, "Impressions": 796, "Interactions": 197, "Date": "2017-08-01", "Avg. CPE": 0.0, "Invalid clicks": 43, "Avg. position": 1.0, "End date": "", "Engagements": 0, "Views": 0, "Campaign": "Android_CT-01_Competitor_CS", "Clicks": 197, "CTR": 24.75, "Video played to 25%": 0.0, "Campaign ID": 810296345, "Bid Strategy Type": "Target CPA", "Avg. CPC": 0.078782}, {"Account ID": "9595118601", "Avg. CPM": 10.333988, "Advertising Channel": "Search", "Avg. CPV": 0.0, "Avg. Cost": 0.018619, "Cost": 10.52, "Campaign state": "enabled", "Video played to 50%": 0.0, "Start date": "2017-04-13", "Video played to 100%": 0.0, "Interaction Rate": 55.5, "View rate": 0.0, "Advertising Sub Channel": "Search Mobile App", "Unique cookies": "", "Interaction Types": ["Clicks"], "Campaign serving status": "eligible", "Mapping": false, "Video played to 75%": 0.0, "Conversions": 146.0, "Impressions": 1018, "Interactions": 565, "Date": "2017-08-01", "Avg. CPE": 0.0, "Invalid clicks": 85, "Avg. position": 1.0, "End date": "", "Engagements": 0, "Views": 0, "Campaign": "Android_CT-01_Brand_CF", "Clicks": 565, "CTR": 55.5, "Video played to 25%": 0.0, "Campaign ID": 803047828, "Bid Strategy Type": "Target CPA", "Avg. CPC": 0.018619}, {"Account ID": "9595118601", "Avg. CPM": 0.847876, "Advertising Channel": "Multi Channel", "Avg. CPV": 0.009441, "Avg. Cost": 0.029874, "Cost": 1767.77889, "Campaign state": "enabled", "Video played to 50%": 9.82, "Start date": "2017-04-12", "Video played to 100%": 4.42, "Interaction Rate": 2.84, "View rate": 15.08, "Advertising Sub Channel": "Universal App Campaign", "Unique cookies": "", "Interaction Types": ["Clicks", "Engagements", "Views"], "Campaign serving status": "eligible", "Mapping": false, "Video played to 75%": 6.84, "Conversions": 5896.0, "Impressions": 2084951, "Interactions": 59175, "Date": "2017-08-01", "Avg. CPE": 0.012232, "Invalid clicks": 3747, "Avg. position": 1.1, "End date": "", "Engagements": 10778, "Views": 13751, "Campaign": "Android_CT-04_TA0-00_DE-04", "Clicks": 40864, "CTR": 1.96, "Video played to 25%": 17.22, "Campaign ID": 803369718, "Bid Strategy Type": "Target CPA", "Avg. CPC": 0.04326}, {"Account ID": "9595118601", "Avg. CPM": 26.360513, "Advertising Channel": "Search", "Avg. CPV": 0.0, "Avg. Cost": 0.058502, "Cost": 552.49, "Campaign state": "enabled", "Video played to 50%": 0.0, "Start date": "2017-04-17", "Video played to 100%": 0.0, "Interaction Rate": 45.06, "View rate": 0.0, "Advertising Sub Channel": "Search Mobile App", "Unique cookies": "", "Interaction Types": ["Clicks"], "Campaign serving status": "eligible", "Mapping": false, "Video played to 75%": 0.0, "Conversions": 1956.0, "Impressions": 20959, "Interactions": 9444, "Date": "2017-08-01", "Avg. CPE": 0.0, "Invalid clicks": 1562, "Avg. position": 1.0, "End date": "", "Engagements": 0, "Views": 0, "Campaign": "Android_CT-01_Brand_Competitor_DotKich", "Clicks": 9444, "CTR": 45.06, "Video played to 25%": 0.0, "Campaign ID": 804838690, "Bid Strategy Type": "Target CPA", "Avg. CPC": 0.058502}, {"Account ID": "9595118601", "Avg. CPM": 14.672131, "Advertising Channel": "Search", "Avg. CPV": 0.0, "Avg. Cost": 0.035606, "Cost": 19.69, "Campaign state": "enabled", "Video played to 50%": 0.0, "Start date": "2017-04-20", "Video played to 100%": 0.0, "Interaction Rate": 41.21, "View rate": 0.0, "Advertising Sub Channel": "Search Mobile App", "Unique cookies": "", "Interaction Types": ["Clicks"], "Campaign serving status": "eligible", "Mapping": false, "Video played to 75%": 0.0, "Conversions": 105.0, "Impressions": 1342, "Interactions": 553, "Date": "2017-08-01", "Avg. CPE": 0.0, "Invalid clicks": 70, "Avg. position": 1.0, "End date": "", "Engagements": 0, "Views": 0, "Campaign": "Android_CT-01_Brand_Crossfire", "Clicks": 553, "CTR": 41.21, "Video played to 25%": 0.0, "Campaign ID": 807561838, "Bid Strategy Type": "Target CPA", "Avg. CPC": 0.035606}, {"Account ID": "9595118601", "Avg. CPM": 1.398906, "Advertising Channel": "", "Avg. CPV": 0.009441, "Avg. Cost": 0.036561, "Cost": 3004.39889, "Campaign state": "Total", "Video played to 50%": 9.82, "Start date": "", "Video played to 100%": 4.42, "Interaction Rate": 3.83, "View rate": 15.08, "Advertising Sub Channel": "", "Unique cookies": "", "Interaction Types": "", "Campaign serving status": "", "Mapping": false, "Video played to 75%": 6.84, "Conversions": 10212.0, "Impressions": 2147677, "Interactions": 82174, "Date": "2017-08-01", "Avg. CPE": 0.012232, "Invalid clicks": 7361, "Avg. position": 1.1, "End date": "", "Engagements": 10778, "Views": 13751, "Campaign": "", "Clicks": 63863, "CTR": 2.97, "Video played to 25%": 17.22, "Campaign ID": "", "Bid Strategy Type": "", "Avg. CPC": 0.047044}]