[{"Start date": "2017-04-20", "Advertising Sub Channel": "Search Mobile App", "Impressions": 10163, "Avg. position": 1.0, "Campaign serving status": "eligible", "Advertising Channel": "Search", "Invalid clicks": 1200, "Interactions": 5770, "Video played to 50%": 0.0, "Interaction Types": ["Clicks"], "Conversions": 1092.0, "Views": 0, "Engagements": 0, "Avg. CPE": 0.0, "Account Name": "[M] - cfmobile - Appinstall - Android - VN", "End date": "", "Video played to 100%": 0.0, "Clicks": 5770, "Avg. Cost": 0.03387, "Account ID": "9595118601", "Video played to 25%": 0.0, "View rate": 0.0, "Avg. CPV": 0.0, "Video played to 75%": 0.0, "Avg. CPM": 19.229558, "CTR": 56.77, "Campaign state": "enabled", "Campaign ID": 808176470, "Interaction Rate": 56.77, "Bid Strategy Type": "Target CPA", "Date": "2017-08-01", "Mapping": false, "Campaign": "Android_CT-01_Brand_CFonly", "Avg. CPC": 0.03387, "Unique cookies": "", "Cost": 195.43}, {"Start date": "2017-04-13", "Advertising Sub Channel": "Search Mobile App", "Impressions": 28448, "Avg. position": 1.3, "Campaign serving status": "eligible", "Advertising Channel": "Search", "Invalid clicks": 654, "Interactions": 6470, "Video played to 50%": 0.0, "Interaction Types": ["Clicks"], "Conversions": 972.0, "Views": 0, "Engagements": 0, "Avg. CPE": 0.0, "Account Name": "[M] - cfmobile - Appinstall - Android - VN", "End date": "", "Video played to 100%": 0.0, "Clicks": 6470, "Avg. Cost": 0.068465, "Account ID": "9595118601", "Video played to 25%": 0.0, "View rate": 0.0, "Avg. CPV": 0.0, "Video played to 75%": 0.0, "Avg. CPM": 15.571218, "CTR": 22.74, "Campaign state": "paused", "Campaign ID": 803995629, "Interaction Rate": 22.74, "Bid Strategy Type": "Target CPA", "Date": "2017-08-01", "Mapping": false, "Campaign": "Android_CT-01_Generic_FPSChung", "Avg. CPC": 0.068465, "Unique cookies": "", "Cost": 442.97}, {"Start date": "2017-04-24", "Advertising Sub Channel": "Search Mobile App", "Impressions": 796, "Avg. position": 1.0, "Campaign serving status": "eligible", "Advertising Channel": "Search", "Invalid clicks": 43, "Interactions": 197, "Video played to 50%": 0.0, "Interaction Types": ["Clicks"], "Conversions": 45.0, "Views": 0, "Engagements": 0, "Avg. CPE": 0.0, "Account Name": "[M] - cfmobile - Appinstall - Android - VN", "End date": "", "Video played to 100%": 0.0, "Clicks": 197, "Avg. Cost": 0.078782, "Account ID": "9595118601", "Video played to 25%": 0.0, "View rate": 0.0, "Avg. CPV": 0.0, "Video played to 75%": 0.0, "Avg. CPM": 19.497487, "CTR": 24.75, "Campaign state": "enabled", "Campaign ID": 810296345, "Interaction Rate": 24.75, "Bid Strategy Type": "Target CPA", "Date": "2017-08-01", "Mapping": false, "Campaign": "Android_CT-01_Competitor_CS", "Avg. CPC": 0.078782, "Unique cookies": "", "Cost": 15.52}, {"Start date": "2017-04-13", "Advertising Sub Channel": "Search Mobile App", "Impressions": 1018, "Avg. position": 1.0, "Campaign serving status": "eligible", "Advertising Channel": "Search", "Invalid clicks": 85, "Interactions": 565, "Video played to 50%": 0.0, "Interaction Types": ["Clicks"], "Conversions": 146.0, "Views": 0, "Engagements": 0, "Avg. CPE": 0.0, "Account Name": "[M] - cfmobile - Appinstall - Android - VN", "End date": "", "Video played to 100%": 0.0, "Clicks": 565, "Avg. Cost": 0.018619, "Account ID": "9595118601", "Video played to 25%": 0.0, "View rate": 0.0, "Avg. CPV": 0.0, "Video played to 75%": 0.0, "Avg. CPM": 10.333988, "CTR": 55.5, "Campaign state": "enabled", "Campaign ID": 803047828, "Interaction Rate": 55.5, "Bid Strategy Type": "Target CPA", "Date": "2017-08-01", "Mapping": false, "Campaign": "Android_CT-01_Brand_CF", "Avg. CPC": 0.018619, "Unique cookies": "", "Cost": 10.52}, {"Start date": "2017-04-12", "Advertising Sub Channel": "Universal App Campaign", "Impressions": 2084951, "Avg. position": 1.1, "Campaign serving status": "eligible", "Advertising Channel": "Multi Channel", "Invalid clicks": 3747, "Interactions": 59175, "Video played to 50%": 9.82, "Interaction Types": ["Clicks", "Engagements", "Views"], "Conversions": 5896.0, "Views": 13751, "Engagements": 10778, "Avg. CPE": 0.012232, "Account Name": "[M] - cfmobile - Appinstall - Android - VN", "End date": "", "Video played to 100%": 4.42, "Clicks": 40864, "Avg. Cost": 0.029874, "Account ID": "9595118601", "Video played to 25%": 17.22, "View rate": 15.08, "Avg. CPV": 0.009441, "Video played to 75%": 6.84, "Avg. CPM": 0.847876, "CTR": 1.96, "Campaign state": "enabled", "Campaign ID": 803369718, "Interaction Rate": 2.84, "Bid Strategy Type": "Target CPA", "Date": "2017-08-01", "Mapping": false, "Campaign": "Android_CT-04_TA0-00_DE-04", "Avg. CPC": 0.04326, "Unique cookies": "", "Cost": 1767.77889}, {"Start date": "2017-04-17", "Advertising Sub Channel": "Search Mobile App", "Impressions": 20959, "Avg. position": 1.0, "Campaign serving status": "eligible", "Advertising Channel": "Search", "Invalid clicks": 1562, "Interactions": 9444, "Video played to 50%": 0.0, "Interaction Types": ["Clicks"], "Conversions": 1956.0, "Views": 0, "Engagements": 0, "Avg. CPE": 0.0, "Account Name": "[M] - cfmobile - Appinstall - Android - VN", "End date": "", "Video played to 100%": 0.0, "Clicks": 9444, "Avg. Cost": 0.058502, "Account ID": "9595118601", "Video played to 25%": 0.0, "View rate": 0.0, "Avg. CPV": 0.0, "Video played to 75%": 0.0, "Avg. CPM": 26.360513, "CTR": 45.06, "Campaign state": "enabled", "Campaign ID": 804838690, "Interaction Rate": 45.06, "Bid Strategy Type": "Target CPA", "Date": "2017-08-01", "Mapping": false, "Campaign": "Android_CT-01_Brand_Competitor_DotKich", "Avg. CPC": 0.058502, "Unique cookies": "", "Cost": 552.49}, {"Start date": "2017-04-20", "Advertising Sub Channel": "Search Mobile App", "Impressions": 1342, "Avg. position": 1.0, "Campaign serving status": "eligible", "Advertising Channel": "Search", "Invalid clicks": 70, "Interactions": 553, "Video played to 50%": 0.0, "Interaction Types": ["Clicks"], "Conversions": 105.0, "Views": 0, "Engagements": 0, "Avg. CPE": 0.0, "Account Name": "[M] - cfmobile - Appinstall - Android - VN", "End date": "", "Video played to 100%": 0.0, "Clicks": 553, "Avg. Cost": 0.035606, "Account ID": "9595118601", "Video played to 25%": 0.0, "View rate": 0.0, "Avg. CPV": 0.0, "Video played to 75%": 0.0, "Avg. CPM": 14.672131, "CTR": 41.21, "Campaign state": "enabled", "Campaign ID": 807561838, "Interaction Rate": 41.21, "Bid Strategy Type": "Target CPA", "Date": "2017-08-01", "Mapping": false, "Campaign": "Android_CT-01_Brand_Crossfire", "Avg. CPC": 0.035606, "Unique cookies": "", "Cost": 19.69}, {"Start date": "", "Advertising Sub Channel": "", "Impressions": 2147677, "Avg. position": 1.1, "Campaign serving status": "", "Advertising Channel": "", "Invalid clicks": 7361, "Interactions": 82174, "Video played to 50%": 9.82, "Interaction Types": "", "Conversions": 10212.0, "Views": 13751, "Engagements": 10778, "Avg. CPE": 0.012232, "Account Name": "[M] - cfmobile - Appinstall - Android - VN", "End date": "", "Video played to 100%": 4.42, "Clicks": 63863, "Avg. Cost": 0.036561, "Account ID": "9595118601", "Video played to 25%": 17.22, "View rate": 15.08, "Avg. CPV": 0.009441, "Video played to 75%": 6.84, "Avg. CPM": 1.398906, "CTR": 2.97, "Campaign state": "Total", "Campaign ID": "", "Interaction Rate": 3.83, "Bid Strategy Type": "", "Date": "2017-08-01", "Mapping": false, "Campaign": "", "Avg. CPC": 0.047044, "Unique cookies": "", "Cost": 3004.39889}]