[{"View rate": 0.0, "Campaign": "Gen-term_MT-G-G16_game 2016 hay-bmm", "Unique cookies": "", "Dept": "WPL", "Bid Strategy Type": "cpc", "Views": 0, "Video played to 50%": 0.0, "CTR": 25.0, "Conversions": 0.0, "Account ID": "9392975361", "Clicks": 1, "Interaction Rate": 25.0, "Avg. position": 1.5, "Advertising Channel": "Search", "Advertising Sub Channel": "", "Campaign ID": 723874258, "Avg. CPV": 0.0, "Campaign serving status": "eligible", "Avg. CPM": 22.5, "Invalid clicks": 2, "End date": "", "Avg. Cost": 0.09, "Start date": "2016-12-22", "Mapping": false, "Engagements": 0, "Avg. CPC": 0.09, "Interactions": 1, "Date": "2017-03-03", "Video played to 100%": 0.0, "Cost": 0.09, "Interaction Types": ["Clicks"], "Video played to 75%": 0.0, "Video played to 25%": 0.0, "Campaign state": "paused", "Avg. CPE": 0.0, "Account Name": "[paused] G1 - WPL - vc360-4", "Impressions": 4}, {"View rate": 0.0, "Campaign": "Gen-term_FH-G-3Q_game tam qu\u1ed1c-bmm", "Unique cookies": "", "Dept": "WPL", "Bid Strategy Type": "cpc", "Views": 0, "Video played to 50%": 0.0, "CTR": 200.0, "Conversions": 0.0, "Account ID": "9392975361", "Clicks": 2, "Interaction Rate": 200.0, "Avg. position": 2.0, "Advertising Channel": "Search", "Advertising Sub Channel": "", "Campaign ID": 724117436, "Avg. CPV": 0.0, "Campaign serving status": "eligible", "Avg. CPM": 200.0, "Invalid clicks": 0, "End date": "", "Avg. Cost": 0.1, "Start date": "2016-12-22", "Mapping": false, "Engagements": 0, "Avg. CPC": 0.1, "Interactions": 2, "Date": "2017-03-03", "Video played to 100%": 0.0, "Cost": 0.2, "Interaction Types": ["Clicks"], "Video played to 75%": 0.0, "Video played to 25%": 0.0, "Campaign state": "paused", "Avg. CPE": 0.0, "Account Name": "[paused] G1 - WPL - vc360-4", "Impressions": 1}, {"View rate": 0.0, "Campaign": "Gen-term_MT-G-GO_game online hay-bmm", "Unique cookies": "", "Dept": "WPL", "Bid Strategy Type": "cpc", "Views": 0, "Video played to 50%": 0.0, "CTR": 42.86, "Conversions": 0.0, "Account ID": "9392975361", "Clicks": 3, "Interaction Rate": 42.86, "Avg. position": 3.4, "Advertising Channel": "Search", "Advertising Sub Channel": "", "Campaign ID": 724127234, "Avg. CPV": 0.0, "Campaign serving status": "eligible", "Avg. CPM": 40.0, "Invalid clicks": 0, "End date": "", "Avg. Cost": 0.093333, "Start date": "2016-12-22", "Mapping": false, "Engagements": 0, "Avg. CPC": 0.093333, "Interactions": 3, "Date": "2017-03-03", "Video played to 100%": 0.0, "Cost": 0.28, "Interaction Types": ["Clicks"], "Video played to 75%": 0.0, "Video played to 25%": 0.0, "Campaign state": "paused", "Avg. CPE": 0.0, "Account Name": "[paused] G1 - WPL - vc360-4", "Impressions": 7}, {"View rate": 0.0, "Campaign": "Gen-term_FH-G-HAY_game hay nhat-phr", "Unique cookies": "", "Dept": "WPL", "Bid Strategy Type": "cpc", "Views": 0, "Video played to 50%": 0.0, "CTR": 33.33, "Conversions": 0.0, "Account ID": "9392975361", "Clicks": 1, "Interaction Rate": 33.33, "Avg. position": 1.7, "Advertising Channel": "Search", "Advertising Sub Channel": "", "Campaign ID": 724234230, "Avg. CPV": 0.0, "Campaign serving status": "eligible", "Avg. CPM": 33.333333, "Invalid clicks": 0, "End date": "", "Avg. Cost": 0.1, "Start date": "2016-12-22", "Mapping": false, "Engagements": 0, "Avg. CPC": 0.1, "Interactions": 1, "Date": "2017-03-03", "Video played to 100%": 0.0, "Cost": 0.1, "Interaction Types": ["Clicks"], "Video played to 75%": 0.0, "Video played to 25%": 0.0, "Campaign state": "paused", "Avg. CPE": 0.0, "Account Name": "[paused] G1 - WPL - vc360-4", "Impressions": 3}, {"View rate": 0.0, "Campaign": "Gen-term_MT-G-3D_game 3d moi nhat-ex", "Unique cookies": "", "Dept": "WPL", "Bid Strategy Type": "cpc", "Views": 0, "Video played to 50%": 0.0, "CTR": 50.0, "Conversions": 0.0, "Account ID": "9392975361", "Clicks": 1, "Interaction Rate": 50.0, "Avg. position": 1.0, "Advertising Channel": "Search", "Advertising Sub Channel": "", "Campaign ID": 724239828, "Avg. CPV": 0.0, "Campaign serving status": "eligible", "Avg. CPM": 50.0, "Invalid clicks": 0, "End date": "", "Avg. Cost": 0.1, "Start date": "2016-12-22", "Mapping": false, "Engagements": 0, "Avg. CPC": 0.1, "Interactions": 1, "Date": "2017-03-03", "Video played to 100%": 0.0, "Cost": 0.1, "Interaction Types": ["Clicks"], "Video played to 75%": 0.0, "Video played to 25%": 0.0, "Campaign state": "paused", "Avg. CPE": 0.0, "Account Name": "[paused] G1 - WPL - vc360-4", "Impressions": 2}, {"View rate": 0.0, "Campaign": "", "Unique cookies": "", "Dept": "WPL", "Bid Strategy Type": "", "Views": 0, "Video played to 50%": 0.0, "CTR": 15.09, "Conversions": 0.0, "Account ID": "9392975361", "Clicks": 8, "Interaction Rate": 15.09, "Avg. position": 2.4, "Advertising Channel": "", "Advertising Sub Channel": "", "Campaign ID": "", "Avg. CPV": 0.0, "Campaign serving status": "", "Avg. CPM": 14.528302, "Invalid clicks": 2, "End date": "", "Avg. Cost": 0.09625, "Start date": "", "Mapping": false, "Engagements": 0, "Avg. CPC": 0.09625, "Interactions": 8, "Date": "2017-03-03", "Video played to 100%": 0.0, "Cost": 0.77, "Interaction Types": "", "Video played to 75%": 0.0, "Video played to 25%": 0.0, "Campaign state": "Total", "Avg. CPE": 0.0, "Account Name": "[paused] G1 - WPL - vc360-4", "Impressions": 53}]