[{"End date": "", "Invalid clicks": 30, "Unique cookies": 1982, "Cost": 1.65, "Avg. CPC": 0.012692, "Account ID": "5008396449", "Account Name": "VNG - PG1 - JXM", "Advertising Sub Channel": "", "Campaign state": "paused", "Video played to 100%": 0.0, "Interaction Types": ["Clicks"], "Campaign serving status": "eligible", "Date": "2017-06-05", "Interaction Rate": 1.82, "CTR": 1.82, "View rate": 0.0, "Avg. CPV": 0.0, "Avg. CPM": 0.231254, "Engagements": 0, "Avg. Cost": 0.012692, "Clicks": 130, "Views": 0, "Avg. CPE": 0.0, "Video played to 25%": 0.0, "Bid Strategy Type": "Maximize clicks", "Impressions": 7135, "Advertising Channel": "Display", "Mapping": false, "Avg. position": 1.0, "Start date": "2017-05-26", "Video played to 50%": 0.0, "Video played to 75%": 0.0, "Campaign": "JXM | 1705015 1706010 1707028 | Branding GDN - iOS", "Conversions": 0.0, "Campaign ID": 837910039, "Interactions": 130}, {"End date": "", "Invalid clicks": 884, "Unique cookies": "", "Cost": 649.48228, "Avg. CPC": 0.071782, "Account ID": "5008396449", "Account Name": "VNG - PG1 - JXM", "Advertising Sub Channel": "Universal App Campaign", "Campaign state": "enabled", "Video played to 100%": 8.65, "Interaction Types": ["Clicks", "Engagements", "Views"], "Campaign serving status": "eligible", "Date": "2017-06-05", "Interaction Rate": 6.97, "CTR": 1.51, "View rate": 15.25, "Avg. CPV": 0.013208, "Avg. CPM": 1.081317, "Engagements": 12638, "Avg. Cost": 0.015509, "Clicks": 9048, "Views": 26546, "Avg. CPE": 0.027751, "Video played to 25%": 23.03, "Bid Strategy Type": "Target CPA", "Impressions": 600640, "Advertising Channel": "Multi Channel", "Mapping": false, "Avg. position": 1.1, "Start date": "2016-11-15", "Video played to 50%": 13.99, "Video played to 75%": 10.95, "Campaign": "JXM | 1610105 1611013 1611026 1611062 1703048 1706008 1707026 1709039 | UAC GMG Android", "Conversions": 1545.0, "Campaign ID": 699351990, "Interactions": 41877}, {"End date": "", "Invalid clicks": 112, "Unique cookies": "", "Cost": 323.4436, "Avg. CPC": 0.170054, "Account ID": "5008396449", "Account Name": "VNG - PG1 - JXM", "Advertising Sub Channel": "Universal App Campaign", "Campaign state": "enabled", "Video played to 100%": 6.43, "Interaction Types": ["Clicks", "Engagements", "Views"], "Campaign serving status": "eligible", "Date": "2017-06-05", "Interaction Rate": 6.96, "CTR": 0.62, "View rate": 15.02, "Avg. CPV": 0.013416, "Avg. CPM": 1.058759, "Engagements": 4399, "Avg. Cost": 0.015207, "Clicks": 1902, "Views": 17034, "Avg. CPE": 0.051954, "Video played to 25%": 20.58, "Bid Strategy Type": "Target CPA", "Impressions": 305493, "Advertising Channel": "Multi Channel", "Mapping": false, "Avg. position": 1.0, "Start date": "2016-12-28", "Video played to 50%": 11.43, "Video played to 75%": 9.11, "Campaign": "JXM | 1610105 1611013 1611026 1611062 1703048 1704016 1706008 1707026 1709039 | UAC App Store - iOS", "Conversions": 260.0, "Campaign ID": 726209660, "Interactions": 21270}, {"End date": "", "Invalid clicks": 1297, "Unique cookies": 150142, "Cost": 80.44, "Avg. CPC": 0.015019, "Account ID": "5008396449", "Account Name": "VNG - PG1 - JXM", "Advertising Sub Channel": "", "Campaign state": "paused", "Video played to 100%": 0.0, "Interaction Types": ["Clicks"], "Campaign serving status": "eligible", "Date": "2017-06-05", "Interaction Rate": 1.84, "CTR": 1.84, "View rate": 0.0, "Avg. CPV": 0.0, "Avg. CPM": 0.275622, "Engagements": 0, "Avg. Cost": 0.015019, "Clicks": 5356, "Views": 0, "Avg. CPE": 0.0, "Video played to 25%": 0.0, "Bid Strategy Type": "Maximize clicks", "Impressions": 291849, "Advertising Channel": "Display", "Mapping": false, "Avg. position": 1.0, "Start date": "2017-06-02", "Video played to 50%": 0.0, "Video played to 75%": 0.0, "Campaign": "JXM | 1705015 1706010 1707028 | Branding GDN - Android", "Conversions": 50.0, "Campaign ID": 843945598, "Interactions": 5356}, {"End date": "", "Invalid clicks": 69, "Unique cookies": "", "Cost": 22.27, "Avg. CPC": 0.013722, "Account ID": "5008396449", "Account Name": "VNG - PG1 - JXM", "Advertising Sub Channel": "", "Campaign state": "enabled", "Video played to 100%": 0.0, "Interaction Types": ["Clicks"], "Campaign serving status": "eligible", "Date": "2017-06-05", "Interaction Rate": 71.72, "CTR": 71.72, "View rate": 0.0, "Avg. CPV": 0.0, "Avg. CPM": 9.840919, "Engagements": 0, "Avg. Cost": 0.013722, "Clicks": 1623, "Views": 0, "Avg. CPE": 0.0, "Video played to 25%": 0.0, "Bid Strategy Type": "Maximize clicks", "Impressions": 2263, "Advertising Channel": "Search", "Mapping": false, "Avg. position": 1.0, "Start date": "2016-10-16", "Video played to 50%": 0.0, "Video played to 75%": 0.0, "Campaign": "JXM | 1610105 1611013 1611026 1611062 1703048 1704017 1705015 1706010 1707028 1709054 | Search Desktop Only", "Conversions": 0.0, "Campaign ID": 682542681, "Interactions": 1623}, {"End date": "", "Invalid clicks": 451, "Unique cookies": "", "Cost": 430.1, "Avg. CPC": 0.143894, "Account ID": "5008396449", "Account Name": "VNG - PG1 - JXM", "Advertising Sub Channel": "Search Mobile App", "Campaign state": "enabled", "Video played to 100%": 0.0, "Interaction Types": ["Clicks"], "Campaign serving status": "eligible", "Date": "2017-06-05", "Interaction Rate": 13.2, "CTR": 13.2, "View rate": 0.0, "Avg. CPV": 0.0, "Avg. CPM": 18.989801, "Engagements": 0, "Avg. Cost": 0.143894, "Clicks": 2989, "Views": 0, "Avg. CPE": 0.0, "Video played to 25%": 0.0, "Bid Strategy Type": "Target CPA", "Impressions": 22649, "Advertising Channel": "Search", "Mapping": false, "Avg. position": 1.3, "Start date": "2016-10-16", "Video played to 50%": 0.0, "Video played to 75%": 0.0, "Campaign": "JXM | 1610105 1611013 1611026 1611062 1703048 1704016 1706008 1707026 1709039 | Search Google Play Store", "Conversions": 989.0, "Campaign ID": 682545537, "Interactions": 2989}, {"End date": "", "Invalid clicks": 2843, "Unique cookies": "", "Cost": 1507.38588, "Avg. CPC": 0.071617, "Account ID": "5008396449", "Account Name": "VNG - PG1 - JXM", "Advertising Sub Channel": "", "Campaign state": "Total", "Video played to 100%": 7.76, "Interaction Types": "", "Campaign serving status": "", "Date": "2017-06-05", "Interaction Rate": 5.95, "CTR": 1.71, "View rate": 15.16, "Avg. CPV": 0.01329, "Avg. CPM": 1.225488, "Engagements": 17037, "Avg. Cost": 0.02058, "Clicks": 21048, "Views": 43580, "Avg. CPE": 0.034, "Video played to 25%": 22.05, "Bid Strategy Type": "", "Impressions": 1230029, "Advertising Channel": "", "Mapping": false, "Avg. position": 1.0, "Start date": "", "Video played to 50%": 12.96, "Video played to 75%": 10.21, "Campaign": "", "Conversions": 2844.0, "Campaign ID": "", "Interactions": 73245}]