[{"Start date": "2017-02-20", "Avg. CPC": 0.010866, "Interactions": 254, "Avg. position": 1.0, "Campaign serving status": "eligible", "Campaign ID": 759575163, "Invalid clicks": 43, "Impressions": 380, "Video played to 50%": 0.0, "Account ID": "6376833586", "Conversions": 11.0, "Views": 0, "Engagements": 0, "Avg. CPE": 0.0, "Advertising Sub Channel": "", "Account Name": "[W] G1 - WPL - tvc360", "End date": "", "Video played to 100%": 0.0, "Clicks": 254, "Avg. Cost": 0.010866, "Interaction Types": ["Clicks"], "Video played to 25%": 0.0, "View rate": 0.0, "Video played to 75%": 0.0, "Avg. CPM": 7.263158, "CTR": 66.84, "Campaign state": "enabled", "Unique cookies": "", "Advertising Channel": "Search", "Interaction Rate": 66.84, "Bid Strategy Type": "cpc", "Date": "2017-08-04", "Mapping": false, "Campaign": "Brand-term_tvc", "Avg. CPV": 0.0, "Cost": 2.76}, {"Start date": "2017-02-20", "Avg. CPC": 0.011293, "Interactions": 2352, "Avg. position": 1.0, "Campaign serving status": "eligible", "Campaign ID": 759377721, "Invalid clicks": 132, "Impressions": 3120, "Video played to 50%": 0.0, "Account ID": "6376833586", "Conversions": 113.0, "Views": 0, "Engagements": 0, "Avg. CPE": 0.0, "Advertising Sub Channel": "", "Account Name": "[W] G1 - WPL - tvc360", "End date": "", "Video played to 100%": 0.0, "Clicks": 2352, "Avg. Cost": 0.011293, "Interaction Types": ["Clicks"], "Video played to 25%": 0.0, "View rate": 0.0, "Video played to 75%": 0.0, "Avg. CPM": 8.512821, "CTR": 75.38, "Campaign state": "enabled", "Unique cookies": "", "Advertising Channel": "Search", "Interaction Rate": 75.38, "Bid Strategy Type": "cpc", "Date": "2017-08-04", "Mapping": false, "Campaign": "Brand-term_thanh-van-chi", "Avg. CPV": 0.0, "Cost": 26.56}, {"Start date": "", "Avg. CPC": 0.011251, "Interactions": 2606, "Avg. position": 1.0, "Campaign serving status": "", "Campaign ID": "", "Invalid clicks": 175, "Impressions": 3501, "Video played to 50%": 0.0, "Account ID": "6376833586", "Conversions": 124.0, "Views": 0, "Engagements": 0, "Avg. CPE": 0.0, "Advertising Sub Channel": "", "Account Name": "[W] G1 - WPL - tvc360", "End date": "", "Video played to 100%": 0.0, "Clicks": 2606, "Avg. Cost": 0.011251, "Interaction Types": "", "Video played to 25%": 0.0, "View rate": 0.0, "Video played to 75%": 0.0, "Avg. CPM": 8.37475, "CTR": 74.44, "Campaign state": "Total", "Unique cookies": "", "Advertising Channel": "", "Interaction Rate": 74.44, "Bid Strategy Type": "", "Date": "2017-08-04", "Mapping": false, "Campaign": "", "Avg. CPV": 0.0, "Cost": 29.32}]