[{"Start date": "2015-01-21", "Avg. CPC": 0.01258, "Impressions": 964891, "Avg. position": 1.0, "Campaign serving status": "eligible", "Advertising Channel": "Display", "Invalid clicks": 6556, "Interactions": 29718, "Video played to 50%": 0.0, "Account ID": "4092061132", "Conversions": 1062.0, "Views": 0, "Engagements": 0, "Avg. CPE": 0.0, "Advertising Sub Channel": "Display Mobile App", "Account Name": "VNG - MP2 - Gunny Mobi", "Clicks": 29718, "Video played to 100%": 0.0, "End date": "", "Avg. Cost": 0.01258, "Interaction Types": ["Clicks"], "Video played to 25%": 0.0, "View rate": 0.0, "Avg. CPV": 0.0, "Video played to 75%": 0.0, "Avg. CPM": 0.387443, "CTR": 3.08, "Campaign state": "paused", "Campaign ID": 224548645, "Interaction Rate": 3.08, "Bid Strategy Type": "Target CPA", "Date": "2017-08-02", "Mapping": false, "Campaign": "GNM | 122 | 1710026 1709022 1708018 1707134 1707041 | AND | GDN", "Unique cookies": 409006, "Cost": 373.84}, {"Start date": "2016-11-11", "Avg. CPC": 0.159158, "Impressions": 45365, "Avg. position": 1.0, "Campaign serving status": "eligible", "Advertising Channel": "Video", "Invalid clicks": 0, "Interactions": 17778, "Video played to 50%": 28.9, "Account ID": "4092061132", "Conversions": 270.0, "Views": 13586, "Engagements": 12295, "Avg. CPE": 0.008272, "Advertising Sub Channel": "", "Account Name": "VNG - MP2 - Gunny Mobi", "Clicks": 639, "Video played to 100%": 6.57, "End date": "", "Avg. Cost": 0.005721, "Interaction Types": ["Engagements", "Views]"], "Video played to 25%": 37.14, "View rate": 29.95, "Avg. CPV": 0.007486, "Video played to 75%": 24.47, "Avg. CPM": 2.241854, "CTR": 1.41, "Campaign state": "paused", "Campaign ID": 697791306, "Interaction Rate": 39.19, "Bid Strategy Type": "Target CPA", "Date": "2017-08-02", "Mapping": false, "Campaign": "GNM | 122 | 1710026 1709022 1708018 1707134 1707041 | AND | VV | IS | 1", "Unique cookies": 37671, "Cost": 101.70171}, {"Start date": "2016-11-18", "Avg. CPC": 0.022781, "Impressions": 152166, "Avg. position": 1.0, "Campaign serving status": "eligible", "Advertising Channel": "Display", "Invalid clicks": 779, "Interactions": 2303, "Video played to 50%": 12.88, "Account ID": "4092061132", "Conversions": 159.0, "Views": 0, "Engagements": 23, "Avg. CPE": 0.011304, "Advertising Sub Channel": "Display Mobile App", "Account Name": "VNG - MP2 - Gunny Mobi", "Clicks": 2280, "Video played to 100%": 1.91, "End date": "", "Avg. Cost": 0.022553, "Interaction Types": ["Clicks", "Engag"], "Video played to 25%": 15.94, "View rate": 0.0, "Avg. CPV": 0.0, "Video played to 75%": 11.12, "Avg. CPM": 0.341338, "CTR": 1.5, "Campaign state": "paused", "Campaign ID": 702245469, "Interaction Rate": 1.51, "Bid Strategy Type": "Target CPA", "Date": "2017-08-02", "Mapping": false, "Campaign": "GNM | 122 | 1710026 1709022 1708018 1707134 1707041 | AND | GDN | 2", "Unique cookies": 93699, "Cost": 51.94}, {"Start date": "2017-08-02", "Avg. CPC": 0.147994, "Impressions": 102251, "Avg. position": 1.0, "Campaign serving status": "eligible", "Advertising Channel": "Multi Channel", "Invalid clicks": 14, "Interactions": 35170, "Video played to 50%": 37.02, "Account ID": "4092061132", "Conversions": 762.0, "Views": 25751, "Engagements": 19266, "Avg. CPE": 0.010094, "Advertising Sub Channel": "Universal App Campaign", "Account Name": "VNG - MP2 - Gunny Mobi", "Clicks": 1407, "Video played to 100%": 10.72, "End date": "", "Avg. Cost": 0.005921, "Interaction Types": ["Clicks", "Engagements", "Views"], "Video played to 25%": 60.59, "View rate": 26.19, "Avg. CPV": 0.007552, "Video played to 75%": 30.74, "Avg. CPM": 2.036438, "CTR": 1.38, "Campaign state": "enabled", "Campaign ID": 899406479, "Interaction Rate": 34.4, "Bid Strategy Type": "Target CPA", "Date": "2017-08-02", "Mapping": false, "Campaign": "GNM | 122 | 1710026 1709022 1708018 1707134 1707041 | AND | UAC | 2", "Unique cookies": "", "Cost": 208.22781}, {"Start date": "2016-09-16", "Avg. CPC": 0.039255, "Impressions": 204313, "Avg. position": 1.0, "Campaign serving status": "eligible", "Advertising Channel": "Multi Channel", "Invalid clicks": 222, "Interactions": 5535, "Video played to 50%": 9.41, "Account ID": "4092061132", "Conversions": 232.0, "Views": 2360, "Engagements": 3011, "Avg. CPE": 0.002292, "Advertising Sub Channel": "Universal App Campaign", "Account Name": "VNG - MP2 - Gunny Mobi", "Clicks": 2372, "Video played to 100%": 3.04, "End date": "", "Avg. Cost": 0.016822, "Interaction Types": ["Clicks", "Engagements", "Views"], "Video played to 25%": 15.32, "View rate": 32.26, "Avg. CPV": 0.002768, "Video played to 75%": 7.23, "Avg. CPM": 0.455734, "CTR": 1.16, "Campaign state": "paused", "Campaign ID": 662844680, "Interaction Rate": 2.71, "Bid Strategy Type": "Target CPA", "Date": "2017-08-02", "Mapping": false, "Campaign": "GNM | 122 | 1710026 1709022 1708018 1707134 1707041 | IOS | UAC | 2", "Unique cookies": "", "Cost": 93.11239}, {"Start date": "2015-01-06", "Avg. CPC": 0.0152, "Impressions": 1262, "Avg. position": 1.6, "Campaign serving status": "eligible", "Advertising Channel": "Search", "Invalid clicks": 8, "Interactions": 400, "Video played to 50%": 0.0, "Account ID": "4092061132", "Conversions": 0.0, "Views": 0, "Engagements": 0, "Avg. CPE": 0.0, "Advertising Sub Channel": "", "Account Name": "VNG - MP2 - Gunny Mobi", "Clicks": 400, "Video played to 100%": 0.0, "End date": "", "Avg. Cost": 0.0152, "Interaction Types": ["Clicks"], "Video played to 25%": 0.0, "View rate": 0.0, "Avg. CPV": 0.0, "Video played to 75%": 0.0, "Avg. CPM": 4.81775, "CTR": 31.7, "Campaign state": "paused", "Campaign ID": 222324445, "Interaction Rate": 31.7, "Bid Strategy Type": "cpc", "Date": "2017-08-02", "Mapping": false, "Campaign": "GNM | 122 | 1710026 1709022 1708018 1707134 1707041 | PC | SEM", "Unique cookies": "", "Cost": 6.08}, {"Start date": "2014-12-11", "Avg. CPC": 0.116667, "Impressions": 34003, "Avg. position": 1.4, "Campaign serving status": "eligible", "Advertising Channel": "Search", "Invalid clicks": 289, "Interactions": 3486, "Video played to 50%": 0.0, "Account ID": "4092061132", "Conversions": 1038.0, "Views": 0, "Engagements": 0, "Avg. CPE": 0.0, "Advertising Sub Channel": "Search Mobile App", "Account Name": "VNG - MP2 - Gunny Mobi", "Clicks": 3486, "Video played to 100%": 0.0, "End date": "", "Avg. Cost": 0.116667, "Interaction Types": ["Clicks"], "Video played to 25%": 0.0, "View rate": 0.0, "Avg. CPV": 0.0, "Video played to 75%": 0.0, "Avg. CPM": 11.960709, "CTR": 10.25, "Campaign state": "paused", "Campaign ID": 218681005, "Interaction Rate": 10.25, "Bid Strategy Type": "Target CPA", "Date": "2017-08-02", "Mapping": false, "Campaign": "GNM | 122 | 1710026 1709022 1708018 1707134 1707041 | AND | SEM", "Unique cookies": "", "Cost": 406.7}, {"Start date": "2016-09-16", "Avg. CPC": 0.034533, "Impressions": 131362, "Avg. position": 1.1, "Campaign serving status": "eligible", "Advertising Channel": "Multi Channel", "Invalid clicks": 190, "Interactions": 9597, "Video played to 50%": 29.3, "Account ID": "4092061132", "Conversions": 760.0, "Views": 6026, "Engagements": 7693, "Avg. CPE": 0.001369, "Advertising Sub Channel": "Universal App Campaign", "Account Name": "VNG - MP2 - Gunny Mobi", "Clicks": 2036, "Video played to 100%": 4.33, "End date": "", "Avg. Cost": 0.007326, "Interaction Types": ["Clicks", "Engagements", "Views"], "Video played to 25%": 33.72, "View rate": 46.35, "Avg. CPV": 0.001521, "Video played to 75%": 23.21, "Avg. CPM": 0.535227, "CTR": 1.55, "Campaign state": "paused", "Campaign ID": 662735167, "Interaction Rate": 7.31, "Bid Strategy Type": "Target CPA", "Date": "2017-08-02", "Mapping": false, "Campaign": "GNM | 122 | 1710026 1709022 1708018 1707134 1707041 | AND | UAC | 1", "Unique cookies": "", "Cost": 70.30849}, {"Start date": "2016-11-15", "Avg. CPC": 2.211304, "Impressions": 140342, "Avg. position": 1.0, "Campaign serving status": "eligible", "Advertising Channel": "Video", "Invalid clicks": 0, "Interactions": 4662, "Video played to 50%": 45.45, "Account ID": "4092061132", "Conversions": 217.0, "Views": 4662, "Engagements": 0, "Avg. CPE": 0.0, "Advertising Sub Channel": "", "Account Name": "VNG - MP2 - Gunny Mobi", "Clicks": 23, "Video played to 100%": 13.49, "End date": "", "Avg. Cost": 0.010909, "Interaction Types": ["Views"], "Video played to 25%": 52.17, "View rate": 3.32, "Avg. CPV": 0.010909, "Video played to 75%": 42.06, "Avg. CPM": 0.3624, "CTR": 0.02, "Campaign state": "paused", "Campaign ID": 699310064, "Interaction Rate": 3.32, "Bid Strategy Type": "Target CPA", "Date": "2017-08-02", "Mapping": false, "Campaign": "GNM | 122 | 1710026 1709022 1708018 1707134 1707041 | AND | VV | VD", "Unique cookies": 109552, "Cost": 50.86}, {"Start date": "2017-08-02", "Avg. CPC": 0.208094, "Impressions": 19174, "Avg. position": 1.0, "Campaign serving status": "eligible", "Advertising Channel": "Video", "Invalid clicks": 0, "Interactions": 6458, "Video played to 50%": 21.85, "Account ID": "4092061132", "Conversions": 221.0, "Views": 5816, "Engagements": 1705, "Avg. CPE": 0.030756, "Advertising Sub Channel": "", "Account Name": "VNG - MP2 - Gunny Mobi", "Clicks": 252, "Video played to 100%": 5.5, "End date": "", "Avg. Cost": 0.00812, "Interaction Types": ["Engagements", "Views]"], "Video played to 25%": 28.52, "View rate": 30.33, "Avg. CPV": 0.009016, "Video played to 75%": 19.67, "Avg. CPM": 2.734934, "CTR": 1.31, "Campaign state": "paused", "Campaign ID": 898875721, "Interaction Rate": 33.68, "Bid Strategy Type": "Target CPA", "Date": "2017-08-02", "Mapping": false, "Campaign": "GNM | 122 | 1710026 1709022 1708018 1707134 1707041 | AND | VV | IS", "Unique cookies": 15703, "Cost": 52.43962}, {"Start date": "", "Avg. CPC": 0.033211, "Impressions": 1795129, "Avg. position": 1.0, "Campaign serving status": "", "Advertising Channel": "", "Invalid clicks": 8058, "Interactions": 115107, "Video played to 50%": 29.1, "Account ID": "4092061132", "Conversions": 4721.0, "Views": 58201, "Engagements": 43993, "Avg. CPE": 0.009483, "Advertising Sub Channel": "", "Account Name": "VNG - MP2 - Gunny Mobi", "Clicks": 42613, "Video played to 100%": 6.74, "End date": "", "Avg. Cost": 0.012295, "Interaction Types": "", "Video played to 25%": 40.57, "View rate": 17.99, "Avg. CPV": 0.007134, "Video played to 75%": 23.97, "Avg. CPM": 0.788361, "CTR": 2.37, "Campaign state": "Total", "Campaign ID": "", "Interaction Rate": 6.41, "Bid Strategy Type": "", "Date": "2017-08-02", "Mapping": false, "Campaign": "", "Unique cookies": "", "Cost": 1415.21002}]