[{"View rate": 0.0, "Campaign": "CA_Search_Brand_Nikki", "Unique cookies": "", "Dept": "PG2", "Bid Strategy Type": "Target CPA", "Views": 0, "Video played to 50%": 0.0, "CTR": 48.96, "Conversions": 23.0, "Account ID": "8934377519", "Clicks": 47, "Interaction Rate": 48.96, "Avg. position": 1.0, "Advertising Channel": "Search", "Advertising Sub Channel": "Search Mobile App", "Campaign ID": 754494430, "Avg. CPV": 0.0, "Campaign serving status": "eligible", "Avg. CPM": 10.416667, "Invalid clicks": 5, "End date": "", "Avg. Cost": 0.021277, "Start date": "2017-02-13", "Mapping": false, "Engagements": 0, "Avg. CPC": 0.021277, "Interactions": 47, "Date": "2017-03-03", "Video played to 100%": 0.0, "Cost": 1.0, "Interaction Types": ["Clicks"], "Video played to 75%": 0.0, "Video played to 25%": 0.0, "Campaign state": "paused", "Avg. CPE": 0.0, "Account Name": "Nikki Sea (Android)", "Impressions": 96}, {"View rate": 0.0, "Campaign": "ID_Search_Brand_Nikki", "Unique cookies": "", "Dept": "PG2", "Bid Strategy Type": "Target CPA", "Views": 0, "Video played to 50%": 0.0, "CTR": 13.71, "Conversions": 36.0, "Account ID": "8934377519", "Clicks": 115, "Interaction Rate": 13.71, "Avg. position": 1.1, "Advertising Channel": "Search", "Advertising Sub Channel": "Search Mobile App", "Campaign ID": 754473068, "Avg. CPV": 0.0, "Campaign serving status": "eligible", "Avg. CPM": 8.224076, "Invalid clicks": 4, "End date": "", "Avg. Cost": 0.06, "Start date": "2017-02-13", "Mapping": false, "Engagements": 0, "Avg. CPC": 0.06, "Interactions": 115, "Date": "2017-03-03", "Video played to 100%": 0.0, "Cost": 6.9, "Interaction Types": ["Clicks"], "Video played to 75%": 0.0, "Video played to 25%": 0.0, "Campaign state": "paused", "Avg. CPE": 0.0, "Account Name": "Nikki Sea (Android)", "Impressions": 839}, {"View rate": 0.0, "Campaign": "LA_Search_Brand_Nikki", "Unique cookies": "", "Dept": "PG2", "Bid Strategy Type": "Target CPA", "Views": 0, "Video played to 50%": 0.0, "CTR": 49.09, "Conversions": 11.0, "Account ID": "8934377519", "Clicks": 27, "Interaction Rate": 49.09, "Avg. position": 1.0, "Advertising Channel": "Search", "Advertising Sub Channel": "Search Mobile App", "Campaign ID": 754691405, "Avg. CPV": 0.0, "Campaign serving status": "eligible", "Avg. CPM": 32.363636, "Invalid clicks": 1, "End date": "", "Avg. Cost": 0.065926, "Start date": "2017-02-13", "Mapping": false, "Engagements": 0, "Avg. CPC": 0.065926, "Interactions": 27, "Date": "2017-03-03", "Video played to 100%": 0.0, "Cost": 1.78, "Interaction Types": ["Clicks"], "Video played to 75%": 0.0, "Video played to 25%": 0.0, "Campaign state": "paused", "Avg. CPE": 0.0, "Account Name": "Nikki Sea (Android)", "Impressions": 55}, {"View rate": 0.0, "Campaign": "PH_Search_Brand_Nikki", "Unique cookies": "", "Dept": "PG2", "Bid Strategy Type": "Target CPA", "Views": 0, "Video played to 50%": 0.0, "CTR": 30.38, "Conversions": 71.0, "Account ID": "8934377519", "Clicks": 202, "Interaction Rate": 30.38, "Avg. position": 1.0, "Advertising Channel": "Search", "Advertising Sub Channel": "Search Mobile App", "Campaign ID": 754828509, "Avg. CPV": 0.0, "Campaign serving status": "eligible", "Avg. CPM": 11.879699, "Invalid clicks": 30, "End date": "", "Avg. Cost": 0.039109, "Start date": "2017-02-13", "Mapping": false, "Engagements": 0, "Avg. CPC": 0.039109, "Interactions": 202, "Date": "2017-03-03", "Video played to 100%": 0.0, "Cost": 7.9, "Interaction Types": ["Clicks"], "Video played to 75%": 0.0, "Video played to 25%": 0.0, "Campaign state": "paused", "Avg. CPE": 0.0, "Account Name": "Nikki Sea (Android)", "Impressions": 665}, {"View rate": 0.0, "Campaign": "MY_Search_Brand_Nikki", "Unique cookies": "", "Dept": "PG2", "Bid Strategy Type": "Target CPA", "Views": 0, "Video played to 50%": 0.0, "CTR": 12.36, "Conversions": 29.0, "Account ID": "8934377519", "Clicks": 66, "Interaction Rate": 12.36, "Avg. position": 1.0, "Advertising Channel": "Search", "Advertising Sub Channel": "Search Mobile App", "Campaign ID": 754687178, "Avg. CPV": 0.0, "Campaign serving status": "eligible", "Avg. CPM": 5.524345, "Invalid clicks": 1, "End date": "", "Avg. Cost": 0.044697, "Start date": "2017-02-13", "Mapping": false, "Engagements": 0, "Avg. CPC": 0.044697, "Interactions": 66, "Date": "2017-03-03", "Video played to 100%": 0.0, "Cost": 2.95, "Interaction Types": ["Clicks"], "Video played to 75%": 0.0, "Video played to 25%": 0.0, "Campaign state": "paused", "Avg. CPE": 0.0, "Account Name": "Nikki Sea (Android)", "Impressions": 534}, {"View rate": 0.0, "Campaign": "VN_Search_Brand_Nikki", "Unique cookies": "", "Dept": "PG2", "Bid Strategy Type": "Target CPA", "Views": 0, "Video played to 50%": 0.0, "CTR": 20.31, "Conversions": 3328.0, "Account ID": "8934377519", "Clicks": 11102, "Interaction Rate": 20.31, "Avg. position": 1.0, "Advertising Channel": "Search", "Advertising Sub Channel": "Search Mobile App", "Campaign ID": 754816446, "Avg. CPV": 0.0, "Campaign serving status": "eligible", "Avg. CPM": 12.551358, "Invalid clicks": 1164, "End date": "", "Avg. Cost": 0.061801, "Start date": "2017-02-13", "Mapping": false, "Engagements": 0, "Avg. CPC": 0.061801, "Interactions": 11102, "Date": "2017-03-03", "Video played to 100%": 0.0, "Cost": 686.12, "Interaction Types": ["Clicks"], "Video played to 75%": 0.0, "Video played to 25%": 0.0, "Campaign state": "paused", "Avg. CPE": 0.0, "Account Name": "Nikki Sea (Android)", "Impressions": 54665}, {"View rate": 0.0, "Campaign": "SG_Search_Brand_Nikki", "Unique cookies": "", "Dept": "PG2", "Bid Strategy Type": "Target CPA", "Views": 0, "Video played to 50%": 0.0, "CTR": 10.97, "Conversions": 4.0, "Account ID": "8934377519", "Clicks": 17, "Interaction Rate": 10.97, "Avg. position": 1.0, "Advertising Channel": "Search", "Advertising Sub Channel": "Search Mobile App", "Campaign ID": 754822233, "Avg. CPV": 0.0, "Campaign serving status": "eligible", "Avg. CPM": 15.354839, "Invalid clicks": 1, "End date": "", "Avg. Cost": 0.14, "Start date": "2017-02-13", "Mapping": false, "Engagements": 0, "Avg. CPC": 0.14, "Interactions": 17, "Date": "2017-03-03", "Video played to 100%": 0.0, "Cost": 2.38, "Interaction Types": ["Clicks"], "Video played to 75%": 0.0, "Video played to 25%": 0.0, "Campaign state": "paused", "Avg. CPE": 0.0, "Account Name": "Nikki Sea (Android)", "Impressions": 155}, {"View rate": 0.0, "Campaign": "", "Unique cookies": "", "Dept": "PG2", "Bid Strategy Type": "", "Views": 0, "Video played to 50%": 0.0, "CTR": 20.31, "Conversions": 3502.0, "Account ID": "8934377519", "Clicks": 11576, "Interaction Rate": 20.31, "Avg. position": 1.0, "Advertising Channel": "", "Advertising Sub Channel": "", "Campaign ID": "", "Avg. CPV": 0.0, "Campaign serving status": "", "Avg. CPM": 12.437159, "Invalid clicks": 1206, "End date": "", "Avg. Cost": 0.06125, "Start date": "", "Mapping": false, "Engagements": 0, "Avg. CPC": 0.06125, "Interactions": 11576, "Date": "2017-03-03", "Video played to 100%": 0.0, "Cost": 709.03, "Interaction Types": "", "Video played to 75%": 0.0, "Video played to 25%": 0.0, "Campaign state": "Total", "Avg. CPE": 0.0, "Account Name": "Nikki Sea (Android)", "Impressions": 57009}]