[{"End date": "", "Invalid clicks": 232, "Unique cookies": "", "Cost": 543.8471, "Avg. CPC": 0.152168, "Account ID": "5008396449", "Account Name": "VNG - PG1 - JXM", "Advertising Sub Channel": "Universal App Campaign", "Campaign state": "enabled", "Video played to 100%": 6.97, "Interaction Types": ["Clicks", "Engagements", "Views"], "Campaign serving status": "eligible", "Date": "2017-06-12", "Interaction Rate": 6.17, "CTR": 0.64, "View rate": 15.12, "Avg. CPV": 0.013984, "Avg. CPM": 0.977204, "Engagements": 4915, "Avg. Cost": 0.015847, "Clicks": 3574, "Views": 28454, "Avg. CPE": 0.080954, "Video played to 25%": 22.59, "Bid Strategy Type": "Target CPA", "Impressions": 556534, "Advertising Channel": "Multi Channel", "Mapping": false, "Avg. position": 1.0, "Start date": "2016-12-28", "Video played to 50%": 12.42, "Video played to 75%": 9.7, "Campaign": "JXM | 1610105 1611013 1611026 1611062 1703048 1704016 1706008 1707026 1709039 | UAC App Store - iOS", "Conversions": 496.0, "Campaign ID": 726209660, "Interactions": 34318}, {"End date": "", "Invalid clicks": 2311, "Unique cookies": 321614, "Cost": 173.03, "Avg. CPC": 0.017207, "Account ID": "5008396449", "Account Name": "VNG - PG1 - JXM", "Advertising Sub Channel": "", "Campaign state": "paused", "Video played to 100%": 0.0, "Interaction Types": ["Clicks"], "Campaign serving status": "eligible", "Date": "2017-06-12", "Interaction Rate": 1.49, "CTR": 1.49, "View rate": 0.0, "Avg. CPV": 0.0, "Avg. CPM": 0.255625, "Engagements": 0, "Avg. Cost": 0.017207, "Clicks": 10056, "Views": 0, "Avg. CPE": 0.0, "Video played to 25%": 0.0, "Bid Strategy Type": "Maximize clicks", "Impressions": 676889, "Advertising Channel": "Display", "Mapping": false, "Avg. position": 1.0, "Start date": "2017-06-02", "Video played to 50%": 0.0, "Video played to 75%": 0.0, "Campaign": "JXM | 1705015 1706010 1707028 | Branding GDN - Android", "Conversions": 73.0, "Campaign ID": 843945598, "Interactions": 10056}, {"End date": "", "Invalid clicks": 574, "Unique cookies": "", "Cost": 636.64658, "Avg. CPC": 0.110108, "Account ID": "5008396449", "Account Name": "VNG - PG1 - JXM", "Advertising Sub Channel": "Universal App Campaign", "Campaign state": "enabled", "Video played to 100%": 5.89, "Interaction Types": ["Clicks", "Engagements", "Views"], "Campaign serving status": "eligible", "Date": "2017-06-12", "Interaction Rate": 7.61, "CTR": 1.29, "View rate": 14.6, "Avg. CPV": 0.019032, "Avg. CPM": 1.422334, "Engagements": 6290, "Avg. Cost": 0.018697, "Clicks": 5782, "Views": 26070, "Avg. CPE": 0.078883, "Video played to 25%": 17.24, "Bid Strategy Type": "Target CPA", "Impressions": 447607, "Advertising Channel": "Multi Channel", "Mapping": false, "Avg. position": 1.1, "Start date": "2016-11-15", "Video played to 50%": 10.07, "Video played to 75%": 7.77, "Campaign": "JXM | 1610105 1611013 1611026 1611062 1703048 1706008 1707026 1709039 | UAC GMG Android", "Conversions": 1012.0, "Campaign ID": 699351990, "Interactions": 34051}, {"End date": "", "Invalid clicks": 56, "Unique cookies": "", "Cost": 20.98, "Avg. CPC": 0.012312, "Account ID": "5008396449", "Account Name": "VNG - PG1 - JXM", "Advertising Sub Channel": "", "Campaign state": "enabled", "Video played to 100%": 0.0, "Interaction Types": ["Clicks"], "Campaign serving status": "eligible", "Date": "2017-06-12", "Interaction Rate": 71.33, "CTR": 71.33, "View rate": 0.0, "Avg. CPV": 0.0, "Avg. CPM": 8.781917, "Engagements": 0, "Avg. Cost": 0.012312, "Clicks": 1704, "Views": 0, "Avg. CPE": 0.0, "Video played to 25%": 0.0, "Bid Strategy Type": "Maximize clicks", "Impressions": 2389, "Advertising Channel": "Search", "Mapping": false, "Avg. position": 1.0, "Start date": "2016-10-16", "Video played to 50%": 0.0, "Video played to 75%": 0.0, "Campaign": "JXM | 1610105 1611013 1611026 1611062 1703048 1704017 1705015 1706010 1707028 1709054 | Search Desktop Only", "Conversions": 0.0, "Campaign ID": 682542681, "Interactions": 1704}, {"End date": "", "Invalid clicks": 424, "Unique cookies": "", "Cost": 425.56, "Avg. CPC": 0.1471, "Account ID": "5008396449", "Account Name": "VNG - PG1 - JXM", "Advertising Sub Channel": "Search Mobile App", "Campaign state": "enabled", "Video played to 100%": 0.0, "Interaction Types": ["Clicks"], "Campaign serving status": "eligible", "Date": "2017-06-12", "Interaction Rate": 10.84, "CTR": 10.84, "View rate": 0.0, "Avg. CPV": 0.0, "Avg. CPM": 15.949927, "Engagements": 0, "Avg. Cost": 0.1471, "Clicks": 2893, "Views": 0, "Avg. CPE": 0.0, "Video played to 25%": 0.0, "Bid Strategy Type": "Target CPA", "Impressions": 26681, "Advertising Channel": "Search", "Mapping": false, "Avg. position": 1.4, "Start date": "2016-10-16", "Video played to 50%": 0.0, "Video played to 75%": 0.0, "Campaign": "JXM | 1610105 1611013 1611026 1611062 1703048 1704016 1706008 1707026 1709039 | Search Google Play Store", "Conversions": 927.0, "Campaign ID": 682545537, "Interactions": 2893}, {"End date": "", "Invalid clicks": 664, "Unique cookies": 171651, "Cost": 132.05, "Avg. CPC": 0.017462, "Account ID": "5008396449", "Account Name": "VNG - PG1 - JXM", "Advertising Sub Channel": "", "Campaign state": "paused", "Video played to 100%": 0.0, "Interaction Types": ["Clicks"], "Campaign serving status": "eligible", "Date": "2017-06-12", "Interaction Rate": 1.65, "CTR": 1.65, "View rate": 0.0, "Avg. CPV": 0.0, "Avg. CPM": 0.288161, "Engagements": 0, "Avg. Cost": 0.017462, "Clicks": 7562, "Views": 0, "Avg. CPE": 0.0, "Video played to 25%": 0.0, "Bid Strategy Type": "Maximize clicks", "Impressions": 458251, "Advertising Channel": "Display", "Mapping": false, "Avg. position": 1.0, "Start date": "2017-05-26", "Video played to 50%": 0.0, "Video played to 75%": 0.0, "Campaign": "JXM | 1705015 1706010 1707028 | Branding GDN - iOS", "Conversions": 32.0, "Campaign ID": 837910039, "Interactions": 7562}, {"End date": "", "Invalid clicks": 4261, "Unique cookies": "", "Cost": 1932.11368, "Avg. CPC": 0.061199, "Account ID": "5008396449", "Account Name": "VNG - PG1 - JXM", "Advertising Sub Channel": "", "Campaign state": "Total", "Video played to 100%": 6.44, "Interaction Types": "", "Campaign serving status": "", "Date": "2017-06-12", "Interaction Rate": 4.18, "CTR": 1.46, "View rate": 14.87, "Avg. CPV": 0.016397, "Avg. CPM": 0.891052, "Engagements": 11205, "Avg. Cost": 0.02133, "Clicks": 31571, "Views": 54524, "Avg. CPE": 0.079791, "Video played to 25%": 19.98, "Bid Strategy Type": "", "Impressions": 2168351, "Advertising Channel": "", "Mapping": false, "Avg. position": 1.0, "Start date": "", "Video played to 50%": 11.27, "Video played to 75%": 8.76, "Campaign": "", "Conversions": 2540.0, "Campaign ID": "", "Interactions": 90584}]