[{"Campaign state": "enabled", "Interaction Types": ["Clicks"], "Campaign serving status": "eligible", "Cost": 94.58, "Interactions": 9124, "Avg. CPM": 8.560051, "Bid Strategy Type": "cpc", "Video played to 100%": 0.0, "Avg. CPE": 0.0, "Mapping": false, "Start date": "2017-05-30", "View rate": 0.0, "Account ID": "3959508668", "Avg. CPC": 0.010366, "Conversions": 8083.0, "Video played to 75%": 0.0, "Impressions": 11049, "Avg. position": 1.0, "Advertising Sub Channel": "", "Campaign ID": 839638480, "Avg. Cost": 0.010366, "Avg. CPV": 0.0, "Campaign": "Brand-term_BM_Dai-Kiem-Vuong", "Interaction Rate": 82.58, "Advertising Channel": "Search", "Video played to 50%": 0.0, "Date": "2017-08-01", "End date": "", "CTR": 82.58, "Video played to 25%": 0.0, "Engagements": 0, "Invalid clicks": 557, "Clicks": 9124, "Views": 0, "Unique cookies": ""}, {"Campaign state": "Total", "Interaction Types": "", "Campaign serving status": "", "Cost": 94.58, "Interactions": 9124, "Avg. CPM": 8.560051, "Bid Strategy Type": "", "Video played to 100%": 0.0, "Avg. CPE": 0.0, "Mapping": false, "Start date": "", "View rate": 0.0, "Account ID": "3959508668", "Avg. CPC": 0.010366, "Conversions": 8083.0, "Video played to 75%": 0.0, "Impressions": 11049, "Avg. position": 1.0, "Advertising Sub Channel": "", "Campaign ID": "", "Avg. Cost": 0.010366, "Avg. CPV": 0.0, "Campaign": "", "Interaction Rate": 82.58, "Advertising Channel": "", "Video played to 50%": 0.0, "Date": "2017-08-01", "End date": "", "CTR": 82.58, "Video played to 25%": 0.0, "Engagements": 0, "Invalid clicks": 557, "Clicks": 9124, "Views": 0, "Unique cookies": ""}]