[{"Account ID": "9001610198", "Avg. CPM": 5.192308, "Advertising Channel": "Search", "Avg. CPV": 0.0, "Avg. Cost": 0.020769, "Cost": 0.27, "Campaign state": "paused", "Video played to 50%": 0.0, "Start date": "2017-07-22", "Video played to 100%": 0.0, "Interaction Rate": 25.0, "View rate": 0.0, "Advertising Sub Channel": "", "Unique cookies": "", "Interaction Types": ["Clicks"], "Campaign serving status": "eligible", "Mapping": false, "Video played to 75%": 0.0, "Conversions": 0.0, "Impressions": 52, "Interactions": 13, "Date": "2017-08-04", "Avg. CPE": 0.0, "Invalid clicks": 0, "Avg. position": 1.2, "End date": "", "Engagements": 0, "Views": 0, "Campaign": "\"TNUH|261|1707095 1707055|ALL|SEM| N\u1ea1p Th\u1ebb \"\"\u0110\u1ed5i Ads\"\"\"", "Clicks": 13, "CTR": 25.0, "Video played to 25%": 0.0, "Campaign ID": 891540610, "Bid Strategy Type": "cpc", "Avg. CPC": 0.020769}, {"Account ID": "9001610198", "Avg. CPM": 4.0, "Advertising Channel": "Search", "Avg. CPV": 0.0, "Avg. Cost": 0.014286, "Cost": 0.1, "Campaign state": "paused", "Video played to 50%": 0.0, "Start date": "2017-07-22", "Video played to 100%": 0.0, "Interaction Rate": 28.0, "View rate": 0.0, "Advertising Sub Channel": "", "Unique cookies": "", "Interaction Types": ["Clicks"], "Campaign serving status": "eligible", "Mapping": false, "Video played to 75%": 0.0, "Conversions": 0.0, "Impressions": 25, "Interactions": 7, "Date": "2017-08-04", "Avg. CPE": 0.0, "Invalid clicks": 0, "Avg. position": 1.0, "End date": "", "Engagements": 0, "Views": 0, "Campaign": "\"TNUH|261|1707095 1707055|ALL|SEM| Branding \"\"\u0110\u1ed5i Ads\"\"\"", "Clicks": 7, "CTR": 28.0, "Video played to 25%": 0.0, "Campaign ID": 891540613, "Bid Strategy Type": "cpc", "Avg. CPC": 0.014286}, {"Account ID": "9001610198", "Avg. CPM": 5.139241, "Advertising Channel": "Search", "Avg. CPV": 0.0, "Avg. Cost": 0.020928, "Cost": 6.09, "Campaign state": "paused", "Video played to 50%": 0.0, "Start date": "2017-07-22", "Video played to 100%": 0.0, "Interaction Rate": 24.56, "View rate": 0.0, "Advertising Sub Channel": "", "Unique cookies": "", "Interaction Types": ["Clicks"], "Campaign serving status": "eligible", "Mapping": false, "Video played to 75%": 0.0, "Conversions": 0.0, "Impressions": 1185, "Interactions": 291, "Date": "2017-08-04", "Avg. CPE": 0.0, "Invalid clicks": 8, "Avg. position": 1.2, "End date": "", "Engagements": 0, "Views": 0, "Campaign": "\"TNUH|261|1707095 1707055|ALL|SEM| Mobile Keywords + \"\"Broad match\"\" \"\"\u0110\u1ed5i Ads\"\"\"", "Clicks": 291, "CTR": 24.56, "Video played to 25%": 0.0, "Campaign ID": 892480926, "Bid Strategy Type": "cpc", "Avg. CPC": 0.020928}, {"Account ID": "9001610198", "Avg. CPM": 10.967742, "Advertising Channel": "Search", "Avg. CPV": 0.0, "Avg. Cost": 0.0425, "Cost": 0.34, "Campaign state": "paused", "Video played to 50%": 0.0, "Start date": "2017-07-22", "Video played to 100%": 0.0, "Interaction Rate": 25.81, "View rate": 0.0, "Advertising Sub Channel": "", "Unique cookies": "", "Interaction Types": ["Clicks"], "Campaign serving status": "eligible", "Mapping": false, "Video played to 75%": 0.0, "Conversions": 0.0, "Impressions": 31, "Interactions": 8, "Date": "2017-08-04", "Avg. CPE": 0.0, "Invalid clicks": 0, "Avg. position": 1.0, "End date": "", "Engagements": 0, "Views": 0, "Campaign": "\"TNUH|261|1707095 1707055|ALL|SEM| Action Keywords + \"\"exact match\"\" \"\"\u0110\u1ed5i Ads\"\"\"", "Clicks": 8, "CTR": 25.81, "Video played to 25%": 0.0, "Campaign ID": 892480959, "Bid Strategy Type": "cpc", "Avg. CPC": 0.0425}, {"Account ID": "9001610198", "Avg. CPM": 9.616858, "Advertising Channel": "Search", "Avg. CPV": 0.0, "Avg. Cost": 0.030241, "Cost": 2.51, "Campaign state": "paused", "Video played to 50%": 0.0, "Start date": "2017-07-22", "Video played to 100%": 0.0, "Interaction Rate": 31.8, "View rate": 0.0, "Advertising Sub Channel": "", "Unique cookies": "", "Interaction Types": ["Clicks"], "Campaign serving status": "eligible", "Mapping": false, "Video played to 75%": 0.0, "Conversions": 0.0, "Impressions": 261, "Interactions": 83, "Date": "2017-08-04", "Avg. CPE": 0.0, "Invalid clicks": 1, "Avg. position": 1.1, "End date": "", "Engagements": 0, "Views": 0, "Campaign": "\"TNUH|261|1707095 1707055|ALL|SEM| General Keywords \"\"\u0110\u1ed5i Ads\"\"\"", "Clicks": 83, "CTR": 31.8, "Video played to 25%": 0.0, "Campaign ID": 891540622, "Bid Strategy Type": "cpc", "Avg. CPC": 0.030241}, {"Account ID": "9001610198", "Avg. CPM": 8.5, "Advertising Channel": "Search", "Avg. CPV": 0.0, "Avg. Cost": 0.034, "Cost": 0.17, "Campaign state": "paused", "Video played to 50%": 0.0, "Start date": "2017-07-22", "Video played to 100%": 0.0, "Interaction Rate": 25.0, "View rate": 0.0, "Advertising Sub Channel": "", "Unique cookies": "", "Interaction Types": ["Clicks"], "Campaign serving status": "eligible", "Mapping": false, "Video played to 75%": 0.0, "Conversions": 0.0, "Impressions": 20, "Interactions": 5, "Date": "2017-08-04", "Avg. CPE": 0.0, "Invalid clicks": 0, "Avg. position": 1.3, "End date": "", "Engagements": 0, "Views": 0, "Campaign": "\"TNUH|261|1707095 1707055|ALL|SEM| Action Keywords + \"\"Broad match\"\" \"\"\u0110\u1ed5i Ads\"\"\"", "Clicks": 5, "CTR": 25.0, "Video played to 25%": 0.0, "Campaign ID": 891540619, "Bid Strategy Type": "cpc", "Avg. CPC": 0.034}, {"Account ID": "9001610198", "Avg. CPM": 7.727273, "Advertising Channel": "Search", "Avg. CPV": 0.0, "Avg. Cost": 0.015455, "Cost": 0.17, "Campaign state": "paused", "Video played to 50%": 0.0, "Start date": "2017-07-22", "Video played to 100%": 0.0, "Interaction Rate": 50.0, "View rate": 0.0, "Advertising Sub Channel": "", "Unique cookies": "", "Interaction Types": ["Clicks"], "Campaign serving status": "eligible", "Mapping": false, "Video played to 75%": 0.0, "Conversions": 0.0, "Impressions": 22, "Interactions": 11, "Date": "2017-08-04", "Avg. CPE": 0.0, "Invalid clicks": 0, "Avg. position": 1.0, "End date": "", "Engagements": 0, "Views": 0, "Campaign": "\"TNUH|261|1707095 1707055|ALL||SEM| Mobile Keywords + \"\"exact match\"\" \"\"\u0110\u1ed5i Ads\"\"\"", "Clicks": 11, "CTR": 50.0, "Video played to 25%": 0.0, "Campaign ID": 891540628, "Bid Strategy Type": "cpc", "Avg. CPC": 0.015455}, {"Account ID": "9001610198", "Avg. CPM": 6.046366, "Advertising Channel": "", "Avg. CPV": 0.0, "Avg. Cost": 0.023086, "Cost": 9.65, "Campaign state": "Total", "Video played to 50%": 0.0, "Start date": "", "Video played to 100%": 0.0, "Interaction Rate": 26.19, "View rate": 0.0, "Advertising Sub Channel": "", "Unique cookies": "", "Interaction Types": "", "Campaign serving status": "", "Mapping": false, "Video played to 75%": 0.0, "Conversions": 0.0, "Impressions": 1596, "Interactions": 418, "Date": "2017-08-04", "Avg. CPE": 0.0, "Invalid clicks": 9, "Avg. position": 1.1, "End date": "", "Engagements": 0, "Views": 0, "Campaign": "", "Clicks": 418, "CTR": 26.19, "Video played to 25%": 0.0, "Campaign ID": "", "Bid Strategy Type": "", "Avg. CPC": 0.023086}]