[{"Bid Strategy Type": "cpc", "Account Name": "[W] G1 - WPL - 360Game", "End date": "", "Advertising Channel": "Search", "Mapping": false, "Campaign": "Gen-term_FH-Game-BM-MOR", "Date": "2017-05-01", "Avg. CPE": 0.0, "Video played to 50%": 0.0, "Clicks": 1981, "Cost": 211.54, "Video played to 25%": 0.0, "Interaction Types": ["Clicks"], "Campaign state": "enabled", "Avg. position": 1.5, "Interactions": 1981, "View rate": 0.0, "Campaign serving status": "eligible", "Engagements": 0, "Avg. Cost": 0.106784, "Conversions": 218.0, "Avg. CPV": 0.0, "Invalid clicks": 168, "Unique cookies": "", "Campaign ID": 260084204, "Views": 0, "Interaction Rate": 16.36, "Advertising Sub Channel": "", "Account ID": "1033505012", "Video played to 100%": 0.0, "CTR": 16.36, "Start date": "2015-06-08", "Avg. CPC": 0.106784, "Video played to 75%": 0.0, "Impressions": 12108, "Avg. CPM": 17.471093}, {"Bid Strategy Type": "cpc", "Account Name": "[W] G1 - WPL - 360Game", "End date": "", "Advertising Channel": "Search", "Mapping": false, "Campaign": "Gen-term_FH-GO-Phrase-MOR", "Date": "2017-05-01", "Avg. CPE": 0.0, "Video played to 50%": 0.0, "Clicks": 51, "Cost": 3.21, "Video played to 25%": 0.0, "Interaction Types": ["Clicks"], "Campaign state": "enabled", "Avg. position": 1.5, "Interactions": 51, "View rate": 0.0, "Campaign serving status": "eligible", "Engagements": 0, "Avg. Cost": 0.062941, "Conversions": 12.0, "Avg. CPV": 0.0, "Invalid clicks": 5, "Unique cookies": "", "Campaign ID": 260085644, "Views": 0, "Interaction Rate": 25.0, "Advertising Sub Channel": "", "Account ID": "1033505012", "Video played to 100%": 0.0, "CTR": 25.0, "Start date": "2015-06-08", "Avg. CPC": 0.062941, "Video played to 75%": 0.0, "Impressions": 204, "Avg. CPM": 15.735294}, {"Bid Strategy Type": "cpc", "Account Name": "[W] G1 - WPL - 360Game", "End date": "", "Advertising Channel": "Search", "Mapping": false, "Campaign": "Gen-term_FH-PCG-BM-MOR", "Date": "2017-05-01", "Avg. CPE": 0.0, "Video played to 50%": 0.0, "Clicks": 19, "Cost": 3.51, "Video played to 25%": 0.0, "Interaction Types": ["Clicks"], "Campaign state": "enabled", "Avg. position": 1.3, "Interactions": 19, "View rate": 0.0, "Campaign serving status": "eligible", "Engagements": 0, "Avg. Cost": 0.184737, "Conversions": 4.0, "Avg. CPV": 0.0, "Invalid clicks": 0, "Unique cookies": "", "Campaign ID": 260099204, "Views": 0, "Interaction Rate": 15.97, "Advertising Sub Channel": "", "Account ID": "1033505012", "Video played to 100%": 0.0, "CTR": 15.97, "Start date": "2015-06-08", "Avg. CPC": 0.184737, "Video played to 75%": 0.0, "Impressions": 119, "Avg. CPM": 29.495798}, {"Bid Strategy Type": "cpc", "Account Name": "[W] G1 - WPL - 360Game", "End date": "", "Advertising Channel": "Search", "Mapping": false, "Campaign": "Gen-term_FH-WG-Phrase-MOR", "Date": "2017-05-01", "Avg. CPE": 0.0, "Video played to 50%": 0.0, "Clicks": 8, "Cost": 0.59, "Video played to 25%": 0.0, "Interaction Types": ["Clicks"], "Campaign state": "enabled", "Avg. position": 1.7, "Interactions": 8, "View rate": 0.0, "Campaign serving status": "eligible", "Engagements": 0, "Avg. Cost": 0.07375, "Conversions": 1.0, "Avg. CPV": 0.0, "Invalid clicks": 0, "Unique cookies": "", "Campaign ID": 260112764, "Views": 0, "Interaction Rate": 47.06, "Advertising Sub Channel": "", "Account ID": "1033505012", "Video played to 100%": 0.0, "CTR": 47.06, "Start date": "2015-06-08", "Avg. CPC": 0.07375, "Video played to 75%": 0.0, "Impressions": 17, "Avg. CPM": 34.705882}, {"Bid Strategy Type": "cpc", "Account Name": "[W] G1 - WPL - 360Game", "End date": "", "Advertising Channel": "Search", "Mapping": false, "Campaign": "Brand-term_Kiem-Vu", "Date": "2017-05-01", "Avg. CPE": 0.0, "Video played to 50%": 0.0, "Clicks": 122, "Cost": 4.98, "Video played to 25%": 0.0, "Interaction Types": ["Clicks"], "Campaign state": "enabled", "Avg. position": 1.5, "Interactions": 122, "View rate": 0.0, "Campaign serving status": "eligible", "Engagements": 0, "Avg. Cost": 0.04082, "Conversions": 17.0, "Avg. CPV": 0.0, "Invalid clicks": 11, "Unique cookies": "", "Campaign ID": 637556576, "Views": 0, "Interaction Rate": 26.75, "Advertising Sub Channel": "", "Account ID": "1033505012", "Video played to 100%": 0.0, "CTR": 26.75, "Start date": "2016-08-04", "Avg. CPC": 0.04082, "Video played to 75%": 0.0, "Impressions": 456, "Avg. CPM": 10.921053}, {"Bid Strategy Type": "cpc", "Account Name": "[W] G1 - WPL - 360Game", "End date": "", "Advertising Channel": "Search", "Mapping": false, "Campaign": "Brand-term_V\u00f5 L\u00e2m", "Date": "2017-05-01", "Avg. CPE": 0.0, "Video played to 50%": 0.0, "Clicks": 1851, "Cost": 207.53, "Video played to 25%": 0.0, "Interaction Types": ["Clicks"], "Campaign state": "paused", "Avg. position": 1.4, "Interactions": 1851, "View rate": 0.0, "Campaign serving status": "eligible", "Engagements": 0, "Avg. Cost": 0.112118, "Conversions": 416.0, "Avg. CPV": 0.0, "Invalid clicks": 103, "Unique cookies": "", "Campaign ID": 661683762, "Views": 0, "Interaction Rate": 19.09, "Advertising Sub Channel": "", "Account ID": "1033505012", "Video played to 100%": 0.0, "CTR": 19.09, "Start date": "2016-09-14", "Avg. CPC": 0.112118, "Video played to 75%": 0.0, "Impressions": 9694, "Avg. CPM": 21.408087}, {"Bid Strategy Type": "cpc", "Account Name": "[W] G1 - WPL - 360Game", "End date": "", "Advertising Channel": "Search", "Mapping": false, "Campaign": "Gen-term_FH-Game-Phrase-MOR", "Date": "2017-05-01", "Avg. CPE": 0.0, "Video played to 50%": 0.0, "Clicks": 233, "Cost": 21.15, "Video played to 25%": 0.0, "Interaction Types": ["Clicks"], "Campaign state": "enabled", "Avg. position": 1.5, "Interactions": 233, "View rate": 0.0, "Campaign serving status": "eligible", "Engagements": 0, "Avg. Cost": 0.090773, "Conversions": 45.0, "Avg. CPV": 0.0, "Invalid clicks": 20, "Unique cookies": "", "Campaign ID": 260084084, "Views": 0, "Interaction Rate": 16.54, "Advertising Sub Channel": "", "Account ID": "1033505012", "Video played to 100%": 0.0, "CTR": 16.54, "Start date": "2015-06-08", "Avg. CPC": 0.090773, "Video played to 75%": 0.0, "Impressions": 1409, "Avg. CPM": 15.010646}, {"Bid Strategy Type": "cpc", "Account Name": "[W] G1 - WPL - 360Game", "End date": "", "Advertising Channel": "Search", "Mapping": false, "Campaign": "Gen-term_MT-GO-Exact-MOR", "Date": "2017-05-01", "Avg. CPE": 0.0, "Video played to 50%": 0.0, "Clicks": 8, "Cost": 1.76, "Video played to 25%": 0.0, "Interaction Types": ["Clicks"], "Campaign state": "enabled", "Avg. position": 1.1, "Interactions": 8, "View rate": 0.0, "Campaign serving status": "eligible", "Engagements": 0, "Avg. Cost": 0.22, "Conversions": 1.0, "Avg. CPV": 0.0, "Invalid clicks": 0, "Unique cookies": "", "Campaign ID": 260088764, "Views": 0, "Interaction Rate": 53.33, "Advertising Sub Channel": "", "Account ID": "1033505012", "Video played to 100%": 0.0, "CTR": 53.33, "Start date": "2015-06-08", "Avg. CPC": 0.22, "Video played to 75%": 0.0, "Impressions": 15, "Avg. CPM": 117.333333}, {"Bid Strategy Type": "cpc", "Account Name": "[W] G1 - WPL - 360Game", "End date": "", "Advertising Channel": "Search", "Mapping": false, "Campaign": "Gen-term_MT-Game-Exact-MOR", "Date": "2017-05-01", "Avg. CPE": 0.0, "Video played to 50%": 0.0, "Clicks": 14, "Cost": 1.24, "Video played to 25%": 0.0, "Interaction Types": ["Clicks"], "Campaign state": "enabled", "Avg. position": 1.9, "Interactions": 14, "View rate": 0.0, "Campaign serving status": "eligible", "Engagements": 0, "Avg. Cost": 0.088571, "Conversions": 5.0, "Avg. CPV": 0.0, "Invalid clicks": 0, "Unique cookies": "", "Campaign ID": 260086124, "Views": 0, "Interaction Rate": 16.09, "Advertising Sub Channel": "", "Account ID": "1033505012", "Video played to 100%": 0.0, "CTR": 16.09, "Start date": "2015-06-08", "Avg. CPC": 0.088571, "Video played to 75%": 0.0, "Impressions": 87, "Avg. CPM": 14.252874}, {"Bid Strategy Type": "cpc", "Account Name": "[W] G1 - WPL - 360Game", "End date": "", "Advertising Channel": "Search", "Mapping": false, "Campaign": "Gen-term_FH-GO-Exact-MOR", "Date": "2017-05-01", "Avg. CPE": 0.0, "Video played to 50%": 0.0, "Clicks": 199, "Cost": 13.08, "Video played to 25%": 0.0, "Interaction Types": ["Clicks"], "Campaign state": "enabled", "Avg. position": 1.2, "Interactions": 199, "View rate": 0.0, "Campaign serving status": "eligible", "Engagements": 0, "Avg. Cost": 0.065729, "Conversions": 52.0, "Avg. CPV": 0.0, "Invalid clicks": 10, "Unique cookies": "", "Campaign ID": 260085044, "Views": 0, "Interaction Rate": 23.95, "Advertising Sub Channel": "", "Account ID": "1033505012", "Video played to 100%": 0.0, "CTR": 23.95, "Start date": "2015-06-08", "Avg. CPC": 0.065729, "Video played to 75%": 0.0, "Impressions": 831, "Avg. CPM": 15.740072}, {"Bid Strategy Type": "cpc", "Account Name": "[W] G1 - WPL - 360Game", "End date": "", "Advertising Channel": "Search", "Mapping": false, "Campaign": "Gen-term_FH-WG-BM-MOR", "Date": "2017-05-01", "Avg. CPE": 0.0, "Video played to 50%": 0.0, "Clicks": 1724, "Cost": 211.48, "Video played to 25%": 0.0, "Interaction Types": ["Clicks"], "Campaign state": "enabled", "Avg. position": 1.4, "Interactions": 1724, "View rate": 0.0, "Campaign serving status": "eligible", "Engagements": 0, "Avg. Cost": 0.122668, "Conversions": 157.0, "Avg. CPV": 0.0, "Invalid clicks": 174, "Unique cookies": "", "Campaign ID": 260112884, "Views": 0, "Interaction Rate": 18.21, "Advertising Sub Channel": "", "Account ID": "1033505012", "Video played to 100%": 0.0, "CTR": 18.21, "Start date": "2015-06-08", "Avg. CPC": 0.122668, "Video played to 75%": 0.0, "Impressions": 9466, "Avg. CPM": 22.34101}, {"Bid Strategy Type": "cpc", "Account Name": "[W] G1 - WPL - 360Game", "End date": "", "Advertising Channel": "Search", "Mapping": false, "Campaign": "Gen-term_FH-WG-BMM-MOR", "Date": "2017-05-01", "Avg. CPE": 0.0, "Video played to 50%": 0.0, "Clicks": 55, "Cost": 3.88, "Video played to 25%": 0.0, "Interaction Types": ["Clicks"], "Campaign state": "enabled", "Avg. position": 1.6, "Interactions": 55, "View rate": 0.0, "Campaign serving status": "eligible", "Engagements": 0, "Avg. Cost": 0.070545, "Conversions": 19.0, "Avg. CPV": 0.0, "Invalid clicks": 3, "Unique cookies": "", "Campaign ID": 260113484, "Views": 0, "Interaction Rate": 33.74, "Advertising Sub Channel": "", "Account ID": "1033505012", "Video played to 100%": 0.0, "CTR": 33.74, "Start date": "2015-06-08", "Avg. CPC": 0.070545, "Video played to 75%": 0.0, "Impressions": 163, "Avg. CPM": 23.803681}, {"Bid Strategy Type": "cpc", "Account Name": "[W] G1 - WPL - 360Game", "End date": "", "Advertising Channel": "Search", "Mapping": false, "Campaign": "Brand-term_360Game", "Date": "2017-05-01", "Avg. CPE": 0.0, "Video played to 50%": 0.0, "Clicks": 1505, "Cost": 40.29, "Video played to 25%": 0.0, "Interaction Types": ["Clicks"], "Campaign state": "enabled", "Avg. position": 1.1, "Interactions": 1505, "View rate": 0.0, "Campaign serving status": "eligible", "Engagements": 0, "Avg. Cost": 0.026771, "Conversions": 285.0, "Avg. CPV": 0.0, "Invalid clicks": 72, "Unique cookies": "", "Campaign ID": 645195815, "Views": 0, "Interaction Rate": 33.24, "Advertising Sub Channel": "", "Account ID": "1033505012", "Video played to 100%": 0.0, "CTR": 33.24, "Start date": "2016-08-18", "Avg. CPC": 0.026771, "Video played to 75%": 0.0, "Impressions": 4527, "Avg. CPM": 8.899934}, {"Bid Strategy Type": "cpc", "Account Name": "[W] G1 - WPL - 360Game", "End date": "", "Advertising Channel": "Search", "Mapping": false, "Campaign": "Brand-term_MUdts", "Date": "2017-05-01", "Avg. CPE": 0.0, "Video played to 50%": 0.0, "Clicks": 134, "Cost": 2.49, "Video played to 25%": 0.0, "Interaction Types": ["Clicks"], "Campaign state": "enabled", "Avg. position": 1.1, "Interactions": 134, "View rate": 0.0, "Campaign serving status": "eligible", "Engagements": 0, "Avg. Cost": 0.018582, "Conversions": 28.0, "Avg. CPV": 0.0, "Invalid clicks": 21, "Unique cookies": "", "Campaign ID": 651551927, "Views": 0, "Interaction Rate": 35.26, "Advertising Sub Channel": "", "Account ID": "1033505012", "Video played to 100%": 0.0, "CTR": 35.26, "Start date": "2016-08-30", "Avg. CPC": 0.018582, "Video played to 75%": 0.0, "Impressions": 380, "Avg. CPM": 6.552632}, {"Bid Strategy Type": "cpc", "Account Name": "[W] G1 - WPL - 360Game", "End date": "", "Advertising Channel": "Search", "Mapping": false, "Campaign": "Gen-term_FH-GPC-BMM-MOR", "Date": "2017-05-01", "Avg. CPE": 0.0, "Video played to 50%": 0.0, "Clicks": 4, "Cost": 0.16, "Video played to 25%": 0.0, "Interaction Types": ["Clicks"], "Campaign state": "enabled", "Avg. position": 1.0, "Interactions": 4, "View rate": 0.0, "Campaign serving status": "eligible", "Engagements": 0, "Avg. Cost": 0.04, "Conversions": 2.0, "Avg. CPV": 0.0, "Invalid clicks": 0, "Unique cookies": "", "Campaign ID": 260097644, "Views": 0, "Interaction Rate": 30.77, "Advertising Sub Channel": "", "Account ID": "1033505012", "Video played to 100%": 0.0, "CTR": 30.77, "Start date": "2015-06-08", "Avg. CPC": 0.04, "Video played to 75%": 0.0, "Impressions": 13, "Avg. CPM": 12.307692}, {"Bid Strategy Type": "cpc", "Account Name": "[W] G1 - WPL - 360Game", "End date": "", "Advertising Channel": "Search", "Mapping": false, "Campaign": "Gen-term_FH-PCG-BMM-MOR", "Date": "2017-05-01", "Avg. CPE": 0.0, "Video played to 50%": 0.0, "Clicks": 6, "Cost": 1.17, "Video played to 25%": 0.0, "Interaction Types": ["Clicks"], "Campaign state": "enabled", "Avg. position": 1.1, "Interactions": 6, "View rate": 0.0, "Campaign serving status": "eligible", "Engagements": 0, "Avg. Cost": 0.195, "Conversions": 0.0, "Avg. CPV": 0.0, "Invalid clicks": 2, "Unique cookies": "", "Campaign ID": 260101724, "Views": 0, "Interaction Rate": 66.67, "Advertising Sub Channel": "", "Account ID": "1033505012", "Video played to 100%": 0.0, "CTR": 66.67, "Start date": "2015-06-08", "Avg. CPC": 0.195, "Video played to 75%": 0.0, "Impressions": 9, "Avg. CPM": 130.0}, {"Bid Strategy Type": "cpc", "Account Name": "[W] G1 - WPL - 360Game", "End date": "", "Advertising Channel": "Search", "Mapping": false, "Campaign": "Gen-term_360Game-BM-Mor", "Date": "2017-05-01", "Avg. CPE": 0.0, "Video played to 50%": 0.0, "Clicks": 2177, "Cost": 199.66, "Video played to 25%": 0.0, "Interaction Types": ["Clicks"], "Campaign state": "paused", "Avg. position": 1.2, "Interactions": 2177, "View rate": 0.0, "Campaign serving status": "eligible", "Engagements": 0, "Avg. Cost": 0.091713, "Conversions": 270.0, "Avg. CPV": 0.0, "Invalid clicks": 208, "Unique cookies": "", "Campaign ID": 260168084, "Views": 0, "Interaction Rate": 21.28, "Advertising Sub Channel": "", "Account ID": "1033505012", "Video played to 100%": 0.0, "CTR": 21.28, "Start date": "2015-06-08", "Avg. CPC": 0.091713, "Video played to 75%": 0.0, "Impressions": 10229, "Avg. CPM": 19.519015}, {"Bid Strategy Type": "cpc", "Account Name": "[W] G1 - WPL - 360Game", "End date": "", "Advertising Channel": "Search", "Mapping": false, "Campaign": "Brand-term_Vo-Lam-Chi-Mong", "Date": "2017-05-01", "Avg. CPE": 0.0, "Video played to 50%": 0.0, "Clicks": 2072, "Cost": 87.64, "Video played to 25%": 0.0, "Interaction Types": ["Clicks"], "Campaign state": "enabled", "Avg. position": 1.0, "Interactions": 2072, "View rate": 0.0, "Campaign serving status": "eligible", "Engagements": 0, "Avg. Cost": 0.042297, "Conversions": 186.0, "Avg. CPV": 0.0, "Invalid clicks": 140, "Unique cookies": "", "Campaign ID": 637694601, "Views": 0, "Interaction Rate": 36.54, "Advertising Sub Channel": "", "Account ID": "1033505012", "Video played to 100%": 0.0, "CTR": 36.54, "Start date": "2016-08-04", "Avg. CPC": 0.042297, "Video played to 75%": 0.0, "Impressions": 5671, "Avg. CPM": 15.454065}, {"Bid Strategy Type": "cpc", "Account Name": "[W] G1 - WPL - 360Game", "End date": "", "Advertising Channel": "Search", "Mapping": false, "Campaign": "Gen-term_FH-GO-BMM-MOR", "Date": "2017-05-01", "Avg. CPE": 0.0, "Video played to 50%": 0.0, "Clicks": 278, "Cost": 20.98, "Video played to 25%": 0.0, "Interaction Types": ["Clicks"], "Campaign state": "enabled", "Avg. position": 1.7, "Interactions": 278, "View rate": 0.0, "Campaign serving status": "eligible", "Engagements": 0, "Avg. Cost": 0.075468, "Conversions": 30.0, "Avg. CPV": 0.0, "Invalid clicks": 46, "Unique cookies": "", "Campaign ID": 260085404, "Views": 0, "Interaction Rate": 13.51, "Advertising Sub Channel": "", "Account ID": "1033505012", "Video played to 100%": 0.0, "CTR": 13.51, "Start date": "2015-06-08", "Avg. CPC": 0.075468, "Video played to 75%": 0.0, "Impressions": 2057, "Avg. CPM": 10.199319}, {"Bid Strategy Type": "cpc", "Account Name": "[W] G1 - WPL - 360Game", "End date": "", "Advertising Channel": "Search", "Mapping": false, "Campaign": "Gen-term_FH-GPC-BM-MOR", "Date": "2017-05-01", "Avg. CPE": 0.0, "Video played to 50%": 0.0, "Clicks": 2, "Cost": 0.07, "Video played to 25%": 0.0, "Interaction Types": ["Clicks"], "Campaign state": "enabled", "Avg. position": 1.7, "Interactions": 2, "View rate": 0.0, "Campaign serving status": "eligible", "Engagements": 0, "Avg. Cost": 0.035, "Conversions": 1.0, "Avg. CPV": 0.0, "Invalid clicks": 0, "Unique cookies": "", "Campaign ID": 260095124, "Views": 0, "Interaction Rate": 8.7, "Advertising Sub Channel": "", "Account ID": "1033505012", "Video played to 100%": 0.0, "CTR": 8.7, "Start date": "2015-06-08", "Avg. CPC": 0.035, "Video played to 75%": 0.0, "Impressions": 23, "Avg. CPM": 3.043478}, {"Bid Strategy Type": "cpc", "Account Name": "[W] G1 - WPL - 360Game", "End date": "", "Advertising Channel": "Search", "Mapping": false, "Campaign": "Brand-term_Phong-Van", "Date": "2017-05-01", "Avg. CPE": 0.0, "Video played to 50%": 0.0, "Clicks": 26, "Cost": 1.12, "Video played to 25%": 0.0, "Interaction Types": ["Clicks"], "Campaign state": "enabled", "Avg. position": 1.4, "Interactions": 26, "View rate": 0.0, "Campaign serving status": "eligible", "Engagements": 0, "Avg. Cost": 0.043077, "Conversions": 6.0, "Avg. CPV": 0.0, "Invalid clicks": 1, "Unique cookies": "", "Campaign ID": 637694772, "Views": 0, "Interaction Rate": 22.03, "Advertising Sub Channel": "", "Account ID": "1033505012", "Video played to 100%": 0.0, "CTR": 22.03, "Start date": "2016-08-04", "Avg. CPC": 0.043077, "Video played to 75%": 0.0, "Impressions": 118, "Avg. CPM": 9.491525}, {"Bid Strategy Type": "cpc", "Account Name": "[W] G1 - WPL - 360Game", "End date": "", "Advertising Channel": "Search", "Mapping": false, "Campaign": "Gen-term_FH-WG-Exact-MOR", "Date": "2017-05-01", "Avg. CPE": 0.0, "Video played to 50%": 0.0, "Clicks": 24, "Cost": 2.0, "Video played to 25%": 0.0, "Interaction Types": ["Clicks"], "Campaign state": "enabled", "Avg. position": 1.3, "Interactions": 24, "View rate": 0.0, "Campaign serving status": "eligible", "Engagements": 0, "Avg. Cost": 0.083333, "Conversions": 9.0, "Avg. CPV": 0.0, "Invalid clicks": 0, "Unique cookies": "", "Campaign ID": 260112164, "Views": 0, "Interaction Rate": 20.69, "Advertising Sub Channel": "", "Account ID": "1033505012", "Video played to 100%": 0.0, "CTR": 20.69, "Start date": "2015-06-08", "Avg. CPC": 0.083333, "Video played to 75%": 0.0, "Impressions": 116, "Avg. CPM": 17.241379}, {"Bid Strategy Type": "cpc", "Account Name": "[W] G1 - WPL - 360Game", "End date": "", "Advertising Channel": "Search", "Mapping": false, "Campaign": "Brand-term_Gunny", "Date": "2017-05-01", "Avg. CPE": 0.0, "Video played to 50%": 0.0, "Clicks": 7499, "Cost": 111.42, "Video played to 25%": 0.0, "Interaction Types": ["Clicks"], "Campaign state": "enabled", "Avg. position": 1.0, "Interactions": 7499, "View rate": 0.0, "Campaign serving status": "eligible", "Engagements": 0, "Avg. Cost": 0.014858, "Conversions": 2087.0, "Avg. CPV": 0.0, "Invalid clicks": 741, "Unique cookies": "", "Campaign ID": 792716395, "Views": 0, "Interaction Rate": 33.26, "Advertising Sub Channel": "", "Account ID": "1033505012", "Video played to 100%": 0.0, "CTR": 33.26, "Start date": "2017-03-31", "Avg. CPC": 0.014858, "Video played to 75%": 0.0, "Impressions": 22546, "Avg. CPM": 4.941897}, {"Bid Strategy Type": "cpc", "Account Name": "[W] G1 - WPL - 360Game", "End date": "", "Advertising Channel": "Search", "Mapping": false, "Campaign": "Gen-term_MT-Game-BMM-MOR", "Date": "2017-05-01", "Avg. CPE": 0.0, "Video played to 50%": 0.0, "Clicks": 28, "Cost": 2.35, "Video played to 25%": 0.0, "Interaction Types": ["Clicks"], "Campaign state": "enabled", "Avg. position": 1.4, "Interactions": 28, "View rate": 0.0, "Campaign serving status": "eligible", "Engagements": 0, "Avg. Cost": 0.083929, "Conversions": 5.0, "Avg. CPV": 0.0, "Invalid clicks": 2, "Unique cookies": "", "Campaign ID": 260083724, "Views": 0, "Interaction Rate": 20.44, "Advertising Sub Channel": "", "Account ID": "1033505012", "Video played to 100%": 0.0, "CTR": 20.44, "Start date": "2015-06-08", "Avg. CPC": 0.083929, "Video played to 75%": 0.0, "Impressions": 137, "Avg. CPM": 17.153285}, {"Bid Strategy Type": "cpc", "Account Name": "[W] G1 - WPL - 360Game", "End date": "", "Advertising Channel": "Search", "Mapping": false, "Campaign": "Gen-term_FH-Game-BMM-MOR", "Date": "2017-05-01", "Avg. CPE": 0.0, "Video played to 50%": 0.0, "Clicks": 207, "Cost": 22.52, "Video played to 25%": 0.0, "Interaction Types": ["Clicks"], "Campaign state": "enabled", "Avg. position": 1.6, "Interactions": 207, "View rate": 0.0, "Campaign serving status": "eligible", "Engagements": 0, "Avg. Cost": 0.108792, "Conversions": 52.0, "Avg. CPV": 0.0, "Invalid clicks": 24, "Unique cookies": "", "Campaign ID": 260084684, "Views": 0, "Interaction Rate": 24.15, "Advertising Sub Channel": "", "Account ID": "1033505012", "Video played to 100%": 0.0, "CTR": 24.15, "Start date": "2015-06-08", "Avg. CPC": 0.108792, "Video played to 75%": 0.0, "Impressions": 857, "Avg. CPM": 26.277713}, {"Bid Strategy Type": "cpc", "Account Name": "[W] G1 - WPL - 360Game", "End date": "", "Advertising Channel": "Search", "Mapping": false, "Campaign": "Gen-term_FH-GTT-BM-MOR", "Date": "2017-05-01", "Avg. CPE": 0.0, "Video played to 50%": 0.0, "Clicks": 1, "Cost": 0.01, "Video played to 25%": 0.0, "Interaction Types": ["Clicks"], "Campaign state": "enabled", "Avg. position": 2.1, "Interactions": 1, "View rate": 0.0, "Campaign serving status": "eligible", "Engagements": 0, "Avg. Cost": 0.01, "Conversions": 0.0, "Avg. CPV": 0.0, "Invalid clicks": 2, "Unique cookies": "", "Campaign ID": 260089844, "Views": 0, "Interaction Rate": 6.25, "Advertising Sub Channel": "", "Account ID": "1033505012", "Video played to 100%": 0.0, "CTR": 6.25, "Start date": "2015-06-08", "Avg. CPC": 0.01, "Video played to 75%": 0.0, "Impressions": 16, "Avg. CPM": 0.625}, {"Bid Strategy Type": "cpc", "Account Name": "[W] G1 - WPL - 360Game", "End date": "", "Advertising Channel": "Search", "Mapping": false, "Campaign": "Gen-term_360Play-BM-Mor", "Date": "2017-05-01", "Avg. CPE": 0.0, "Video played to 50%": 0.0, "Clicks": 980, "Cost": 69.67, "Video played to 25%": 0.0, "Interaction Types": ["Clicks"], "Campaign state": "paused", "Avg. position": 1.2, "Interactions": 980, "View rate": 0.0, "Campaign serving status": "eligible", "Engagements": 0, "Avg. Cost": 0.071092, "Conversions": 140.0, "Avg. CPV": 0.0, "Invalid clicks": 71, "Unique cookies": "", "Campaign ID": 263315804, "Views": 0, "Interaction Rate": 21.52, "Advertising Sub Channel": "", "Account ID": "1033505012", "Video played to 100%": 0.0, "CTR": 21.52, "Start date": "2015-06-21", "Avg. CPC": 0.071092, "Video played to 75%": 0.0, "Impressions": 4554, "Avg. CPM": 15.298639}, {"Bid Strategy Type": "cpc", "Account Name": "[W] G1 - WPL - 360Game", "End date": "", "Advertising Channel": "Search", "Mapping": false, "Campaign": "Brand-term_Thien-Long-Bat-Bo", "Date": "2017-05-01", "Avg. CPE": 0.0, "Video played to 50%": 0.0, "Clicks": 91, "Cost": 2.88, "Video played to 25%": 0.0, "Interaction Types": ["Clicks"], "Campaign state": "enabled", "Avg. position": 1.0, "Interactions": 91, "View rate": 0.0, "Campaign serving status": "eligible", "Engagements": 0, "Avg. Cost": 0.031648, "Conversions": 15.0, "Avg. CPV": 0.0, "Invalid clicks": 7, "Unique cookies": "", "Campaign ID": 637694769, "Views": 0, "Interaction Rate": 31.6, "Advertising Sub Channel": "", "Account ID": "1033505012", "Video played to 100%": 0.0, "CTR": 31.6, "Start date": "2016-08-04", "Avg. CPC": 0.031648, "Video played to 75%": 0.0, "Impressions": 288, "Avg. CPM": 10.0}, {"Bid Strategy Type": "cpc", "Account Name": "[W] G1 - WPL - 360Game", "End date": "", "Advertising Channel": "Search", "Mapping": false, "Campaign": "Gen-term_FH-Game-Exact-MOR", "Date": "2017-05-01", "Avg. CPE": 0.0, "Video played to 50%": 0.0, "Clicks": 145, "Cost": 13.02, "Video played to 25%": 0.0, "Interaction Types": ["Clicks"], "Campaign state": "enabled", "Avg. position": 1.4, "Interactions": 145, "View rate": 0.0, "Campaign serving status": "eligible", "Engagements": 0, "Avg. Cost": 0.089793, "Conversions": 30.0, "Avg. CPV": 0.0, "Invalid clicks": 12, "Unique cookies": "", "Campaign ID": 260083484, "Views": 0, "Interaction Rate": 23.39, "Advertising Sub Channel": "", "Account ID": "1033505012", "Video played to 100%": 0.0, "CTR": 23.39, "Start date": "2015-06-08", "Avg. CPC": 0.089793, "Video played to 75%": 0.0, "Impressions": 620, "Avg. CPM": 21.0}, {"Bid Strategy Type": "cpc", "Account Name": "[W] G1 - WPL - 360Game", "End date": "", "Advertising Channel": "Search", "Mapping": false, "Campaign": "Gen-term_MT-GO-BMM-MOR", "Date": "2017-05-01", "Avg. CPE": 0.0, "Video played to 50%": 0.0, "Clicks": 3, "Cost": 0.3, "Video played to 25%": 0.0, "Interaction Types": ["Clicks"], "Campaign state": "enabled", "Avg. position": 1.2, "Interactions": 3, "View rate": 0.0, "Campaign serving status": "eligible", "Engagements": 0, "Avg. Cost": 0.1, "Conversions": 2.0, "Avg. CPV": 0.0, "Invalid clicks": 1, "Unique cookies": "", "Campaign ID": 260088164, "Views": 0, "Interaction Rate": 33.33, "Advertising Sub Channel": "", "Account ID": "1033505012", "Video played to 100%": 0.0, "CTR": 33.33, "Start date": "2015-06-08", "Avg. CPC": 0.1, "Video played to 75%": 0.0, "Impressions": 9, "Avg. CPM": 33.333333}, {"Bid Strategy Type": "cpc", "Account Name": "[W] G1 - WPL - 360Game", "End date": "", "Advertising Channel": "Search", "Mapping": false, "Campaign": "Brand-term_TTTD-ex", "Date": "2017-05-01", "Avg. CPE": 0.0, "Video played to 50%": 0.0, "Clicks": 9, "Cost": 0.15, "Video played to 25%": 0.0, "Interaction Types": ["Clicks"], "Campaign state": "enabled", "Avg. position": 1.0, "Interactions": 9, "View rate": 0.0, "Campaign serving status": "eligible", "Engagements": 0, "Avg. Cost": 0.016667, "Conversions": 2.0, "Avg. CPV": 0.0, "Invalid clicks": 0, "Unique cookies": "", "Campaign ID": 642570944, "Views": 0, "Interaction Rate": 23.08, "Advertising Sub Channel": "", "Account ID": "1033505012", "Video played to 100%": 0.0, "CTR": 23.08, "Start date": "2016-08-12", "Avg. CPC": 0.016667, "Video played to 75%": 0.0, "Impressions": 39, "Avg. CPM": 3.846154}, {"Bid Strategy Type": "", "Account Name": "[W] G1 - WPL - 360Game", "End date": "", "Advertising Channel": "", "Mapping": false, "Campaign": "", "Date": "2017-05-01", "Avg. CPE": 0.0, "Video played to 50%": 0.0, "Clicks": 21456, "Cost": 1261.85, "Video played to 25%": 0.0, "Interaction Types": "", "Campaign state": "Total", "Avg. position": 1.2, "Interactions": 21456, "View rate": 0.0, "Campaign serving status": "", "Engagements": 0, "Avg. Cost": 0.058811, "Conversions": 4097.0, "Avg. CPV": 0.0, "Invalid clicks": 1844, "Unique cookies": "", "Campaign ID": "", "Views": 0, "Interaction Rate": 24.72, "Advertising Sub Channel": "", "Account ID": "1033505012", "Video played to 100%": 0.0, "CTR": 24.72, "Start date": "", "Avg. CPC": 0.058811, "Video played to 75%": 0.0, "Impressions": 86785, "Avg. CPM": 14.539955}]