[{"Campaign serving status": "eligible", "Advertising Channel": "Search", "Views": 0, "Avg. CPC": 0.04, "Video played to 75%": 0.0, "Campaign state": "paused", "Video played to 50%": 0.0, "Interaction Rate": 11.11, "Mapping": false, "Account ID": "1290781574", "Start date": "2016-10-18", "Avg. CPE": 0.0, "Account Name": "[paused] G1 - WPL - dct360-2", "Impressions": 18, "Video played to 25%": 0.0, "Engagements": 0, "Conversions": 1.0, "Video played to 100%": 0.0, "Avg. Cost": 0.04, "Interactions": 2, "Clicks": 2, "Avg. CPV": 0.0, "Unique cookies": "", "Invalid clicks": 0, "Advertising Sub Channel": "", "Interaction Types": ["Clicks"], "Avg. position": 2.0, "Date": "2017-03-02", "CTR": 11.11, "Dept": "WPL", "View rate": 0.0, "Bid Strategy Type": "cpc", "Cost": 0.08, "Campaign ID": "683403263", "Avg. CPM": 4.444444, "Campaign": "Gen-term_FH-WG-br-MOR", "End date": ""}, {"Campaign serving status": "eligible", "Advertising Channel": "Search", "Views": 0, "Avg. CPC": 0.052791, "Video played to 75%": 0.0, "Campaign state": "paused", "Video played to 50%": 0.0, "Interaction Rate": 17.57, "Mapping": false, "Account ID": "1290781574", "Start date": "2016-10-18", "Avg. CPE": 0.0, "Account Name": "[paused] G1 - WPL - dct360-2", "Impressions": 1713, "Video played to 25%": 0.0, "Engagements": 0, "Conversions": 20.0, "Video played to 100%": 0.0, "Avg. Cost": 0.052791, "Interactions": 301, "Clicks": 301, "Avg. CPV": 0.0, "Unique cookies": "", "Invalid clicks": 21, "Advertising Sub Channel": "", "Interaction Types": ["Clicks"], "Avg. position": 1.0, "Date": "2017-03-02", "CTR": 17.57, "Dept": "WPL", "View rate": 0.0, "Bid Strategy Type": "cpc", "Cost": 15.89, "Campaign ID": "683403356", "Avg. CPM": 9.276124, "Campaign": "Brand-term_\u0110\u1ea1i Ch\u00faa T\u1ec3-MOR", "End date": ""}, {"Campaign serving status": "eligible", "Advertising Channel": "Search", "Views": 0, "Avg. CPC": 0.04, "Video played to 75%": 0.0, "Campaign state": "paused", "Video played to 50%": 0.0, "Interaction Rate": 100.0, "Mapping": false, "Account ID": "1290781574", "Start date": "2016-10-18", "Avg. CPE": 0.0, "Account Name": "[paused] G1 - WPL - dct360-2", "Impressions": 1, "Video played to 25%": 0.0, "Engagements": 0, "Conversions": 0.0, "Video played to 100%": 0.0, "Avg. Cost": 0.04, "Interactions": 1, "Clicks": 1, "Avg. CPV": 0.0, "Unique cookies": "", "Invalid clicks": 0, "Advertising Sub Channel": "", "Interaction Types": ["Clicks"], "Avg. position": 2.0, "Date": "2017-03-02", "CTR": 100.0, "Dept": "WPL", "View rate": 0.0, "Bid Strategy Type": "cpc", "Cost": 0.04, "Campaign ID": "683403302", "Avg. CPM": 40.0, "Campaign": "Gen-term_MT-WG-br-MOR", "End date": ""}, {"Campaign serving status": "eligible", "Advertising Channel": "Search", "Views": 0, "Avg. CPC": 0.017917, "Video played to 75%": 0.0, "Campaign state": "paused", "Video played to 50%": 0.0, "Interaction Rate": 48.48, "Mapping": false, "Account ID": "1290781574", "Start date": "2016-10-18", "Avg. CPE": 0.0, "Account Name": "[paused] G1 - WPL - dct360-2", "Impressions": 99, "Video played to 25%": 0.0, "Engagements": 0, "Conversions": 2.0, "Video played to 100%": 0.0, "Avg. Cost": 0.017917, "Interactions": 48, "Clicks": 48, "Avg. CPV": 0.0, "Unique cookies": "", "Invalid clicks": 1, "Advertising Sub Channel": "", "Interaction Types": ["Clicks"], "Avg. position": 1.0, "Date": "2017-03-02", "CTR": 48.48, "Dept": "WPL", "View rate": 0.0, "Bid Strategy Type": "cpc", "Cost": 0.86, "Campaign ID": "683403359", "Avg. CPM": 8.686869, "Campaign": "Brand-term_dct-MOR", "End date": ""}, {"Campaign serving status": "eligible", "Advertising Channel": "Search", "Views": 0, "Avg. CPC": 0.03, "Video played to 75%": 0.0, "Campaign state": "paused", "Video played to 50%": 0.0, "Interaction Rate": 100.0, "Mapping": false, "Account ID": "1290781574", "Start date": "2016-10-18", "Avg. CPE": 0.0, "Account Name": "[paused] G1 - WPL - dct360-2", "Impressions": 1, "Video played to 25%": 0.0, "Engagements": 0, "Conversions": 0.0, "Video played to 100%": 0.0, "Avg. Cost": 0.03, "Interactions": 1, "Clicks": 1, "Avg. CPV": 0.0, "Unique cookies": "", "Invalid clicks": 0, "Advertising Sub Channel": "", "Interaction Types": ["Clicks"], "Avg. position": 2.0, "Date": "2017-03-02", "CTR": 100.0, "Dept": "WPL", "View rate": 0.0, "Bid Strategy Type": "cpc", "Cost": 0.03, "Campaign ID": "683403077", "Avg. CPM": 30.0, "Campaign": "Gen-term_FH-Game-phr-MOR", "End date": ""}, {"Campaign serving status": "eligible", "Advertising Channel": "Search", "Views": 0, "Avg. CPC": 0.064545, "Video played to 75%": 0.0, "Campaign state": "paused", "Video played to 50%": 0.0, "Interaction Rate": 6.88, "Mapping": false, "Account ID": "1290781574", "Start date": "2016-10-18", "Avg. CPE": 0.0, "Account Name": "[paused] G1 - WPL - dct360-2", "Impressions": 160, "Video played to 25%": 0.0, "Engagements": 0, "Conversions": 0.0, "Video played to 100%": 0.0, "Avg. Cost": 0.064545, "Interactions": 11, "Clicks": 11, "Avg. CPV": 0.0, "Unique cookies": "", "Invalid clicks": 1, "Advertising Sub Channel": "", "Interaction Types": ["Clicks"], "Avg. position": 1.0, "Date": "2017-03-02", "CTR": 6.88, "Dept": "WPL", "View rate": 0.0, "Bid Strategy Type": "cpc", "Cost": 0.71, "Campaign ID": "683403482", "Avg. CPM": 4.4375, "Campaign": "Brand-term_\u0110\u1ea1i Ch\u00faa T\u1ec3 Truy\u1ec7n", "End date": ""}, {"Campaign serving status": "", "Advertising Channel": "", "Views": 0, "Avg. CPC": 0.048379, "Video played to 75%": 0.0, "Campaign state": "Total", "Video played to 50%": 0.0, "Interaction Rate": 18.09, "Mapping": false, "Account ID": "1290781574", "Start date": "", "Avg. CPE": 0.0, "Account Name": "[paused] G1 - WPL - dct360-2", "Impressions": 2012, "Video played to 25%": 0.0, "Engagements": 0, "Conversions": 23.0, "Video played to 100%": 0.0, "Avg. Cost": 0.048379, "Interactions": 364, "Clicks": 364, "Avg. CPV": 0.0, "Unique cookies": "", "Invalid clicks": 23, "Advertising Sub Channel": "", "Interaction Types": "", "Avg. position": 1.0, "Date": "2017-03-02", "CTR": 18.09, "Dept": "WPL", "View rate": 0.0, "Bid Strategy Type": "", "Cost": 17.61, "Campaign ID": "", "Avg. CPM": 8.752485, "Campaign": "", "End date": ""}]