[{"Account ID": "5008396449", "Conversions": 0.0, "Views": 0, "Video played to 50%": 0.8, "Advertising Sub Channel": "", "Campaign": "JXM | 1610071-00 1610086-00 1610113-00 1704017 | Branding | GDN_RichMedia - iOS", "Avg. CPE": 0.0, "Campaign serving status": "eligible", "Invalid clicks": 5, "Interaction Rate": 0.22, "Interaction Types": ["Clicks"], "Engagements": 0, "End date": "", "Avg. position": 1.0, "Video played to 100%": 0.42, "Video played to 25%": 1.3, "Video played to 75%": 0.61, "Mapping": false, "Avg. CPV": 0.0, "View rate": 0.0, "Avg. CPC": 0.085, "Avg. Cost": 0.085, "Avg. CPM": 0.187638, "Campaign state": "paused", "Start date": "2016-11-14", "Account Name": "VNG - PG1 - JXM", "Cost": 0.85, "Advertising Channel": "Display", "Campaign ID": 698760632, "Interactions": 10, "Unique cookies": 4054, "Clicks": 10, "CTR": 0.22, "Dept": "PG1", "Bid Strategy Type": "Target CPA", "Date": "2017-03-01", "Impressions": 4530}, {"Account ID": "5008396449", "Conversions": 3481.0, "Views": 121608, "Video played to 50%": 9.42, "Advertising Sub Channel": "Universal App Campaign", "Campaign": "JXM | 221 | 1610105 1611013 1611026 1611062 1703048 1706008 1707026 1708007 1709039 1710045 | AND | UAC", "Avg. CPE": 0.126998, "Campaign serving status": "eligible", "Invalid clicks": 7843, "Interaction Rate": 3.47, "Interaction Types": ["Clicks", "Engagements", "Views"], "Engagements": 13433, "End date": "", "Avg. position": 1.0, "Video played to 100%": 5.96, "Video played to 25%": 15.72, "Video played to 75%": 7.47, "Mapping": false, "Avg. CPV": 0.014028, "View rate": 16.02, "Avg. CPC": 0.057987, "Avg. Cost": 0.017443, "Avg. CPM": 0.604419, "Campaign state": "enabled", "Start date": "2016-11-15", "Account Name": "VNG - PG1 - JXM", "Cost": 2887.57866, "Advertising Channel": "Multi Channel", "Campaign ID": 699351990, "Interactions": 165542, "Unique cookies": "", "Clicks": 49797, "CTR": 1.04, "Dept": "PG1", "Bid Strategy Type": "Target CPA", "Date": "2017-03-01", "Impressions": 4777447}, {"Account ID": "5008396449", "Conversions": 183.0, "Views": 0, "Video played to 50%": 2.36, "Advertising Sub Channel": "", "Campaign": "JXM | 1610071-00 1610086-00 1610113-00 | Branding 1704017 | GDN_RichMedia - Android", "Avg. CPE": 0.0, "Campaign serving status": "eligible", "Invalid clicks": 1405, "Interaction Rate": 0.67, "Interaction Types": ["Clicks"], "Engagements": 0, "End date": "", "Avg. position": 1.0, "Video played to 100%": 1.7, "Video played to 25%": 3.92, "Video played to 75%": 1.71, "Mapping": false, "Avg. CPV": 0.0, "View rate": 0.0, "Avg. CPC": 0.033626, "Avg. Cost": 0.033626, "Avg. CPM": 0.22375, "Campaign state": "paused", "Start date": "2016-11-14", "Account Name": "VNG - PG1 - JXM", "Cost": 211.98, "Advertising Channel": "Display", "Campaign ID": 698674457, "Interactions": 6304, "Unique cookies": 533634, "Clicks": 6304, "CTR": 0.67, "Dept": "PG1", "Bid Strategy Type": "Target CPA", "Date": "2017-03-01", "Impressions": 947395}, {"Account ID": "5008396449", "Conversions": 299.0, "Views": 17616, "Video played to 50%": 10.3, "Advertising Sub Channel": "Universal App Campaign", "Campaign": "JXM | 221 | 1610105 1611013 1611026 1611062 1703048 1704016 1706008 1707026 1708007 1709039 1710045 | IOS | UAC", "Avg. CPE": 0.118453, "Campaign serving status": "eligible", "Invalid clicks": 70, "Interaction Rate": 6.69, "Interaction Types": ["Clicks", "Engagements", "Views"], "Engagements": 2019, "End date": "", "Avg. position": 1.0, "Video played to 100%": 5.79, "Video played to 25%": 18.66, "Video played to 75%": 8.3, "Mapping": false, "Avg. CPV": 0.013576, "View rate": 22.05, "Avg. CPC": 0.227548, "Avg. Cost": 0.014877, "Avg. CPM": 0.995714, "Campaign state": "enabled", "Start date": "2016-12-28", "Account Name": "VNG - PG1 - JXM", "Cost": 285.11759, "Advertising Channel": "Multi Channel", "Campaign ID": 726209660, "Interactions": 19165, "Unique cookies": "", "Clicks": 1253, "CTR": 0.44, "Dept": "PG1", "Bid Strategy Type": "Target CPA", "Date": "2017-03-01", "Impressions": 286345}, {"Account ID": "5008396449", "Conversions": 2654.0, "Views": 0, "Video played to 50%": 0.0, "Advertising Sub Channel": "Search Mobile App", "Campaign": "JXM | 221 | 1610105 1611013 1611026 1611062 1703048 1704016 1705011 1706008 1707026 1708007 1709039 1710045 | ALL | SEM | Store", "Avg. CPE": 0.0, "Campaign serving status": "eligible", "Invalid clicks": 1434, "Interaction Rate": 10.66, "Interaction Types": ["Clicks"], "Engagements": 0, "End date": "", "Avg. position": 1.4, "Video played to 100%": 0.0, "Video played to 25%": 0.0, "Video played to 75%": 0.0, "Mapping": false, "Avg. CPV": 0.0, "View rate": 0.0, "Avg. CPC": 0.166747, "Avg. Cost": 0.166747, "Avg. CPM": 17.778346, "Campaign state": "enabled", "Start date": "2016-10-16", "Account Name": "VNG - PG1 - JXM", "Cost": 2260.25, "Advertising Channel": "Search", "Campaign ID": 682545537, "Interactions": 13555, "Unique cookies": "", "Clicks": 13555, "CTR": 10.66, "Dept": "PG1", "Bid Strategy Type": "Target CPA", "Date": "2017-03-01", "Impressions": 127135}, {"Account ID": "5008396449", "Conversions": 4.0, "Views": 0, "Video played to 50%": 0.0, "Advertising Sub Channel": "", "Campaign": "JXM | 221 | 1610105 1611013 1611026 1611062 1703048 1704017 1705015 1706010 1707028 1708008 1709054 1710047 | OTH | SEM", "Avg. CPE": 0.0, "Campaign serving status": "eligible", "Invalid clicks": 210, "Interaction Rate": 42.35, "Interaction Types": ["Clicks"], "Engagements": 0, "End date": "", "Avg. position": 1.4, "Video played to 100%": 0.0, "Video played to 25%": 0.0, "Video played to 75%": 0.0, "Mapping": false, "Avg. CPV": 0.0, "View rate": 0.0, "Avg. CPC": 0.035289, "Avg. Cost": 0.035289, "Avg. CPM": 14.944321, "Campaign state": "enabled", "Start date": "2016-10-16", "Account Name": "VNG - PG1 - JXM", "Cost": 187.88, "Advertising Channel": "Search", "Campaign ID": 682542681, "Interactions": 5324, "Unique cookies": "", "Clicks": 5324, "CTR": 42.35, "Dept": "PG1", "Bid Strategy Type": "Maximize clicks", "Date": "2017-03-01", "Impressions": 12572}, {"Account ID": "5008396449", "Conversions": 6621.0, "Views": 139224, "Video played to 50%": 8.22, "Advertising Sub Channel": "", "Campaign": "", "Avg. CPE": 0.125881, "Campaign serving status": "", "Invalid clicks": 10967, "Interaction Rate": 3.41, "Interaction Types": "", "Engagements": 15452, "End date": "", "Avg. position": 1.0, "Video played to 100%": 5.19, "Video played to 25%": 13.81, "Video played to 75%": 6.5, "Mapping": false, "Avg. CPV": 0.013971, "View rate": 16.59, "Avg. CPC": 0.076514, "Avg. Cost": 0.027793, "Avg. CPM": 0.947726, "Campaign state": "Total", "Start date": "", "Account Name": "VNG - PG1 - JXM", "Cost": 5833.65625, "Advertising Channel": "", "Campaign ID": "", "Interactions": 209900, "Unique cookies": "", "Clicks": 76243, "CTR": 1.24, "Dept": "PG1", "Bid Strategy Type": "", "Date": "2017-03-01", "Impressions": 6155424}]