[{"Campaign serving status": "eligible", "Advertising Channel": "Search", "Views": 0, "Avg. CPC": 0.016316, "Video played to 75%": 0.0, "Campaign state": "paused", "Video played to 50%": 0.0, "Interaction Rate": 34.27, "Mapping": false, "Account ID": "6942753385", "Start date": "2014-04-10", "Avg. CPE": 0.0, "Account Name": "[paused] G1 - WPL - ngoalong360", "Impressions": 1497, "Video played to 25%": 0.0, "Engagements": 0, "Conversions": 56.0, "Video played to 100%": 0.0, "Avg. Cost": 0.016316, "Interactions": 513, "Clicks": 513, "Avg. CPV": 0.0, "Unique cookies": "", "Invalid clicks": 18, "Advertising Sub Channel": "", "Interaction Types": ["Clicks"], "Avg. position": 1.0, "Date": "2017-03-03", "CTR": 34.27, "Dept": "WPL", "View rate": 0.0, "Bid Strategy Type": "cpc", "Cost": 8.37, "Campaign ID": "182330071", "Avg. CPM": 5.591182, "Campaign": "G1 - TFA - Brand - Ngoa Long", "End date": ""}, {"Campaign serving status": "", "Advertising Channel": "", "Views": 0, "Avg. CPC": 0.016316, "Video played to 75%": 0.0, "Campaign state": "Total", "Video played to 50%": 0.0, "Interaction Rate": 34.25, "Mapping": false, "Account ID": "6942753385", "Start date": "", "Avg. CPE": 0.0, "Account Name": "[paused] G1 - WPL - ngoalong360", "Impressions": 1498, "Video played to 25%": 0.0, "Engagements": 0, "Conversions": 56.0, "Video played to 100%": 0.0, "Avg. Cost": 0.016316, "Interactions": 513, "Clicks": 513, "Avg. CPV": 0.0, "Unique cookies": "", "Invalid clicks": 18, "Advertising Sub Channel": "", "Interaction Types": "", "Avg. position": 1.0, "Date": "2017-03-03", "CTR": 34.25, "Dept": "WPL", "View rate": 0.0, "Bid Strategy Type": "", "Cost": 8.37, "Campaign ID": "", "Avg. CPM": 5.58745, "Campaign": "", "End date": ""}]