[{"Campaign serving status": "eligible", "Advertising Channel": "Search", "Views": 0, "Avg. CPC": 0.023793, "Video played to 75%": 0.0, "Campaign state": "enabled", "Video played to 50%": 0.0, "Interaction Rate": 39.41, "Mapping": false, "Account ID": "1033505012", "Start date": "2015-06-08", "Avg. CPE": 0.0, "Account Name": "[W] G1 - WPL - 360Game", "Impressions": 883, "Video played to 25%": 0.0, "Engagements": 0, "Conversions": 76.0, "Video played to 100%": 0.0, "Avg. Cost": 0.023793, "Interactions": 348, "Clicks": 348, "Avg. CPV": 0.0, "Unique cookies": "", "Invalid clicks": 93, "Advertising Sub Channel": "", "Interaction Types": ["Clicks"], "Avg. position": 1.1, "Date": "2017-03-01", "CTR": 39.41, "Dept": "WPL", "View rate": 0.0, "Bid Strategy Type": "cpc", "Cost": 8.28, "Campaign ID": "260085044", "Avg. CPM": 9.377123, "Campaign": "Gen-term_FH-GO-Exact-MOR", "End date": ""}, {"Campaign serving status": "eligible", "Advertising Channel": "Search", "Views": 0, "Avg. CPC": 0.0332, "Video played to 75%": 0.0, "Campaign state": "enabled", "Video played to 50%": 0.0, "Interaction Rate": 33.33, "Mapping": false, "Account ID": "1033505012", "Start date": "2015-06-08", "Avg. CPE": 0.0, "Account Name": "[W] G1 - WPL - 360Game", "Impressions": 150, "Video played to 25%": 0.0, "Engagements": 0, "Conversions": 11.0, "Video played to 100%": 0.0, "Avg. Cost": 0.0332, "Interactions": 50, "Clicks": 50, "Avg. CPV": 0.0, "Unique cookies": "", "Invalid clicks": 27, "Advertising Sub Channel": "", "Interaction Types": ["Clicks"], "Avg. position": 1.2, "Date": "2017-03-01", "CTR": 33.33, "Dept": "WPL", "View rate": 0.0, "Bid Strategy Type": "cpc", "Cost": 1.66, "Campaign ID": "260085644", "Avg. CPM": 11.066667, "Campaign": "Gen-term_FH-GO-Phrase-MOR", "End date": ""}, {"Campaign serving status": "eligible", "Advertising Channel": "Search", "Views": 0, "Avg. CPC": 0.173333, "Video played to 75%": 0.0, "Campaign state": "enabled", "Video played to 50%": 0.0, "Interaction Rate": 33.33, "Mapping": false, "Account ID": "1033505012", "Start date": "2015-06-08", "Avg. CPE": 0.0, "Account Name": "[W] G1 - WPL - 360Game", "Impressions": 18, "Video played to 25%": 0.0, "Engagements": 0, "Conversions": 1.0, "Video played to 100%": 0.0, "Avg. Cost": 0.173333, "Interactions": 6, "Clicks": 6, "Avg. CPV": 0.0, "Unique cookies": "", "Invalid clicks": 0, "Advertising Sub Channel": "", "Interaction Types": ["Clicks"], "Avg. position": 1.2, "Date": "2017-03-01", "CTR": 33.33, "Dept": "WPL", "View rate": 0.0, "Bid Strategy Type": "cpc", "Cost": 1.04, "Campaign ID": "260099204", "Avg. CPM": 57.777778, "Campaign": "Gen-term_FH-PCG-BM-MOR", "End date": ""}, {"Campaign serving status": "eligible", "Advertising Channel": "Search", "Views": 0, "Avg. CPC": 0.044857, "Video played to 75%": 0.0, "Campaign state": "enabled", "Video played to 50%": 0.0, "Interaction Rate": 28.81, "Mapping": false, "Account ID": "1033505012", "Start date": "2015-06-08", "Avg. CPE": 0.0, "Account Name": "[W] G1 - WPL - 360Game", "Impressions": 243, "Video played to 25%": 0.0, "Engagements": 0, "Conversions": 14.0, "Video played to 100%": 0.0, "Avg. Cost": 0.044857, "Interactions": 70, "Clicks": 70, "Avg. CPV": 0.0, "Unique cookies": "", "Invalid clicks": 7, "Advertising Sub Channel": "", "Interaction Types": ["Clicks"], "Avg. position": 1.2, "Date": "2017-03-01", "CTR": 28.81, "Dept": "WPL", "View rate": 0.0, "Bid Strategy Type": "cpc", "Cost": 3.14, "Campaign ID": "260113484", "Avg. CPM": 12.921811, "Campaign": "Gen-term_FH-WG-BMM-MOR", "End date": ""}, {"Campaign serving status": "eligible", "Advertising Channel": "Search", "Views": 0, "Avg. CPC": 0.04, "Video played to 75%": 0.0, "Campaign state": "enabled", "Video played to 50%": 0.0, "Interaction Rate": 16.67, "Mapping": false, "Account ID": "1033505012", "Start date": "2015-06-08", "Avg. CPE": 0.0, "Account Name": "[W] G1 - WPL - 360Game", "Impressions": 6, "Video played to 25%": 0.0, "Engagements": 0, "Conversions": 1.0, "Video played to 100%": 0.0, "Avg. Cost": 0.04, "Interactions": 1, "Clicks": 1, "Avg. CPV": 0.0, "Unique cookies": "", "Invalid clicks": 0, "Advertising Sub Channel": "", "Interaction Types": ["Clicks"], "Avg. position": 1.3, "Date": "2017-03-01", "CTR": 16.67, "Dept": "WPL", "View rate": 0.0, "Bid Strategy Type": "cpc", "Cost": 0.04, "Campaign ID": "260115404", "Avg. CPM": 6.666667, "Campaign": "Gen-term_MT-WG-Phrase-MOR", "End date": ""}, {"Campaign serving status": "eligible", "Advertising Channel": "Search", "Views": 0, "Avg. CPC": 0.017669, "Video played to 75%": 0.0, "Campaign state": "enabled", "Video played to 50%": 0.0, "Interaction Rate": 44.15, "Mapping": false, "Account ID": "1033505012", "Start date": "2016-08-18", "Avg. CPE": 0.0, "Account Name": "[W] G1 - WPL - 360Game", "Impressions": 4732, "Video played to 25%": 0.0, "Engagements": 0, "Conversions": 229.0, "Video played to 100%": 0.0, "Avg. Cost": 0.017669, "Interactions": 2089, "Clicks": 2089, "Avg. CPV": 0.0, "Unique cookies": "", "Invalid clicks": 643, "Advertising Sub Channel": "", "Interaction Types": ["Clicks"], "Avg. position": 1.0, "Date": "2017-03-01", "CTR": 44.15, "Dept": "WPL", "View rate": 0.0, "Bid Strategy Type": "cpc", "Cost": 36.91, "Campaign ID": "645195815", "Avg. CPM": 7.800085, "Campaign": "Brand-term_360Game", "End date": ""}, {"Campaign serving status": "eligible", "Advertising Channel": "Search", "Views": 0, "Avg. CPC": 0.084424, "Video played to 75%": 0.0, "Campaign state": "enabled", "Video played to 50%": 0.0, "Interaction Rate": 19.92, "Mapping": false, "Account ID": "1033505012", "Start date": "2015-06-08", "Avg. CPE": 0.0, "Account Name": "[W] G1 - WPL - 360Game", "Impressions": 12108, "Video played to 25%": 0.0, "Engagements": 0, "Conversions": 336.0, "Video played to 100%": 0.0, "Avg. Cost": 0.084424, "Interactions": 2412, "Clicks": 2412, "Avg. CPV": 0.0, "Unique cookies": "", "Invalid clicks": 336, "Advertising Sub Channel": "", "Interaction Types": ["Clicks"], "Avg. position": 1.4, "Date": "2017-03-01", "CTR": 19.92, "Dept": "WPL", "View rate": 0.0, "Bid Strategy Type": "cpc", "Cost": 203.63, "Campaign ID": "260084204", "Avg. CPM": 16.817806, "Campaign": "Gen-term_FH-Game-BM-MOR", "End date": ""}, {"Campaign serving status": "eligible", "Advertising Channel": "Search", "Views": 0, "Avg. CPC": 0.061818, "Video played to 75%": 0.0, "Campaign state": "enabled", "Video played to 50%": 0.0, "Interaction Rate": 34.38, "Mapping": false, "Account ID": "1033505012", "Start date": "2015-06-08", "Avg. CPE": 0.0, "Account Name": "[W] G1 - WPL - 360Game", "Impressions": 32, "Video played to 25%": 0.0, "Engagements": 0, "Conversions": 1.0, "Video played to 100%": 0.0, "Avg. Cost": 0.061818, "Interactions": 11, "Clicks": 11, "Avg. CPV": 0.0, "Unique cookies": "", "Invalid clicks": 0, "Advertising Sub Channel": "", "Interaction Types": ["Clicks"], "Avg. position": 1.1, "Date": "2017-03-01", "CTR": 34.38, "Dept": "WPL", "View rate": 0.0, "Bid Strategy Type": "cpc", "Cost": 0.68, "Campaign ID": "260112764", "Avg. CPM": 21.25, "Campaign": "Gen-term_FH-WG-Phrase-MOR", "End date": ""}, {"Campaign serving status": "eligible", "Advertising Channel": "Search", "Views": 0, "Avg. CPC": 0.121197, "Video played to 75%": 0.0, "Campaign state": "enabled", "Video played to 50%": 0.0, "Interaction Rate": 14.99, "Mapping": false, "Account ID": "1033505012", "Start date": "2015-06-08", "Avg. CPE": 0.0, "Account Name": "[W] G1 - WPL - 360Game", "Impressions": 11144, "Video played to 25%": 0.0, "Engagements": 0, "Conversions": 214.0, "Video played to 100%": 0.0, "Avg. Cost": 0.121197, "Interactions": 1671, "Clicks": 1671, "Avg. CPV": 0.0, "Unique cookies": "", "Invalid clicks": 225, "Advertising Sub Channel": "", "Interaction Types": ["Clicks"], "Avg. position": 1.0, "Date": "2017-03-01", "CTR": 14.99, "Dept": "WPL", "View rate": 0.0, "Bid Strategy Type": "cpc", "Cost": 202.52, "Campaign ID": "260112884", "Avg. CPM": 18.173008, "Campaign": "Gen-term_FH-WG-BM-MOR", "End date": ""}, {"Campaign serving status": "eligible", "Advertising Channel": "Search", "Views": 0, "Avg. CPC": 0.016715, "Video played to 75%": 0.0, "Campaign state": "enabled", "Video played to 50%": 0.0, "Interaction Rate": 46.6, "Mapping": false, "Account ID": "1033505012", "Start date": "2016-08-04", "Avg. CPE": 0.0, "Account Name": "[W] G1 - WPL - 360Game", "Impressions": 294, "Video played to 25%": 0.0, "Engagements": 0, "Conversions": 18.0, "Video played to 100%": 0.0, "Avg. Cost": 0.016715, "Interactions": 137, "Clicks": 137, "Avg. CPV": 0.0, "Unique cookies": "", "Invalid clicks": 47, "Advertising Sub Channel": "", "Interaction Types": ["Clicks"], "Avg. position": 1.1, "Date": "2017-03-01", "CTR": 46.6, "Dept": "WPL", "View rate": 0.0, "Bid Strategy Type": "cpc", "Cost": 2.29, "Campaign ID": "637556576", "Avg. CPM": 7.789116, "Campaign": "Brand-term_Kiem-Vu", "End date": ""}, {"Campaign serving status": "eligible", "Advertising Channel": "Search", "Views": 0, "Avg. CPC": 0.020822, "Video played to 75%": 0.0, "Campaign state": "enabled", "Video played to 50%": 0.0, "Interaction Rate": 31.95, "Mapping": false, "Account ID": "1033505012", "Start date": "2016-08-30", "Avg. CPE": 0.0, "Account Name": "[W] G1 - WPL - 360Game", "Impressions": 457, "Video played to 25%": 0.0, "Engagements": 0, "Conversions": 39.0, "Video played to 100%": 0.0, "Avg. Cost": 0.020822, "Interactions": 146, "Clicks": 146, "Avg. CPV": 0.0, "Unique cookies": "", "Invalid clicks": 65, "Advertising Sub Channel": "", "Interaction Types": ["Clicks"], "Avg. position": 1.1, "Date": "2017-03-01", "CTR": 31.95, "Dept": "WPL", "View rate": 0.0, "Bid Strategy Type": "cpc", "Cost": 3.04, "Campaign ID": "651551927", "Avg. CPM": 6.652079, "Campaign": "Brand-term_MUdts", "End date": ""}, {"Campaign serving status": "eligible", "Advertising Channel": "Search", "Views": 0, "Avg. CPC": 0.116505, "Video played to 75%": 0.0, "Campaign state": "paused", "Video played to 50%": 0.0, "Interaction Rate": 15.52, "Mapping": false, "Account ID": "1033505012", "Start date": "2016-09-14", "Avg. CPE": 0.0, "Account Name": "[W] G1 - WPL - 360Game", "Impressions": 7983, "Video played to 25%": 0.0, "Engagements": 0, "Conversions": 227.0, "Video played to 100%": 0.0, "Avg. Cost": 0.116505, "Interactions": 1239, "Clicks": 1239, "Avg. CPV": 0.0, "Unique cookies": "", "Invalid clicks": 155, "Advertising Sub Channel": "", "Interaction Types": ["Clicks"], "Avg. position": 1.4, "Date": "2017-03-01", "CTR": 15.52, "Dept": "WPL", "View rate": 0.0, "Bid Strategy Type": "cpc", "Cost": 144.35, "Campaign ID": "661683762", "Avg. CPM": 18.082175, "Campaign": "Brand-term_V\u00f5 L\u00e2m", "End date": ""}, {"Campaign serving status": "eligible", "Advertising Channel": "Search", "Views": 0, "Avg. CPC": 0.045132, "Video played to 75%": 0.0, "Campaign state": "enabled", "Video played to 50%": 0.0, "Interaction Rate": 24.2, "Mapping": false, "Account ID": "1033505012", "Start date": "2015-06-08", "Avg. CPE": 0.0, "Account Name": "[W] G1 - WPL - 360Game", "Impressions": 1256, "Video played to 25%": 0.0, "Engagements": 0, "Conversions": 40.0, "Video played to 100%": 0.0, "Avg. Cost": 0.045132, "Interactions": 304, "Clicks": 304, "Avg. CPV": 0.0, "Unique cookies": "", "Invalid clicks": 105, "Advertising Sub Channel": "", "Interaction Types": ["Clicks"], "Avg. position": 1.3, "Date": "2017-03-01", "CTR": 24.2, "Dept": "WPL", "View rate": 0.0, "Bid Strategy Type": "cpc", "Cost": 13.72, "Campaign ID": "260084084", "Avg. CPM": 10.923567, "Campaign": "Gen-term_FH-Game-Phrase-MOR", "End date": ""}, {"Campaign serving status": "eligible", "Advertising Channel": "Search", "Views": 0, "Avg. CPC": 0.052143, "Video played to 75%": 0.0, "Campaign state": "enabled", "Video played to 50%": 0.0, "Interaction Rate": 21.88, "Mapping": false, "Account ID": "1033505012", "Start date": "2015-06-08", "Avg. CPE": 0.0, "Account Name": "[W] G1 - WPL - 360Game", "Impressions": 64, "Video played to 25%": 0.0, "Engagements": 0, "Conversions": 3.0, "Video played to 100%": 0.0, "Avg. Cost": 0.052143, "Interactions": 14, "Clicks": 14, "Avg. CPV": 0.0, "Unique cookies": "", "Invalid clicks": 1, "Advertising Sub Channel": "", "Interaction Types": ["Clicks"], "Avg. position": 1.0, "Date": "2017-03-01", "CTR": 21.88, "Dept": "WPL", "View rate": 0.0, "Bid Strategy Type": "cpc", "Cost": 0.73, "Campaign ID": "260088764", "Avg. CPM": 11.40625, "Campaign": "Gen-term_MT-GO-Exact-MOR", "End date": ""}, {"Campaign serving status": "eligible", "Advertising Channel": "Search", "Views": 0, "Avg. CPC": 0.052, "Video played to 75%": 0.0, "Campaign state": "enabled", "Video played to 50%": 0.0, "Interaction Rate": 14.29, "Mapping": false, "Account ID": "1033505012", "Start date": "2015-06-08", "Avg. CPE": 0.0, "Account Name": "[W] G1 - WPL - 360Game", "Impressions": 35, "Video played to 25%": 0.0, "Engagements": 0, "Conversions": 1.0, "Video played to 100%": 0.0, "Avg. Cost": 0.052, "Interactions": 5, "Clicks": 5, "Avg. CPV": 0.0, "Unique cookies": "", "Invalid clicks": 0, "Advertising Sub Channel": "", "Interaction Types": ["Clicks"], "Avg. position": 1.2, "Date": "2017-03-01", "CTR": 14.29, "Dept": "WPL", "View rate": 0.0, "Bid Strategy Type": "cpc", "Cost": 0.26, "Campaign ID": "260112164", "Avg. CPM": 7.428571, "Campaign": "Gen-term_FH-WG-Exact-MOR", "End date": ""}, {"Campaign serving status": "eligible", "Advertising Channel": "Search", "Views": 0, "Avg. CPC": 0.074474, "Video played to 75%": 0.0, "Campaign state": "enabled", "Video played to 50%": 0.0, "Interaction Rate": 23.46, "Mapping": false, "Account ID": "1033505012", "Start date": "2015-06-08", "Avg. CPE": 0.0, "Account Name": "[W] G1 - WPL - 360Game", "Impressions": 162, "Video played to 25%": 0.0, "Engagements": 0, "Conversions": 10.0, "Video played to 100%": 0.0, "Avg. Cost": 0.074474, "Interactions": 38, "Clicks": 38, "Avg. CPV": 0.0, "Unique cookies": "", "Invalid clicks": 0, "Advertising Sub Channel": "", "Interaction Types": ["Clicks"], "Avg. position": 1.4, "Date": "2017-03-01", "CTR": 23.46, "Dept": "WPL", "View rate": 0.0, "Bid Strategy Type": "cpc", "Cost": 2.83, "Campaign ID": "260086124", "Avg. CPM": 17.469136, "Campaign": "Gen-term_MT-Game-Exact-MOR", "End date": ""}, {"Campaign serving status": "eligible", "Advertising Channel": "Search", "Views": 0, "Avg. CPC": 0.158333, "Video played to 75%": 0.0, "Campaign state": "enabled", "Video played to 50%": 0.0, "Interaction Rate": 60.0, "Mapping": false, "Account ID": "1033505012", "Start date": "2015-06-08", "Avg. CPE": 0.0, "Account Name": "[W] G1 - WPL - 360Game", "Impressions": 10, "Video played to 25%": 0.0, "Engagements": 0, "Conversions": 1.0, "Video played to 100%": 0.0, "Avg. Cost": 0.158333, "Interactions": 6, "Clicks": 6, "Avg. CPV": 0.0, "Unique cookies": "", "Invalid clicks": 0, "Advertising Sub Channel": "", "Interaction Types": ["Clicks"], "Avg. position": 1.0, "Date": "2017-03-01", "CTR": 60.0, "Dept": "WPL", "View rate": 0.0, "Bid Strategy Type": "cpc", "Cost": 0.95, "Campaign ID": "260101724", "Avg. CPM": 95.0, "Campaign": "Gen-term_FH-PCG-BMM-MOR", "End date": ""}, {"Campaign serving status": "eligible", "Advertising Channel": "Search", "Views": 0, "Avg. CPC": 0.055714, "Video played to 75%": 0.0, "Campaign state": "enabled", "Video played to 50%": 0.0, "Interaction Rate": 27.27, "Mapping": false, "Account ID": "1033505012", "Start date": "2015-06-08", "Avg. CPE": 0.0, "Account Name": "[W] G1 - WPL - 360Game", "Impressions": 77, "Video played to 25%": 0.0, "Engagements": 0, "Conversions": 7.0, "Video played to 100%": 0.0, "Avg. Cost": 0.055714, "Interactions": 21, "Clicks": 21, "Avg. CPV": 0.0, "Unique cookies": "", "Invalid clicks": 0, "Advertising Sub Channel": "", "Interaction Types": ["Clicks"], "Avg. position": 1.3, "Date": "2017-03-01", "CTR": 27.27, "Dept": "WPL", "View rate": 0.0, "Bid Strategy Type": "cpc", "Cost": 1.17, "Campaign ID": "260112404", "Avg. CPM": 15.194805, "Campaign": "Gen-term_MT-WG-BMM-MOR", "End date": ""}, {"Campaign serving status": "eligible", "Advertising Channel": "Search", "Views": 0, "Avg. CPC": 0.056213, "Video played to 75%": 0.0, "Campaign state": "enabled", "Video played to 50%": 0.0, "Interaction Rate": 24.69, "Mapping": false, "Account ID": "1033505012", "Start date": "2015-06-08", "Avg. CPE": 0.0, "Account Name": "[W] G1 - WPL - 360Game", "Impressions": 1219, "Video played to 25%": 0.0, "Engagements": 0, "Conversions": 43.0, "Video played to 100%": 0.0, "Avg. Cost": 0.056213, "Interactions": 301, "Clicks": 301, "Avg. CPV": 0.0, "Unique cookies": "", "Invalid clicks": 41, "Advertising Sub Channel": "", "Interaction Types": ["Clicks"], "Avg. position": 1.4, "Date": "2017-03-01", "CTR": 24.69, "Dept": "WPL", "View rate": 0.0, "Bid Strategy Type": "cpc", "Cost": 16.92, "Campaign ID": "260085404", "Avg. CPM": 13.88023, "Campaign": "Gen-term_FH-GO-BMM-MOR", "End date": ""}, {"Campaign serving status": "eligible", "Advertising Channel": "Search", "Views": 0, "Avg. CPC": 0.052069, "Video played to 75%": 0.0, "Campaign state": "enabled", "Video played to 50%": 0.0, "Interaction Rate": 18.47, "Mapping": false, "Account ID": "1033505012", "Start date": "2015-06-08", "Avg. CPE": 0.0, "Account Name": "[W] G1 - WPL - 360Game", "Impressions": 157, "Video played to 25%": 0.0, "Engagements": 0, "Conversions": 6.0, "Video played to 100%": 0.0, "Avg. Cost": 0.052069, "Interactions": 29, "Clicks": 29, "Avg. CPV": 0.0, "Unique cookies": "", "Invalid clicks": 6, "Advertising Sub Channel": "", "Interaction Types": ["Clicks"], "Avg. position": 1.7, "Date": "2017-03-01", "CTR": 18.47, "Dept": "WPL", "View rate": 0.0, "Bid Strategy Type": "cpc", "Cost": 1.51, "Campaign ID": "260086724", "Avg. CPM": 9.617834, "Campaign": "Gen-term_MT-Game-Phrase-MOR", "End date": ""}, {"Campaign serving status": "eligible", "Advertising Channel": "Search", "Views": 0, "Avg. CPC": 0.05275, "Video played to 75%": 0.0, "Campaign state": "paused", "Video played to 50%": 0.0, "Interaction Rate": 27.53, "Mapping": false, "Account ID": "1033505012", "Start date": "2015-06-08", "Avg. CPE": 0.0, "Account Name": "[W] G1 - WPL - 360Game", "Impressions": 13010, "Video played to 25%": 0.0, "Engagements": 0, "Conversions": 381.0, "Video played to 100%": 0.0, "Avg. Cost": 0.05275, "Interactions": 3582, "Clicks": 3582, "Avg. CPV": 0.0, "Unique cookies": "", "Invalid clicks": 1107, "Advertising Sub Channel": "", "Interaction Types": ["Clicks"], "Avg. position": 1.2, "Date": "2017-03-01", "CTR": 27.53, "Dept": "WPL", "View rate": 0.0, "Bid Strategy Type": "cpc", "Cost": 188.95, "Campaign ID": "260168084", "Avg. CPM": 14.523444, "Campaign": "Gen-term_360Game-BM-Mor", "End date": ""}, {"Campaign serving status": "eligible", "Advertising Channel": "Search", "Views": 0, "Avg. CPC": 0.059859, "Video played to 75%": 0.0, "Campaign state": "enabled", "Video played to 50%": 0.0, "Interaction Rate": 36.79, "Mapping": false, "Account ID": "1033505012", "Start date": "2016-08-04", "Avg. CPE": 0.0, "Account Name": "[W] G1 - WPL - 360Game", "Impressions": 193, "Video played to 25%": 0.0, "Engagements": 0, "Conversions": 8.0, "Video played to 100%": 0.0, "Avg. Cost": 0.059859, "Interactions": 71, "Clicks": 71, "Avg. CPV": 0.0, "Unique cookies": "", "Invalid clicks": 4, "Advertising Sub Channel": "", "Interaction Types": ["Clicks"], "Avg. position": 1.1, "Date": "2017-03-01", "CTR": 36.79, "Dept": "WPL", "View rate": 0.0, "Bid Strategy Type": "cpc", "Cost": 4.25, "Campaign ID": "637694772", "Avg. CPM": 22.020725, "Campaign": "Brand-term_Phong-Van", "End date": ""}, {"Campaign serving status": "eligible", "Advertising Channel": "Search", "Views": 0, "Avg. CPC": 0.052754, "Video played to 75%": 0.0, "Campaign state": "enabled", "Video played to 50%": 0.0, "Interaction Rate": 34.46, "Mapping": false, "Account ID": "1033505012", "Start date": "2016-08-04", "Avg. CPE": 0.0, "Account Name": "[W] G1 - WPL - 360Game", "Impressions": 4625, "Video played to 25%": 0.0, "Engagements": 0, "Conversions": 165.0, "Video played to 100%": 0.0, "Avg. Cost": 0.052754, "Interactions": 1594, "Clicks": 1594, "Avg. CPV": 0.0, "Unique cookies": "", "Invalid clicks": 431, "Advertising Sub Channel": "", "Interaction Types": ["Clicks"], "Avg. position": 1.0, "Date": "2017-03-01", "CTR": 34.46, "Dept": "WPL", "View rate": 0.0, "Bid Strategy Type": "cpc", "Cost": 84.09, "Campaign ID": "637694601", "Avg. CPM": 18.181622, "Campaign": "Brand-term_Vo-Lam-Chi-Mong", "End date": ""}, {"Campaign serving status": "eligible", "Advertising Channel": "Search", "Views": 0, "Avg. CPC": 0.075714, "Video played to 75%": 0.0, "Campaign state": "enabled", "Video played to 50%": 0.0, "Interaction Rate": 14.58, "Mapping": false, "Account ID": "1033505012", "Start date": "2015-06-08", "Avg. CPE": 0.0, "Account Name": "[W] G1 - WPL - 360Game", "Impressions": 48, "Video played to 25%": 0.0, "Engagements": 0, "Conversions": 0.0, "Video played to 100%": 0.0, "Avg. Cost": 0.075714, "Interactions": 7, "Clicks": 7, "Avg. CPV": 0.0, "Unique cookies": "", "Invalid clicks": 0, "Advertising Sub Channel": "", "Interaction Types": ["Clicks"], "Avg. position": 1.0, "Date": "2017-03-01", "CTR": 14.58, "Dept": "WPL", "View rate": 0.0, "Bid Strategy Type": "cpc", "Cost": 0.53, "Campaign ID": "260100644", "Avg. CPM": 11.041667, "Campaign": "Gen-term_MT-PCG-BMM-MOR", "End date": ""}, {"Campaign serving status": "eligible", "Advertising Channel": "Search", "Views": 0, "Avg. CPC": 0.056667, "Video played to 75%": 0.0, "Campaign state": "enabled", "Video played to 50%": 0.0, "Interaction Rate": 23.08, "Mapping": false, "Account ID": "1033505012", "Start date": "2015-06-08", "Avg. CPE": 0.0, "Account Name": "[W] G1 - WPL - 360Game", "Impressions": 13, "Video played to 25%": 0.0, "Engagements": 0, "Conversions": 2.0, "Video played to 100%": 0.0, "Avg. Cost": 0.056667, "Interactions": 3, "Clicks": 3, "Avg. CPV": 0.0, "Unique cookies": "", "Invalid clicks": 0, "Advertising Sub Channel": "", "Interaction Types": ["Clicks"], "Avg. position": 1.3, "Date": "2017-03-01", "CTR": 23.08, "Dept": "WPL", "View rate": 0.0, "Bid Strategy Type": "cpc", "Cost": 0.17, "Campaign ID": "260114804", "Avg. CPM": 13.076923, "Campaign": "Gen-term_MT-WG-Exact-MOR", "End date": ""}, {"Campaign serving status": "eligible", "Advertising Channel": "Search", "Views": 0, "Avg. CPC": 0.025, "Video played to 75%": 0.0, "Campaign state": "enabled", "Video played to 50%": 0.0, "Interaction Rate": 33.33, "Mapping": false, "Account ID": "1033505012", "Start date": "2016-10-15", "Avg. CPE": 0.0, "Account Name": "[W] G1 - WPL - 360Game", "Impressions": 6, "Video played to 25%": 0.0, "Engagements": 0, "Conversions": 0.0, "Video played to 100%": 0.0, "Avg. Cost": 0.025, "Interactions": 2, "Clicks": 2, "Avg. CPV": 0.0, "Unique cookies": "", "Invalid clicks": 8, "Advertising Sub Channel": "", "Interaction Types": ["Clicks"], "Avg. position": 1.0, "Date": "2017-03-01", "CTR": 33.33, "Dept": "WPL", "View rate": 0.0, "Bid Strategy Type": "cpc", "Cost": 0.05, "Campaign ID": "682038434", "Avg. CPM": 8.333333, "Campaign": "Brand-term_\u0110ai-Chua-Te", "End date": ""}, {"Campaign serving status": "eligible", "Advertising Channel": "Search", "Views": 0, "Avg. CPC": 0.047985, "Video played to 75%": 0.0, "Campaign state": "enabled", "Video played to 50%": 0.0, "Interaction Rate": 22.15, "Mapping": false, "Account ID": "1033505012", "Start date": "2015-06-08", "Avg. CPE": 0.0, "Account Name": "[W] G1 - WPL - 360Game", "Impressions": 605, "Video played to 25%": 0.0, "Engagements": 0, "Conversions": 18.0, "Video played to 100%": 0.0, "Avg. Cost": 0.047985, "Interactions": 134, "Clicks": 134, "Avg. CPV": 0.0, "Unique cookies": "", "Invalid clicks": 20, "Advertising Sub Channel": "", "Interaction Types": ["Clicks"], "Avg. position": 1.3, "Date": "2017-03-01", "CTR": 22.15, "Dept": "WPL", "View rate": 0.0, "Bid Strategy Type": "cpc", "Cost": 6.43, "Campaign ID": "260083724", "Avg. CPM": 10.628099, "Campaign": "Gen-term_MT-Game-BMM-MOR", "End date": ""}, {"Campaign serving status": "eligible", "Advertising Channel": "Search", "Views": 0, "Avg. CPC": 0.07034, "Video played to 75%": 0.0, "Campaign state": "enabled", "Video played to 50%": 0.0, "Interaction Rate": 28.05, "Mapping": false, "Account ID": "1033505012", "Start date": "2015-06-08", "Avg. CPE": 0.0, "Account Name": "[W] G1 - WPL - 360Game", "Impressions": 524, "Video played to 25%": 0.0, "Engagements": 0, "Conversions": 17.0, "Video played to 100%": 0.0, "Avg. Cost": 0.07034, "Interactions": 147, "Clicks": 147, "Avg. CPV": 0.0, "Unique cookies": "", "Invalid clicks": 79, "Advertising Sub Channel": "", "Interaction Types": ["Clicks"], "Avg. position": 1.3, "Date": "2017-03-01", "CTR": 28.05, "Dept": "WPL", "View rate": 0.0, "Bid Strategy Type": "cpc", "Cost": 10.34, "Campaign ID": "260084684", "Avg. CPM": 19.732824, "Campaign": "Gen-term_FH-Game-BMM-MOR", "End date": ""}, {"Campaign serving status": "eligible", "Advertising Channel": "Search", "Views": 0, "Avg. CPC": 0.044286, "Video played to 75%": 0.0, "Campaign state": "enabled", "Video played to 50%": 0.0, "Interaction Rate": 26.92, "Mapping": false, "Account ID": "1033505012", "Start date": "2015-06-08", "Avg. CPE": 0.0, "Account Name": "[W] G1 - WPL - 360Game", "Impressions": 26, "Video played to 25%": 0.0, "Engagements": 0, "Conversions": 0.0, "Video played to 100%": 0.0, "Avg. Cost": 0.044286, "Interactions": 7, "Clicks": 7, "Avg. CPV": 0.0, "Unique cookies": "", "Invalid clicks": 0, "Advertising Sub Channel": "", "Interaction Types": ["Clicks"], "Avg. position": 1.2, "Date": "2017-03-01", "CTR": 26.92, "Dept": "WPL", "View rate": 0.0, "Bid Strategy Type": "cpc", "Cost": 0.31, "Campaign ID": "260088164", "Avg. CPM": 11.923077, "Campaign": "Gen-term_MT-GO-BMM-MOR", "End date": ""}, {"Campaign serving status": "eligible", "Advertising Channel": "Search", "Views": 0, "Avg. CPC": 0.058052, "Video played to 75%": 0.0, "Campaign state": "enabled", "Video played to 50%": 0.0, "Interaction Rate": 26.46, "Mapping": false, "Account ID": "1033505012", "Start date": "2015-06-08", "Avg. CPE": 0.0, "Account Name": "[W] G1 - WPL - 360Game", "Impressions": 291, "Video played to 25%": 0.0, "Engagements": 0, "Conversions": 22.0, "Video played to 100%": 0.0, "Avg. Cost": 0.058052, "Interactions": 77, "Clicks": 77, "Avg. CPV": 0.0, "Unique cookies": "", "Invalid clicks": 13, "Advertising Sub Channel": "", "Interaction Types": ["Clicks"], "Avg. position": 1.1, "Date": "2017-03-01", "CTR": 26.46, "Dept": "WPL", "View rate": 0.0, "Bid Strategy Type": "cpc", "Cost": 4.47, "Campaign ID": "260083484", "Avg. CPM": 15.360825, "Campaign": "Gen-term_FH-Game-Exact-MOR", "End date": ""}, {"Campaign serving status": "eligible", "Advertising Channel": "Search", "Views": 0, "Avg. CPC": 0.044596, "Video played to 75%": 0.0, "Campaign state": "paused", "Video played to 50%": 0.0, "Interaction Rate": 24.66, "Mapping": false, "Account ID": "1033505012", "Start date": "2015-06-21", "Avg. CPE": 0.0, "Account Name": "[W] G1 - WPL - 360Game", "Impressions": 6830, "Video played to 25%": 0.0, "Engagements": 0, "Conversions": 198.0, "Video played to 100%": 0.0, "Avg. Cost": 0.044596, "Interactions": 1684, "Clicks": 1684, "Avg. CPV": 0.0, "Unique cookies": "", "Invalid clicks": 455, "Advertising Sub Channel": "", "Interaction Types": ["Clicks"], "Avg. position": 1.1, "Date": "2017-03-01", "CTR": 24.66, "Dept": "WPL", "View rate": 0.0, "Bid Strategy Type": "cpc", "Cost": 75.1, "Campaign ID": "263315804", "Avg. CPM": 10.995608, "Campaign": "Gen-term_360Play-BM-Mor", "End date": ""}, {"Campaign serving status": "eligible", "Advertising Channel": "Search", "Views": 0, "Avg. CPC": 0.015517, "Video played to 75%": 0.0, "Campaign state": "enabled", "Video played to 50%": 0.0, "Interaction Rate": 72.5, "Mapping": false, "Account ID": "1033505012", "Start date": "2016-08-12", "Avg. CPE": 0.0, "Account Name": "[W] G1 - WPL - 360Game", "Impressions": 40, "Video played to 25%": 0.0, "Engagements": 0, "Conversions": 5.0, "Video played to 100%": 0.0, "Avg. Cost": 0.015517, "Interactions": 29, "Clicks": 29, "Avg. CPV": 0.0, "Unique cookies": "", "Invalid clicks": 2, "Advertising Sub Channel": "", "Interaction Types": ["Clicks"], "Avg. position": 1.0, "Date": "2017-03-01", "CTR": 72.5, "Dept": "WPL", "View rate": 0.0, "Bid Strategy Type": "cpc", "Cost": 0.45, "Campaign ID": "642570944", "Avg. CPM": 11.25, "Campaign": "Brand-term_TTTD-ex", "End date": ""}, {"Campaign serving status": "eligible", "Advertising Channel": "Search", "Views": 0, "Avg. CPC": 0.027281, "Video played to 75%": 0.0, "Campaign state": "enabled", "Video played to 50%": 0.0, "Interaction Rate": 39.31, "Mapping": false, "Account ID": "1033505012", "Start date": "2016-08-04", "Avg. CPE": 0.0, "Account Name": "[W] G1 - WPL - 360Game", "Impressions": 290, "Video played to 25%": 0.0, "Engagements": 0, "Conversions": 7.0, "Video played to 100%": 0.0, "Avg. Cost": 0.027281, "Interactions": 114, "Clicks": 114, "Avg. CPV": 0.0, "Unique cookies": "", "Invalid clicks": 28, "Advertising Sub Channel": "", "Interaction Types": ["Clicks"], "Avg. position": 1.0, "Date": "2017-03-01", "CTR": 39.31, "Dept": "WPL", "View rate": 0.0, "Bid Strategy Type": "cpc", "Cost": 3.11, "Campaign ID": "637694769", "Avg. CPM": 10.724138, "Campaign": "Brand-term_Thien-Long-Bat-Bo", "End date": ""}, {"Campaign serving status": "", "Advertising Channel": "", "Views": 0, "Avg. CPC": 0.062629, "Video played to 75%": 0.0, "Campaign state": "Total", "Video played to 50%": 0.0, "Interaction Rate": 24.2, "Mapping": false, "Account ID": "1033505012", "Start date": "", "Avg. CPE": 0.0, "Account Name": "[W] G1 - WPL - 360Game", "Impressions": 67544, "Video played to 25%": 0.0, "Engagements": 0, "Conversions": 2101.0, "Video played to 100%": 0.0, "Avg. Cost": 0.062629, "Interactions": 16349, "Clicks": 16349, "Avg. CPV": 0.0, "Unique cookies": "", "Invalid clicks": 3898, "Advertising Sub Channel": "", "Interaction Types": "", "Avg. position": 1.2, "Date": "2017-03-01", "CTR": 24.2, "Dept": "WPL", "View rate": 0.0, "Bid Strategy Type": "", "Cost": 1023.92, "Campaign ID": "", "Avg. CPM": 15.159304, "Campaign": "", "End date": ""}]