[{"Campaign state": "paused", "Interaction Types": ["Clicks"], "Campaign serving status": "eligible", "Cost": 2.76, "Interactions": 104, "Avg. CPM": 5.935484, "Bid Strategy Type": "cpc", "Video played to 100%": 0.0, "Avg. CPE": 0.0, "Mapping": false, "Start date": "2014-07-09", "View rate": 0.0, "Account ID": "1493302671", "Avg. CPC": 0.026538, "Conversions": 29.0, "Video played to 75%": 0.0, "Impressions": 465, "Avg. position": 1.3, "Advertising Sub Channel": "", "Campaign ID": 192460947, "Avg. Cost": 0.026538, "Avg. CPV": 0.0, "Campaign": "Brand-term_Game PhongVan", "Interaction Rate": 22.37, "Advertising Channel": "Search", "Video played to 50%": 0.0, "Date": "2017-08-04", "End date": "", "CTR": 22.37, "Video played to 25%": 0.0, "Engagements": 0, "Invalid clicks": 12, "Clicks": 104, "Views": 0, "Unique cookies": ""}, {"Campaign state": "paused", "Interaction Types": ["Clicks"], "Campaign serving status": "eligible", "Cost": 8.93, "Interactions": 168, "Avg. CPM": 10.850547, "Bid Strategy Type": "cpc", "Video played to 100%": 0.0, "Avg. CPE": 0.0, "Mapping": false, "Start date": "2014-07-09", "View rate": 0.0, "Account ID": "1493302671", "Avg. CPC": 0.053155, "Conversions": 46.0, "Video played to 75%": 0.0, "Impressions": 823, "Avg. position": 1.0, "Advertising Sub Channel": "", "Campaign ID": 192461067, "Avg. Cost": 0.053155, "Avg. CPV": 0.0, "Campaign": "Brand-term_PhongVan", "Interaction Rate": 20.41, "Advertising Channel": "Search", "Video played to 50%": 0.0, "Date": "2017-08-04", "End date": "", "CTR": 20.41, "Video played to 25%": 0.0, "Engagements": 0, "Invalid clicks": 16, "Clicks": 168, "Views": 0, "Unique cookies": ""}, {"Campaign state": "paused", "Interaction Types": ["Clicks"], "Campaign serving status": "eligible", "Cost": 0.13, "Interactions": 3, "Avg. CPM": 6.842105, "Bid Strategy Type": "cpc", "Video played to 100%": 0.0, "Avg. CPE": 0.0, "Mapping": false, "Start date": "2015-09-01", "View rate": 0.0, "Account ID": "1493302671", "Avg. CPC": 0.043333, "Conversions": 0.0, "Video played to 75%": 0.0, "Impressions": 19, "Avg. position": 1.4, "Advertising Sub Channel": "", "Campaign ID": 280122747, "Avg. Cost": 0.043333, "Avg. CPV": 0.0, "Campaign": "Competitor-term_Tan PhongVan", "Interaction Rate": 15.79, "Advertising Channel": "Search", "Video played to 50%": 0.0, "Date": "2017-08-04", "End date": "", "CTR": 15.79, "Video played to 25%": 0.0, "Engagements": 0, "Invalid clicks": 1, "Clicks": 3, "Views": 0, "Unique cookies": ""}, {"Campaign state": "Total", "Interaction Types": "", "Campaign serving status": "", "Cost": 11.82, "Interactions": 275, "Avg. CPM": 9.043611, "Bid Strategy Type": "", "Video played to 100%": 0.0, "Avg. CPE": 0.0, "Mapping": false, "Start date": "", "View rate": 0.0, "Account ID": "1493302671", "Avg. CPC": 0.042982, "Conversions": 75.0, "Video played to 75%": 0.0, "Impressions": 1307, "Avg. position": 1.1, "Advertising Sub Channel": "", "Campaign ID": "", "Avg. Cost": 0.042982, "Avg. CPV": 0.0, "Campaign": "", "Interaction Rate": 21.04, "Advertising Channel": "", "Video played to 50%": 0.0, "Date": "2017-08-04", "End date": "", "CTR": 21.04, "Video played to 25%": 0.0, "Engagements": 0, "Invalid clicks": 29, "Clicks": 275, "Views": 0, "Unique cookies": ""}]