[{"Start date": "2017-04-24", "Advertising Sub Channel": "Search Mobile App", "Impressions": 1125, "Avg. position": 1.0, "Campaign serving status": "eligible", "Advertising Channel": "Search", "Invalid clicks": 32, "Interactions": 254, "Video played to 50%": 0.0, "Interaction Types": ["Clicks"], "Conversions": 40.0, "Views": 0, "Engagements": 0, "Avg. CPE": 0.0, "Account Name": "[M] - cfmobile - Appinstall - Android - VN", "End date": "", "Video played to 100%": 0.0, "Clicks": 254, "Avg. Cost": 0.094331, "Account ID": "9595118601", "Video played to 25%": 0.0, "View rate": 0.0, "Avg. CPV": 0.0, "Video played to 75%": 0.0, "Avg. CPM": 21.297778, "CTR": 22.58, "Campaign state": "enabled", "Campaign ID": 810296345, "Interaction Rate": 22.58, "Bid Strategy Type": "Target CPA", "Date": "2017-08-03", "Mapping": false, "Campaign": "Android_CT-01_Competitor_CS", "Avg. CPC": 0.094331, "Unique cookies": "", "Cost": 23.96}, {"Start date": "2017-04-20", "Advertising Sub Channel": "Search Mobile App", "Impressions": 8414, "Avg. position": 1.0, "Campaign serving status": "eligible", "Advertising Channel": "Search", "Invalid clicks": 239, "Interactions": 1463, "Video played to 50%": 0.0, "Interaction Types": ["Clicks"], "Conversions": 265.0, "Views": 0, "Engagements": 0, "Avg. CPE": 0.0, "Account Name": "[M] - cfmobile - Appinstall - Android - VN", "End date": "", "Video played to 100%": 0.0, "Clicks": 1463, "Avg. Cost": 0.079166, "Account ID": "9595118601", "Video played to 25%": 0.0, "View rate": 0.0, "Avg. CPV": 0.0, "Video played to 75%": 0.0, "Avg. CPM": 13.765153, "CTR": 17.39, "Campaign state": "enabled", "Campaign ID": 808176470, "Interaction Rate": 17.39, "Bid Strategy Type": "Target CPA", "Date": "2017-08-03", "Mapping": false, "Campaign": "Android_CT-01_Brand_CFonly", "Avg. CPC": 0.079166, "Unique cookies": "", "Cost": 115.82}, {"Start date": "2017-04-13", "Advertising Sub Channel": "Search Mobile App", "Impressions": 30535, "Avg. position": 1.3, "Campaign serving status": "eligible", "Advertising Channel": "Search", "Invalid clicks": 846, "Interactions": 6691, "Video played to 50%": 0.0, "Interaction Types": ["Clicks"], "Conversions": 1007.0, "Views": 0, "Engagements": 0, "Avg. CPE": 0.0, "Account Name": "[M] - cfmobile - Appinstall - Android - VN", "End date": "", "Video played to 100%": 0.0, "Clicks": 6691, "Avg. Cost": 0.076522, "Account ID": "9595118601", "Video played to 25%": 0.0, "View rate": 0.0, "Avg. CPV": 0.0, "Video played to 75%": 0.0, "Avg. CPM": 16.767971, "CTR": 21.91, "Campaign state": "paused", "Campaign ID": 803995629, "Interaction Rate": 21.91, "Bid Strategy Type": "Target CPA", "Date": "2017-08-03", "Mapping": false, "Campaign": "Android_CT-01_Generic_FPSChung", "Avg. CPC": 0.076522, "Unique cookies": "", "Cost": 512.01}, {"Start date": "2017-04-20", "Advertising Sub Channel": "Search Mobile App", "Impressions": 1637, "Avg. position": 1.0, "Campaign serving status": "eligible", "Advertising Channel": "Search", "Invalid clicks": 92, "Interactions": 701, "Video played to 50%": 0.0, "Interaction Types": ["Clicks"], "Conversions": 102.0, "Views": 0, "Engagements": 0, "Avg. CPE": 0.0, "Account Name": "[M] - cfmobile - Appinstall - Android - VN", "End date": "", "Video played to 100%": 0.0, "Clicks": 701, "Avg. Cost": 0.024194, "Account ID": "9595118601", "Video played to 25%": 0.0, "View rate": 0.0, "Avg. CPV": 0.0, "Video played to 75%": 0.0, "Avg. CPM": 10.360415, "CTR": 42.82, "Campaign state": "enabled", "Campaign ID": 807561838, "Interaction Rate": 42.82, "Bid Strategy Type": "Target CPA", "Date": "2017-08-03", "Mapping": false, "Campaign": "Android_CT-01_Brand_Crossfire", "Avg. CPC": 0.024194, "Unique cookies": "", "Cost": 16.96}, {"Start date": "2017-04-12", "Advertising Sub Channel": "Universal App Campaign", "Impressions": 2231358, "Avg. position": 1.1, "Campaign serving status": "eligible", "Advertising Channel": "Multi Channel", "Invalid clicks": 3864, "Interactions": 68947, "Video played to 50%": 9.84, "Interaction Types": ["Clicks", "Engagements", "Views"], "Conversions": 6532.0, "Views": 19422, "Engagements": 12775, "Avg. CPE": 0.01557, "Account Name": "[M] - cfmobile - Appinstall - Android - VN", "End date": "", "Video played to 100%": 4.17, "Clicks": 44541, "Avg. Cost": 0.028381, "Account ID": "9595118601", "Video played to 25%": 17.5, "View rate": 13.78, "Avg. CPV": 0.010197, "Video played to 75%": 6.76, "Avg. CPM": 0.876942, "CTR": 2.0, "Campaign state": "enabled", "Campaign ID": 803369718, "Interaction Rate": 3.09, "Bid Strategy Type": "Target CPA", "Date": "2017-08-03", "Mapping": false, "Campaign": "Android_CT-04_TA0-00_DE-04", "Avg. CPC": 0.043932, "Unique cookies": "", "Cost": 1956.77081}, {"Start date": "2017-04-13", "Advertising Sub Channel": "Search Mobile App", "Impressions": 1140, "Avg. position": 1.0, "Campaign serving status": "eligible", "Advertising Channel": "Search", "Invalid clicks": 130, "Interactions": 586, "Video played to 50%": 0.0, "Interaction Types": ["Clicks"], "Conversions": 151.0, "Views": 0, "Engagements": 0, "Avg. CPE": 0.0, "Account Name": "[M] - cfmobile - Appinstall - Android - VN", "End date": "", "Video played to 100%": 0.0, "Clicks": 586, "Avg. Cost": 0.017048, "Account ID": "9595118601", "Video played to 25%": 0.0, "View rate": 0.0, "Avg. CPV": 0.0, "Video played to 75%": 0.0, "Avg. CPM": 8.763158, "CTR": 51.4, "Campaign state": "enabled", "Campaign ID": 803047828, "Interaction Rate": 51.4, "Bid Strategy Type": "Target CPA", "Date": "2017-08-03", "Mapping": false, "Campaign": "Android_CT-01_Brand_CF", "Avg. CPC": 0.017048, "Unique cookies": "", "Cost": 9.99}, {"Start date": "2017-04-17", "Advertising Sub Channel": "Search Mobile App", "Impressions": 18879, "Avg. position": 1.0, "Campaign serving status": "eligible", "Advertising Channel": "Search", "Invalid clicks": 706, "Interactions": 4995, "Video played to 50%": 0.0, "Interaction Types": ["Clicks"], "Conversions": 922.0, "Views": 0, "Engagements": 0, "Avg. CPE": 0.0, "Account Name": "[M] - cfmobile - Appinstall - Android - VN", "End date": "", "Video played to 100%": 0.0, "Clicks": 4995, "Avg. Cost": 0.081343, "Account ID": "9595118601", "Video played to 25%": 0.0, "View rate": 0.0, "Avg. CPV": 0.0, "Video played to 75%": 0.0, "Avg. CPM": 21.521797, "CTR": 26.46, "Campaign state": "enabled", "Campaign ID": 804838690, "Interaction Rate": 26.46, "Bid Strategy Type": "Target CPA", "Date": "2017-08-03", "Mapping": false, "Campaign": "Android_CT-01_Brand_Competitor_DotKich", "Avg. CPC": 0.081343, "Unique cookies": "", "Cost": 406.31}, {"Start date": "", "Advertising Sub Channel": "", "Impressions": 2293088, "Avg. position": 1.1, "Campaign serving status": "", "Advertising Channel": "", "Invalid clicks": 5909, "Interactions": 83637, "Video played to 50%": 9.84, "Interaction Types": "", "Conversions": 9019.0, "Views": 19422, "Engagements": 12775, "Avg. CPE": 0.01557, "Account Name": "[M] - cfmobile - Appinstall - Android - VN", "End date": "", "Video played to 100%": 4.17, "Clicks": 59231, "Avg. Cost": 0.036369, "Account ID": "9595118601", "Video played to 25%": 17.5, "View rate": 13.78, "Avg. CPV": 0.010197, "Video played to 75%": 6.76, "Avg. CPM": 1.326517, "CTR": 2.58, "Campaign state": "Total", "Campaign ID": "", "Interaction Rate": 3.65, "Bid Strategy Type": "", "Date": "2017-08-03", "Mapping": false, "Campaign": "", "Avg. CPC": 0.051355, "Unique cookies": "", "Cost": 3041.82081}]