[{"Bid Strategy Type": "cpc", "Account Name": "[paused] G1 - WPL - vc360-4", "End date": "", "Advertising Channel": "Search", "Mapping": false, "Campaign": "Gen-term_FH-W-HAY_webgame hay-ex", "Date": "2017-05-04", "Avg. CPE": 0.0, "Video played to 50%": 0.0, "Clicks": 1, "Cost": 0.05, "Video played to 25%": 0.0, "Interaction Types": ["Clicks"], "Campaign state": "paused", "Avg. position": 2.8, "Interactions": 1, "View rate": 0.0, "Campaign serving status": "eligible", "Engagements": 0, "Avg. Cost": 0.05, "Conversions": 0.0, "Avg. CPV": 0.0, "Invalid clicks": 0, "Unique cookies": "", "Campaign ID": 723874771, "Views": 0, "Interaction Rate": 25.0, "Advertising Sub Channel": "", "Account ID": "9392975361", "Video played to 100%": 0.0, "CTR": 25.0, "Start date": "2016-12-22", "Avg. CPC": 0.05, "Video played to 75%": 0.0, "Impressions": 4, "Avg. CPM": 12.5}, {"Bid Strategy Type": "cpc", "Account Name": "[paused] G1 - WPL - vc360-4", "End date": "", "Advertising Channel": "Search", "Mapping": false, "Campaign": "Gen-term_FH-G-KH_game kiem hiep-ex", "Date": "2017-05-04", "Avg. CPE": 0.0, "Video played to 50%": 0.0, "Clicks": 2, "Cost": 0.15, "Video played to 25%": 0.0, "Interaction Types": ["Clicks"], "Campaign state": "paused", "Avg. position": 2.2, "Interactions": 2, "View rate": 0.0, "Campaign serving status": "eligible", "Engagements": 0, "Avg. Cost": 0.075, "Conversions": 0.0, "Avg. CPV": 0.0, "Invalid clicks": 0, "Unique cookies": "", "Campaign ID": 723878371, "Views": 0, "Interaction Rate": 33.33, "Advertising Sub Channel": "", "Account ID": "9392975361", "Video played to 100%": 0.0, "CTR": 33.33, "Start date": "2016-12-22", "Avg. CPC": 0.075, "Video played to 75%": 0.0, "Impressions": 6, "Avg. CPM": 25.0}, {"Bid Strategy Type": "cpc", "Account Name": "[paused] G1 - WPL - vc360-4", "End date": "", "Advertising Channel": "Search", "Mapping": false, "Campaign": "Gen-term_FH-W-NEW_webgame m\u1edbi-bmm", "Date": "2017-05-04", "Avg. CPE": 0.0, "Video played to 50%": 0.0, "Clicks": 1, "Cost": 0.08, "Video played to 25%": 0.0, "Interaction Types": ["Clicks"], "Campaign state": "paused", "Avg. position": 3.0, "Interactions": 1, "View rate": 0.0, "Campaign serving status": "eligible", "Engagements": 0, "Avg. Cost": 0.08, "Conversions": 0.0, "Avg. CPV": 0.0, "Invalid clicks": 0, "Unique cookies": "", "Campaign ID": 723876877, "Views": 0, "Interaction Rate": 33.33, "Advertising Sub Channel": "", "Account ID": "9392975361", "Video played to 100%": 0.0, "CTR": 33.33, "Start date": "2016-12-22", "Avg. CPC": 0.08, "Video played to 75%": 0.0, "Impressions": 3, "Avg. CPM": 26.666667}, {"Bid Strategy Type": "cpc", "Account Name": "[paused] G1 - WPL - vc360-4", "End date": "", "Advertising Channel": "Search", "Mapping": false, "Campaign": "Gen-term_MT-G-NV_game nh\u1eadp vai moi nhat-ex", "Date": "2017-05-04", "Avg. CPE": 0.0, "Video played to 50%": 0.0, "Clicks": 1, "Cost": 0.08, "Video played to 25%": 0.0, "Interaction Types": ["Clicks"], "Campaign state": "paused", "Avg. position": 3.0, "Interactions": 1, "View rate": 0.0, "Campaign serving status": "eligible", "Engagements": 0, "Avg. Cost": 0.08, "Conversions": 0.0, "Avg. CPV": 0.0, "Invalid clicks": 0, "Unique cookies": "", "Campaign ID": 723878590, "Views": 0, "Interaction Rate": 100.0, "Advertising Sub Channel": "", "Account ID": "9392975361", "Video played to 100%": 0.0, "CTR": 100.0, "Start date": "2016-12-22", "Avg. CPC": 0.08, "Video played to 75%": 0.0, "Impressions": 1, "Avg. CPM": 80.0}, {"Bid Strategy Type": "cpc", "Account Name": "[paused] G1 - WPL - vc360-4", "End date": "", "Advertising Channel": "Search", "Mapping": false, "Campaign": "Gen-term_MT-G-GO_game online m\u1edbi-bmm", "Date": "2017-05-04", "Avg. CPE": 0.0, "Video played to 50%": 0.0, "Clicks": 1, "Cost": 0.06, "Video played to 25%": 0.0, "Interaction Types": ["Clicks"], "Campaign state": "paused", "Avg. position": 3.9, "Interactions": 1, "View rate": 0.0, "Campaign serving status": "eligible", "Engagements": 0, "Avg. Cost": 0.06, "Conversions": 0.0, "Avg. CPV": 0.0, "Invalid clicks": 0, "Unique cookies": "", "Campaign ID": 724127225, "Views": 0, "Interaction Rate": 11.11, "Advertising Sub Channel": "", "Account ID": "9392975361", "Video played to 100%": 0.0, "CTR": 11.11, "Start date": "2016-12-22", "Avg. CPC": 0.06, "Video played to 75%": 0.0, "Impressions": 9, "Avg. CPM": 6.666667}, {"Bid Strategy Type": "cpc", "Account Name": "[paused] G1 - WPL - vc360-4", "End date": "", "Advertising Channel": "Search", "Mapping": false, "Campaign": "Gen-term_MT-G-GO_game online 3d-bmm", "Date": "2017-05-04", "Avg. CPE": 0.0, "Video played to 50%": 0.0, "Clicks": 11, "Cost": 0.74, "Video played to 25%": 0.0, "Interaction Types": ["Clicks"], "Campaign state": "paused", "Avg. position": 2.2, "Interactions": 11, "View rate": 0.0, "Campaign serving status": "eligible", "Engagements": 0, "Avg. Cost": 0.067273, "Conversions": 0.0, "Avg. CPV": 0.0, "Invalid clicks": 2, "Unique cookies": "", "Campaign ID": 724127216, "Views": 0, "Interaction Rate": 12.94, "Advertising Sub Channel": "", "Account ID": "9392975361", "Video played to 100%": 0.0, "CTR": 12.94, "Start date": "2016-12-22", "Avg. CPC": 0.067273, "Video played to 75%": 0.0, "Impressions": 85, "Avg. CPM": 8.705882}, {"Bid Strategy Type": "cpc", "Account Name": "[paused] G1 - WPL - vc360-4", "End date": "", "Advertising Channel": "Search", "Mapping": false, "Campaign": "Gen-term_FH-G-NV_game nh\u1eadp vai-phr", "Date": "2017-05-04", "Avg. CPE": 0.0, "Video played to 50%": 0.0, "Clicks": 2, "Cost": 0.19, "Video played to 25%": 0.0, "Interaction Types": ["Clicks"], "Campaign state": "paused", "Avg. position": 2.4, "Interactions": 2, "View rate": 0.0, "Campaign serving status": "eligible", "Engagements": 0, "Avg. Cost": 0.095, "Conversions": 0.0, "Avg. CPV": 0.0, "Invalid clicks": 0, "Unique cookies": "", "Campaign ID": 724234005, "Views": 0, "Interaction Rate": 9.09, "Advertising Sub Channel": "", "Account ID": "9392975361", "Video played to 100%": 0.0, "CTR": 9.09, "Start date": "2016-12-22", "Avg. CPC": 0.095, "Video played to 75%": 0.0, "Impressions": 22, "Avg. CPM": 8.636364}, {"Bid Strategy Type": "cpc", "Account Name": "[paused] G1 - WPL - vc360-4", "End date": "", "Advertising Channel": "Search", "Mapping": false, "Campaign": "Gen-term_FH-G-NV_game nhap vai-phr", "Date": "2017-05-04", "Avg. CPE": 0.0, "Video played to 50%": 0.0, "Clicks": 1, "Cost": 0.08, "Video played to 25%": 0.0, "Interaction Types": ["Clicks"], "Campaign state": "paused", "Avg. position": 4.0, "Interactions": 1, "View rate": 0.0, "Campaign serving status": "eligible", "Engagements": 0, "Avg. Cost": 0.08, "Conversions": 0.0, "Avg. CPV": 0.0, "Invalid clicks": 0, "Unique cookies": "", "Campaign ID": 724234008, "Views": 0, "Interaction Rate": 20.0, "Advertising Sub Channel": "", "Account ID": "9392975361", "Video played to 100%": 0.0, "CTR": 20.0, "Start date": "2016-12-22", "Avg. CPC": 0.08, "Video played to 75%": 0.0, "Impressions": 5, "Avg. CPM": 16.0}, {"Bid Strategy Type": "cpc", "Account Name": "[paused] G1 - WPL - vc360-4", "End date": "", "Advertising Channel": "Search", "Mapping": false, "Campaign": "Gen-term_FH-G-HAY_game hay nhat-phr", "Date": "2017-05-04", "Avg. CPE": 0.0, "Video played to 50%": 0.0, "Clicks": 2, "Cost": 0.12, "Video played to 25%": 0.0, "Interaction Types": ["Clicks"], "Campaign state": "paused", "Avg. position": 2.7, "Interactions": 2, "View rate": 0.0, "Campaign serving status": "eligible", "Engagements": 0, "Avg. Cost": 0.06, "Conversions": 0.0, "Avg. CPV": 0.0, "Invalid clicks": 0, "Unique cookies": "", "Campaign ID": 724234230, "Views": 0, "Interaction Rate": 7.69, "Advertising Sub Channel": "", "Account ID": "9392975361", "Video played to 100%": 0.0, "CTR": 7.69, "Start date": "2016-12-22", "Avg. CPC": 0.06, "Video played to 75%": 0.0, "Impressions": 26, "Avg. CPM": 4.615385}, {"Bid Strategy Type": "cpc", "Account Name": "[paused] G1 - WPL - vc360-4", "End date": "", "Advertising Channel": "Search", "Mapping": false, "Campaign": "Gen-term_FH-G-3D_game 3d-phr", "Date": "2017-05-04", "Avg. CPE": 0.0, "Video played to 50%": 0.0, "Clicks": 4, "Cost": 0.28, "Video played to 25%": 0.0, "Interaction Types": ["Clicks"], "Campaign state": "paused", "Avg. position": 2.0, "Interactions": 4, "View rate": 0.0, "Campaign serving status": "eligible", "Engagements": 0, "Avg. Cost": 0.07, "Conversions": 0.0, "Avg. CPV": 0.0, "Invalid clicks": 0, "Unique cookies": "", "Campaign ID": 724234206, "Views": 0, "Interaction Rate": 16.0, "Advertising Sub Channel": "", "Account ID": "9392975361", "Video played to 100%": 0.0, "CTR": 16.0, "Start date": "2016-12-22", "Avg. CPC": 0.07, "Video played to 75%": 0.0, "Impressions": 25, "Avg. CPM": 11.2}, {"Bid Strategy Type": "", "Account Name": "[paused] G1 - WPL - vc360-4", "End date": "", "Advertising Channel": "", "Mapping": false, "Campaign": "", "Date": "2017-05-04", "Avg. CPE": 0.0, "Video played to 50%": 0.0, "Clicks": 26, "Cost": 1.83, "Video played to 25%": 0.0, "Interaction Types": "", "Campaign state": "Total", "Avg. position": 2.5, "Interactions": 26, "View rate": 0.0, "Campaign serving status": "", "Engagements": 0, "Avg. Cost": 0.070385, "Conversions": 0.0, "Avg. CPV": 0.0, "Invalid clicks": 2, "Unique cookies": "", "Campaign ID": "", "Views": 0, "Interaction Rate": 9.22, "Advertising Sub Channel": "", "Account ID": "9392975361", "Video played to 100%": 0.0, "CTR": 9.22, "Start date": "", "Avg. CPC": 0.070385, "Video played to 75%": 0.0, "Impressions": 282, "Avg. CPM": 6.489362}]