[{"End date": "", "Invalid clicks": 916, "Unique cookies": 191060, "Cost": 164.05, "Avg. CPC": 0.017119, "Account ID": "5008396449", "Account Name": "VNG - PG1 - JXM", "Advertising Sub Channel": "", "Campaign state": "paused", "Video played to 100%": 0.0, "Interaction Types": ["Clicks"], "Campaign serving status": "eligible", "Date": "2017-06-09", "Interaction Rate": 1.8, "CTR": 1.8, "View rate": 0.0, "Avg. CPV": 0.0, "Avg. CPM": 0.307549, "Engagements": 0, "Avg. Cost": 0.017119, "Clicks": 9583, "Views": 0, "Avg. CPE": 0.0, "Video played to 25%": 0.0, "Bid Strategy Type": "Maximize clicks", "Impressions": 533411, "Advertising Channel": "Display", "Mapping": false, "Avg. position": 1.0, "Start date": "2017-05-26", "Video played to 50%": 0.0, "Video played to 75%": 0.0, "Campaign": "JXM | 1705015 1706010 1707028 | Branding GDN - iOS", "Conversions": 52.0, "Campaign ID": 837910039, "Interactions": 9583}, {"End date": "", "Invalid clicks": 636, "Unique cookies": "", "Cost": 601.91543, "Avg. CPC": 0.112466, "Account ID": "5008396449", "Account Name": "VNG - PG1 - JXM", "Advertising Sub Channel": "Universal App Campaign", "Campaign state": "enabled", "Video played to 100%": 6.19, "Interaction Types": ["Clicks", "Engagements", "Views"], "Campaign serving status": "eligible", "Date": "2017-06-09", "Interaction Rate": 8.28, "CTR": 1.27, "View rate": 15.96, "Avg. CPV": 0.017407, "Avg. CPM": 1.432129, "Engagements": 6547, "Avg. Cost": 0.017302, "Clicks": 5352, "Views": 27038, "Avg. CPE": 0.071889, "Video played to 25%": 17.09, "Bid Strategy Type": "Target CPA", "Impressions": 420294, "Advertising Channel": "Multi Channel", "Mapping": false, "Avg. position": 1.0, "Start date": "2016-11-15", "Video played to 50%": 10.3, "Video played to 75%": 8.06, "Campaign": "JXM | 1610105 1611013 1611026 1611062 1703048 1706008 1707026 1709039 | UAC GMG Android", "Conversions": 845.0, "Campaign ID": 699351990, "Interactions": 34788}, {"End date": "", "Invalid clicks": 123, "Unique cookies": "", "Cost": 380.66905, "Avg. CPC": 0.163658, "Account ID": "5008396449", "Account Name": "VNG - PG1 - JXM", "Advertising Sub Channel": "Universal App Campaign", "Campaign state": "enabled", "Video played to 100%": 6.47, "Interaction Types": ["Clicks", "Engagements", "Views"], "Campaign serving status": "eligible", "Date": "2017-06-09", "Interaction Rate": 7.53, "CTR": 0.72, "View rate": 15.44, "Avg. CPV": 0.013876, "Avg. CPM": 1.173347, "Engagements": 3915, "Avg. Cost": 0.015592, "Clicks": 2326, "Views": 20149, "Avg. CPE": 0.071412, "Video played to 25%": 20.45, "Bid Strategy Type": "Target CPA", "Impressions": 324430, "Advertising Channel": "Multi Channel", "Mapping": false, "Avg. position": 1.0, "Start date": "2016-12-28", "Video played to 50%": 11.45, "Video played to 75%": 9.08, "Campaign": "JXM | 1610105 1611013 1611026 1611062 1703048 1704016 1706008 1707026 1709039 | UAC App Store - iOS", "Conversions": 371.0, "Campaign ID": 726209660, "Interactions": 24415}, {"End date": "", "Invalid clicks": 2660, "Unique cookies": 322724, "Cost": 189.65, "Avg. CPC": 0.016762, "Account ID": "5008396449", "Account Name": "VNG - PG1 - JXM", "Advertising Sub Channel": "", "Campaign state": "paused", "Video played to 100%": 0.0, "Interaction Types": ["Clicks"], "Campaign serving status": "eligible", "Date": "2017-06-09", "Interaction Rate": 1.58, "CTR": 1.58, "View rate": 0.0, "Avg. CPV": 0.0, "Avg. CPM": 0.265594, "Engagements": 0, "Avg. Cost": 0.016762, "Clicks": 11314, "Views": 0, "Avg. CPE": 0.0, "Video played to 25%": 0.0, "Bid Strategy Type": "Maximize clicks", "Impressions": 714061, "Advertising Channel": "Display", "Mapping": false, "Avg. position": 1.0, "Start date": "2017-06-02", "Video played to 50%": 0.0, "Video played to 75%": 0.0, "Campaign": "JXM | 1705015 1706010 1707028 | Branding GDN - Android", "Conversions": 81.0, "Campaign ID": 843945598, "Interactions": 11314}, {"End date": "", "Invalid clicks": 82, "Unique cookies": "", "Cost": 23.81, "Avg. CPC": 0.013294, "Account ID": "5008396449", "Account Name": "VNG - PG1 - JXM", "Advertising Sub Channel": "", "Campaign state": "enabled", "Video played to 100%": 0.0, "Interaction Types": ["Clicks"], "Campaign serving status": "eligible", "Date": "2017-06-09", "Interaction Rate": 71.33, "CTR": 71.33, "View rate": 0.0, "Avg. CPV": 0.0, "Avg. CPM": 9.482278, "Engagements": 0, "Avg. Cost": 0.013294, "Clicks": 1791, "Views": 0, "Avg. CPE": 0.0, "Video played to 25%": 0.0, "Bid Strategy Type": "Maximize clicks", "Impressions": 2511, "Advertising Channel": "Search", "Mapping": false, "Avg. position": 1.0, "Start date": "2016-10-16", "Video played to 50%": 0.0, "Video played to 75%": 0.0, "Campaign": "JXM | 1610105 1611013 1611026 1611062 1703048 1704017 1705015 1706010 1707028 1709054 | Search Desktop Only", "Conversions": 0.0, "Campaign ID": 682542681, "Interactions": 1791}, {"End date": "", "Invalid clicks": 413, "Unique cookies": "", "Cost": 402.1, "Avg. CPC": 0.140398, "Account ID": "5008396449", "Account Name": "VNG - PG1 - JXM", "Advertising Sub Channel": "Search Mobile App", "Campaign state": "enabled", "Video played to 100%": 0.0, "Interaction Types": ["Clicks"], "Campaign serving status": "eligible", "Date": "2017-06-09", "Interaction Rate": 12.89, "CTR": 12.89, "View rate": 0.0, "Avg. CPV": 0.0, "Avg. CPM": 18.095495, "Engagements": 0, "Avg. Cost": 0.140398, "Clicks": 2864, "Views": 0, "Avg. CPE": 0.0, "Video played to 25%": 0.0, "Bid Strategy Type": "Target CPA", "Impressions": 22221, "Advertising Channel": "Search", "Mapping": false, "Avg. position": 1.3, "Start date": "2016-10-16", "Video played to 50%": 0.0, "Video played to 75%": 0.0, "Campaign": "JXM | 1610105 1611013 1611026 1611062 1703048 1704016 1706008 1707026 1709039 | Search Google Play Store", "Conversions": 958.0, "Campaign ID": 682545537, "Interactions": 2864}, {"End date": "", "Invalid clicks": 4830, "Unique cookies": "", "Cost": 1762.19448, "Avg. CPC": 0.05303, "Account ID": "5008396449", "Account Name": "VNG - PG1 - JXM", "Advertising Sub Channel": "", "Campaign state": "Total", "Video played to 100%": 6.31, "Interaction Types": "", "Campaign serving status": "", "Date": "2017-06-09", "Interaction Rate": 4.2, "CTR": 1.65, "View rate": 15.74, "Avg. CPV": 0.015899, "Avg. CPM": 0.873702, "Engagements": 10462, "Avg. Cost": 0.020792, "Clicks": 33230, "Views": 47187, "Avg. CPE": 0.07171, "Video played to 25%": 18.56, "Bid Strategy Type": "", "Impressions": 2016928, "Advertising Channel": "", "Mapping": false, "Avg. position": 1.0, "Start date": "", "Video played to 50%": 10.81, "Video played to 75%": 8.51, "Campaign": "", "Conversions": 2307.0, "Campaign ID": "", "Interactions": 84755}]