[{"Campaign state": "enabled", "Avg. CPC": 0.01279, "Avg. position": 1.0, "Account Name": "VNG - PG1 - JXM", "Campaign": "JXM | 1610105 1611013 1611026 1611062 1703048 1704017 1705015 1706010 1707028 1709054 | Search Desktop Only", "Clicks": 1699, "Avg. Cost": 0.01279, "Views": 0, "Interactions": 1699, "Unique cookies": "", "Impressions": 2452, "Start date": "2016-10-16", "Campaign ID": 682542681, "View rate": 0.0, "Conversions": 0.0, "CTR": 69.29, "Campaign serving status": "eligible", "Engagements": 0, "Avg. CPM": 8.862153, "End date": "", "Interaction Types": ["Clicks"], "Video played to 100%": 0.0, "Avg. CPE": 0.0, "Avg. CPV": 0.0, "Account ID": "5008396449", "Advertising Sub Channel": "", "Video played to 25%": 0.0, "Invalid clicks": 62, "Interaction Rate": 69.29, "Video played to 50%": 0.0, "Video played to 75%": 0.0, "Advertising Channel": "Search", "Date": "2017-06-13", "Bid Strategy Type": "Maximize clicks", "Mapping": false, "Cost": 21.73}, {"Campaign state": "enabled", "Avg. CPC": 0.129235, "Avg. position": 1.5, "Account Name": "VNG - PG1 - JXM", "Campaign": "JXM | 1610105 1611013 1611026 1611062 1703048 1704016 1706008 1707026 1709039 | Search Google Play Store", "Clicks": 3280, "Avg. Cost": 0.129235, "Views": 0, "Interactions": 3280, "Unique cookies": "", "Impressions": 29599, "Start date": "2016-10-16", "Campaign ID": 682545537, "View rate": 0.0, "Conversions": 1058.0, "CTR": 11.08, "Campaign serving status": "eligible", "Engagements": 0, "Avg. CPM": 14.321092, "End date": "", "Interaction Types": ["Clicks"], "Video played to 100%": 0.0, "Avg. CPE": 0.0, "Avg. CPV": 0.0, "Account ID": "5008396449", "Advertising Sub Channel": "Search Mobile App", "Video played to 25%": 0.0, "Invalid clicks": 421, "Interaction Rate": 11.08, "Video played to 50%": 0.0, "Video played to 75%": 0.0, "Advertising Channel": "Search", "Date": "2017-06-13", "Bid Strategy Type": "Target CPA", "Mapping": false, "Cost": 423.89}, {"Campaign state": "enabled", "Avg. CPC": 0.112407, "Avg. position": 1.1, "Account Name": "VNG - PG1 - JXM", "Campaign": "JXM | 1610105 1611013 1611026 1611062 1703048 1706008 1707026 1709039 | UAC GMG Android", "Clicks": 5659, "Avg. Cost": 0.017281, "Views": 27239, "Interactions": 36810, "Unique cookies": "", "Impressions": 469993, "Start date": "2016-11-15", "Campaign ID": 699351990, "View rate": 14.97, "Conversions": 961.0, "CTR": 1.2, "Campaign serving status": "eligible", "Engagements": 10098, "Avg. CPM": 1.353452, "End date": "", "Interaction Types": ["Clicks", "Engagements", "Views"], "Video played to 100%": 6.52, "Avg. CPE": 0.048187, "Avg. CPV": 0.017862, "Account ID": "5008396449", "Advertising Sub Channel": "Universal App Campaign", "Video played to 25%": 18.3, "Invalid clicks": 614, "Interaction Rate": 7.83, "Video played to 50%": 10.87, "Video played to 75%": 8.46, "Advertising Channel": "Multi Channel", "Date": "2017-06-13", "Bid Strategy Type": "Target CPA", "Mapping": false, "Cost": 636.11302}, {"Campaign state": "enabled", "Avg. CPC": 0.138, "Avg. position": 1.0, "Account Name": "VNG - PG1 - JXM", "Campaign": "JXM | 1610105 1611013 1611026 1611062 1703048 1704016 1706008 1707026 1709039 | UAC App Store - iOS", "Clicks": 3861, "Avg. Cost": 0.015438, "Views": 27485, "Interactions": 34514, "Unique cookies": "", "Impressions": 577288, "Start date": "2016-12-28", "Campaign ID": 726209660, "View rate": 15.43, "Conversions": 466.0, "CTR": 0.67, "Campaign serving status": "eligible", "Engagements": 7113, "Avg. CPM": 0.92297, "End date": "", "Interaction Types": ["Clicks", "Engagements", "Views"], "Video played to 100%": 7.35, "Avg. CPE": 0.052494, "Avg. CPV": 0.013585, "Account ID": "5008396449", "Advertising Sub Channel": "Universal App Campaign", "Video played to 25%": 23.08, "Invalid clicks": 244, "Interaction Rate": 5.98, "Video played to 50%": 12.73, "Video played to 75%": 10.04, "Advertising Channel": "Multi Channel", "Date": "2017-06-13", "Bid Strategy Type": "Target CPA", "Mapping": false, "Cost": 532.81943}, {"Campaign state": "paused", "Avg. CPC": 0.01, "Avg. position": 1.0, "Account Name": "VNG - PG1 - JXM", "Campaign": "JXM | 1705015 1706010 1707028 | Branding GDN - Android", "Clicks": 78, "Avg. Cost": 0.01, "Views": 0, "Interactions": 78, "Unique cookies": 1557, "Impressions": 2801, "Start date": "2017-06-02", "Campaign ID": 843945598, "View rate": 0.0, "Conversions": 3.0, "CTR": 2.78, "Campaign serving status": "eligible", "Engagements": 0, "Avg. CPM": 0.278472, "End date": "", "Interaction Types": ["Clicks"], "Video played to 100%": 0.0, "Avg. CPE": 0.0, "Avg. CPV": 0.0, "Account ID": "5008396449", "Advertising Sub Channel": "", "Video played to 25%": 0.0, "Invalid clicks": 25, "Interaction Rate": 2.78, "Video played to 50%": 0.0, "Video played to 75%": 0.0, "Advertising Channel": "Display", "Date": "2017-06-13", "Bid Strategy Type": "Maximize clicks", "Mapping": false, "Cost": 0.78}, {"Campaign state": "paused", "Avg. CPC": 0.016421, "Avg. position": 1.0, "Account Name": "VNG - PG1 - JXM", "Campaign": "JXM | 1705015 1706010 1707028 | Branding GDN - iOS", "Clicks": 8329, "Avg. Cost": 0.016421, "Views": 0, "Interactions": 8329, "Unique cookies": 173990, "Impressions": 480407, "Start date": "2017-05-26", "Campaign ID": 837910039, "View rate": 0.0, "Conversions": 45.0, "CTR": 1.73, "Campaign serving status": "eligible", "Engagements": 0, "Avg. CPM": 0.284696, "End date": "", "Interaction Types": ["Clicks"], "Video played to 100%": 0.0, "Avg. CPE": 0.0, "Avg. CPV": 0.0, "Account ID": "5008396449", "Advertising Sub Channel": "", "Video played to 25%": 0.0, "Invalid clicks": 821, "Interaction Rate": 1.73, "Video played to 50%": 0.0, "Video played to 75%": 0.0, "Advertising Channel": "Display", "Date": "2017-06-13", "Bid Strategy Type": "Maximize clicks", "Mapping": false, "Cost": 136.77}, {"Campaign state": "Total", "Avg. CPC": 0.076491, "Avg. position": 1.0, "Account Name": "VNG - PG1 - JXM", "Campaign": "", "Clicks": 22906, "Avg. Cost": 0.020684, "Views": 54724, "Interactions": 84710, "Unique cookies": "", "Impressions": 1562540, "Start date": "", "Campaign ID": "", "View rate": 15.2, "Conversions": 2533.0, "CTR": 1.47, "Campaign serving status": "", "Engagements": 17211, "Avg. CPM": 1.121317, "End date": "", "Interaction Types": "", "Video played to 100%": 6.94, "Avg. CPE": 0.049967, "Avg. CPV": 0.015714, "Account ID": "5008396449", "Advertising Sub Channel": "", "Video played to 25%": 20.69, "Invalid clicks": 2187, "Interaction Rate": 5.42, "Video played to 50%": 11.8, "Video played to 75%": 9.25, "Advertising Channel": "", "Date": "2017-06-13", "Bid Strategy Type": "", "Mapping": false, "Cost": 1752.10245}]