[{"Campaign serving status": "eligible", "Advertising Channel": "Search", "Views": 0, "Avg. CPC": 0.022884, "Video played to 75%": 0.0, "Campaign state": "paused", "Video played to 50%": 0.0, "Interaction Rate": 44.76, "Mapping": false, "Account ID": "3764021980", "Start date": "2016-05-17", "Avg. CPE": 0.0, "Account Name": "[W] G1 - WPL - kv360", "Impressions": 945, "Video played to 25%": 0.0, "Engagements": 0, "Conversions": 8.0, "Video played to 100%": 0.0, "Avg. Cost": 0.022884, "Interactions": 423, "Clicks": 423, "Avg. CPV": 0.0, "Unique cookies": "", "Invalid clicks": 24, "Advertising Sub Channel": "", "Interaction Types": ["Clicks"], "Avg. position": 1.2, "Date": "2017-03-01", "CTR": 44.76, "Dept": "WPL", "View rate": 0.0, "Bid Strategy Type": "cpc", "Cost": 9.68, "Campaign ID": "420413282", "Avg. CPM": 10.243386, "Campaign": "Brand-term_BMM-MOR", "End date": ""}, {"Campaign serving status": "eligible", "Advertising Channel": "Search", "Views": 0, "Avg. CPC": 0.016252, "Video played to 75%": 0.0, "Campaign state": "paused", "Video played to 50%": 0.0, "Interaction Rate": 50.4, "Mapping": false, "Account ID": "3764021980", "Start date": "2016-05-17", "Avg. CPE": 0.0, "Account Name": "[W] G1 - WPL - kv360", "Impressions": 1006, "Video played to 25%": 0.0, "Engagements": 0, "Conversions": 35.0, "Video played to 100%": 0.0, "Avg. Cost": 0.016252, "Interactions": 507, "Clicks": 507, "Avg. CPV": 0.0, "Unique cookies": "", "Invalid clicks": 33, "Advertising Sub Channel": "", "Interaction Types": ["Clicks"], "Avg. position": 1.1, "Date": "2017-03-01", "CTR": 50.4, "Dept": "WPL", "View rate": 0.0, "Bid Strategy Type": "cpc", "Cost": 8.24, "Campaign ID": "420413522", "Avg. CPM": 8.190855, "Campaign": "Brand-term_BMM-AFT", "End date": ""}, {"Campaign serving status": "eligible", "Advertising Channel": "Search", "Views": 0, "Avg. CPC": 0.015, "Video played to 75%": 0.0, "Campaign state": "paused", "Video played to 50%": 0.0, "Interaction Rate": 20.0, "Mapping": false, "Account ID": "3764021980", "Start date": "2016-05-17", "Avg. CPE": 0.0, "Account Name": "[W] G1 - WPL - kv360", "Impressions": 10, "Video played to 25%": 0.0, "Engagements": 0, "Conversions": 1.0, "Video played to 100%": 0.0, "Avg. Cost": 0.015, "Interactions": 2, "Clicks": 2, "Avg. CPV": 0.0, "Unique cookies": "", "Invalid clicks": 0, "Advertising Sub Channel": "", "Interaction Types": ["Clicks"], "Avg. position": 1.5, "Date": "2017-03-01", "CTR": 20.0, "Dept": "WPL", "View rate": 0.0, "Bid Strategy Type": "cpc", "Cost": 0.03, "Campaign ID": "420419762", "Avg. CPM": 3.0, "Campaign": "Gen-term_FH-GO-Exact-MOR", "End date": ""}, {"Campaign serving status": "eligible", "Advertising Channel": "Search", "Views": 0, "Avg. CPC": 0.04, "Video played to 75%": 0.0, "Campaign state": "paused", "Video played to 50%": 0.0, "Interaction Rate": 20.0, "Mapping": false, "Account ID": "3764021980", "Start date": "2016-05-17", "Avg. CPE": 0.0, "Account Name": "[W] G1 - WPL - kv360", "Impressions": 15, "Video played to 25%": 0.0, "Engagements": 0, "Conversions": 0.0, "Video played to 100%": 0.0, "Avg. Cost": 0.04, "Interactions": 3, "Clicks": 3, "Avg. CPV": 0.0, "Unique cookies": "", "Invalid clicks": 1, "Advertising Sub Channel": "", "Interaction Types": ["Clicks"], "Avg. position": 1.7, "Date": "2017-03-01", "CTR": 20.0, "Dept": "WPL", "View rate": 0.0, "Bid Strategy Type": "cpc", "Cost": 0.12, "Campaign ID": "420421682", "Avg. CPM": 8.0, "Campaign": "Gen-term_MT-Game-Phrase-AFT", "End date": ""}, {"Campaign serving status": "eligible", "Advertising Channel": "Search", "Views": 0, "Avg. CPC": 0.06, "Video played to 75%": 0.0, "Campaign state": "paused", "Video played to 50%": 0.0, "Interaction Rate": 9.09, "Mapping": false, "Account ID": "3764021980", "Start date": "2016-05-17", "Avg. CPE": 0.0, "Account Name": "[W] G1 - WPL - kv360", "Impressions": 11, "Video played to 25%": 0.0, "Engagements": 0, "Conversions": 0.0, "Video played to 100%": 0.0, "Avg. Cost": 0.06, "Interactions": 1, "Clicks": 1, "Avg. CPV": 0.0, "Unique cookies": "", "Invalid clicks": 0, "Advertising Sub Channel": "", "Interaction Types": ["Clicks"], "Avg. position": 1.5, "Date": "2017-03-01", "CTR": 9.09, "Dept": "WPL", "View rate": 0.0, "Bid Strategy Type": "cpc", "Cost": 0.06, "Campaign ID": "420426242", "Avg. CPM": 5.454545, "Campaign": "Gen-term_MT-GO-BMM-EVE", "End date": ""}, {"Campaign serving status": "eligible", "Advertising Channel": "Search", "Views": 0, "Avg. CPC": 0.05, "Video played to 75%": 0.0, "Campaign state": "paused", "Video played to 50%": 0.0, "Interaction Rate": 13.79, "Mapping": false, "Account ID": "3764021980", "Start date": "2016-05-17", "Avg. CPE": 0.0, "Account Name": "[W] G1 - WPL - kv360", "Impressions": 29, "Video played to 25%": 0.0, "Engagements": 0, "Conversions": 0.0, "Video played to 100%": 0.0, "Avg. Cost": 0.05, "Interactions": 4, "Clicks": 4, "Avg. CPV": 0.0, "Unique cookies": "", "Invalid clicks": 0, "Advertising Sub Channel": "", "Interaction Types": ["Clicks"], "Avg. position": 2.5, "Date": "2017-03-01", "CTR": 13.79, "Dept": "WPL", "View rate": 0.0, "Bid Strategy Type": "cpc", "Cost": 0.2, "Campaign ID": "420429362", "Avg. CPM": 6.896552, "Campaign": "Gen-term_FH-GTT-BM-MOR", "End date": ""}, {"Campaign serving status": "eligible", "Advertising Channel": "Search", "Views": 0, "Avg. CPC": 0.031667, "Video played to 75%": 0.0, "Campaign state": "paused", "Video played to 50%": 0.0, "Interaction Rate": 19.74, "Mapping": false, "Account ID": "3764021980", "Start date": "2016-05-17", "Avg. CPE": 0.0, "Account Name": "[W] G1 - WPL - kv360", "Impressions": 152, "Video played to 25%": 0.0, "Engagements": 0, "Conversions": 3.0, "Video played to 100%": 0.0, "Avg. Cost": 0.031667, "Interactions": 30, "Clicks": 30, "Avg. CPV": 0.0, "Unique cookies": "", "Invalid clicks": 2, "Advertising Sub Channel": "", "Interaction Types": ["Clicks"], "Avg. position": 1.4, "Date": "2017-03-01", "CTR": 19.74, "Dept": "WPL", "View rate": 0.0, "Bid Strategy Type": "cpc", "Cost": 0.95, "Campaign ID": "420458642", "Avg. CPM": 6.25, "Campaign": "Gen-term_FH-WG-BM-EVE", "End date": ""}, {"Campaign serving status": "eligible", "Advertising Channel": "Search", "Views": 0, "Avg. CPC": 0.040476, "Video played to 75%": 0.0, "Campaign state": "paused", "Video played to 50%": 0.0, "Interaction Rate": 20.59, "Mapping": false, "Account ID": "3764021980", "Start date": "2016-05-17", "Avg. CPE": 0.0, "Account Name": "[W] G1 - WPL - kv360", "Impressions": 102, "Video played to 25%": 0.0, "Engagements": 0, "Conversions": 4.0, "Video played to 100%": 0.0, "Avg. Cost": 0.040476, "Interactions": 21, "Clicks": 21, "Avg. CPV": 0.0, "Unique cookies": "", "Invalid clicks": 3, "Advertising Sub Channel": "", "Interaction Types": ["Clicks"], "Avg. position": 1.5, "Date": "2017-03-01", "CTR": 20.59, "Dept": "WPL", "View rate": 0.0, "Bid Strategy Type": "cpc", "Cost": 0.85, "Campaign ID": "420458882", "Avg. CPM": 8.333333, "Campaign": "Gen-term_FH-WG-BM-AFT", "End date": ""}, {"Campaign serving status": "eligible", "Advertising Channel": "Search", "Views": 0, "Avg. CPC": 0.01, "Video played to 75%": 0.0, "Campaign state": "paused", "Video played to 50%": 0.0, "Interaction Rate": 66.67, "Mapping": false, "Account ID": "3764021980", "Start date": "2016-05-26", "Avg. CPE": 0.0, "Account Name": "[W] G1 - WPL - kv360", "Impressions": 6, "Video played to 25%": 0.0, "Engagements": 0, "Conversions": 1.0, "Video played to 100%": 0.0, "Avg. Cost": 0.01, "Interactions": 4, "Clicks": 4, "Avg. CPV": 0.0, "Unique cookies": "", "Invalid clicks": 2, "Advertising Sub Channel": "", "Interaction Types": ["Clicks"], "Avg. position": 1.0, "Date": "2017-03-01", "CTR": 66.67, "Dept": "WPL", "View rate": 0.0, "Bid Strategy Type": "cpc", "Cost": 0.04, "Campaign ID": "600817351", "Avg. CPM": 6.666667, "Campaign": "Brand-term_Phim Kiem Vu-BMM-Eve", "End date": ""}, {"Campaign serving status": "eligible", "Advertising Channel": "Search", "Views": 0, "Avg. CPC": 0.030331, "Video played to 75%": 0.0, "Campaign state": "paused", "Video played to 50%": 0.0, "Interaction Rate": 38.41, "Mapping": false, "Account ID": "3764021980", "Start date": "2016-05-17", "Avg. CPE": 0.0, "Account Name": "[W] G1 - WPL - kv360", "Impressions": 630, "Video played to 25%": 0.0, "Engagements": 0, "Conversions": 16.0, "Video played to 100%": 0.0, "Avg. Cost": 0.030331, "Interactions": 242, "Clicks": 242, "Avg. CPV": 0.0, "Unique cookies": "", "Invalid clicks": 25, "Advertising Sub Channel": "", "Interaction Types": ["Clicks"], "Avg. position": 1.0, "Date": "2017-03-01", "CTR": 38.41, "Dept": "WPL", "View rate": 0.0, "Bid Strategy Type": "cpc", "Cost": 7.34, "Campaign ID": "420414482", "Avg. CPM": 11.650794, "Campaign": "Brand-term_Phr-AFT", "End date": ""}, {"Campaign serving status": "eligible", "Advertising Channel": "Search", "Views": 0, "Avg. CPC": 0.02, "Video played to 75%": 0.0, "Campaign state": "paused", "Video played to 50%": 0.0, "Interaction Rate": 39.53, "Mapping": false, "Account ID": "3764021980", "Start date": "2016-05-17", "Avg. CPE": 0.0, "Account Name": "[W] G1 - WPL - kv360", "Impressions": 86, "Video played to 25%": 0.0, "Engagements": 0, "Conversions": 1.0, "Video played to 100%": 0.0, "Avg. Cost": 0.02, "Interactions": 34, "Clicks": 34, "Avg. CPV": 0.0, "Unique cookies": "", "Invalid clicks": 1, "Advertising Sub Channel": "", "Interaction Types": ["Clicks"], "Avg. position": 1.1, "Date": "2017-03-01", "CTR": 39.53, "Dept": "WPL", "View rate": 0.0, "Bid Strategy Type": "cpc", "Cost": 0.68, "Campaign ID": "420420002", "Avg. CPM": 7.906977, "Campaign": "Gen-term_FH-GO-Exact-EVE", "End date": ""}, {"Campaign serving status": "eligible", "Advertising Channel": "Search", "Views": 0, "Avg. CPC": 0.02375, "Video played to 75%": 0.0, "Campaign state": "paused", "Video played to 50%": 0.0, "Interaction Rate": 44.44, "Mapping": false, "Account ID": "3764021980", "Start date": "2016-05-17", "Avg. CPE": 0.0, "Account Name": "[W] G1 - WPL - kv360", "Impressions": 36, "Video played to 25%": 0.0, "Engagements": 0, "Conversions": 1.0, "Video played to 100%": 0.0, "Avg. Cost": 0.02375, "Interactions": 16, "Clicks": 16, "Avg. CPV": 0.0, "Unique cookies": "", "Invalid clicks": 0, "Advertising Sub Channel": "", "Interaction Types": ["Clicks"], "Avg. position": 1.2, "Date": "2017-03-01", "CTR": 44.44, "Dept": "WPL", "View rate": 0.0, "Bid Strategy Type": "cpc", "Cost": 0.38, "Campaign ID": "420420242", "Avg. CPM": 10.555556, "Campaign": "Gen-term_FH-GO-Exact-AFT", "End date": ""}, {"Campaign serving status": "eligible", "Advertising Channel": "Search", "Views": 0, "Avg. CPC": 0.02, "Video played to 75%": 0.0, "Campaign state": "paused", "Video played to 50%": 0.0, "Interaction Rate": 14.29, "Mapping": false, "Account ID": "3764021980", "Start date": "2016-05-17", "Avg. CPE": 0.0, "Account Name": "[W] G1 - WPL - kv360", "Impressions": 14, "Video played to 25%": 0.0, "Engagements": 0, "Conversions": 0.0, "Video played to 100%": 0.0, "Avg. Cost": 0.02, "Interactions": 2, "Clicks": 2, "Avg. CPV": 0.0, "Unique cookies": "", "Invalid clicks": 0, "Advertising Sub Channel": "", "Interaction Types": ["Clicks"], "Avg. position": 1.3, "Date": "2017-03-01", "CTR": 14.29, "Dept": "WPL", "View rate": 0.0, "Bid Strategy Type": "cpc", "Cost": 0.04, "Campaign ID": "420422642", "Avg. CPM": 2.857143, "Campaign": "Gen-term_FH-GO-BMM-EVE", "End date": ""}, {"Campaign serving status": "eligible", "Advertising Channel": "Search", "Views": 0, "Avg. CPC": 0.05, "Video played to 75%": 0.0, "Campaign state": "paused", "Video played to 50%": 0.0, "Interaction Rate": 66.67, "Mapping": false, "Account ID": "3764021980", "Start date": "2016-05-17", "Avg. CPE": 0.0, "Account Name": "[W] G1 - WPL - kv360", "Impressions": 3, "Video played to 25%": 0.0, "Engagements": 0, "Conversions": 0.0, "Video played to 100%": 0.0, "Avg. Cost": 0.05, "Interactions": 2, "Clicks": 2, "Avg. CPV": 0.0, "Unique cookies": "", "Invalid clicks": 0, "Advertising Sub Channel": "", "Interaction Types": ["Clicks"], "Avg. position": 1.7, "Date": "2017-03-01", "CTR": 66.67, "Dept": "WPL", "View rate": 0.0, "Bid Strategy Type": "cpc", "Cost": 0.1, "Campaign ID": "420451202", "Avg. CPM": 33.333333, "Campaign": "Gen-term_MT-PCG-BMM-EVE", "End date": ""}, {"Campaign serving status": "eligible", "Advertising Channel": "Search", "Views": 0, "Avg. CPC": 0.022273, "Video played to 75%": 0.0, "Campaign state": "paused", "Video played to 50%": 0.0, "Interaction Rate": 62.86, "Mapping": false, "Account ID": "3764021980", "Start date": "2016-05-26", "Avg. CPE": 0.0, "Account Name": "[W] G1 - WPL - kv360", "Impressions": 35, "Video played to 25%": 0.0, "Engagements": 0, "Conversions": 0.0, "Video played to 100%": 0.0, "Avg. Cost": 0.022273, "Interactions": 22, "Clicks": 22, "Avg. CPV": 0.0, "Unique cookies": "", "Invalid clicks": 0, "Advertising Sub Channel": "", "Interaction Types": ["Clicks"], "Avg. position": 1.0, "Date": "2017-03-01", "CTR": 62.86, "Dept": "WPL", "View rate": 0.0, "Bid Strategy Type": "cpc", "Cost": 0.49, "Campaign ID": "600817345", "Avg. CPM": 14.0, "Campaign": "Brand-term_Phim Kiem Vu-BMM-MOR", "End date": ""}, {"Campaign serving status": "eligible", "Advertising Channel": "Search", "Views": 0, "Avg. CPC": 0.016126, "Video played to 75%": 0.0, "Campaign state": "paused", "Video played to 50%": 0.0, "Interaction Rate": 48.05, "Mapping": false, "Account ID": "3764021980", "Start date": "2016-05-17", "Avg. CPE": 0.0, "Account Name": "[W] G1 - WPL - kv360", "Impressions": 1053, "Video played to 25%": 0.0, "Engagements": 0, "Conversions": 13.0, "Video played to 100%": 0.0, "Avg. Cost": 0.016126, "Interactions": 506, "Clicks": 506, "Avg. CPV": 0.0, "Unique cookies": "", "Invalid clicks": 17, "Advertising Sub Channel": "", "Interaction Types": ["Clicks"], "Avg. position": 1.0, "Date": "2017-03-01", "CTR": 48.05, "Dept": "WPL", "View rate": 0.0, "Bid Strategy Type": "cpc", "Cost": 8.16, "Campaign ID": "420414242", "Avg. CPM": 7.749288, "Campaign": "Brand-term_Phr-EVE", "End date": ""}, {"Campaign serving status": "eligible", "Advertising Channel": "Search", "Views": 0, "Avg. CPC": 0.04, "Video played to 75%": 0.0, "Campaign state": "paused", "Video played to 50%": 0.0, "Interaction Rate": 12.5, "Mapping": false, "Account ID": "3764021980", "Start date": "2016-05-17", "Avg. CPE": 0.0, "Account Name": "[W] G1 - WPL - kv360", "Impressions": 8, "Video played to 25%": 0.0, "Engagements": 0, "Conversions": 0.0, "Video played to 100%": 0.0, "Avg. Cost": 0.04, "Interactions": 1, "Clicks": 1, "Avg. CPV": 0.0, "Unique cookies": "", "Invalid clicks": 0, "Advertising Sub Channel": "", "Interaction Types": ["Clicks"], "Avg. position": 1.1, "Date": "2017-03-01", "CTR": 12.5, "Dept": "WPL", "View rate": 0.0, "Bid Strategy Type": "cpc", "Cost": 0.04, "Campaign ID": "420416642", "Avg. CPM": 5.0, "Campaign": "Gen-term_FH-Game-Exact-MOR", "End date": ""}, {"Campaign serving status": "eligible", "Advertising Channel": "Search", "Views": 0, "Avg. CPC": 0.04, "Video played to 75%": 0.0, "Campaign state": "paused", "Video played to 50%": 0.0, "Interaction Rate": 11.11, "Mapping": false, "Account ID": "3764021980", "Start date": "2016-05-17", "Avg. CPE": 0.0, "Account Name": "[W] G1 - WPL - kv360", "Impressions": 9, "Video played to 25%": 0.0, "Engagements": 0, "Conversions": 1.0, "Video played to 100%": 0.0, "Avg. Cost": 0.04, "Interactions": 1, "Clicks": 1, "Avg. CPV": 0.0, "Unique cookies": "", "Invalid clicks": 0, "Advertising Sub Channel": "", "Interaction Types": ["Clicks"], "Avg. position": 1.4, "Date": "2017-03-01", "CTR": 11.11, "Dept": "WPL", "View rate": 0.0, "Bid Strategy Type": "cpc", "Cost": 0.04, "Campaign ID": "420417122", "Avg. CPM": 4.444444, "Campaign": "Gen-term_MT-Game-BMM-MOR", "End date": ""}, {"Campaign serving status": "eligible", "Advertising Channel": "Search", "Views": 0, "Avg. CPC": 0.03, "Video played to 75%": 0.0, "Campaign state": "paused", "Video played to 50%": 0.0, "Interaction Rate": 25.0, "Mapping": false, "Account ID": "3764021980", "Start date": "2016-05-17", "Avg. CPE": 0.0, "Account Name": "[W] G1 - WPL - kv360", "Impressions": 4, "Video played to 25%": 0.0, "Engagements": 0, "Conversions": 0.0, "Video played to 100%": 0.0, "Avg. Cost": 0.03, "Interactions": 1, "Clicks": 1, "Avg. CPV": 0.0, "Unique cookies": "", "Invalid clicks": 0, "Advertising Sub Channel": "", "Interaction Types": ["Clicks"], "Avg. position": 1.3, "Date": "2017-03-01", "CTR": 25.0, "Dept": "WPL", "View rate": 0.0, "Bid Strategy Type": "cpc", "Cost": 0.03, "Campaign ID": "420417842", "Avg. CPM": 7.5, "Campaign": "Gen-term_FH-Game-Phrase-MOR", "End date": ""}, {"Campaign serving status": "eligible", "Advertising Channel": "Search", "Views": 0, "Avg. CPC": 0.03, "Video played to 75%": 0.0, "Campaign state": "paused", "Video played to 50%": 0.0, "Interaction Rate": 20.0, "Mapping": false, "Account ID": "3764021980", "Start date": "2016-05-17", "Avg. CPE": 0.0, "Account Name": "[W] G1 - WPL - kv360", "Impressions": 5, "Video played to 25%": 0.0, "Engagements": 0, "Conversions": 0.0, "Video played to 100%": 0.0, "Avg. Cost": 0.03, "Interactions": 1, "Clicks": 1, "Avg. CPV": 0.0, "Unique cookies": "", "Invalid clicks": 0, "Advertising Sub Channel": "", "Interaction Types": ["Clicks"], "Avg. position": 1.2, "Date": "2017-03-01", "CTR": 20.0, "Dept": "WPL", "View rate": 0.0, "Bid Strategy Type": "cpc", "Cost": 0.03, "Campaign ID": "420420722", "Avg. CPM": 6.0, "Campaign": "Gen-term_MT-GO-BMM-AFT", "End date": ""}, {"Campaign serving status": "eligible", "Advertising Channel": "Search", "Views": 0, "Avg. CPC": 0.03, "Video played to 75%": 0.0, "Campaign state": "paused", "Video played to 50%": 0.0, "Interaction Rate": 10.0, "Mapping": false, "Account ID": "3764021980", "Start date": "2016-05-17", "Avg. CPE": 0.0, "Account Name": "[W] G1 - WPL - kv360", "Impressions": 10, "Video played to 25%": 0.0, "Engagements": 0, "Conversions": 0.0, "Video played to 100%": 0.0, "Avg. Cost": 0.03, "Interactions": 1, "Clicks": 1, "Avg. CPV": 0.0, "Unique cookies": "", "Invalid clicks": 0, "Advertising Sub Channel": "", "Interaction Types": ["Clicks"], "Avg. position": 1.2, "Date": "2017-03-01", "CTR": 10.0, "Dept": "WPL", "View rate": 0.0, "Bid Strategy Type": "cpc", "Cost": 0.03, "Campaign ID": "420421202", "Avg. CPM": 3.0, "Campaign": "Gen-term_FH-GO-Phrase-EVE", "End date": ""}, {"Campaign serving status": "eligible", "Advertising Channel": "Search", "Views": 0, "Avg. CPC": 0.05, "Video played to 75%": 0.0, "Campaign state": "paused", "Video played to 50%": 0.0, "Interaction Rate": 27.27, "Mapping": false, "Account ID": "3764021980", "Start date": "2016-05-17", "Avg. CPE": 0.0, "Account Name": "[W] G1 - WPL - kv360", "Impressions": 11, "Video played to 25%": 0.0, "Engagements": 0, "Conversions": 1.0, "Video played to 100%": 0.0, "Avg. Cost": 0.05, "Interactions": 3, "Clicks": 3, "Avg. CPV": 0.0, "Unique cookies": "", "Invalid clicks": 0, "Advertising Sub Channel": "", "Interaction Types": ["Clicks"], "Avg. position": 1.2, "Date": "2017-03-01", "CTR": 27.27, "Dept": "WPL", "View rate": 0.0, "Bid Strategy Type": "cpc", "Cost": 0.15, "Campaign ID": "420421442", "Avg. CPM": 13.636364, "Campaign": "Gen-term_FH-GO-Phrase-AFT", "End date": ""}, {"Campaign serving status": "eligible", "Advertising Channel": "Search", "Views": 0, "Avg. CPC": 0.04, "Video played to 75%": 0.0, "Campaign state": "paused", "Video played to 50%": 0.0, "Interaction Rate": 16.67, "Mapping": false, "Account ID": "3764021980", "Start date": "2016-05-17", "Avg. CPE": 0.0, "Account Name": "[W] G1 - WPL - kv360", "Impressions": 18, "Video played to 25%": 0.0, "Engagements": 0, "Conversions": 0.0, "Video played to 100%": 0.0, "Avg. Cost": 0.04, "Interactions": 3, "Clicks": 3, "Avg. CPV": 0.0, "Unique cookies": "", "Invalid clicks": 0, "Advertising Sub Channel": "", "Interaction Types": ["Clicks"], "Avg. position": 1.4, "Date": "2017-03-01", "CTR": 16.67, "Dept": "WPL", "View rate": 0.0, "Bid Strategy Type": "cpc", "Cost": 0.12, "Campaign ID": "420423122", "Avg. CPM": 6.666667, "Campaign": "Gen-term_MT-Game-Phrase-MOR", "End date": ""}, {"Campaign serving status": "eligible", "Advertising Channel": "Search", "Views": 0, "Avg. CPC": 0.06, "Video played to 75%": 0.0, "Campaign state": "paused", "Video played to 50%": 0.0, "Interaction Rate": 66.67, "Mapping": false, "Account ID": "3764021980", "Start date": "2016-05-17", "Avg. CPE": 0.0, "Account Name": "[W] G1 - WPL - kv360", "Impressions": 3, "Video played to 25%": 0.0, "Engagements": 0, "Conversions": 0.0, "Video played to 100%": 0.0, "Avg. Cost": 0.06, "Interactions": 2, "Clicks": 2, "Avg. CPV": 0.0, "Unique cookies": "", "Invalid clicks": 0, "Advertising Sub Channel": "", "Interaction Types": ["Clicks"], "Avg. position": 2.7, "Date": "2017-03-01", "CTR": 66.67, "Dept": "WPL", "View rate": 0.0, "Bid Strategy Type": "cpc", "Cost": 0.12, "Campaign ID": "420427922", "Avg. CPM": 40.0, "Campaign": "Gen-term_FH-GTT-Exact-MOR", "End date": ""}, {"Campaign serving status": "eligible", "Advertising Channel": "Search", "Views": 0, "Avg. CPC": 0.05, "Video played to 75%": 0.0, "Campaign state": "paused", "Video played to 50%": 0.0, "Interaction Rate": 50.0, "Mapping": false, "Account ID": "3764021980", "Start date": "2016-05-17", "Avg. CPE": 0.0, "Account Name": "[W] G1 - WPL - kv360", "Impressions": 2, "Video played to 25%": 0.0, "Engagements": 0, "Conversions": 0.0, "Video played to 100%": 0.0, "Avg. Cost": 0.05, "Interactions": 1, "Clicks": 1, "Avg. CPV": 0.0, "Unique cookies": "", "Invalid clicks": 0, "Advertising Sub Channel": "", "Interaction Types": ["Clicks"], "Avg. position": 2.5, "Date": "2017-03-01", "CTR": 50.0, "Dept": "WPL", "View rate": 0.0, "Bid Strategy Type": "cpc", "Cost": 0.05, "Campaign ID": "420437522", "Avg. CPM": 25.0, "Campaign": "Gen-term_FH-GMT-BM-MOR", "End date": ""}, {"Campaign serving status": "eligible", "Advertising Channel": "Search", "Views": 0, "Avg. CPC": 0.02, "Video played to 75%": 0.0, "Campaign state": "paused", "Video played to 50%": 0.0, "Interaction Rate": 9.52, "Mapping": false, "Account ID": "3764021980", "Start date": "2016-05-17", "Avg. CPE": 0.0, "Account Name": "[W] G1 - WPL - kv360", "Impressions": 21, "Video played to 25%": 0.0, "Engagements": 0, "Conversions": 0.0, "Video played to 100%": 0.0, "Avg. Cost": 0.02, "Interactions": 2, "Clicks": 2, "Avg. CPV": 0.0, "Unique cookies": "", "Invalid clicks": 0, "Advertising Sub Channel": "", "Interaction Types": ["Clicks"], "Avg. position": 1.3, "Date": "2017-03-01", "CTR": 9.52, "Dept": "WPL", "View rate": 0.0, "Bid Strategy Type": "cpc", "Cost": 0.04, "Campaign ID": "420440162", "Avg. CPM": 1.904762, "Campaign": "Gen-term_FH-GPC-BM-EVE", "End date": ""}, {"Campaign serving status": "eligible", "Advertising Channel": "Search", "Views": 0, "Avg. CPC": 0.045, "Video played to 75%": 0.0, "Campaign state": "paused", "Video played to 50%": 0.0, "Interaction Rate": 66.67, "Mapping": false, "Account ID": "3764021980", "Start date": "2016-05-17", "Avg. CPE": 0.0, "Account Name": "[W] G1 - WPL - kv360", "Impressions": 3, "Video played to 25%": 0.0, "Engagements": 0, "Conversions": 0.0, "Video played to 100%": 0.0, "Avg. Cost": 0.045, "Interactions": 2, "Clicks": 2, "Avg. CPV": 0.0, "Unique cookies": "", "Invalid clicks": 0, "Advertising Sub Channel": "", "Interaction Types": ["Clicks"], "Avg. position": 1.3, "Date": "2017-03-01", "CTR": 66.67, "Dept": "WPL", "View rate": 0.0, "Bid Strategy Type": "cpc", "Cost": 0.09, "Campaign ID": "420443282", "Avg. CPM": 30.0, "Campaign": "Gen-term_MT-GPC-BMM-AFT", "End date": ""}, {"Campaign serving status": "eligible", "Advertising Channel": "Search", "Views": 0, "Avg. CPC": 0.03, "Video played to 75%": 0.0, "Campaign state": "paused", "Video played to 50%": 0.0, "Interaction Rate": 100.0, "Mapping": false, "Account ID": "3764021980", "Start date": "2016-05-17", "Avg. CPE": 0.0, "Account Name": "[W] G1 - WPL - kv360", "Impressions": 2, "Video played to 25%": 0.0, "Engagements": 0, "Conversions": 0.0, "Video played to 100%": 0.0, "Avg. Cost": 0.03, "Interactions": 2, "Clicks": 2, "Avg. CPV": 0.0, "Unique cookies": "", "Invalid clicks": 0, "Advertising Sub Channel": "", "Interaction Types": ["Clicks"], "Avg. position": 1.5, "Date": "2017-03-01", "CTR": 100.0, "Dept": "WPL", "View rate": 0.0, "Bid Strategy Type": "cpc", "Cost": 0.06, "Campaign ID": "420457682", "Avg. CPM": 30.0, "Campaign": "Gen-term_MT-WG-BMM-EVE", "End date": ""}, {"Campaign serving status": "eligible", "Advertising Channel": "Search", "Views": 0, "Avg. CPC": 0.08, "Video played to 75%": 0.0, "Campaign state": "paused", "Video played to 50%": 0.0, "Interaction Rate": 50.0, "Mapping": false, "Account ID": "3764021980", "Start date": "2016-05-17", "Avg. CPE": 0.0, "Account Name": "[W] G1 - WPL - kv360", "Impressions": 2, "Video played to 25%": 0.0, "Engagements": 0, "Conversions": 0.0, "Video played to 100%": 0.0, "Avg. Cost": 0.08, "Interactions": 1, "Clicks": 1, "Avg. CPV": 0.0, "Unique cookies": "", "Invalid clicks": 0, "Advertising Sub Channel": "", "Interaction Types": ["Clicks"], "Avg. position": 1.5, "Date": "2017-03-01", "CTR": 50.0, "Dept": "WPL", "View rate": 0.0, "Bid Strategy Type": "cpc", "Cost": 0.08, "Campaign ID": "420459362", "Avg. CPM": 40.0, "Campaign": "Gen-term_FH-WG-BMM-MOR", "End date": ""}, {"Campaign serving status": "eligible", "Advertising Channel": "Search", "Views": 0, "Avg. CPC": 0.036711, "Video played to 75%": 0.0, "Campaign state": "paused", "Video played to 50%": 0.0, "Interaction Rate": 28.22, "Mapping": false, "Account ID": "3764021980", "Start date": "2016-05-17", "Avg. CPE": 0.0, "Account Name": "[W] G1 - WPL - kv360", "Impressions": 528, "Video played to 25%": 0.0, "Engagements": 0, "Conversions": 12.0, "Video played to 100%": 0.0, "Avg. Cost": 0.036711, "Interactions": 149, "Clicks": 149, "Avg. CPV": 0.0, "Unique cookies": "", "Invalid clicks": 6, "Advertising Sub Channel": "", "Interaction Types": ["Clicks"], "Avg. position": 1.1, "Date": "2017-03-01", "CTR": 28.22, "Dept": "WPL", "View rate": 0.0, "Bid Strategy Type": "cpc", "Cost": 5.47, "Campaign ID": "420413762", "Avg. CPM": 10.359848, "Campaign": "Brand-term_BMM-EVE", "End date": ""}, {"Campaign serving status": "eligible", "Advertising Channel": "Search", "Views": 0, "Avg. CPC": 0.015799, "Video played to 75%": 0.0, "Campaign state": "enabled", "Video played to 50%": 0.0, "Interaction Rate": 53.96, "Mapping": false, "Account ID": "3764021980", "Start date": "2016-05-17", "Avg. CPE": 0.0, "Account Name": "[W] G1 - WPL - kv360", "Impressions": 2863, "Video played to 25%": 0.0, "Engagements": 0, "Conversions": 59.0, "Video played to 100%": 0.0, "Avg. Cost": 0.015799, "Interactions": 1545, "Clicks": 1545, "Avg. CPV": 0.0, "Unique cookies": "", "Invalid clicks": 97, "Advertising Sub Channel": "", "Interaction Types": ["Clicks"], "Avg. position": 1.0, "Date": "2017-03-01", "CTR": 53.96, "Dept": "WPL", "View rate": 0.0, "Bid Strategy Type": "cpc", "Cost": 24.41, "Campaign ID": "420414962", "Avg. CPM": 8.526022, "Campaign": "Brand-term_Exa-Eve", "End date": ""}, {"Campaign serving status": "eligible", "Advertising Channel": "Search", "Views": 0, "Avg. CPC": 0.022222, "Video played to 75%": 0.0, "Campaign state": "paused", "Video played to 50%": 0.0, "Interaction Rate": 25.0, "Mapping": false, "Account ID": "3764021980", "Start date": "2016-05-17", "Avg. CPE": 0.0, "Account Name": "[W] G1 - WPL - kv360", "Impressions": 72, "Video played to 25%": 0.0, "Engagements": 0, "Conversions": 1.0, "Video played to 100%": 0.0, "Avg. Cost": 0.022222, "Interactions": 18, "Clicks": 18, "Avg. CPV": 0.0, "Unique cookies": "", "Invalid clicks": 27, "Advertising Sub Channel": "", "Interaction Types": ["Clicks"], "Avg. position": 1.2, "Date": "2017-03-01", "CTR": 25.0, "Dept": "WPL", "View rate": 0.0, "Bid Strategy Type": "cpc", "Cost": 0.4, "Campaign ID": "420418322", "Avg. CPM": 5.555556, "Campaign": "Gen-term_FH-Game-BM-EVE", "End date": ""}, {"Campaign serving status": "eligible", "Advertising Channel": "Search", "Views": 0, "Avg. CPC": 0.01, "Video played to 75%": 0.0, "Campaign state": "paused", "Video played to 50%": 0.0, "Interaction Rate": 13.33, "Mapping": false, "Account ID": "3764021980", "Start date": "2016-05-17", "Avg. CPE": 0.0, "Account Name": "[W] G1 - WPL - kv360", "Impressions": 15, "Video played to 25%": 0.0, "Engagements": 0, "Conversions": 0.0, "Video played to 100%": 0.0, "Avg. Cost": 0.01, "Interactions": 2, "Clicks": 2, "Avg. CPV": 0.0, "Unique cookies": "", "Invalid clicks": 0, "Advertising Sub Channel": "", "Interaction Types": ["Clicks"], "Avg. position": 2.0, "Date": "2017-03-01", "CTR": 13.33, "Dept": "WPL", "View rate": 0.0, "Bid Strategy Type": "cpc", "Cost": 0.02, "Campaign ID": "420423362", "Avg. CPM": 1.333333, "Campaign": "Gen-term_MT-Game-Phrase-EVE", "End date": ""}, {"Campaign serving status": "eligible", "Advertising Channel": "Search", "Views": 0, "Avg. CPC": 0.05, "Video played to 75%": 0.0, "Campaign state": "paused", "Video played to 50%": 0.0, "Interaction Rate": 33.33, "Mapping": false, "Account ID": "3764021980", "Start date": "2016-05-17", "Avg. CPE": 0.0, "Account Name": "[W] G1 - WPL - kv360", "Impressions": 3, "Video played to 25%": 0.0, "Engagements": 0, "Conversions": 1.0, "Video played to 100%": 0.0, "Avg. Cost": 0.05, "Interactions": 1, "Clicks": 1, "Avg. CPV": 0.0, "Unique cookies": "", "Invalid clicks": 0, "Advertising Sub Channel": "", "Interaction Types": ["Clicks"], "Avg. position": 1.7, "Date": "2017-03-01", "CTR": 33.33, "Dept": "WPL", "View rate": 0.0, "Bid Strategy Type": "cpc", "Cost": 0.05, "Campaign ID": "420428162", "Avg. CPM": 16.666667, "Campaign": "Gen-term_FH-GTT-Exact-EVE", "End date": ""}, {"Campaign serving status": "eligible", "Advertising Channel": "Search", "Views": 0, "Avg. CPC": 0.06, "Video played to 75%": 0.0, "Campaign state": "paused", "Video played to 50%": 0.0, "Interaction Rate": 5.56, "Mapping": false, "Account ID": "3764021980", "Start date": "2016-05-17", "Avg. CPE": 0.0, "Account Name": "[W] G1 - WPL - kv360", "Impressions": 18, "Video played to 25%": 0.0, "Engagements": 0, "Conversions": 0.0, "Video played to 100%": 0.0, "Avg. Cost": 0.06, "Interactions": 1, "Clicks": 1, "Avg. CPV": 0.0, "Unique cookies": "", "Invalid clicks": 0, "Advertising Sub Channel": "", "Interaction Types": ["Clicks"], "Avg. position": 1.3, "Date": "2017-03-01", "CTR": 5.56, "Dept": "WPL", "View rate": 0.0, "Bid Strategy Type": "cpc", "Cost": 0.06, "Campaign ID": "420439922", "Avg. CPM": 3.333333, "Campaign": "Gen-term_FH-GPC-BM-MOR", "End date": ""}, {"Campaign serving status": "eligible", "Advertising Channel": "Search", "Views": 0, "Avg. CPC": 0.05, "Video played to 75%": 0.0, "Campaign state": "paused", "Video played to 50%": 0.0, "Interaction Rate": 30.0, "Mapping": false, "Account ID": "3764021980", "Start date": "2016-05-17", "Avg. CPE": 0.0, "Account Name": "[W] G1 - WPL - kv360", "Impressions": 10, "Video played to 25%": 0.0, "Engagements": 0, "Conversions": 0.0, "Video played to 100%": 0.0, "Avg. Cost": 0.05, "Interactions": 3, "Clicks": 3, "Avg. CPV": 0.0, "Unique cookies": "", "Invalid clicks": 1, "Advertising Sub Channel": "", "Interaction Types": ["Clicks"], "Avg. position": 1.1, "Date": "2017-03-01", "CTR": 30.0, "Dept": "WPL", "View rate": 0.0, "Bid Strategy Type": "cpc", "Cost": 0.15, "Campaign ID": "420417602", "Avg. CPM": 15.0, "Campaign": "Gen-term_MT-Game-BMM-AFT", "End date": ""}, {"Campaign serving status": "eligible", "Advertising Channel": "Search", "Views": 0, "Avg. CPC": 0.035, "Video played to 75%": 0.0, "Campaign state": "paused", "Video played to 50%": 0.0, "Interaction Rate": 16.67, "Mapping": false, "Account ID": "3764021980", "Start date": "2016-05-17", "Avg. CPE": 0.0, "Account Name": "[W] G1 - WPL - kv360", "Impressions": 12, "Video played to 25%": 0.0, "Engagements": 0, "Conversions": 0.0, "Video played to 100%": 0.0, "Avg. Cost": 0.035, "Interactions": 2, "Clicks": 2, "Avg. CPV": 0.0, "Unique cookies": "", "Invalid clicks": 1, "Advertising Sub Channel": "", "Interaction Types": ["Clicks"], "Avg. position": 2.5, "Date": "2017-03-01", "CTR": 16.67, "Dept": "WPL", "View rate": 0.0, "Bid Strategy Type": "cpc", "Cost": 0.07, "Campaign ID": "420422402", "Avg. CPM": 5.833333, "Campaign": "Gen-term_MT-Game-Exact-AFT", "End date": ""}, {"Campaign serving status": "eligible", "Advertising Channel": "Search", "Views": 0, "Avg. CPC": 0.05, "Video played to 75%": 0.0, "Campaign state": "paused", "Video played to 50%": 0.0, "Interaction Rate": 11.11, "Mapping": false, "Account ID": "3764021980", "Start date": "2016-05-17", "Avg. CPE": 0.0, "Account Name": "[W] G1 - WPL - kv360", "Impressions": 9, "Video played to 25%": 0.0, "Engagements": 0, "Conversions": 0.0, "Video played to 100%": 0.0, "Avg. Cost": 0.05, "Interactions": 1, "Clicks": 1, "Avg. CPV": 0.0, "Unique cookies": "", "Invalid clicks": 0, "Advertising Sub Channel": "", "Interaction Types": ["Clicks"], "Avg. position": 2.2, "Date": "2017-03-01", "CTR": 11.11, "Dept": "WPL", "View rate": 0.0, "Bid Strategy Type": "cpc", "Cost": 0.05, "Campaign ID": "420426002", "Avg. CPM": 5.555556, "Campaign": "Gen-term_MT-GO-BMM-MOR", "End date": ""}, {"Campaign serving status": "eligible", "Advertising Channel": "Search", "Views": 0, "Avg. CPC": 0.02, "Video played to 75%": 0.0, "Campaign state": "paused", "Video played to 50%": 0.0, "Interaction Rate": 9.09, "Mapping": false, "Account ID": "3764021980", "Start date": "2016-05-17", "Avg. CPE": 0.0, "Account Name": "[W] G1 - WPL - kv360", "Impressions": 11, "Video played to 25%": 0.0, "Engagements": 0, "Conversions": 0.0, "Video played to 100%": 0.0, "Avg. Cost": 0.02, "Interactions": 1, "Clicks": 1, "Avg. CPV": 0.0, "Unique cookies": "", "Invalid clicks": 0, "Advertising Sub Channel": "", "Interaction Types": ["Clicks"], "Avg. position": 1.4, "Date": "2017-03-01", "CTR": 9.09, "Dept": "WPL", "View rate": 0.0, "Bid Strategy Type": "cpc", "Cost": 0.02, "Campaign ID": "420442802", "Avg. CPM": 1.818182, "Campaign": "Gen-term_MT-GPC-BMM-MOR", "End date": ""}, {"Campaign serving status": "eligible", "Advertising Channel": "Search", "Views": 0, "Avg. CPC": 0.012405, "Video played to 75%": 0.0, "Campaign state": "enabled", "Video played to 50%": 0.0, "Interaction Rate": 56.03, "Mapping": false, "Account ID": "3764021980", "Start date": "2016-05-17", "Avg. CPE": 0.0, "Account Name": "[W] G1 - WPL - kv360", "Impressions": 987, "Video played to 25%": 0.0, "Engagements": 0, "Conversions": 44.0, "Video played to 100%": 0.0, "Avg. Cost": 0.012405, "Interactions": 553, "Clicks": 553, "Avg. CPV": 0.0, "Unique cookies": "", "Invalid clicks": 48, "Advertising Sub Channel": "", "Interaction Types": ["Clicks"], "Avg. position": 1.0, "Date": "2017-03-01", "CTR": 56.03, "Dept": "WPL", "View rate": 0.0, "Bid Strategy Type": "cpc", "Cost": 6.86, "Campaign ID": "420414722", "Avg. CPM": 6.950355, "Campaign": "Brand-term_Exa-AFT", "End date": ""}, {"Campaign serving status": "eligible", "Advertising Channel": "Search", "Views": 0, "Avg. CPC": 0.033333, "Video played to 75%": 0.0, "Campaign state": "paused", "Video played to 50%": 0.0, "Interaction Rate": 3.16, "Mapping": false, "Account ID": "3764021980", "Start date": "2016-05-17", "Avg. CPE": 0.0, "Account Name": "[W] G1 - WPL - kv360", "Impressions": 95, "Video played to 25%": 0.0, "Engagements": 0, "Conversions": 1.0, "Video played to 100%": 0.0, "Avg. Cost": 0.033333, "Interactions": 3, "Clicks": 3, "Avg. CPV": 0.0, "Unique cookies": "", "Invalid clicks": 0, "Advertising Sub Channel": "", "Interaction Types": ["Clicks"], "Avg. position": 2.2, "Date": "2017-03-01", "CTR": 3.16, "Dept": "WPL", "View rate": 0.0, "Bid Strategy Type": "cpc", "Cost": 0.1, "Campaign ID": "420418082", "Avg. CPM": 1.052632, "Campaign": "Gen-term_FH-Game-BM-MOR", "End date": ""}, {"Campaign serving status": "eligible", "Advertising Channel": "Search", "Views": 0, "Avg. CPC": 0.022857, "Video played to 75%": 0.0, "Campaign state": "paused", "Video played to 50%": 0.0, "Interaction Rate": 11.86, "Mapping": false, "Account ID": "3764021980", "Start date": "2016-05-17", "Avg. CPE": 0.0, "Account Name": "[W] G1 - WPL - kv360", "Impressions": 59, "Video played to 25%": 0.0, "Engagements": 0, "Conversions": 0.0, "Video played to 100%": 0.0, "Avg. Cost": 0.022857, "Interactions": 7, "Clicks": 7, "Avg. CPV": 0.0, "Unique cookies": "", "Invalid clicks": 0, "Advertising Sub Channel": "", "Interaction Types": ["Clicks"], "Avg. position": 1.6, "Date": "2017-03-01", "CTR": 11.86, "Dept": "WPL", "View rate": 0.0, "Bid Strategy Type": "cpc", "Cost": 0.16, "Campaign ID": "420418562", "Avg. CPM": 2.711864, "Campaign": "Gen-term_FH-Game-BM-AFT", "End date": ""}, {"Campaign serving status": "eligible", "Advertising Channel": "Search", "Views": 0, "Avg. CPC": 0.05, "Video played to 75%": 0.0, "Campaign state": "paused", "Video played to 50%": 0.0, "Interaction Rate": 33.33, "Mapping": false, "Account ID": "3764021980", "Start date": "2016-05-17", "Avg. CPE": 0.0, "Account Name": "[W] G1 - WPL - kv360", "Impressions": 6, "Video played to 25%": 0.0, "Engagements": 0, "Conversions": 0.0, "Video played to 100%": 0.0, "Avg. Cost": 0.05, "Interactions": 2, "Clicks": 2, "Avg. CPV": 0.0, "Unique cookies": "", "Invalid clicks": 0, "Advertising Sub Channel": "", "Interaction Types": ["Clicks"], "Avg. position": 1.3, "Date": "2017-03-01", "CTR": 33.33, "Dept": "WPL", "View rate": 0.0, "Bid Strategy Type": "cpc", "Cost": 0.1, "Campaign ID": "420419282", "Avg. CPM": 16.666667, "Campaign": "Gen-term_FH-Game-BMM-EVE", "End date": ""}, {"Campaign serving status": "eligible", "Advertising Channel": "Search", "Views": 0, "Avg. CPC": 0.06, "Video played to 75%": 0.0, "Campaign state": "paused", "Video played to 50%": 0.0, "Interaction Rate": 5.88, "Mapping": false, "Account ID": "3764021980", "Start date": "2016-05-17", "Avg. CPE": 0.0, "Account Name": "[W] G1 - WPL - kv360", "Impressions": 17, "Video played to 25%": 0.0, "Engagements": 0, "Conversions": 0.0, "Video played to 100%": 0.0, "Avg. Cost": 0.06, "Interactions": 1, "Clicks": 1, "Avg. CPV": 0.0, "Unique cookies": "", "Invalid clicks": 0, "Advertising Sub Channel": "", "Interaction Types": ["Clicks"], "Avg. position": 1.6, "Date": "2017-03-01", "CTR": 5.88, "Dept": "WPL", "View rate": 0.0, "Bid Strategy Type": "cpc", "Cost": 0.06, "Campaign ID": "420422882", "Avg. CPM": 3.529412, "Campaign": "Gen-term_FH-GO-BMM-AFT", "End date": ""}, {"Campaign serving status": "eligible", "Advertising Channel": "Search", "Views": 0, "Avg. CPC": 0.03, "Video played to 75%": 0.0, "Campaign state": "paused", "Video played to 50%": 0.0, "Interaction Rate": 50.0, "Mapping": false, "Account ID": "3764021980", "Start date": "2016-05-17", "Avg. CPE": 0.0, "Account Name": "[W] G1 - WPL - kv360", "Impressions": 2, "Video played to 25%": 0.0, "Engagements": 0, "Conversions": 0.0, "Video played to 100%": 0.0, "Avg. Cost": 0.03, "Interactions": 1, "Clicks": 1, "Avg. CPV": 0.0, "Unique cookies": "", "Invalid clicks": 0, "Advertising Sub Channel": "", "Interaction Types": ["Clicks"], "Avg. position": 1.0, "Date": "2017-03-01", "CTR": 50.0, "Dept": "WPL", "View rate": 0.0, "Bid Strategy Type": "cpc", "Cost": 0.03, "Campaign ID": "420427202", "Avg. CPM": 15.0, "Campaign": "Gen-term_MT-GO-Exact-MOR", "End date": ""}, {"Campaign serving status": "eligible", "Advertising Channel": "Search", "Views": 0, "Avg. CPC": 0.05, "Video played to 75%": 0.0, "Campaign state": "paused", "Video played to 50%": 0.0, "Interaction Rate": 66.67, "Mapping": false, "Account ID": "3764021980", "Start date": "2016-05-17", "Avg. CPE": 0.0, "Account Name": "[W] G1 - WPL - kv360", "Impressions": 3, "Video played to 25%": 0.0, "Engagements": 0, "Conversions": 1.0, "Video played to 100%": 0.0, "Avg. Cost": 0.05, "Interactions": 2, "Clicks": 2, "Avg. CPV": 0.0, "Unique cookies": "", "Invalid clicks": 0, "Advertising Sub Channel": "", "Interaction Types": ["Clicks"], "Avg. position": 1.0, "Date": "2017-03-01", "CTR": 66.67, "Dept": "WPL", "View rate": 0.0, "Bid Strategy Type": "cpc", "Cost": 0.1, "Campaign ID": "420459842", "Avg. CPM": 33.333333, "Campaign": "Gen-term_FH-WG-BMM-AFT", "End date": ""}, {"Campaign serving status": "eligible", "Advertising Channel": "Search", "Views": 0, "Avg. CPC": 0.013812, "Video played to 75%": 0.0, "Campaign state": "enabled", "Video played to 50%": 0.0, "Interaction Rate": 54.45, "Mapping": false, "Account ID": "3764021980", "Start date": "2016-05-17", "Avg. CPE": 0.0, "Account Name": "[W] G1 - WPL - kv360", "Impressions": 1561, "Video played to 25%": 0.0, "Engagements": 0, "Conversions": 26.0, "Video played to 100%": 0.0, "Avg. Cost": 0.013812, "Interactions": 850, "Clicks": 850, "Avg. CPV": 0.0, "Unique cookies": "", "Invalid clicks": 35, "Advertising Sub Channel": "", "Interaction Types": ["Clicks"], "Avg. position": 1.0, "Date": "2017-03-01", "CTR": 54.45, "Dept": "WPL", "View rate": 0.0, "Bid Strategy Type": "cpc", "Cost": 11.74, "Campaign ID": "420415202", "Avg. CPM": 7.52082, "Campaign": "Brand-term_Exa-Mor", "End date": ""}, {"Campaign serving status": "eligible", "Advertising Channel": "Search", "Views": 0, "Avg. CPC": 0.04, "Video played to 75%": 0.0, "Campaign state": "paused", "Video played to 50%": 0.0, "Interaction Rate": 23.53, "Mapping": false, "Account ID": "3764021980", "Start date": "2016-05-17", "Avg. CPE": 0.0, "Account Name": "[W] G1 - WPL - kv360", "Impressions": 17, "Video played to 25%": 0.0, "Engagements": 0, "Conversions": 0.0, "Video played to 100%": 0.0, "Avg. Cost": 0.04, "Interactions": 4, "Clicks": 4, "Avg. CPV": 0.0, "Unique cookies": "", "Invalid clicks": 2, "Advertising Sub Channel": "", "Interaction Types": ["Clicks"], "Avg. position": 2.0, "Date": "2017-03-01", "CTR": 23.53, "Dept": "WPL", "View rate": 0.0, "Bid Strategy Type": "cpc", "Cost": 0.16, "Campaign ID": "420416402", "Avg. CPM": 9.411765, "Campaign": "Gen-term_FH-Game-Phrase-AFT", "End date": ""}, {"Campaign serving status": "eligible", "Advertising Channel": "Search", "Views": 0, "Avg. CPC": 0.06, "Video played to 75%": 0.0, "Campaign state": "paused", "Video played to 50%": 0.0, "Interaction Rate": 7.14, "Mapping": false, "Account ID": "3764021980", "Start date": "2016-05-17", "Avg. CPE": 0.0, "Account Name": "[W] G1 - WPL - kv360", "Impressions": 14, "Video played to 25%": 0.0, "Engagements": 0, "Conversions": 0.0, "Video played to 100%": 0.0, "Avg. Cost": 0.06, "Interactions": 1, "Clicks": 1, "Avg. CPV": 0.0, "Unique cookies": "", "Invalid clicks": 0, "Advertising Sub Channel": "", "Interaction Types": ["Clicks"], "Avg. position": 1.2, "Date": "2017-03-01", "CTR": 7.14, "Dept": "WPL", "View rate": 0.0, "Bid Strategy Type": "cpc", "Cost": 0.06, "Campaign ID": "420440402", "Avg. CPM": 4.285714, "Campaign": "Gen-term_FH-GPC-BM-AFT", "End date": ""}, {"Campaign serving status": "eligible", "Advertising Channel": "Search", "Views": 0, "Avg. CPC": 0.02, "Video played to 75%": 0.0, "Campaign state": "paused", "Video played to 50%": 0.0, "Interaction Rate": 33.33, "Mapping": false, "Account ID": "3764021980", "Start date": "2016-05-17", "Avg. CPE": 0.0, "Account Name": "[W] G1 - WPL - kv360", "Impressions": 3, "Video played to 25%": 0.0, "Engagements": 0, "Conversions": 0.0, "Video played to 100%": 0.0, "Avg. Cost": 0.02, "Interactions": 1, "Clicks": 1, "Avg. CPV": 0.0, "Unique cookies": "", "Invalid clicks": 0, "Advertising Sub Channel": "", "Interaction Types": ["Clicks"], "Avg. position": 1.7, "Date": "2017-03-01", "CTR": 33.33, "Dept": "WPL", "View rate": 0.0, "Bid Strategy Type": "cpc", "Cost": 0.02, "Campaign ID": "420443042", "Avg. CPM": 6.666667, "Campaign": "Gen-term_MT-GPC-BMM-EVE", "End date": ""}, {"Campaign serving status": "eligible", "Advertising Channel": "Search", "Views": 0, "Avg. CPC": 0.0139, "Video played to 75%": 0.0, "Campaign state": "paused", "Video played to 50%": 0.0, "Interaction Rate": 53.0, "Mapping": false, "Account ID": "3764021980", "Start date": "2016-05-17", "Avg. CPE": 0.0, "Account Name": "[W] G1 - WPL - kv360", "Impressions": 2796, "Video played to 25%": 0.0, "Engagements": 0, "Conversions": 35.0, "Video played to 100%": 0.0, "Avg. Cost": 0.0139, "Interactions": 1482, "Clicks": 1482, "Avg. CPV": 0.0, "Unique cookies": "", "Invalid clicks": 73, "Advertising Sub Channel": "", "Interaction Types": ["Clicks"], "Avg. position": 1.0, "Date": "2017-03-01", "CTR": 53.0, "Dept": "WPL", "View rate": 0.0, "Bid Strategy Type": "cpc", "Cost": 20.6, "Campaign ID": "420414002", "Avg. CPM": 7.367668, "Campaign": "Brand-term_Phr-MOR", "End date": ""}, {"Campaign serving status": "eligible", "Advertising Channel": "Search", "Views": 0, "Avg. CPC": 0.05, "Video played to 75%": 0.0, "Campaign state": "paused", "Video played to 50%": 0.0, "Interaction Rate": 25.0, "Mapping": false, "Account ID": "3764021980", "Start date": "2016-05-17", "Avg. CPE": 0.0, "Account Name": "[W] G1 - WPL - kv360", "Impressions": 4, "Video played to 25%": 0.0, "Engagements": 0, "Conversions": 0.0, "Video played to 100%": 0.0, "Avg. Cost": 0.05, "Interactions": 1, "Clicks": 1, "Avg. CPV": 0.0, "Unique cookies": "", "Invalid clicks": 0, "Advertising Sub Channel": "", "Interaction Types": ["Clicks"], "Avg. position": 1.8, "Date": "2017-03-01", "CTR": 25.0, "Dept": "WPL", "View rate": 0.0, "Bid Strategy Type": "cpc", "Cost": 0.05, "Campaign ID": "420416162", "Avg. CPM": 12.5, "Campaign": "Gen-term_FH-Game-Phrase-EVE", "End date": ""}, {"Campaign serving status": "eligible", "Advertising Channel": "Search", "Views": 0, "Avg. CPC": 0.04, "Video played to 75%": 0.0, "Campaign state": "paused", "Video played to 50%": 0.0, "Interaction Rate": 25.0, "Mapping": false, "Account ID": "3764021980", "Start date": "2016-05-17", "Avg. CPE": 0.0, "Account Name": "[W] G1 - WPL - kv360", "Impressions": 4, "Video played to 25%": 0.0, "Engagements": 0, "Conversions": 0.0, "Video played to 100%": 0.0, "Avg. Cost": 0.04, "Interactions": 1, "Clicks": 1, "Avg. CPV": 0.0, "Unique cookies": "", "Invalid clicks": 0, "Advertising Sub Channel": "", "Interaction Types": ["Clicks"], "Avg. position": 1.3, "Date": "2017-03-01", "CTR": 25.0, "Dept": "WPL", "View rate": 0.0, "Bid Strategy Type": "cpc", "Cost": 0.04, "Campaign ID": "420420482", "Avg. CPM": 10.0, "Campaign": "Gen-term_FH-GO-BMM-MOR", "End date": ""}, {"Campaign serving status": "eligible", "Advertising Channel": "Search", "Views": 0, "Avg. CPC": 0.03, "Video played to 75%": 0.0, "Campaign state": "paused", "Video played to 50%": 0.0, "Interaction Rate": 7.69, "Mapping": false, "Account ID": "3764021980", "Start date": "2016-05-17", "Avg. CPE": 0.0, "Account Name": "[W] G1 - WPL - kv360", "Impressions": 13, "Video played to 25%": 0.0, "Engagements": 0, "Conversions": 0.0, "Video played to 100%": 0.0, "Avg. Cost": 0.03, "Interactions": 1, "Clicks": 1, "Avg. CPV": 0.0, "Unique cookies": "", "Invalid clicks": 0, "Advertising Sub Channel": "", "Interaction Types": ["Clicks"], "Avg. position": 2.9, "Date": "2017-03-01", "CTR": 7.69, "Dept": "WPL", "View rate": 0.0, "Bid Strategy Type": "cpc", "Cost": 0.03, "Campaign ID": "420422162", "Avg. CPM": 2.307692, "Campaign": "Gen-term_MT-Game-Exact-EVE", "End date": ""}, {"Campaign serving status": "eligible", "Advertising Channel": "Search", "Views": 0, "Avg. CPC": 0.029167, "Video played to 75%": 0.0, "Campaign state": "paused", "Video played to 50%": 0.0, "Interaction Rate": 9.92, "Mapping": false, "Account ID": "3764021980", "Start date": "2016-05-17", "Avg. CPE": 0.0, "Account Name": "[W] G1 - WPL - kv360", "Impressions": 121, "Video played to 25%": 0.0, "Engagements": 0, "Conversions": 1.0, "Video played to 100%": 0.0, "Avg. Cost": 0.029167, "Interactions": 12, "Clicks": 12, "Avg. CPV": 0.0, "Unique cookies": "", "Invalid clicks": 2, "Advertising Sub Channel": "", "Interaction Types": ["Clicks"], "Avg. position": 1.6, "Date": "2017-03-01", "CTR": 9.92, "Dept": "WPL", "View rate": 0.0, "Bid Strategy Type": "cpc", "Cost": 0.35, "Campaign ID": "420458402", "Avg. CPM": 2.892562, "Campaign": "Gen-term_FH-WG-BM-MOR", "End date": ""}, {"Campaign serving status": "eligible", "Advertising Channel": "Search", "Views": 0, "Avg. CPC": 0.03, "Video played to 75%": 0.0, "Campaign state": "paused", "Video played to 50%": 0.0, "Interaction Rate": 100.0, "Mapping": false, "Account ID": "3764021980", "Start date": "2016-05-17", "Avg. CPE": 0.0, "Account Name": "[W] G1 - WPL - kv360", "Impressions": 1, "Video played to 25%": 0.0, "Engagements": 0, "Conversions": 0.0, "Video played to 100%": 0.0, "Avg. Cost": 0.03, "Interactions": 1, "Clicks": 1, "Avg. CPV": 0.0, "Unique cookies": "", "Invalid clicks": 0, "Advertising Sub Channel": "", "Interaction Types": ["Clicks"], "Avg. position": 3.0, "Date": "2017-03-01", "CTR": 100.0, "Dept": "WPL", "View rate": 0.0, "Bid Strategy Type": "cpc", "Cost": 0.03, "Campaign ID": "420462482", "Avg. CPM": 30.0, "Campaign": "Gen-term_MT-WG-Exact-AFT", "End date": ""}, {"Campaign serving status": "eligible", "Advertising Channel": "Search", "Views": 0, "Avg. CPC": 0.01631, "Video played to 75%": 0.0, "Campaign state": "paused", "Video played to 50%": 0.0, "Interaction Rate": 48.96, "Mapping": false, "Account ID": "3764021980", "Start date": "2016-05-26", "Avg. CPE": 0.0, "Account Name": "[W] G1 - WPL - kv360", "Impressions": 1201, "Video played to 25%": 0.0, "Engagements": 0, "Conversions": 32.0, "Video played to 100%": 0.0, "Avg. Cost": 0.01631, "Interactions": 588, "Clicks": 588, "Avg. CPV": 0.0, "Unique cookies": "", "Invalid clicks": 33, "Advertising Sub Channel": "", "Interaction Types": ["Clicks"], "Avg. position": 1.0, "Date": "2017-03-01", "CTR": 48.96, "Dept": "WPL", "View rate": 0.0, "Bid Strategy Type": "cpc", "Cost": 9.59, "Campaign ID": "600817348", "Avg. CPM": 7.985012, "Campaign": "Brand-term_Phim Kiem Vu-BMM-AFT", "End date": ""}, {"Campaign serving status": "", "Advertising Channel": "", "Views": 0, "Avg. CPC": 0.016825, "Video played to 75%": 0.0, "Campaign state": "Total", "Video played to 50%": 0.0, "Interaction Rate": 47.98, "Mapping": false, "Account ID": "3764021980", "Start date": "", "Avg. CPE": 0.0, "Account Name": "[W] G1 - WPL - kv360", "Impressions": 14743, "Video played to 25%": 0.0, "Engagements": 0, "Conversions": 298.0, "Video played to 100%": 0.0, "Avg. Cost": 0.016825, "Interactions": 7074, "Clicks": 7074, "Avg. CPV": 0.0, "Unique cookies": "", "Invalid clicks": 433, "Advertising Sub Channel": "", "Interaction Types": "", "Avg. position": 1.1, "Date": "2017-03-01", "CTR": 47.98, "Dept": "WPL", "View rate": 0.0, "Bid Strategy Type": "", "Cost": 119.02, "Campaign ID": "", "Avg. CPM": 8.072984, "Campaign": "", "End date": ""}]