[{"Account ID": "3764021980", "Conversions": 8.0, "Views": 0, "Video played to 50%": 0.0, "Advertising Sub Channel": "", "Campaign": "Brand-term_BMM-MOR", "Avg. CPE": 0.0, "Campaign serving status": "eligible", "Invalid clicks": 24, "Interaction Rate": 44.76, "Interaction Types": ["Clicks"], "Engagements": 0, "End date": "", "Avg. position": 1.2, "Video played to 100%": 0.0, "Video played to 25%": 0.0, "Video played to 75%": 0.0, "Mapping": false, "Avg. CPV": 0.0, "View rate": 0.0, "Avg. CPC": 0.022884, "Avg. Cost": 0.022884, "Avg. CPM": 10.243386, "Campaign state": "paused", "Start date": "2016-05-17", "Account Name": "[W] G1 - WPL - kv360", "Cost": 9.68, "Advertising Channel": "Search", "Campaign ID": 420413282, "Interactions": 423, "Unique cookies": "", "Clicks": 423, "CTR": 44.76, "Dept": "WPL", "Bid Strategy Type": "cpc", "Date": "2017-03-01", "Impressions": 945}, {"Account ID": "3764021980", "Conversions": 35.0, "Views": 0, "Video played to 50%": 0.0, "Advertising Sub Channel": "", "Campaign": "Brand-term_BMM-AFT", "Avg. CPE": 0.0, "Campaign serving status": "eligible", "Invalid clicks": 33, "Interaction Rate": 50.4, "Interaction Types": ["Clicks"], "Engagements": 0, "End date": "", "Avg. position": 1.1, "Video played to 100%": 0.0, "Video played to 25%": 0.0, "Video played to 75%": 0.0, "Mapping": false, "Avg. CPV": 0.0, "View rate": 0.0, "Avg. CPC": 0.016252, "Avg. Cost": 0.016252, "Avg. CPM": 8.190855, "Campaign state": "paused", "Start date": "2016-05-17", "Account Name": "[W] G1 - WPL - kv360", "Cost": 8.24, "Advertising Channel": "Search", "Campaign ID": 420413522, "Interactions": 507, "Unique cookies": "", "Clicks": 507, "CTR": 50.4, "Dept": "WPL", "Bid Strategy Type": "cpc", "Date": "2017-03-01", "Impressions": 1006}, {"Account ID": "3764021980", "Conversions": 1.0, "Views": 0, "Video played to 50%": 0.0, "Advertising Sub Channel": "", "Campaign": "Gen-term_FH-GO-Exact-MOR", "Avg. CPE": 0.0, "Campaign serving status": "eligible", "Invalid clicks": 0, "Interaction Rate": 20.0, "Interaction Types": ["Clicks"], "Engagements": 0, "End date": "", "Avg. position": 1.5, "Video played to 100%": 0.0, "Video played to 25%": 0.0, "Video played to 75%": 0.0, "Mapping": false, "Avg. CPV": 0.0, "View rate": 0.0, "Avg. CPC": 0.015, "Avg. Cost": 0.015, "Avg. CPM": 3.0, "Campaign state": "paused", "Start date": "2016-05-17", "Account Name": "[W] G1 - WPL - kv360", "Cost": 0.03, "Advertising Channel": "Search", "Campaign ID": 420419762, "Interactions": 2, "Unique cookies": "", "Clicks": 2, "CTR": 20.0, "Dept": "WPL", "Bid Strategy Type": "cpc", "Date": "2017-03-01", "Impressions": 10}, {"Account ID": "3764021980", "Conversions": 0.0, "Views": 0, "Video played to 50%": 0.0, "Advertising Sub Channel": "", "Campaign": "Gen-term_MT-Game-Phrase-AFT", "Avg. CPE": 0.0, "Campaign serving status": "eligible", "Invalid clicks": 1, "Interaction Rate": 20.0, "Interaction Types": ["Clicks"], "Engagements": 0, "End date": "", "Avg. position": 1.7, "Video played to 100%": 0.0, "Video played to 25%": 0.0, "Video played to 75%": 0.0, "Mapping": false, "Avg. CPV": 0.0, "View rate": 0.0, "Avg. CPC": 0.04, "Avg. Cost": 0.04, "Avg. CPM": 8.0, "Campaign state": "paused", "Start date": "2016-05-17", "Account Name": "[W] G1 - WPL - kv360", "Cost": 0.12, "Advertising Channel": "Search", "Campaign ID": 420421682, "Interactions": 3, "Unique cookies": "", "Clicks": 3, "CTR": 20.0, "Dept": "WPL", "Bid Strategy Type": "cpc", "Date": "2017-03-01", "Impressions": 15}, {"Account ID": "3764021980", "Conversions": 0.0, "Views": 0, "Video played to 50%": 0.0, "Advertising Sub Channel": "", "Campaign": "Gen-term_MT-GO-BMM-EVE", "Avg. CPE": 0.0, "Campaign serving status": "eligible", "Invalid clicks": 0, "Interaction Rate": 9.09, "Interaction Types": ["Clicks"], "Engagements": 0, "End date": "", "Avg. position": 1.5, "Video played to 100%": 0.0, "Video played to 25%": 0.0, "Video played to 75%": 0.0, "Mapping": false, "Avg. CPV": 0.0, "View rate": 0.0, "Avg. CPC": 0.06, "Avg. Cost": 0.06, "Avg. CPM": 5.454545, "Campaign state": "paused", "Start date": "2016-05-17", "Account Name": "[W] G1 - WPL - kv360", "Cost": 0.06, "Advertising Channel": "Search", "Campaign ID": 420426242, "Interactions": 1, "Unique cookies": "", "Clicks": 1, "CTR": 9.09, "Dept": "WPL", "Bid Strategy Type": "cpc", "Date": "2017-03-01", "Impressions": 11}, {"Account ID": "3764021980", "Conversions": 0.0, "Views": 0, "Video played to 50%": 0.0, "Advertising Sub Channel": "", "Campaign": "Gen-term_FH-GTT-BM-MOR", "Avg. CPE": 0.0, "Campaign serving status": "eligible", "Invalid clicks": 0, "Interaction Rate": 13.79, "Interaction Types": ["Clicks"], "Engagements": 0, "End date": "", "Avg. position": 2.5, "Video played to 100%": 0.0, "Video played to 25%": 0.0, "Video played to 75%": 0.0, "Mapping": false, "Avg. CPV": 0.0, "View rate": 0.0, "Avg. CPC": 0.05, "Avg. Cost": 0.05, "Avg. CPM": 6.896552, "Campaign state": "paused", "Start date": "2016-05-17", "Account Name": "[W] G1 - WPL - kv360", "Cost": 0.2, "Advertising Channel": "Search", "Campaign ID": 420429362, "Interactions": 4, "Unique cookies": "", "Clicks": 4, "CTR": 13.79, "Dept": "WPL", "Bid Strategy Type": "cpc", "Date": "2017-03-01", "Impressions": 29}, {"Account ID": "3764021980", "Conversions": 3.0, "Views": 0, "Video played to 50%": 0.0, "Advertising Sub Channel": "", "Campaign": "Gen-term_FH-WG-BM-EVE", "Avg. CPE": 0.0, "Campaign serving status": "eligible", "Invalid clicks": 2, "Interaction Rate": 19.74, "Interaction Types": ["Clicks"], "Engagements": 0, "End date": "", "Avg. position": 1.4, "Video played to 100%": 0.0, "Video played to 25%": 0.0, "Video played to 75%": 0.0, "Mapping": false, "Avg. CPV": 0.0, "View rate": 0.0, "Avg. CPC": 0.031667, "Avg. Cost": 0.031667, "Avg. CPM": 6.25, "Campaign state": "paused", "Start date": "2016-05-17", "Account Name": "[W] G1 - WPL - kv360", "Cost": 0.95, "Advertising Channel": "Search", "Campaign ID": 420458642, "Interactions": 30, "Unique cookies": "", "Clicks": 30, "CTR": 19.74, "Dept": "WPL", "Bid Strategy Type": "cpc", "Date": "2017-03-01", "Impressions": 152}, {"Account ID": "3764021980", "Conversions": 4.0, "Views": 0, "Video played to 50%": 0.0, "Advertising Sub Channel": "", "Campaign": "Gen-term_FH-WG-BM-AFT", "Avg. CPE": 0.0, "Campaign serving status": "eligible", "Invalid clicks": 3, "Interaction Rate": 20.59, "Interaction Types": ["Clicks"], "Engagements": 0, "End date": "", "Avg. position": 1.5, "Video played to 100%": 0.0, "Video played to 25%": 0.0, "Video played to 75%": 0.0, "Mapping": false, "Avg. CPV": 0.0, "View rate": 0.0, "Avg. CPC": 0.040476, "Avg. Cost": 0.040476, "Avg. CPM": 8.333333, "Campaign state": "paused", "Start date": "2016-05-17", "Account Name": "[W] G1 - WPL - kv360", "Cost": 0.85, "Advertising Channel": "Search", "Campaign ID": 420458882, "Interactions": 21, "Unique cookies": "", "Clicks": 21, "CTR": 20.59, "Dept": "WPL", "Bid Strategy Type": "cpc", "Date": "2017-03-01", "Impressions": 102}, {"Account ID": "3764021980", "Conversions": 1.0, "Views": 0, "Video played to 50%": 0.0, "Advertising Sub Channel": "", "Campaign": "Brand-term_Phim Kiem Vu-BMM-Eve", "Avg. CPE": 0.0, "Campaign serving status": "eligible", "Invalid clicks": 2, "Interaction Rate": 66.67, "Interaction Types": ["Clicks"], "Engagements": 0, "End date": "", "Avg. position": 1.0, "Video played to 100%": 0.0, "Video played to 25%": 0.0, "Video played to 75%": 0.0, "Mapping": false, "Avg. CPV": 0.0, "View rate": 0.0, "Avg. CPC": 0.01, "Avg. Cost": 0.01, "Avg. CPM": 6.666667, "Campaign state": "paused", "Start date": "2016-05-26", "Account Name": "[W] G1 - WPL - kv360", "Cost": 0.04, "Advertising Channel": "Search", "Campaign ID": 600817351, "Interactions": 4, "Unique cookies": "", "Clicks": 4, "CTR": 66.67, "Dept": "WPL", "Bid Strategy Type": "cpc", "Date": "2017-03-01", "Impressions": 6}, {"Account ID": "3764021980", "Conversions": 16.0, "Views": 0, "Video played to 50%": 0.0, "Advertising Sub Channel": "", "Campaign": "Brand-term_Phr-AFT", "Avg. CPE": 0.0, "Campaign serving status": "eligible", "Invalid clicks": 25, "Interaction Rate": 38.41, "Interaction Types": ["Clicks"], "Engagements": 0, "End date": "", "Avg. position": 1.0, "Video played to 100%": 0.0, "Video played to 25%": 0.0, "Video played to 75%": 0.0, "Mapping": false, "Avg. CPV": 0.0, "View rate": 0.0, "Avg. CPC": 0.030331, "Avg. Cost": 0.030331, "Avg. CPM": 11.650794, "Campaign state": "paused", "Start date": "2016-05-17", "Account Name": "[W] G1 - WPL - kv360", "Cost": 7.34, "Advertising Channel": "Search", "Campaign ID": 420414482, "Interactions": 242, "Unique cookies": "", "Clicks": 242, "CTR": 38.41, "Dept": "WPL", "Bid Strategy Type": "cpc", "Date": "2017-03-01", "Impressions": 630}, {"Account ID": "3764021980", "Conversions": 1.0, "Views": 0, "Video played to 50%": 0.0, "Advertising Sub Channel": "", "Campaign": "Gen-term_FH-GO-Exact-EVE", "Avg. CPE": 0.0, "Campaign serving status": "eligible", "Invalid clicks": 1, "Interaction Rate": 39.53, "Interaction Types": ["Clicks"], "Engagements": 0, "End date": "", "Avg. position": 1.1, "Video played to 100%": 0.0, "Video played to 25%": 0.0, "Video played to 75%": 0.0, "Mapping": false, "Avg. CPV": 0.0, "View rate": 0.0, "Avg. CPC": 0.02, "Avg. Cost": 0.02, "Avg. CPM": 7.906977, "Campaign state": "paused", "Start date": "2016-05-17", "Account Name": "[W] G1 - WPL - kv360", "Cost": 0.68, "Advertising Channel": "Search", "Campaign ID": 420420002, "Interactions": 34, "Unique cookies": "", "Clicks": 34, "CTR": 39.53, "Dept": "WPL", "Bid Strategy Type": "cpc", "Date": "2017-03-01", "Impressions": 86}, {"Account ID": "3764021980", "Conversions": 1.0, "Views": 0, "Video played to 50%": 0.0, "Advertising Sub Channel": "", "Campaign": "Gen-term_FH-GO-Exact-AFT", "Avg. CPE": 0.0, "Campaign serving status": "eligible", "Invalid clicks": 0, "Interaction Rate": 44.44, "Interaction Types": ["Clicks"], "Engagements": 0, "End date": "", "Avg. position": 1.2, "Video played to 100%": 0.0, "Video played to 25%": 0.0, "Video played to 75%": 0.0, "Mapping": false, "Avg. CPV": 0.0, "View rate": 0.0, "Avg. CPC": 0.02375, "Avg. Cost": 0.02375, "Avg. CPM": 10.555556, "Campaign state": "paused", "Start date": "2016-05-17", "Account Name": "[W] G1 - WPL - kv360", "Cost": 0.38, "Advertising Channel": "Search", "Campaign ID": 420420242, "Interactions": 16, "Unique cookies": "", "Clicks": 16, "CTR": 44.44, "Dept": "WPL", "Bid Strategy Type": "cpc", "Date": "2017-03-01", "Impressions": 36}, {"Account ID": "3764021980", "Conversions": 0.0, "Views": 0, "Video played to 50%": 0.0, "Advertising Sub Channel": "", "Campaign": "Gen-term_FH-GO-BMM-EVE", "Avg. CPE": 0.0, "Campaign serving status": "eligible", "Invalid clicks": 0, "Interaction Rate": 14.29, "Interaction Types": ["Clicks"], "Engagements": 0, "End date": "", "Avg. position": 1.3, "Video played to 100%": 0.0, "Video played to 25%": 0.0, "Video played to 75%": 0.0, "Mapping": false, "Avg. CPV": 0.0, "View rate": 0.0, "Avg. CPC": 0.02, "Avg. Cost": 0.02, "Avg. CPM": 2.857143, "Campaign state": "paused", "Start date": "2016-05-17", "Account Name": "[W] G1 - WPL - kv360", "Cost": 0.04, "Advertising Channel": "Search", "Campaign ID": 420422642, "Interactions": 2, "Unique cookies": "", "Clicks": 2, "CTR": 14.29, "Dept": "WPL", "Bid Strategy Type": "cpc", "Date": "2017-03-01", "Impressions": 14}, {"Account ID": "3764021980", "Conversions": 0.0, "Views": 0, "Video played to 50%": 0.0, "Advertising Sub Channel": "", "Campaign": "Gen-term_MT-PCG-BMM-EVE", "Avg. CPE": 0.0, "Campaign serving status": "eligible", "Invalid clicks": 0, "Interaction Rate": 66.67, "Interaction Types": ["Clicks"], "Engagements": 0, "End date": "", "Avg. position": 1.7, "Video played to 100%": 0.0, "Video played to 25%": 0.0, "Video played to 75%": 0.0, "Mapping": false, "Avg. CPV": 0.0, "View rate": 0.0, "Avg. CPC": 0.05, "Avg. Cost": 0.05, "Avg. CPM": 33.333333, "Campaign state": "paused", "Start date": "2016-05-17", "Account Name": "[W] G1 - WPL - kv360", "Cost": 0.1, "Advertising Channel": "Search", "Campaign ID": 420451202, "Interactions": 2, "Unique cookies": "", "Clicks": 2, "CTR": 66.67, "Dept": "WPL", "Bid Strategy Type": "cpc", "Date": "2017-03-01", "Impressions": 3}, {"Account ID": "3764021980", "Conversions": 0.0, "Views": 0, "Video played to 50%": 0.0, "Advertising Sub Channel": "", "Campaign": "Brand-term_Phim Kiem Vu-BMM-MOR", "Avg. CPE": 0.0, "Campaign serving status": "eligible", "Invalid clicks": 0, "Interaction Rate": 62.86, "Interaction Types": ["Clicks"], "Engagements": 0, "End date": "", "Avg. position": 1.0, "Video played to 100%": 0.0, "Video played to 25%": 0.0, "Video played to 75%": 0.0, "Mapping": false, "Avg. CPV": 0.0, "View rate": 0.0, "Avg. CPC": 0.022273, "Avg. Cost": 0.022273, "Avg. CPM": 14.0, "Campaign state": "paused", "Start date": "2016-05-26", "Account Name": "[W] G1 - WPL - kv360", "Cost": 0.49, "Advertising Channel": "Search", "Campaign ID": 600817345, "Interactions": 22, "Unique cookies": "", "Clicks": 22, "CTR": 62.86, "Dept": "WPL", "Bid Strategy Type": "cpc", "Date": "2017-03-01", "Impressions": 35}, {"Account ID": "3764021980", "Conversions": 13.0, "Views": 0, "Video played to 50%": 0.0, "Advertising Sub Channel": "", "Campaign": "Brand-term_Phr-EVE", "Avg. CPE": 0.0, "Campaign serving status": "eligible", "Invalid clicks": 17, "Interaction Rate": 48.05, "Interaction Types": ["Clicks"], "Engagements": 0, "End date": "", "Avg. position": 1.0, "Video played to 100%": 0.0, "Video played to 25%": 0.0, "Video played to 75%": 0.0, "Mapping": false, "Avg. CPV": 0.0, "View rate": 0.0, "Avg. CPC": 0.016126, "Avg. Cost": 0.016126, "Avg. CPM": 7.749288, "Campaign state": "paused", "Start date": "2016-05-17", "Account Name": "[W] G1 - WPL - kv360", "Cost": 8.16, "Advertising Channel": "Search", "Campaign ID": 420414242, "Interactions": 506, "Unique cookies": "", "Clicks": 506, "CTR": 48.05, "Dept": "WPL", "Bid Strategy Type": "cpc", "Date": "2017-03-01", "Impressions": 1053}, {"Account ID": "3764021980", "Conversions": 0.0, "Views": 0, "Video played to 50%": 0.0, "Advertising Sub Channel": "", "Campaign": "Gen-term_FH-Game-Exact-MOR", "Avg. CPE": 0.0, "Campaign serving status": "eligible", "Invalid clicks": 0, "Interaction Rate": 12.5, "Interaction Types": ["Clicks"], "Engagements": 0, "End date": "", "Avg. position": 1.1, "Video played to 100%": 0.0, "Video played to 25%": 0.0, "Video played to 75%": 0.0, "Mapping": false, "Avg. CPV": 0.0, "View rate": 0.0, "Avg. CPC": 0.04, "Avg. Cost": 0.04, "Avg. CPM": 5.0, "Campaign state": "paused", "Start date": "2016-05-17", "Account Name": "[W] G1 - WPL - kv360", "Cost": 0.04, "Advertising Channel": "Search", "Campaign ID": 420416642, "Interactions": 1, "Unique cookies": "", "Clicks": 1, "CTR": 12.5, "Dept": "WPL", "Bid Strategy Type": "cpc", "Date": "2017-03-01", "Impressions": 8}, {"Account ID": "3764021980", "Conversions": 1.0, "Views": 0, "Video played to 50%": 0.0, "Advertising Sub Channel": "", "Campaign": "Gen-term_MT-Game-BMM-MOR", "Avg. CPE": 0.0, "Campaign serving status": "eligible", "Invalid clicks": 0, "Interaction Rate": 11.11, "Interaction Types": ["Clicks"], "Engagements": 0, "End date": "", "Avg. position": 1.4, "Video played to 100%": 0.0, "Video played to 25%": 0.0, "Video played to 75%": 0.0, "Mapping": false, "Avg. CPV": 0.0, "View rate": 0.0, "Avg. CPC": 0.04, "Avg. Cost": 0.04, "Avg. CPM": 4.444444, "Campaign state": "paused", "Start date": "2016-05-17", "Account Name": "[W] G1 - WPL - kv360", "Cost": 0.04, "Advertising Channel": "Search", "Campaign ID": 420417122, "Interactions": 1, "Unique cookies": "", "Clicks": 1, "CTR": 11.11, "Dept": "WPL", "Bid Strategy Type": "cpc", "Date": "2017-03-01", "Impressions": 9}, {"Account ID": "3764021980", "Conversions": 0.0, "Views": 0, "Video played to 50%": 0.0, "Advertising Sub Channel": "", "Campaign": "Gen-term_FH-Game-Phrase-MOR", "Avg. CPE": 0.0, "Campaign serving status": "eligible", "Invalid clicks": 0, "Interaction Rate": 25.0, "Interaction Types": ["Clicks"], "Engagements": 0, "End date": "", "Avg. position": 1.3, "Video played to 100%": 0.0, "Video played to 25%": 0.0, "Video played to 75%": 0.0, "Mapping": false, "Avg. CPV": 0.0, "View rate": 0.0, "Avg. CPC": 0.03, "Avg. Cost": 0.03, "Avg. CPM": 7.5, "Campaign state": "paused", "Start date": "2016-05-17", "Account Name": "[W] G1 - WPL - kv360", "Cost": 0.03, "Advertising Channel": "Search", "Campaign ID": 420417842, "Interactions": 1, "Unique cookies": "", "Clicks": 1, "CTR": 25.0, "Dept": "WPL", "Bid Strategy Type": "cpc", "Date": "2017-03-01", "Impressions": 4}, {"Account ID": "3764021980", "Conversions": 0.0, "Views": 0, "Video played to 50%": 0.0, "Advertising Sub Channel": "", "Campaign": "Gen-term_MT-GO-BMM-AFT", "Avg. CPE": 0.0, "Campaign serving status": "eligible", "Invalid clicks": 0, "Interaction Rate": 20.0, "Interaction Types": ["Clicks"], "Engagements": 0, "End date": "", "Avg. position": 1.2, "Video played to 100%": 0.0, "Video played to 25%": 0.0, "Video played to 75%": 0.0, "Mapping": false, "Avg. CPV": 0.0, "View rate": 0.0, "Avg. CPC": 0.03, "Avg. Cost": 0.03, "Avg. CPM": 6.0, "Campaign state": "paused", "Start date": "2016-05-17", "Account Name": "[W] G1 - WPL - kv360", "Cost": 0.03, "Advertising Channel": "Search", "Campaign ID": 420420722, "Interactions": 1, "Unique cookies": "", "Clicks": 1, "CTR": 20.0, "Dept": "WPL", "Bid Strategy Type": "cpc", "Date": "2017-03-01", "Impressions": 5}, {"Account ID": "3764021980", "Conversions": 0.0, "Views": 0, "Video played to 50%": 0.0, "Advertising Sub Channel": "", "Campaign": "Gen-term_FH-GO-Phrase-EVE", "Avg. CPE": 0.0, "Campaign serving status": "eligible", "Invalid clicks": 0, "Interaction Rate": 10.0, "Interaction Types": ["Clicks"], "Engagements": 0, "End date": "", "Avg. position": 1.2, "Video played to 100%": 0.0, "Video played to 25%": 0.0, "Video played to 75%": 0.0, "Mapping": false, "Avg. CPV": 0.0, "View rate": 0.0, "Avg. CPC": 0.03, "Avg. Cost": 0.03, "Avg. CPM": 3.0, "Campaign state": "paused", "Start date": "2016-05-17", "Account Name": "[W] G1 - WPL - kv360", "Cost": 0.03, "Advertising Channel": "Search", "Campaign ID": 420421202, "Interactions": 1, "Unique cookies": "", "Clicks": 1, "CTR": 10.0, "Dept": "WPL", "Bid Strategy Type": "cpc", "Date": "2017-03-01", "Impressions": 10}, {"Account ID": "3764021980", "Conversions": 1.0, "Views": 0, "Video played to 50%": 0.0, "Advertising Sub Channel": "", "Campaign": "Gen-term_FH-GO-Phrase-AFT", "Avg. CPE": 0.0, "Campaign serving status": "eligible", "Invalid clicks": 0, "Interaction Rate": 27.27, "Interaction Types": ["Clicks"], "Engagements": 0, "End date": "", "Avg. position": 1.2, "Video played to 100%": 0.0, "Video played to 25%": 0.0, "Video played to 75%": 0.0, "Mapping": false, "Avg. CPV": 0.0, "View rate": 0.0, "Avg. CPC": 0.05, "Avg. Cost": 0.05, "Avg. CPM": 13.636364, "Campaign state": "paused", "Start date": "2016-05-17", "Account Name": "[W] G1 - WPL - kv360", "Cost": 0.15, "Advertising Channel": "Search", "Campaign ID": 420421442, "Interactions": 3, "Unique cookies": "", "Clicks": 3, "CTR": 27.27, "Dept": "WPL", "Bid Strategy Type": "cpc", "Date": "2017-03-01", "Impressions": 11}, {"Account ID": "3764021980", "Conversions": 0.0, "Views": 0, "Video played to 50%": 0.0, "Advertising Sub Channel": "", "Campaign": "Gen-term_MT-Game-Phrase-MOR", "Avg. CPE": 0.0, "Campaign serving status": "eligible", "Invalid clicks": 0, "Interaction Rate": 16.67, "Interaction Types": ["Clicks"], "Engagements": 0, "End date": "", "Avg. position": 1.4, "Video played to 100%": 0.0, "Video played to 25%": 0.0, "Video played to 75%": 0.0, "Mapping": false, "Avg. CPV": 0.0, "View rate": 0.0, "Avg. CPC": 0.04, "Avg. Cost": 0.04, "Avg. CPM": 6.666667, "Campaign state": "paused", "Start date": "2016-05-17", "Account Name": "[W] G1 - WPL - kv360", "Cost": 0.12, "Advertising Channel": "Search", "Campaign ID": 420423122, "Interactions": 3, "Unique cookies": "", "Clicks": 3, "CTR": 16.67, "Dept": "WPL", "Bid Strategy Type": "cpc", "Date": "2017-03-01", "Impressions": 18}, {"Account ID": "3764021980", "Conversions": 0.0, "Views": 0, "Video played to 50%": 0.0, "Advertising Sub Channel": "", "Campaign": "Gen-term_FH-GTT-Exact-MOR", "Avg. CPE": 0.0, "Campaign serving status": "eligible", "Invalid clicks": 0, "Interaction Rate": 66.67, "Interaction Types": ["Clicks"], "Engagements": 0, "End date": "", "Avg. position": 2.7, "Video played to 100%": 0.0, "Video played to 25%": 0.0, "Video played to 75%": 0.0, "Mapping": false, "Avg. CPV": 0.0, "View rate": 0.0, "Avg. CPC": 0.06, "Avg. Cost": 0.06, "Avg. CPM": 40.0, "Campaign state": "paused", "Start date": "2016-05-17", "Account Name": "[W] G1 - WPL - kv360", "Cost": 0.12, "Advertising Channel": "Search", "Campaign ID": 420427922, "Interactions": 2, "Unique cookies": "", "Clicks": 2, "CTR": 66.67, "Dept": "WPL", "Bid Strategy Type": "cpc", "Date": "2017-03-01", "Impressions": 3}, {"Account ID": "3764021980", "Conversions": 0.0, "Views": 0, "Video played to 50%": 0.0, "Advertising Sub Channel": "", "Campaign": "Gen-term_FH-GMT-BM-MOR", "Avg. CPE": 0.0, "Campaign serving status": "eligible", "Invalid clicks": 0, "Interaction Rate": 50.0, "Interaction Types": ["Clicks"], "Engagements": 0, "End date": "", "Avg. position": 2.5, "Video played to 100%": 0.0, "Video played to 25%": 0.0, "Video played to 75%": 0.0, "Mapping": false, "Avg. CPV": 0.0, "View rate": 0.0, "Avg. CPC": 0.05, "Avg. Cost": 0.05, "Avg. CPM": 25.0, "Campaign state": "paused", "Start date": "2016-05-17", "Account Name": "[W] G1 - WPL - kv360", "Cost": 0.05, "Advertising Channel": "Search", "Campaign ID": 420437522, "Interactions": 1, "Unique cookies": "", "Clicks": 1, "CTR": 50.0, "Dept": "WPL", "Bid Strategy Type": "cpc", "Date": "2017-03-01", "Impressions": 2}, {"Account ID": "3764021980", "Conversions": 0.0, "Views": 0, "Video played to 50%": 0.0, "Advertising Sub Channel": "", "Campaign": "Gen-term_FH-GPC-BM-EVE", "Avg. CPE": 0.0, "Campaign serving status": "eligible", "Invalid clicks": 0, "Interaction Rate": 9.52, "Interaction Types": ["Clicks"], "Engagements": 0, "End date": "", "Avg. position": 1.3, "Video played to 100%": 0.0, "Video played to 25%": 0.0, "Video played to 75%": 0.0, "Mapping": false, "Avg. CPV": 0.0, "View rate": 0.0, "Avg. CPC": 0.02, "Avg. Cost": 0.02, "Avg. CPM": 1.904762, "Campaign state": "paused", "Start date": "2016-05-17", "Account Name": "[W] G1 - WPL - kv360", "Cost": 0.04, "Advertising Channel": "Search", "Campaign ID": 420440162, "Interactions": 2, "Unique cookies": "", "Clicks": 2, "CTR": 9.52, "Dept": "WPL", "Bid Strategy Type": "cpc", "Date": "2017-03-01", "Impressions": 21}, {"Account ID": "3764021980", "Conversions": 0.0, "Views": 0, "Video played to 50%": 0.0, "Advertising Sub Channel": "", "Campaign": "Gen-term_MT-GPC-BMM-AFT", "Avg. CPE": 0.0, "Campaign serving status": "eligible", "Invalid clicks": 0, "Interaction Rate": 66.67, "Interaction Types": ["Clicks"], "Engagements": 0, "End date": "", "Avg. position": 1.3, "Video played to 100%": 0.0, "Video played to 25%": 0.0, "Video played to 75%": 0.0, "Mapping": false, "Avg. CPV": 0.0, "View rate": 0.0, "Avg. CPC": 0.045, "Avg. Cost": 0.045, "Avg. CPM": 30.0, "Campaign state": "paused", "Start date": "2016-05-17", "Account Name": "[W] G1 - WPL - kv360", "Cost": 0.09, "Advertising Channel": "Search", "Campaign ID": 420443282, "Interactions": 2, "Unique cookies": "", "Clicks": 2, "CTR": 66.67, "Dept": "WPL", "Bid Strategy Type": "cpc", "Date": "2017-03-01", "Impressions": 3}, {"Account ID": "3764021980", "Conversions": 0.0, "Views": 0, "Video played to 50%": 0.0, "Advertising Sub Channel": "", "Campaign": "Gen-term_MT-WG-BMM-EVE", "Avg. CPE": 0.0, "Campaign serving status": "eligible", "Invalid clicks": 0, "Interaction Rate": 100.0, "Interaction Types": ["Clicks"], "Engagements": 0, "End date": "", "Avg. position": 1.5, "Video played to 100%": 0.0, "Video played to 25%": 0.0, "Video played to 75%": 0.0, "Mapping": false, "Avg. CPV": 0.0, "View rate": 0.0, "Avg. CPC": 0.03, "Avg. Cost": 0.03, "Avg. CPM": 30.0, "Campaign state": "paused", "Start date": "2016-05-17", "Account Name": "[W] G1 - WPL - kv360", "Cost": 0.06, "Advertising Channel": "Search", "Campaign ID": 420457682, "Interactions": 2, "Unique cookies": "", "Clicks": 2, "CTR": 100.0, "Dept": "WPL", "Bid Strategy Type": "cpc", "Date": "2017-03-01", "Impressions": 2}, {"Account ID": "3764021980", "Conversions": 0.0, "Views": 0, "Video played to 50%": 0.0, "Advertising Sub Channel": "", "Campaign": "Gen-term_FH-WG-BMM-MOR", "Avg. CPE": 0.0, "Campaign serving status": "eligible", "Invalid clicks": 0, "Interaction Rate": 50.0, "Interaction Types": ["Clicks"], "Engagements": 0, "End date": "", "Avg. position": 1.5, "Video played to 100%": 0.0, "Video played to 25%": 0.0, "Video played to 75%": 0.0, "Mapping": false, "Avg. CPV": 0.0, "View rate": 0.0, "Avg. CPC": 0.08, "Avg. Cost": 0.08, "Avg. CPM": 40.0, "Campaign state": "paused", "Start date": "2016-05-17", "Account Name": "[W] G1 - WPL - kv360", "Cost": 0.08, "Advertising Channel": "Search", "Campaign ID": 420459362, "Interactions": 1, "Unique cookies": "", "Clicks": 1, "CTR": 50.0, "Dept": "WPL", "Bid Strategy Type": "cpc", "Date": "2017-03-01", "Impressions": 2}, {"Account ID": "3764021980", "Conversions": 12.0, "Views": 0, "Video played to 50%": 0.0, "Advertising Sub Channel": "", "Campaign": "Brand-term_BMM-EVE", "Avg. CPE": 0.0, "Campaign serving status": "eligible", "Invalid clicks": 6, "Interaction Rate": 28.22, "Interaction Types": ["Clicks"], "Engagements": 0, "End date": "", "Avg. position": 1.1, "Video played to 100%": 0.0, "Video played to 25%": 0.0, "Video played to 75%": 0.0, "Mapping": false, "Avg. CPV": 0.0, "View rate": 0.0, "Avg. CPC": 0.036711, "Avg. Cost": 0.036711, "Avg. CPM": 10.359848, "Campaign state": "paused", "Start date": "2016-05-17", "Account Name": "[W] G1 - WPL - kv360", "Cost": 5.47, "Advertising Channel": "Search", "Campaign ID": 420413762, "Interactions": 149, "Unique cookies": "", "Clicks": 149, "CTR": 28.22, "Dept": "WPL", "Bid Strategy Type": "cpc", "Date": "2017-03-01", "Impressions": 528}, {"Account ID": "3764021980", "Conversions": 59.0, "Views": 0, "Video played to 50%": 0.0, "Advertising Sub Channel": "", "Campaign": "Brand-term_Exa-Eve", "Avg. CPE": 0.0, "Campaign serving status": "eligible", "Invalid clicks": 97, "Interaction Rate": 53.96, "Interaction Types": ["Clicks"], "Engagements": 0, "End date": "", "Avg. position": 1.0, "Video played to 100%": 0.0, "Video played to 25%": 0.0, "Video played to 75%": 0.0, "Mapping": false, "Avg. CPV": 0.0, "View rate": 0.0, "Avg. CPC": 0.015799, "Avg. Cost": 0.015799, "Avg. CPM": 8.526022, "Campaign state": "enabled", "Start date": "2016-05-17", "Account Name": "[W] G1 - WPL - kv360", "Cost": 24.41, "Advertising Channel": "Search", "Campaign ID": 420414962, "Interactions": 1545, "Unique cookies": "", "Clicks": 1545, "CTR": 53.96, "Dept": "WPL", "Bid Strategy Type": "cpc", "Date": "2017-03-01", "Impressions": 2863}, {"Account ID": "3764021980", "Conversions": 1.0, "Views": 0, "Video played to 50%": 0.0, "Advertising Sub Channel": "", "Campaign": "Gen-term_FH-Game-BM-EVE", "Avg. CPE": 0.0, "Campaign serving status": "eligible", "Invalid clicks": 27, "Interaction Rate": 25.0, "Interaction Types": ["Clicks"], "Engagements": 0, "End date": "", "Avg. position": 1.2, "Video played to 100%": 0.0, "Video played to 25%": 0.0, "Video played to 75%": 0.0, "Mapping": false, "Avg. CPV": 0.0, "View rate": 0.0, "Avg. CPC": 0.022222, "Avg. Cost": 0.022222, "Avg. CPM": 5.555556, "Campaign state": "paused", "Start date": "2016-05-17", "Account Name": "[W] G1 - WPL - kv360", "Cost": 0.4, "Advertising Channel": "Search", "Campaign ID": 420418322, "Interactions": 18, "Unique cookies": "", "Clicks": 18, "CTR": 25.0, "Dept": "WPL", "Bid Strategy Type": "cpc", "Date": "2017-03-01", "Impressions": 72}, {"Account ID": "3764021980", "Conversions": 0.0, "Views": 0, "Video played to 50%": 0.0, "Advertising Sub Channel": "", "Campaign": "Gen-term_MT-Game-Phrase-EVE", "Avg. CPE": 0.0, "Campaign serving status": "eligible", "Invalid clicks": 0, "Interaction Rate": 13.33, "Interaction Types": ["Clicks"], "Engagements": 0, "End date": "", "Avg. position": 2.0, "Video played to 100%": 0.0, "Video played to 25%": 0.0, "Video played to 75%": 0.0, "Mapping": false, "Avg. CPV": 0.0, "View rate": 0.0, "Avg. CPC": 0.01, "Avg. Cost": 0.01, "Avg. CPM": 1.333333, "Campaign state": "paused", "Start date": "2016-05-17", "Account Name": "[W] G1 - WPL - kv360", "Cost": 0.02, "Advertising Channel": "Search", "Campaign ID": 420423362, "Interactions": 2, "Unique cookies": "", "Clicks": 2, "CTR": 13.33, "Dept": "WPL", "Bid Strategy Type": "cpc", "Date": "2017-03-01", "Impressions": 15}, {"Account ID": "3764021980", "Conversions": 1.0, "Views": 0, "Video played to 50%": 0.0, "Advertising Sub Channel": "", "Campaign": "Gen-term_FH-GTT-Exact-EVE", "Avg. CPE": 0.0, "Campaign serving status": "eligible", "Invalid clicks": 0, "Interaction Rate": 33.33, "Interaction Types": ["Clicks"], "Engagements": 0, "End date": "", "Avg. position": 1.7, "Video played to 100%": 0.0, "Video played to 25%": 0.0, "Video played to 75%": 0.0, "Mapping": false, "Avg. CPV": 0.0, "View rate": 0.0, "Avg. CPC": 0.05, "Avg. Cost": 0.05, "Avg. CPM": 16.666667, "Campaign state": "paused", "Start date": "2016-05-17", "Account Name": "[W] G1 - WPL - kv360", "Cost": 0.05, "Advertising Channel": "Search", "Campaign ID": 420428162, "Interactions": 1, "Unique cookies": "", "Clicks": 1, "CTR": 33.33, "Dept": "WPL", "Bid Strategy Type": "cpc", "Date": "2017-03-01", "Impressions": 3}, {"Account ID": "3764021980", "Conversions": 0.0, "Views": 0, "Video played to 50%": 0.0, "Advertising Sub Channel": "", "Campaign": "Gen-term_FH-GPC-BM-MOR", "Avg. CPE": 0.0, "Campaign serving status": "eligible", "Invalid clicks": 0, "Interaction Rate": 5.56, "Interaction Types": ["Clicks"], "Engagements": 0, "End date": "", "Avg. position": 1.3, "Video played to 100%": 0.0, "Video played to 25%": 0.0, "Video played to 75%": 0.0, "Mapping": false, "Avg. CPV": 0.0, "View rate": 0.0, "Avg. CPC": 0.06, "Avg. Cost": 0.06, "Avg. CPM": 3.333333, "Campaign state": "paused", "Start date": "2016-05-17", "Account Name": "[W] G1 - WPL - kv360", "Cost": 0.06, "Advertising Channel": "Search", "Campaign ID": 420439922, "Interactions": 1, "Unique cookies": "", "Clicks": 1, "CTR": 5.56, "Dept": "WPL", "Bid Strategy Type": "cpc", "Date": "2017-03-01", "Impressions": 18}, {"Account ID": "3764021980", "Conversions": 0.0, "Views": 0, "Video played to 50%": 0.0, "Advertising Sub Channel": "", "Campaign": "Gen-term_MT-Game-BMM-AFT", "Avg. CPE": 0.0, "Campaign serving status": "eligible", "Invalid clicks": 1, "Interaction Rate": 30.0, "Interaction Types": ["Clicks"], "Engagements": 0, "End date": "", "Avg. position": 1.1, "Video played to 100%": 0.0, "Video played to 25%": 0.0, "Video played to 75%": 0.0, "Mapping": false, "Avg. CPV": 0.0, "View rate": 0.0, "Avg. CPC": 0.05, "Avg. Cost": 0.05, "Avg. CPM": 15.0, "Campaign state": "paused", "Start date": "2016-05-17", "Account Name": "[W] G1 - WPL - kv360", "Cost": 0.15, "Advertising Channel": "Search", "Campaign ID": 420417602, "Interactions": 3, "Unique cookies": "", "Clicks": 3, "CTR": 30.0, "Dept": "WPL", "Bid Strategy Type": "cpc", "Date": "2017-03-01", "Impressions": 10}, {"Account ID": "3764021980", "Conversions": 0.0, "Views": 0, "Video played to 50%": 0.0, "Advertising Sub Channel": "", "Campaign": "Gen-term_MT-Game-Exact-AFT", "Avg. CPE": 0.0, "Campaign serving status": "eligible", "Invalid clicks": 1, "Interaction Rate": 16.67, "Interaction Types": ["Clicks"], "Engagements": 0, "End date": "", "Avg. position": 2.5, "Video played to 100%": 0.0, "Video played to 25%": 0.0, "Video played to 75%": 0.0, "Mapping": false, "Avg. CPV": 0.0, "View rate": 0.0, "Avg. CPC": 0.035, "Avg. Cost": 0.035, "Avg. CPM": 5.833333, "Campaign state": "paused", "Start date": "2016-05-17", "Account Name": "[W] G1 - WPL - kv360", "Cost": 0.07, "Advertising Channel": "Search", "Campaign ID": 420422402, "Interactions": 2, "Unique cookies": "", "Clicks": 2, "CTR": 16.67, "Dept": "WPL", "Bid Strategy Type": "cpc", "Date": "2017-03-01", "Impressions": 12}, {"Account ID": "3764021980", "Conversions": 0.0, "Views": 0, "Video played to 50%": 0.0, "Advertising Sub Channel": "", "Campaign": "Gen-term_MT-GO-BMM-MOR", "Avg. CPE": 0.0, "Campaign serving status": "eligible", "Invalid clicks": 0, "Interaction Rate": 11.11, "Interaction Types": ["Clicks"], "Engagements": 0, "End date": "", "Avg. position": 2.2, "Video played to 100%": 0.0, "Video played to 25%": 0.0, "Video played to 75%": 0.0, "Mapping": false, "Avg. CPV": 0.0, "View rate": 0.0, "Avg. CPC": 0.05, "Avg. Cost": 0.05, "Avg. CPM": 5.555556, "Campaign state": "paused", "Start date": "2016-05-17", "Account Name": "[W] G1 - WPL - kv360", "Cost": 0.05, "Advertising Channel": "Search", "Campaign ID": 420426002, "Interactions": 1, "Unique cookies": "", "Clicks": 1, "CTR": 11.11, "Dept": "WPL", "Bid Strategy Type": "cpc", "Date": "2017-03-01", "Impressions": 9}, {"Account ID": "3764021980", "Conversions": 0.0, "Views": 0, "Video played to 50%": 0.0, "Advertising Sub Channel": "", "Campaign": "Gen-term_MT-GPC-BMM-MOR", "Avg. CPE": 0.0, "Campaign serving status": "eligible", "Invalid clicks": 0, "Interaction Rate": 9.09, "Interaction Types": ["Clicks"], "Engagements": 0, "End date": "", "Avg. position": 1.4, "Video played to 100%": 0.0, "Video played to 25%": 0.0, "Video played to 75%": 0.0, "Mapping": false, "Avg. CPV": 0.0, "View rate": 0.0, "Avg. CPC": 0.02, "Avg. Cost": 0.02, "Avg. CPM": 1.818182, "Campaign state": "paused", "Start date": "2016-05-17", "Account Name": "[W] G1 - WPL - kv360", "Cost": 0.02, "Advertising Channel": "Search", "Campaign ID": 420442802, "Interactions": 1, "Unique cookies": "", "Clicks": 1, "CTR": 9.09, "Dept": "WPL", "Bid Strategy Type": "cpc", "Date": "2017-03-01", "Impressions": 11}, {"Account ID": "3764021980", "Conversions": 44.0, "Views": 0, "Video played to 50%": 0.0, "Advertising Sub Channel": "", "Campaign": "Brand-term_Exa-AFT", "Avg. CPE": 0.0, "Campaign serving status": "eligible", "Invalid clicks": 48, "Interaction Rate": 56.03, "Interaction Types": ["Clicks"], "Engagements": 0, "End date": "", "Avg. position": 1.0, "Video played to 100%": 0.0, "Video played to 25%": 0.0, "Video played to 75%": 0.0, "Mapping": false, "Avg. CPV": 0.0, "View rate": 0.0, "Avg. CPC": 0.012405, "Avg. Cost": 0.012405, "Avg. CPM": 6.950355, "Campaign state": "enabled", "Start date": "2016-05-17", "Account Name": "[W] G1 - WPL - kv360", "Cost": 6.86, "Advertising Channel": "Search", "Campaign ID": 420414722, "Interactions": 553, "Unique cookies": "", "Clicks": 553, "CTR": 56.03, "Dept": "WPL", "Bid Strategy Type": "cpc", "Date": "2017-03-01", "Impressions": 987}, {"Account ID": "3764021980", "Conversions": 1.0, "Views": 0, "Video played to 50%": 0.0, "Advertising Sub Channel": "", "Campaign": "Gen-term_FH-Game-BM-MOR", "Avg. CPE": 0.0, "Campaign serving status": "eligible", "Invalid clicks": 0, "Interaction Rate": 3.16, "Interaction Types": ["Clicks"], "Engagements": 0, "End date": "", "Avg. position": 2.2, "Video played to 100%": 0.0, "Video played to 25%": 0.0, "Video played to 75%": 0.0, "Mapping": false, "Avg. CPV": 0.0, "View rate": 0.0, "Avg. CPC": 0.033333, "Avg. Cost": 0.033333, "Avg. CPM": 1.052632, "Campaign state": "paused", "Start date": "2016-05-17", "Account Name": "[W] G1 - WPL - kv360", "Cost": 0.1, "Advertising Channel": "Search", "Campaign ID": 420418082, "Interactions": 3, "Unique cookies": "", "Clicks": 3, "CTR": 3.16, "Dept": "WPL", "Bid Strategy Type": "cpc", "Date": "2017-03-01", "Impressions": 95}, {"Account ID": "3764021980", "Conversions": 0.0, "Views": 0, "Video played to 50%": 0.0, "Advertising Sub Channel": "", "Campaign": "Gen-term_FH-Game-BM-AFT", "Avg. CPE": 0.0, "Campaign serving status": "eligible", "Invalid clicks": 0, "Interaction Rate": 11.86, "Interaction Types": ["Clicks"], "Engagements": 0, "End date": "", "Avg. position": 1.6, "Video played to 100%": 0.0, "Video played to 25%": 0.0, "Video played to 75%": 0.0, "Mapping": false, "Avg. CPV": 0.0, "View rate": 0.0, "Avg. CPC": 0.022857, "Avg. Cost": 0.022857, "Avg. CPM": 2.711864, "Campaign state": "paused", "Start date": "2016-05-17", "Account Name": "[W] G1 - WPL - kv360", "Cost": 0.16, "Advertising Channel": "Search", "Campaign ID": 420418562, "Interactions": 7, "Unique cookies": "", "Clicks": 7, "CTR": 11.86, "Dept": "WPL", "Bid Strategy Type": "cpc", "Date": "2017-03-01", "Impressions": 59}, {"Account ID": "3764021980", "Conversions": 0.0, "Views": 0, "Video played to 50%": 0.0, "Advertising Sub Channel": "", "Campaign": "Gen-term_FH-Game-BMM-EVE", "Avg. CPE": 0.0, "Campaign serving status": "eligible", "Invalid clicks": 0, "Interaction Rate": 33.33, "Interaction Types": ["Clicks"], "Engagements": 0, "End date": "", "Avg. position": 1.3, "Video played to 100%": 0.0, "Video played to 25%": 0.0, "Video played to 75%": 0.0, "Mapping": false, "Avg. CPV": 0.0, "View rate": 0.0, "Avg. CPC": 0.05, "Avg. Cost": 0.05, "Avg. CPM": 16.666667, "Campaign state": "paused", "Start date": "2016-05-17", "Account Name": "[W] G1 - WPL - kv360", "Cost": 0.1, "Advertising Channel": "Search", "Campaign ID": 420419282, "Interactions": 2, "Unique cookies": "", "Clicks": 2, "CTR": 33.33, "Dept": "WPL", "Bid Strategy Type": "cpc", "Date": "2017-03-01", "Impressions": 6}, {"Account ID": "3764021980", "Conversions": 0.0, "Views": 0, "Video played to 50%": 0.0, "Advertising Sub Channel": "", "Campaign": "Gen-term_FH-GO-BMM-AFT", "Avg. CPE": 0.0, "Campaign serving status": "eligible", "Invalid clicks": 0, "Interaction Rate": 5.88, "Interaction Types": ["Clicks"], "Engagements": 0, "End date": "", "Avg. position": 1.6, "Video played to 100%": 0.0, "Video played to 25%": 0.0, "Video played to 75%": 0.0, "Mapping": false, "Avg. CPV": 0.0, "View rate": 0.0, "Avg. CPC": 0.06, "Avg. Cost": 0.06, "Avg. CPM": 3.529412, "Campaign state": "paused", "Start date": "2016-05-17", "Account Name": "[W] G1 - WPL - kv360", "Cost": 0.06, "Advertising Channel": "Search", "Campaign ID": 420422882, "Interactions": 1, "Unique cookies": "", "Clicks": 1, "CTR": 5.88, "Dept": "WPL", "Bid Strategy Type": "cpc", "Date": "2017-03-01", "Impressions": 17}, {"Account ID": "3764021980", "Conversions": 0.0, "Views": 0, "Video played to 50%": 0.0, "Advertising Sub Channel": "", "Campaign": "Gen-term_MT-GO-Exact-MOR", "Avg. CPE": 0.0, "Campaign serving status": "eligible", "Invalid clicks": 0, "Interaction Rate": 50.0, "Interaction Types": ["Clicks"], "Engagements": 0, "End date": "", "Avg. position": 1.0, "Video played to 100%": 0.0, "Video played to 25%": 0.0, "Video played to 75%": 0.0, "Mapping": false, "Avg. CPV": 0.0, "View rate": 0.0, "Avg. CPC": 0.03, "Avg. Cost": 0.03, "Avg. CPM": 15.0, "Campaign state": "paused", "Start date": "2016-05-17", "Account Name": "[W] G1 - WPL - kv360", "Cost": 0.03, "Advertising Channel": "Search", "Campaign ID": 420427202, "Interactions": 1, "Unique cookies": "", "Clicks": 1, "CTR": 50.0, "Dept": "WPL", "Bid Strategy Type": "cpc", "Date": "2017-03-01", "Impressions": 2}, {"Account ID": "3764021980", "Conversions": 1.0, "Views": 0, "Video played to 50%": 0.0, "Advertising Sub Channel": "", "Campaign": "Gen-term_FH-WG-BMM-AFT", "Avg. CPE": 0.0, "Campaign serving status": "eligible", "Invalid clicks": 0, "Interaction Rate": 66.67, "Interaction Types": ["Clicks"], "Engagements": 0, "End date": "", "Avg. position": 1.0, "Video played to 100%": 0.0, "Video played to 25%": 0.0, "Video played to 75%": 0.0, "Mapping": false, "Avg. CPV": 0.0, "View rate": 0.0, "Avg. CPC": 0.05, "Avg. Cost": 0.05, "Avg. CPM": 33.333333, "Campaign state": "paused", "Start date": "2016-05-17", "Account Name": "[W] G1 - WPL - kv360", "Cost": 0.1, "Advertising Channel": "Search", "Campaign ID": 420459842, "Interactions": 2, "Unique cookies": "", "Clicks": 2, "CTR": 66.67, "Dept": "WPL", "Bid Strategy Type": "cpc", "Date": "2017-03-01", "Impressions": 3}, {"Account ID": "3764021980", "Conversions": 26.0, "Views": 0, "Video played to 50%": 0.0, "Advertising Sub Channel": "", "Campaign": "Brand-term_Exa-Mor", "Avg. CPE": 0.0, "Campaign serving status": "eligible", "Invalid clicks": 35, "Interaction Rate": 54.45, "Interaction Types": ["Clicks"], "Engagements": 0, "End date": "", "Avg. position": 1.0, "Video played to 100%": 0.0, "Video played to 25%": 0.0, "Video played to 75%": 0.0, "Mapping": false, "Avg. CPV": 0.0, "View rate": 0.0, "Avg. CPC": 0.013812, "Avg. Cost": 0.013812, "Avg. CPM": 7.52082, "Campaign state": "enabled", "Start date": "2016-05-17", "Account Name": "[W] G1 - WPL - kv360", "Cost": 11.74, "Advertising Channel": "Search", "Campaign ID": 420415202, "Interactions": 850, "Unique cookies": "", "Clicks": 850, "CTR": 54.45, "Dept": "WPL", "Bid Strategy Type": "cpc", "Date": "2017-03-01", "Impressions": 1561}, {"Account ID": "3764021980", "Conversions": 0.0, "Views": 0, "Video played to 50%": 0.0, "Advertising Sub Channel": "", "Campaign": "Gen-term_FH-Game-Phrase-AFT", "Avg. CPE": 0.0, "Campaign serving status": "eligible", "Invalid clicks": 2, "Interaction Rate": 23.53, "Interaction Types": ["Clicks"], "Engagements": 0, "End date": "", "Avg. position": 2.0, "Video played to 100%": 0.0, "Video played to 25%": 0.0, "Video played to 75%": 0.0, "Mapping": false, "Avg. CPV": 0.0, "View rate": 0.0, "Avg. CPC": 0.04, "Avg. Cost": 0.04, "Avg. CPM": 9.411765, "Campaign state": "paused", "Start date": "2016-05-17", "Account Name": "[W] G1 - WPL - kv360", "Cost": 0.16, "Advertising Channel": "Search", "Campaign ID": 420416402, "Interactions": 4, "Unique cookies": "", "Clicks": 4, "CTR": 23.53, "Dept": "WPL", "Bid Strategy Type": "cpc", "Date": "2017-03-01", "Impressions": 17}, {"Account ID": "3764021980", "Conversions": 0.0, "Views": 0, "Video played to 50%": 0.0, "Advertising Sub Channel": "", "Campaign": "Gen-term_FH-GPC-BM-AFT", "Avg. CPE": 0.0, "Campaign serving status": "eligible", "Invalid clicks": 0, "Interaction Rate": 7.14, "Interaction Types": ["Clicks"], "Engagements": 0, "End date": "", "Avg. position": 1.2, "Video played to 100%": 0.0, "Video played to 25%": 0.0, "Video played to 75%": 0.0, "Mapping": false, "Avg. CPV": 0.0, "View rate": 0.0, "Avg. CPC": 0.06, "Avg. Cost": 0.06, "Avg. CPM": 4.285714, "Campaign state": "paused", "Start date": "2016-05-17", "Account Name": "[W] G1 - WPL - kv360", "Cost": 0.06, "Advertising Channel": "Search", "Campaign ID": 420440402, "Interactions": 1, "Unique cookies": "", "Clicks": 1, "CTR": 7.14, "Dept": "WPL", "Bid Strategy Type": "cpc", "Date": "2017-03-01", "Impressions": 14}, {"Account ID": "3764021980", "Conversions": 0.0, "Views": 0, "Video played to 50%": 0.0, "Advertising Sub Channel": "", "Campaign": "Gen-term_MT-GPC-BMM-EVE", "Avg. CPE": 0.0, "Campaign serving status": "eligible", "Invalid clicks": 0, "Interaction Rate": 33.33, "Interaction Types": ["Clicks"], "Engagements": 0, "End date": "", "Avg. position": 1.7, "Video played to 100%": 0.0, "Video played to 25%": 0.0, "Video played to 75%": 0.0, "Mapping": false, "Avg. CPV": 0.0, "View rate": 0.0, "Avg. CPC": 0.02, "Avg. Cost": 0.02, "Avg. CPM": 6.666667, "Campaign state": "paused", "Start date": "2016-05-17", "Account Name": "[W] G1 - WPL - kv360", "Cost": 0.02, "Advertising Channel": "Search", "Campaign ID": 420443042, "Interactions": 1, "Unique cookies": "", "Clicks": 1, "CTR": 33.33, "Dept": "WPL", "Bid Strategy Type": "cpc", "Date": "2017-03-01", "Impressions": 3}, {"Account ID": "3764021980", "Conversions": 35.0, "Views": 0, "Video played to 50%": 0.0, "Advertising Sub Channel": "", "Campaign": "Brand-term_Phr-MOR", "Avg. CPE": 0.0, "Campaign serving status": "eligible", "Invalid clicks": 73, "Interaction Rate": 53.0, "Interaction Types": ["Clicks"], "Engagements": 0, "End date": "", "Avg. position": 1.0, "Video played to 100%": 0.0, "Video played to 25%": 0.0, "Video played to 75%": 0.0, "Mapping": false, "Avg. CPV": 0.0, "View rate": 0.0, "Avg. CPC": 0.0139, "Avg. Cost": 0.0139, "Avg. CPM": 7.367668, "Campaign state": "paused", "Start date": "2016-05-17", "Account Name": "[W] G1 - WPL - kv360", "Cost": 20.6, "Advertising Channel": "Search", "Campaign ID": 420414002, "Interactions": 1482, "Unique cookies": "", "Clicks": 1482, "CTR": 53.0, "Dept": "WPL", "Bid Strategy Type": "cpc", "Date": "2017-03-01", "Impressions": 2796}, {"Account ID": "3764021980", "Conversions": 0.0, "Views": 0, "Video played to 50%": 0.0, "Advertising Sub Channel": "", "Campaign": "Gen-term_FH-Game-Phrase-EVE", "Avg. CPE": 0.0, "Campaign serving status": "eligible", "Invalid clicks": 0, "Interaction Rate": 25.0, "Interaction Types": ["Clicks"], "Engagements": 0, "End date": "", "Avg. position": 1.8, "Video played to 100%": 0.0, "Video played to 25%": 0.0, "Video played to 75%": 0.0, "Mapping": false, "Avg. CPV": 0.0, "View rate": 0.0, "Avg. CPC": 0.05, "Avg. Cost": 0.05, "Avg. CPM": 12.5, "Campaign state": "paused", "Start date": "2016-05-17", "Account Name": "[W] G1 - WPL - kv360", "Cost": 0.05, "Advertising Channel": "Search", "Campaign ID": 420416162, "Interactions": 1, "Unique cookies": "", "Clicks": 1, "CTR": 25.0, "Dept": "WPL", "Bid Strategy Type": "cpc", "Date": "2017-03-01", "Impressions": 4}, {"Account ID": "3764021980", "Conversions": 0.0, "Views": 0, "Video played to 50%": 0.0, "Advertising Sub Channel": "", "Campaign": "Gen-term_FH-GO-BMM-MOR", "Avg. CPE": 0.0, "Campaign serving status": "eligible", "Invalid clicks": 0, "Interaction Rate": 25.0, "Interaction Types": ["Clicks"], "Engagements": 0, "End date": "", "Avg. position": 1.3, "Video played to 100%": 0.0, "Video played to 25%": 0.0, "Video played to 75%": 0.0, "Mapping": false, "Avg. CPV": 0.0, "View rate": 0.0, "Avg. CPC": 0.04, "Avg. Cost": 0.04, "Avg. CPM": 10.0, "Campaign state": "paused", "Start date": "2016-05-17", "Account Name": "[W] G1 - WPL - kv360", "Cost": 0.04, "Advertising Channel": "Search", "Campaign ID": 420420482, "Interactions": 1, "Unique cookies": "", "Clicks": 1, "CTR": 25.0, "Dept": "WPL", "Bid Strategy Type": "cpc", "Date": "2017-03-01", "Impressions": 4}, {"Account ID": "3764021980", "Conversions": 0.0, "Views": 0, "Video played to 50%": 0.0, "Advertising Sub Channel": "", "Campaign": "Gen-term_MT-Game-Exact-EVE", "Avg. CPE": 0.0, "Campaign serving status": "eligible", "Invalid clicks": 0, "Interaction Rate": 7.69, "Interaction Types": ["Clicks"], "Engagements": 0, "End date": "", "Avg. position": 2.9, "Video played to 100%": 0.0, "Video played to 25%": 0.0, "Video played to 75%": 0.0, "Mapping": false, "Avg. CPV": 0.0, "View rate": 0.0, "Avg. CPC": 0.03, "Avg. Cost": 0.03, "Avg. CPM": 2.307692, "Campaign state": "paused", "Start date": "2016-05-17", "Account Name": "[W] G1 - WPL - kv360", "Cost": 0.03, "Advertising Channel": "Search", "Campaign ID": 420422162, "Interactions": 1, "Unique cookies": "", "Clicks": 1, "CTR": 7.69, "Dept": "WPL", "Bid Strategy Type": "cpc", "Date": "2017-03-01", "Impressions": 13}, {"Account ID": "3764021980", "Conversions": 1.0, "Views": 0, "Video played to 50%": 0.0, "Advertising Sub Channel": "", "Campaign": "Gen-term_FH-WG-BM-MOR", "Avg. CPE": 0.0, "Campaign serving status": "eligible", "Invalid clicks": 2, "Interaction Rate": 9.92, "Interaction Types": ["Clicks"], "Engagements": 0, "End date": "", "Avg. position": 1.6, "Video played to 100%": 0.0, "Video played to 25%": 0.0, "Video played to 75%": 0.0, "Mapping": false, "Avg. CPV": 0.0, "View rate": 0.0, "Avg. CPC": 0.029167, "Avg. Cost": 0.029167, "Avg. CPM": 2.892562, "Campaign state": "paused", "Start date": "2016-05-17", "Account Name": "[W] G1 - WPL - kv360", "Cost": 0.35, "Advertising Channel": "Search", "Campaign ID": 420458402, "Interactions": 12, "Unique cookies": "", "Clicks": 12, "CTR": 9.92, "Dept": "WPL", "Bid Strategy Type": "cpc", "Date": "2017-03-01", "Impressions": 121}, {"Account ID": "3764021980", "Conversions": 0.0, "Views": 0, "Video played to 50%": 0.0, "Advertising Sub Channel": "", "Campaign": "Gen-term_MT-WG-Exact-AFT", "Avg. CPE": 0.0, "Campaign serving status": "eligible", "Invalid clicks": 0, "Interaction Rate": 100.0, "Interaction Types": ["Clicks"], "Engagements": 0, "End date": "", "Avg. position": 3.0, "Video played to 100%": 0.0, "Video played to 25%": 0.0, "Video played to 75%": 0.0, "Mapping": false, "Avg. CPV": 0.0, "View rate": 0.0, "Avg. CPC": 0.03, "Avg. Cost": 0.03, "Avg. CPM": 30.0, "Campaign state": "paused", "Start date": "2016-05-17", "Account Name": "[W] G1 - WPL - kv360", "Cost": 0.03, "Advertising Channel": "Search", "Campaign ID": 420462482, "Interactions": 1, "Unique cookies": "", "Clicks": 1, "CTR": 100.0, "Dept": "WPL", "Bid Strategy Type": "cpc", "Date": "2017-03-01", "Impressions": 1}, {"Account ID": "3764021980", "Conversions": 32.0, "Views": 0, "Video played to 50%": 0.0, "Advertising Sub Channel": "", "Campaign": "Brand-term_Phim Kiem Vu-BMM-AFT", "Avg. CPE": 0.0, "Campaign serving status": "eligible", "Invalid clicks": 33, "Interaction Rate": 48.96, "Interaction Types": ["Clicks"], "Engagements": 0, "End date": "", "Avg. position": 1.0, "Video played to 100%": 0.0, "Video played to 25%": 0.0, "Video played to 75%": 0.0, "Mapping": false, "Avg. CPV": 0.0, "View rate": 0.0, "Avg. CPC": 0.01631, "Avg. Cost": 0.01631, "Avg. CPM": 7.985012, "Campaign state": "paused", "Start date": "2016-05-26", "Account Name": "[W] G1 - WPL - kv360", "Cost": 9.59, "Advertising Channel": "Search", "Campaign ID": 600817348, "Interactions": 588, "Unique cookies": "", "Clicks": 588, "CTR": 48.96, "Dept": "WPL", "Bid Strategy Type": "cpc", "Date": "2017-03-01", "Impressions": 1201}, {"Account ID": "3764021980", "Conversions": 298.0, "Views": 0, "Video played to 50%": 0.0, "Advertising Sub Channel": "", "Campaign": "", "Avg. CPE": 0.0, "Campaign serving status": "", "Invalid clicks": 433, "Interaction Rate": 47.98, "Interaction Types": "", "Engagements": 0, "End date": "", "Avg. position": 1.1, "Video played to 100%": 0.0, "Video played to 25%": 0.0, "Video played to 75%": 0.0, "Mapping": false, "Avg. CPV": 0.0, "View rate": 0.0, "Avg. CPC": 0.016825, "Avg. Cost": 0.016825, "Avg. CPM": 8.072984, "Campaign state": "Total", "Start date": "", "Account Name": "[W] G1 - WPL - kv360", "Cost": 119.02, "Advertising Channel": "", "Campaign ID": "", "Interactions": 7074, "Unique cookies": "", "Clicks": 7074, "CTR": 47.98, "Dept": "WPL", "Bid Strategy Type": "", "Date": "2017-03-01", "Impressions": 14743}]