[{"Bid Strategy Type": "cpc", "Account Name": "[paused] G1 - WPL - tvc360-3", "End date": "", "Advertising Channel": "Search", "Mapping": false, "Campaign": "Gen-term_2_FH-G-HAY_game hay nhat-phr", "Date": "2017-05-04", "Avg. CPE": 0.0, "Video played to 50%": 0.0, "Clicks": 9, "Cost": 1.38, "Video played to 25%": 0.0, "Interaction Types": ["Clicks"], "Campaign state": "paused", "Avg. position": 1.7, "Interactions": 9, "View rate": 0.0, "Campaign serving status": "eligible", "Engagements": 0, "Avg. Cost": 0.153333, "Conversions": 4.0, "Avg. CPV": 0.0, "Invalid clicks": 0, "Unique cookies": "", "Campaign ID": 763978747, "Views": 0, "Interaction Rate": 17.65, "Advertising Sub Channel": "", "Account ID": "1124503774", "Video played to 100%": 0.0, "CTR": 17.65, "Start date": "2017-02-27", "Avg. CPC": 0.153333, "Video played to 75%": 0.0, "Impressions": 51, "Avg. CPM": 27.058824}, {"Bid Strategy Type": "cpc", "Account Name": "[paused] G1 - WPL - tvc360-3", "End date": "", "Advertising Channel": "Search", "Mapping": false, "Campaign": "Gen-term_2_FH-G-KH_game kiem hiep-bmm", "Date": "2017-05-04", "Avg. CPE": 0.0, "Video played to 50%": 0.0, "Clicks": 5, "Cost": 0.75, "Video played to 25%": 0.0, "Interaction Types": ["Clicks"], "Campaign state": "paused", "Avg. position": 2.0, "Interactions": 5, "View rate": 0.0, "Campaign serving status": "eligible", "Engagements": 0, "Avg. Cost": 0.15, "Conversions": 2.0, "Avg. CPV": 0.0, "Invalid clicks": 1, "Unique cookies": "", "Campaign ID": 763975423, "Views": 0, "Interaction Rate": 21.74, "Advertising Sub Channel": "", "Account ID": "1124503774", "Video played to 100%": 0.0, "CTR": 21.74, "Start date": "2017-02-27", "Avg. CPC": 0.15, "Video played to 75%": 0.0, "Impressions": 23, "Avg. CPM": 32.608696}, {"Bid Strategy Type": "cpc", "Account Name": "[paused] G1 - WPL - tvc360-3", "End date": "", "Advertising Channel": "Search", "Mapping": false, "Campaign": "Gen-term_2_FH-G-GO_game online-bmm", "Date": "2017-05-04", "Avg. CPE": 0.0, "Video played to 50%": 0.0, "Clicks": 237, "Cost": 16.4, "Video played to 25%": 0.0, "Interaction Types": ["Clicks"], "Campaign state": "paused", "Avg. position": 2.5, "Interactions": 237, "View rate": 0.0, "Campaign serving status": "eligible", "Engagements": 0, "Avg. Cost": 0.069198, "Conversions": 19.0, "Avg. CPV": 0.0, "Invalid clicks": 17, "Unique cookies": "", "Campaign ID": 763975567, "Views": 0, "Interaction Rate": 7.87, "Advertising Sub Channel": "", "Account ID": "1124503774", "Video played to 100%": 0.0, "CTR": 7.87, "Start date": "2017-02-27", "Avg. CPC": 0.069198, "Video played to 75%": 0.0, "Impressions": 3011, "Avg. CPM": 5.446695}, {"Bid Strategy Type": "cpc", "Account Name": "[paused] G1 - WPL - tvc360-3", "End date": "", "Advertising Channel": "Search", "Mapping": false, "Campaign": "Gen-term_2_FH-G-TT_game tr\u1ef1c tuy\u1ebfn-bmm", "Date": "2017-05-04", "Avg. CPE": 0.0, "Video played to 50%": 0.0, "Clicks": 1, "Cost": 0.07, "Video played to 25%": 0.0, "Interaction Types": ["Clicks"], "Campaign state": "paused", "Avg. position": 3.2, "Interactions": 1, "View rate": 0.0, "Campaign serving status": "eligible", "Engagements": 0, "Avg. Cost": 0.07, "Conversions": 0.0, "Avg. CPV": 0.0, "Invalid clicks": 0, "Unique cookies": "", "Campaign ID": 763975579, "Views": 0, "Interaction Rate": 5.26, "Advertising Sub Channel": "", "Account ID": "1124503774", "Video played to 100%": 0.0, "CTR": 5.26, "Start date": "2017-02-27", "Avg. CPC": 0.07, "Video played to 75%": 0.0, "Impressions": 19, "Avg. CPM": 3.684211}, {"Bid Strategy Type": "cpc", "Account Name": "[paused] G1 - WPL - tvc360-3", "End date": "", "Advertising Channel": "Search", "Mapping": false, "Campaign": "Gen-term_2_FH-G-3D_game 3d-bmm", "Date": "2017-05-04", "Avg. CPE": 0.0, "Video played to 50%": 0.0, "Clicks": 33, "Cost": 1.93, "Video played to 25%": 0.0, "Interaction Types": ["Clicks"], "Campaign state": "paused", "Avg. position": 2.5, "Interactions": 33, "View rate": 0.0, "Campaign serving status": "eligible", "Engagements": 0, "Avg. Cost": 0.058485, "Conversions": 2.0, "Avg. CPV": 0.0, "Invalid clicks": 9, "Unique cookies": "", "Campaign ID": 763975588, "Views": 0, "Interaction Rate": 7.1, "Advertising Sub Channel": "", "Account ID": "1124503774", "Video played to 100%": 0.0, "CTR": 7.1, "Start date": "2017-02-27", "Avg. CPC": 0.058485, "Video played to 75%": 0.0, "Impressions": 465, "Avg. CPM": 4.150538}, {"Bid Strategy Type": "cpc", "Account Name": "[paused] G1 - WPL - tvc360-3", "End date": "", "Advertising Channel": "Search", "Mapping": false, "Campaign": "Gen-term_2_FH-G-HAY_game hay-ex", "Date": "2017-05-04", "Avg. CPE": 0.0, "Video played to 50%": 0.0, "Clicks": 2, "Cost": 0.2, "Video played to 25%": 0.0, "Interaction Types": ["Clicks"], "Campaign state": "paused", "Avg. position": 3.0, "Interactions": 2, "View rate": 0.0, "Campaign serving status": "eligible", "Engagements": 0, "Avg. Cost": 0.1, "Conversions": 0.0, "Avg. CPV": 0.0, "Invalid clicks": 0, "Unique cookies": "", "Campaign ID": 763976047, "Views": 0, "Interaction Rate": 7.69, "Advertising Sub Channel": "", "Account ID": "1124503774", "Video played to 100%": 0.0, "CTR": 7.69, "Start date": "2017-02-27", "Avg. CPC": 0.1, "Video played to 75%": 0.0, "Impressions": 26, "Avg. CPM": 7.692308}, {"Bid Strategy Type": "cpc", "Account Name": "[paused] G1 - WPL - tvc360-3", "End date": "", "Advertising Channel": "Search", "Mapping": false, "Campaign": "Gen-term_2_MT-W-NV_webgame nh\u1eadp vai hay-ex", "Date": "2017-05-04", "Avg. CPE": 0.0, "Video played to 50%": 0.0, "Clicks": 1, "Cost": 0.15, "Video played to 25%": 0.0, "Interaction Types": ["Clicks"], "Campaign state": "paused", "Avg. position": 1.0, "Interactions": 1, "View rate": 0.0, "Campaign serving status": "eligible", "Engagements": 0, "Avg. Cost": 0.15, "Conversions": 1.0, "Avg. CPV": 0.0, "Invalid clicks": 0, "Unique cookies": "", "Campaign ID": 763976521, "Views": 0, "Interaction Rate": 100.0, "Advertising Sub Channel": "", "Account ID": "1124503774", "Video played to 100%": 0.0, "CTR": 100.0, "Start date": "2017-02-27", "Avg. CPC": 0.15, "Video played to 75%": 0.0, "Impressions": 1, "Avg. CPM": 150.0}, {"Bid Strategy Type": "cpc", "Account Name": "[paused] G1 - WPL - tvc360-3", "End date": "", "Advertising Channel": "Search", "Mapping": false, "Campaign": "Gen-term_2_MT-G-GO_game online 3d-phr", "Date": "2017-05-04", "Avg. CPE": 0.0, "Video played to 50%": 0.0, "Clicks": 1, "Cost": 0.09, "Video played to 25%": 0.0, "Interaction Types": ["Clicks"], "Campaign state": "paused", "Avg. position": 2.6, "Interactions": 1, "View rate": 0.0, "Campaign serving status": "eligible", "Engagements": 0, "Avg. Cost": 0.09, "Conversions": 0.0, "Avg. CPV": 0.0, "Invalid clicks": 1, "Unique cookies": "", "Campaign ID": 763981561, "Views": 0, "Interaction Rate": 20.0, "Advertising Sub Channel": "", "Account ID": "1124503774", "Video played to 100%": 0.0, "CTR": 20.0, "Start date": "2017-02-27", "Avg. CPC": 0.09, "Video played to 75%": 0.0, "Impressions": 5, "Avg. CPM": 18.0}, {"Bid Strategy Type": "cpc", "Account Name": "[paused] G1 - WPL - tvc360-3", "End date": "", "Advertising Channel": "Search", "Mapping": false, "Campaign": "Gen-term_2_FH-G-GO_game online-phr", "Date": "2017-05-04", "Avg. CPE": 0.0, "Video played to 50%": 0.0, "Clicks": 75, "Cost": 4.69, "Video played to 25%": 0.0, "Interaction Types": ["Clicks"], "Campaign state": "paused", "Avg. position": 2.4, "Interactions": 75, "View rate": 0.0, "Campaign serving status": "eligible", "Engagements": 0, "Avg. Cost": 0.062533, "Conversions": 6.0, "Avg. CPV": 0.0, "Invalid clicks": 2, "Unique cookies": "", "Campaign ID": 763978702, "Views": 0, "Interaction Rate": 5.99, "Advertising Sub Channel": "", "Account ID": "1124503774", "Video played to 100%": 0.0, "CTR": 5.99, "Start date": "2017-02-27", "Avg. CPC": 0.062533, "Video played to 75%": 0.0, "Impressions": 1253, "Avg. CPM": 3.743017}, {"Bid Strategy Type": "cpc", "Account Name": "[paused] G1 - WPL - tvc360-3", "End date": "", "Advertising Channel": "Search", "Mapping": false, "Campaign": "Gen-term_2_MT-G-KH_game ki\u1ebfm hi\u1ec7p nh\u1eadp vai-bmm", "Date": "2017-05-04", "Avg. CPE": 0.0, "Video played to 50%": 0.0, "Clicks": 1, "Cost": 0.04, "Video played to 25%": 0.0, "Interaction Types": ["Clicks"], "Campaign state": "paused", "Avg. position": 1.0, "Interactions": 1, "View rate": 0.0, "Campaign serving status": "eligible", "Engagements": 0, "Avg. Cost": 0.04, "Conversions": 1.0, "Avg. CPV": 0.0, "Invalid clicks": 0, "Unique cookies": "", "Campaign ID": 763983757, "Views": 0, "Interaction Rate": 100.0, "Advertising Sub Channel": "", "Account ID": "1124503774", "Video played to 100%": 0.0, "CTR": 100.0, "Start date": "2017-02-27", "Avg. CPC": 0.04, "Video played to 75%": 0.0, "Impressions": 1, "Avg. CPM": 40.0}, {"Bid Strategy Type": "cpc", "Account Name": "[paused] G1 - WPL - tvc360-3", "End date": "", "Advertising Channel": "Search", "Mapping": false, "Campaign": "Gen-term_2_MT-G-GO_game online m\u1edbi nh\u1ea5t-phr", "Date": "2017-05-04", "Avg. CPE": 0.0, "Video played to 50%": 0.0, "Clicks": 1, "Cost": 0.15, "Video played to 25%": 0.0, "Interaction Types": ["Clicks"], "Campaign state": "paused", "Avg. position": 2.2, "Interactions": 1, "View rate": 0.0, "Campaign serving status": "eligible", "Engagements": 0, "Avg. Cost": 0.15, "Conversions": 0.0, "Avg. CPV": 0.0, "Invalid clicks": 0, "Unique cookies": "", "Campaign ID": 763981573, "Views": 0, "Interaction Rate": 20.0, "Advertising Sub Channel": "", "Account ID": "1124503774", "Video played to 100%": 0.0, "CTR": 20.0, "Start date": "2017-02-27", "Avg. CPC": 0.15, "Video played to 75%": 0.0, "Impressions": 5, "Avg. CPM": 30.0}, {"Bid Strategy Type": "cpc", "Account Name": "[paused] G1 - WPL - tvc360-3", "End date": "", "Advertising Channel": "Search", "Mapping": false, "Campaign": "Gen-term_2_MT-G-GO_game online hay nh\u1ea5t-phr", "Date": "2017-05-04", "Avg. CPE": 0.0, "Video played to 50%": 0.0, "Clicks": 21, "Cost": 2.18, "Video played to 25%": 0.0, "Interaction Types": ["Clicks"], "Campaign state": "paused", "Avg. position": 1.3, "Interactions": 21, "View rate": 0.0, "Campaign serving status": "eligible", "Engagements": 0, "Avg. Cost": 0.10381, "Conversions": 1.0, "Avg. CPV": 0.0, "Invalid clicks": 2, "Unique cookies": "", "Campaign ID": 763981582, "Views": 0, "Interaction Rate": 16.8, "Advertising Sub Channel": "", "Account ID": "1124503774", "Video played to 100%": 0.0, "CTR": 16.8, "Start date": "2017-02-27", "Avg. CPC": 0.10381, "Video played to 75%": 0.0, "Impressions": 125, "Avg. CPM": 17.44}, {"Bid Strategy Type": "cpc", "Account Name": "[paused] G1 - WPL - tvc360-3", "End date": "", "Advertising Channel": "Search", "Mapping": false, "Campaign": "Gen-term_2_MT-G-GO_game online hay nhat-phr", "Date": "2017-05-04", "Avg. CPE": 0.0, "Video played to 50%": 0.0, "Clicks": 70, "Cost": 6.06, "Video played to 25%": 0.0, "Interaction Types": ["Clicks"], "Campaign state": "paused", "Avg. position": 1.1, "Interactions": 70, "View rate": 0.0, "Campaign serving status": "eligible", "Engagements": 0, "Avg. Cost": 0.086571, "Conversions": 3.0, "Avg. CPV": 0.0, "Invalid clicks": 7, "Unique cookies": "", "Campaign ID": 763981585, "Views": 0, "Interaction Rate": 17.9, "Advertising Sub Channel": "", "Account ID": "1124503774", "Video played to 100%": 0.0, "CTR": 17.9, "Start date": "2017-02-27", "Avg. CPC": 0.086571, "Video played to 75%": 0.0, "Impressions": 391, "Avg. CPM": 15.498721}, {"Bid Strategy Type": "cpc", "Account Name": "[paused] G1 - WPL - tvc360-3", "End date": "", "Advertising Channel": "Search", "Mapping": false, "Campaign": "Gen-term_2_MT-G-GO_game online nh\u1eadp vai-phr", "Date": "2017-05-04", "Avg. CPE": 0.0, "Video played to 50%": 0.0, "Clicks": 1, "Cost": 0.16, "Video played to 25%": 0.0, "Interaction Types": ["Clicks"], "Campaign state": "paused", "Avg. position": 2.7, "Interactions": 1, "View rate": 0.0, "Campaign serving status": "eligible", "Engagements": 0, "Avg. Cost": 0.16, "Conversions": 0.0, "Avg. CPV": 0.0, "Invalid clicks": 0, "Unique cookies": "", "Campaign ID": 763981414, "Views": 0, "Interaction Rate": 33.33, "Advertising Sub Channel": "", "Account ID": "1124503774", "Video played to 100%": 0.0, "CTR": 33.33, "Start date": "2017-02-27", "Avg. CPC": 0.16, "Video played to 75%": 0.0, "Impressions": 3, "Avg. CPM": 53.333333}, {"Bid Strategy Type": "cpc", "Account Name": "[paused] G1 - WPL - tvc360-3", "End date": "", "Advertising Channel": "Search", "Mapping": false, "Campaign": "Gen-term_2_MT-G-GO_game online m\u1edbi-phr", "Date": "2017-05-04", "Avg. CPE": 0.0, "Video played to 50%": 0.0, "Clicks": 1, "Cost": 0.1, "Video played to 25%": 0.0, "Interaction Types": ["Clicks"], "Campaign state": "paused", "Avg. position": 5.0, "Interactions": 1, "View rate": 0.0, "Campaign serving status": "eligible", "Engagements": 0, "Avg. Cost": 0.1, "Conversions": 0.0, "Avg. CPV": 0.0, "Invalid clicks": 0, "Unique cookies": "", "Campaign ID": 763981570, "Views": 0, "Interaction Rate": 33.33, "Advertising Sub Channel": "", "Account ID": "1124503774", "Video played to 100%": 0.0, "CTR": 33.33, "Start date": "2017-02-27", "Avg. CPC": 0.1, "Video played to 75%": 0.0, "Impressions": 3, "Avg. CPM": 33.333333}, {"Bid Strategy Type": "cpc", "Account Name": "[paused] G1 - WPL - tvc360-3", "End date": "", "Advertising Channel": "Search", "Mapping": false, "Campaign": "Gen-term_2_MT-G-GO_game online hay-phr", "Date": "2017-05-04", "Avg. CPE": 0.0, "Video played to 50%": 0.0, "Clicks": 13, "Cost": 1.08, "Video played to 25%": 0.0, "Interaction Types": ["Clicks"], "Campaign state": "paused", "Avg. position": 3.3, "Interactions": 13, "View rate": 0.0, "Campaign serving status": "eligible", "Engagements": 0, "Avg. Cost": 0.083077, "Conversions": 0.0, "Avg. CPV": 0.0, "Invalid clicks": 0, "Unique cookies": "", "Campaign ID": 763981579, "Views": 0, "Interaction Rate": 4.61, "Advertising Sub Channel": "", "Account ID": "1124503774", "Video played to 100%": 0.0, "CTR": 4.61, "Start date": "2017-02-27", "Avg. CPC": 0.083077, "Video played to 75%": 0.0, "Impressions": 282, "Avg. CPM": 3.829787}, {"Bid Strategy Type": "cpc", "Account Name": "[paused] G1 - WPL - tvc360-3", "End date": "", "Advertising Channel": "Search", "Mapping": false, "Campaign": "Gen-term_2_MT-W-GO_webgame online hay-phr", "Date": "2017-05-04", "Avg. CPE": 0.0, "Video played to 50%": 0.0, "Clicks": 1, "Cost": 0.17, "Video played to 25%": 0.0, "Interaction Types": ["Clicks"], "Campaign state": "paused", "Avg. position": 3.0, "Interactions": 1, "View rate": 0.0, "Campaign serving status": "eligible", "Engagements": 0, "Avg. Cost": 0.17, "Conversions": 0.0, "Avg. CPV": 0.0, "Invalid clicks": 0, "Unique cookies": "", "Campaign ID": 764271839, "Views": 0, "Interaction Rate": 25.0, "Advertising Sub Channel": "", "Account ID": "1124503774", "Video played to 100%": 0.0, "CTR": 25.0, "Start date": "2017-02-27", "Avg. CPC": 0.17, "Video played to 75%": 0.0, "Impressions": 4, "Avg. CPM": 42.5}, {"Bid Strategy Type": "cpc", "Account Name": "[paused] G1 - WPL - tvc360-3", "End date": "", "Advertising Channel": "Search", "Mapping": false, "Campaign": "Gen-term_2_FH-G-TH_game ti\u00ean hi\u1ec7p-bmm", "Date": "2017-05-04", "Avg. CPE": 0.0, "Video played to 50%": 0.0, "Clicks": 6, "Cost": 0.44, "Video played to 25%": 0.0, "Interaction Types": ["Clicks"], "Campaign state": "paused", "Avg. position": 1.5, "Interactions": 6, "View rate": 0.0, "Campaign serving status": "eligible", "Engagements": 0, "Avg. Cost": 0.073333, "Conversions": 0.0, "Avg. CPV": 0.0, "Invalid clicks": 0, "Unique cookies": "", "Campaign ID": 763975426, "Views": 0, "Interaction Rate": 42.86, "Advertising Sub Channel": "", "Account ID": "1124503774", "Video played to 100%": 0.0, "CTR": 42.86, "Start date": "2017-02-27", "Avg. CPC": 0.073333, "Video played to 75%": 0.0, "Impressions": 14, "Avg. CPM": 31.428571}, {"Bid Strategy Type": "cpc", "Account Name": "[paused] G1 - WPL - tvc360-3", "End date": "", "Advertising Channel": "Search", "Mapping": false, "Campaign": "Gen-term_2_FH-W-NV_webgame nh\u1eadp vai-phr", "Date": "2017-05-04", "Avg. CPE": 0.0, "Video played to 50%": 0.0, "Clicks": 1, "Cost": 0.11, "Video played to 25%": 0.0, "Interaction Types": ["Clicks"], "Campaign state": "paused", "Avg. position": 2.3, "Interactions": 1, "View rate": 0.0, "Campaign serving status": "eligible", "Engagements": 0, "Avg. Cost": 0.11, "Conversions": 1.0, "Avg. CPV": 0.0, "Invalid clicks": 0, "Unique cookies": "", "Campaign ID": 763978750, "Views": 0, "Interaction Rate": 10.0, "Advertising Sub Channel": "", "Account ID": "1124503774", "Video played to 100%": 0.0, "CTR": 10.0, "Start date": "2017-02-27", "Avg. CPC": 0.11, "Video played to 75%": 0.0, "Impressions": 10, "Avg. CPM": 11.0}, {"Bid Strategy Type": "cpc", "Account Name": "[paused] G1 - WPL - tvc360-3", "End date": "", "Advertising Channel": "Search", "Mapping": false, "Campaign": "Gen-term_2_FH-GTT-BM-MOR", "Date": "2017-05-04", "Avg. CPE": 0.0, "Video played to 50%": 0.0, "Clicks": 25, "Cost": 1.82, "Video played to 25%": 0.0, "Interaction Types": ["Clicks"], "Campaign state": "paused", "Avg. position": 2.0, "Interactions": 25, "View rate": 0.0, "Campaign serving status": "eligible", "Engagements": 0, "Avg. Cost": 0.0728, "Conversions": 5.0, "Avg. CPV": 0.0, "Invalid clicks": 2, "Unique cookies": "", "Campaign ID": 764277248, "Views": 0, "Interaction Rate": 18.8, "Advertising Sub Channel": "", "Account ID": "1124503774", "Video played to 100%": 0.0, "CTR": 18.8, "Start date": "2017-02-27", "Avg. CPC": 0.0728, "Video played to 75%": 0.0, "Impressions": 133, "Avg. CPM": 13.684211}, {"Bid Strategy Type": "cpc", "Account Name": "[paused] G1 - WPL - tvc360-3", "End date": "", "Advertising Channel": "Search", "Mapping": false, "Campaign": "Gen-term_2_FH-G-3Q_game tam qu\u1ed1c-bmm", "Date": "2017-05-04", "Avg. CPE": 0.0, "Video played to 50%": 0.0, "Clicks": 10, "Cost": 1.55, "Video played to 25%": 0.0, "Interaction Types": ["Clicks"], "Campaign state": "paused", "Avg. position": 1.9, "Interactions": 10, "View rate": 0.0, "Campaign serving status": "eligible", "Engagements": 0, "Avg. Cost": 0.155, "Conversions": 1.0, "Avg. CPV": 0.0, "Invalid clicks": 0, "Unique cookies": "", "Campaign ID": 763975411, "Views": 0, "Interaction Rate": 14.29, "Advertising Sub Channel": "", "Account ID": "1124503774", "Video played to 100%": 0.0, "CTR": 14.29, "Start date": "2017-02-27", "Avg. CPC": 0.155, "Video played to 75%": 0.0, "Impressions": 70, "Avg. CPM": 22.142857}, {"Bid Strategy Type": "cpc", "Account Name": "[paused] G1 - WPL - tvc360-3", "End date": "", "Advertising Channel": "Search", "Mapping": false, "Campaign": "Gen-term_2_FH-G-3Q_game 3q-bmm", "Date": "2017-05-04", "Avg. CPE": 0.0, "Video played to 50%": 0.0, "Clicks": 3, "Cost": 0.23, "Video played to 25%": 0.0, "Interaction Types": ["Clicks"], "Campaign state": "paused", "Avg. position": 1.1, "Interactions": 3, "View rate": 0.0, "Campaign serving status": "eligible", "Engagements": 0, "Avg. Cost": 0.076667, "Conversions": 0.0, "Avg. CPV": 0.0, "Invalid clicks": 0, "Unique cookies": "", "Campaign ID": 763975417, "Views": 0, "Interaction Rate": 11.11, "Advertising Sub Channel": "", "Account ID": "1124503774", "Video played to 100%": 0.0, "CTR": 11.11, "Start date": "2017-02-27", "Avg. CPC": 0.076667, "Video played to 75%": 0.0, "Impressions": 27, "Avg. CPM": 8.518519}, {"Bid Strategy Type": "cpc", "Account Name": "[paused] G1 - WPL - tvc360-3", "End date": "", "Advertising Channel": "Search", "Mapping": false, "Campaign": "Gen-term_2_FH-G-PC_game pc-bmm", "Date": "2017-05-04", "Avg. CPE": 0.0, "Video played to 50%": 0.0, "Clicks": 2, "Cost": 0.14, "Video played to 25%": 0.0, "Interaction Types": ["Clicks"], "Campaign state": "paused", "Avg. position": 2.4, "Interactions": 2, "View rate": 0.0, "Campaign serving status": "eligible", "Engagements": 0, "Avg. Cost": 0.07, "Conversions": 0.0, "Avg. CPV": 0.0, "Invalid clicks": 0, "Unique cookies": "", "Campaign ID": 763975564, "Views": 0, "Interaction Rate": 1.59, "Advertising Sub Channel": "", "Account ID": "1124503774", "Video played to 100%": 0.0, "CTR": 1.59, "Start date": "2017-02-27", "Avg. CPC": 0.07, "Video played to 75%": 0.0, "Impressions": 126, "Avg. CPM": 1.111111}, {"Bid Strategy Type": "cpc", "Account Name": "[paused] G1 - WPL - tvc360-3", "End date": "", "Advertising Channel": "Search", "Mapping": false, "Campaign": "Gen-term_2_FH-W-W_webgame-ex", "Date": "2017-05-04", "Avg. CPE": 0.0, "Video played to 50%": 0.0, "Clicks": 3, "Cost": 0.18, "Video played to 25%": 0.0, "Interaction Types": ["Clicks"], "Campaign state": "paused", "Avg. position": 2.1, "Interactions": 3, "View rate": 0.0, "Campaign serving status": "eligible", "Engagements": 0, "Avg. Cost": 0.06, "Conversions": 1.0, "Avg. CPV": 0.0, "Invalid clicks": 0, "Unique cookies": "", "Campaign ID": 763976080, "Views": 0, "Interaction Rate": 10.71, "Advertising Sub Channel": "", "Account ID": "1124503774", "Video played to 100%": 0.0, "CTR": 10.71, "Start date": "2017-02-27", "Avg. CPC": 0.06, "Video played to 75%": 0.0, "Impressions": 28, "Avg. CPM": 6.428571}, {"Bid Strategy Type": "cpc", "Account Name": "[paused] G1 - WPL - tvc360-3", "End date": "", "Advertising Channel": "Search", "Mapping": false, "Campaign": "Gen-term_2_FH-G-GVL_game vo lam-bmm", "Date": "2017-05-04", "Avg. CPE": 0.0, "Video played to 50%": 0.0, "Clicks": 2, "Cost": 0.33, "Video played to 25%": 0.0, "Interaction Types": ["Clicks"], "Campaign state": "paused", "Avg. position": 1.8, "Interactions": 2, "View rate": 0.0, "Campaign serving status": "eligible", "Engagements": 0, "Avg. Cost": 0.165, "Conversions": 0.0, "Avg. CPV": 0.0, "Invalid clicks": 0, "Unique cookies": "", "Campaign ID": 763975435, "Views": 0, "Interaction Rate": 10.0, "Advertising Sub Channel": "", "Account ID": "1124503774", "Video played to 100%": 0.0, "CTR": 10.0, "Start date": "2017-02-27", "Avg. CPC": 0.165, "Video played to 75%": 0.0, "Impressions": 20, "Avg. CPM": 16.5}, {"Bid Strategy Type": "cpc", "Account Name": "[paused] G1 - WPL - tvc360-3", "End date": "", "Advertising Channel": "Search", "Mapping": false, "Campaign": "Gen-term_2_FH-G-TT_game truc tuyen-bmm", "Date": "2017-05-04", "Avg. CPE": 0.0, "Video played to 50%": 0.0, "Clicks": 25, "Cost": 2.79, "Video played to 25%": 0.0, "Interaction Types": ["Clicks"], "Campaign state": "paused", "Avg. position": 1.3, "Interactions": 25, "View rate": 0.0, "Campaign serving status": "eligible", "Engagements": 0, "Avg. Cost": 0.1116, "Conversions": 4.0, "Avg. CPV": 0.0, "Invalid clicks": 1, "Unique cookies": "", "Campaign ID": 763975582, "Views": 0, "Interaction Rate": 20.66, "Advertising Sub Channel": "", "Account ID": "1124503774", "Video played to 100%": 0.0, "CTR": 20.66, "Start date": "2017-02-27", "Avg. CPC": 0.1116, "Video played to 75%": 0.0, "Impressions": 121, "Avg. CPM": 23.057851}, {"Bid Strategy Type": "cpc", "Account Name": "[paused] G1 - WPL - tvc360-3", "End date": "", "Advertising Channel": "Search", "Mapping": false, "Campaign": "Gen-term_2_FH-G-NEW_game moi nhat-ex", "Date": "2017-05-04", "Avg. CPE": 0.0, "Video played to 50%": 0.0, "Clicks": 8, "Cost": 1.37, "Video played to 25%": 0.0, "Interaction Types": ["Clicks"], "Campaign state": "paused", "Avg. position": 1.2, "Interactions": 8, "View rate": 0.0, "Campaign serving status": "eligible", "Engagements": 0, "Avg. Cost": 0.17125, "Conversions": 1.0, "Avg. CPV": 0.0, "Invalid clicks": 0, "Unique cookies": "", "Campaign ID": 763976044, "Views": 0, "Interaction Rate": 20.0, "Advertising Sub Channel": "", "Account ID": "1124503774", "Video played to 100%": 0.0, "CTR": 20.0, "Start date": "2017-02-27", "Avg. CPC": 0.17125, "Video played to 75%": 0.0, "Impressions": 40, "Avg. CPM": 34.25}, {"Bid Strategy Type": "cpc", "Account Name": "[paused] G1 - WPL - tvc360-3", "End date": "", "Advertising Channel": "Search", "Mapping": false, "Campaign": "Gen-term_2_FH-G-KH_game ki\u1ebfm hi\u1ec7p-bmm", "Date": "2017-05-04", "Avg. CPE": 0.0, "Video played to 50%": 0.0, "Clicks": 3, "Cost": 0.24, "Video played to 25%": 0.0, "Interaction Types": ["Clicks"], "Campaign state": "paused", "Avg. position": 1.5, "Interactions": 3, "View rate": 0.0, "Campaign serving status": "eligible", "Engagements": 0, "Avg. Cost": 0.08, "Conversions": 0.0, "Avg. CPV": 0.0, "Invalid clicks": 0, "Unique cookies": "", "Campaign ID": 763975420, "Views": 0, "Interaction Rate": 37.5, "Advertising Sub Channel": "", "Account ID": "1124503774", "Video played to 100%": 0.0, "CTR": 37.5, "Start date": "2017-02-27", "Avg. CPC": 0.08, "Video played to 75%": 0.0, "Impressions": 8, "Avg. CPM": 30.0}, {"Bid Strategy Type": "cpc", "Account Name": "[paused] G1 - WPL - tvc360-3", "End date": "", "Advertising Channel": "Search", "Mapping": false, "Campaign": "Gen-term_2_FH-G-MT_game may tinh-bmm", "Date": "2017-05-04", "Avg. CPE": 0.0, "Video played to 50%": 0.0, "Clicks": 21, "Cost": 2.49, "Video played to 25%": 0.0, "Interaction Types": ["Clicks"], "Campaign state": "paused", "Avg. position": 1.8, "Interactions": 21, "View rate": 0.0, "Campaign serving status": "eligible", "Engagements": 0, "Avg. Cost": 0.118571, "Conversions": 2.0, "Avg. CPV": 0.0, "Invalid clicks": 1, "Unique cookies": "", "Campaign ID": 763975576, "Views": 0, "Interaction Rate": 4.07, "Advertising Sub Channel": "", "Account ID": "1124503774", "Video played to 100%": 0.0, "CTR": 4.07, "Start date": "2017-02-27", "Avg. CPC": 0.118571, "Video played to 75%": 0.0, "Impressions": 516, "Avg. CPM": 4.825581}, {"Bid Strategy Type": "cpc", "Account Name": "[paused] G1 - WPL - tvc360-3", "End date": "", "Advertising Channel": "Search", "Mapping": false, "Campaign": "Gen-term_2_FH-G-G16_game 2016-bmm", "Date": "2017-05-04", "Avg. CPE": 0.0, "Video played to 50%": 0.0, "Clicks": 1, "Cost": 0.15, "Video played to 25%": 0.0, "Interaction Types": ["Clicks"], "Campaign state": "paused", "Avg. position": 2.1, "Interactions": 1, "View rate": 0.0, "Campaign serving status": "eligible", "Engagements": 0, "Avg. Cost": 0.15, "Conversions": 0.0, "Avg. CPV": 0.0, "Invalid clicks": 0, "Unique cookies": "", "Campaign ID": 763975594, "Views": 0, "Interaction Rate": 2.94, "Advertising Sub Channel": "", "Account ID": "1124503774", "Video played to 100%": 0.0, "CTR": 2.94, "Start date": "2017-02-27", "Avg. CPC": 0.15, "Video played to 75%": 0.0, "Impressions": 34, "Avg. CPM": 4.411765}, {"Bid Strategy Type": "cpc", "Account Name": "[paused] G1 - WPL - tvc360-3", "End date": "", "Advertising Channel": "Search", "Mapping": false, "Campaign": "Gen-term_2_FH-W-GVL_webgame v\u00f5 l\u00e2m-ex", "Date": "2017-05-04", "Avg. CPE": 0.0, "Video played to 50%": 0.0, "Clicks": 1, "Cost": 0.2, "Video played to 25%": 0.0, "Interaction Types": ["Clicks"], "Campaign state": "paused", "Avg. position": 2.5, "Interactions": 1, "View rate": 0.0, "Campaign serving status": "eligible", "Engagements": 0, "Avg. Cost": 0.2, "Conversions": 1.0, "Avg. CPV": 0.0, "Invalid clicks": 0, "Unique cookies": "", "Campaign ID": 763976104, "Views": 0, "Interaction Rate": 50.0, "Advertising Sub Channel": "", "Account ID": "1124503774", "Video played to 100%": 0.0, "CTR": 50.0, "Start date": "2017-02-27", "Avg. CPC": 0.2, "Video played to 75%": 0.0, "Impressions": 2, "Avg. CPM": 100.0}, {"Bid Strategy Type": "cpc", "Account Name": "[paused] G1 - WPL - tvc360-3", "End date": "", "Advertising Channel": "Search", "Mapping": false, "Campaign": "Gen-term_2_FH-G-TT_game tr\u1ef1c tuy\u1ebfn-phr", "Date": "2017-05-04", "Avg. CPE": 0.0, "Video played to 50%": 0.0, "Clicks": 6, "Cost": 0.5, "Video played to 25%": 0.0, "Interaction Types": ["Clicks"], "Campaign state": "paused", "Avg. position": 2.8, "Interactions": 6, "View rate": 0.0, "Campaign serving status": "eligible", "Engagements": 0, "Avg. Cost": 0.083333, "Conversions": 2.0, "Avg. CPV": 0.0, "Invalid clicks": 0, "Unique cookies": "", "Campaign ID": 763978714, "Views": 0, "Interaction Rate": 10.34, "Advertising Sub Channel": "", "Account ID": "1124503774", "Video played to 100%": 0.0, "CTR": 10.34, "Start date": "2017-02-27", "Avg. CPC": 0.083333, "Video played to 75%": 0.0, "Impressions": 58, "Avg. CPM": 8.62069}, {"Bid Strategy Type": "cpc", "Account Name": "[paused] G1 - WPL - tvc360-3", "End date": "", "Advertising Channel": "Search", "Mapping": false, "Campaign": "Gen-term_2_FH-G-HAY_game hay-phr", "Date": "2017-05-04", "Avg. CPE": 0.0, "Video played to 50%": 0.0, "Clicks": 8, "Cost": 0.71, "Video played to 25%": 0.0, "Interaction Types": ["Clicks"], "Campaign state": "paused", "Avg. position": 2.8, "Interactions": 8, "View rate": 0.0, "Campaign serving status": "eligible", "Engagements": 0, "Avg. Cost": 0.08875, "Conversions": 0.0, "Avg. CPV": 0.0, "Invalid clicks": 0, "Unique cookies": "", "Campaign ID": 763978741, "Views": 0, "Interaction Rate": 2.63, "Advertising Sub Channel": "", "Account ID": "1124503774", "Video played to 100%": 0.0, "CTR": 2.63, "Start date": "2017-02-27", "Avg. CPC": 0.08875, "Video played to 75%": 0.0, "Impressions": 304, "Avg. CPM": 2.335526}, {"Bid Strategy Type": "cpc", "Account Name": "[paused] G1 - WPL - tvc360-3", "End date": "", "Advertising Channel": "Search", "Mapping": false, "Campaign": "Gen-term_2_MT-G-NV_game nhap vai m\u1edbi-phr", "Date": "2017-05-04", "Avg. CPE": 0.0, "Video played to 50%": 0.0, "Clicks": 1, "Cost": 0.17, "Video played to 25%": 0.0, "Interaction Types": ["Clicks"], "Campaign state": "paused", "Avg. position": 3.0, "Interactions": 1, "View rate": 0.0, "Campaign serving status": "eligible", "Engagements": 0, "Avg. Cost": 0.17, "Conversions": 1.0, "Avg. CPV": 0.0, "Invalid clicks": 0, "Unique cookies": "", "Campaign ID": 763978924, "Views": 0, "Interaction Rate": 16.67, "Advertising Sub Channel": "", "Account ID": "1124503774", "Video played to 100%": 0.0, "CTR": 16.67, "Start date": "2017-02-27", "Avg. CPC": 0.17, "Video played to 75%": 0.0, "Impressions": 6, "Avg. CPM": 28.333333}, {"Bid Strategy Type": "cpc", "Account Name": "[paused] G1 - WPL - tvc360-3", "End date": "", "Advertising Channel": "Search", "Mapping": false, "Campaign": "Gen-term_2_MT-W-NV_webgame nh\u1eadp vai hay nh\u1ea5t-bmm", "Date": "2017-05-04", "Avg. CPE": 0.0, "Video played to 50%": 0.0, "Clicks": 1, "Cost": 0.18, "Video played to 25%": 0.0, "Interaction Types": ["Clicks"], "Campaign state": "paused", "Avg. position": 2.0, "Interactions": 1, "View rate": 0.0, "Campaign serving status": "eligible", "Engagements": 0, "Avg. Cost": 0.18, "Conversions": 0.0, "Avg. CPV": 0.0, "Invalid clicks": 0, "Unique cookies": "", "Campaign ID": 764276042, "Views": 0, "Interaction Rate": 100.0, "Advertising Sub Channel": "", "Account ID": "1124503774", "Video played to 100%": 0.0, "CTR": 100.0, "Start date": "2017-02-27", "Avg. CPC": 0.18, "Video played to 75%": 0.0, "Impressions": 1, "Avg. CPM": 180.0}, {"Bid Strategy Type": "cpc", "Account Name": "[paused] G1 - WPL - tvc360-3", "End date": "", "Advertising Channel": "Search", "Mapping": false, "Campaign": "Gen-term_2_FH-G-NV_game nhap vai-bmm", "Date": "2017-05-04", "Avg. CPE": 0.0, "Video played to 50%": 0.0, "Clicks": 2, "Cost": 0.16, "Video played to 25%": 0.0, "Interaction Types": ["Clicks"], "Campaign state": "paused", "Avg. position": 3.0, "Interactions": 2, "View rate": 0.0, "Campaign serving status": "eligible", "Engagements": 0, "Avg. Cost": 0.08, "Conversions": 1.0, "Avg. CPV": 0.0, "Invalid clicks": 0, "Unique cookies": "", "Campaign ID": 763983031, "Views": 0, "Interaction Rate": 7.14, "Advertising Sub Channel": "", "Account ID": "1124503774", "Video played to 100%": 0.0, "CTR": 7.14, "Start date": "2017-02-27", "Avg. CPC": 0.08, "Video played to 75%": 0.0, "Impressions": 28, "Avg. CPM": 5.714286}, {"Bid Strategy Type": "cpc", "Account Name": "[paused] G1 - WPL - tvc360-3", "End date": "", "Advertising Channel": "Search", "Mapping": false, "Campaign": "Gen-term_2_FH-W-GVL_webgame v\u00f5 l\u00e2m-bmm", "Date": "2017-05-04", "Avg. CPE": 0.0, "Video played to 50%": 0.0, "Clicks": 1, "Cost": 0.04, "Video played to 25%": 0.0, "Interaction Types": ["Clicks"], "Campaign state": "paused", "Avg. position": 2.0, "Interactions": 1, "View rate": 0.0, "Campaign serving status": "eligible", "Engagements": 0, "Avg. Cost": 0.04, "Conversions": 0.0, "Avg. CPV": 0.0, "Invalid clicks": 0, "Unique cookies": "", "Campaign ID": 763983046, "Views": 0, "Interaction Rate": 100.0, "Advertising Sub Channel": "", "Account ID": "1124503774", "Video played to 100%": 0.0, "CTR": 100.0, "Start date": "2017-02-27", "Avg. CPC": 0.04, "Video played to 75%": 0.0, "Impressions": 1, "Avg. CPM": 40.0}, {"Bid Strategy Type": "cpc", "Account Name": "[paused] G1 - WPL - tvc360-3", "End date": "", "Advertising Channel": "Search", "Mapping": false, "Campaign": "Gen-term_2_FH-G-NV_game nh\u1eadp vai-bmm", "Date": "2017-05-04", "Avg. CPE": 0.0, "Video played to 50%": 0.0, "Clicks": 5, "Cost": 0.38, "Video played to 25%": 0.0, "Interaction Types": ["Clicks"], "Campaign state": "paused", "Avg. position": 2.7, "Interactions": 5, "View rate": 0.0, "Campaign serving status": "eligible", "Engagements": 0, "Avg. Cost": 0.076, "Conversions": 3.0, "Avg. CPV": 0.0, "Invalid clicks": 0, "Unique cookies": "", "Campaign ID": 763983028, "Views": 0, "Interaction Rate": 11.9, "Advertising Sub Channel": "", "Account ID": "1124503774", "Video played to 100%": 0.0, "CTR": 11.9, "Start date": "2017-02-27", "Avg. CPC": 0.076, "Video played to 75%": 0.0, "Impressions": 42, "Avg. CPM": 9.047619}, {"Bid Strategy Type": "cpc", "Account Name": "[paused] G1 - WPL - tvc360-3", "End date": "", "Advertising Channel": "Search", "Mapping": false, "Campaign": "Gen-term_2_FH-GMT-BM-MOR", "Date": "2017-05-04", "Avg. CPE": 0.0, "Video played to 50%": 0.0, "Clicks": 2, "Cost": 0.38, "Video played to 25%": 0.0, "Interaction Types": ["Clicks"], "Campaign state": "paused", "Avg. position": 2.8, "Interactions": 2, "View rate": 0.0, "Campaign serving status": "eligible", "Engagements": 0, "Avg. Cost": 0.19, "Conversions": 0.0, "Avg. CPV": 0.0, "Invalid clicks": 0, "Unique cookies": "", "Campaign ID": 764277278, "Views": 0, "Interaction Rate": 5.71, "Advertising Sub Channel": "", "Account ID": "1124503774", "Video played to 100%": 0.0, "CTR": 5.71, "Start date": "2017-02-27", "Avg. CPC": 0.19, "Video played to 75%": 0.0, "Impressions": 35, "Avg. CPM": 10.857143}, {"Bid Strategy Type": "cpc", "Account Name": "[paused] G1 - WPL - tvc360-3", "End date": "", "Advertising Channel": "Search", "Mapping": false, "Campaign": "Gen-term_2_MT-G-3D_game 3d hay-ex", "Date": "2017-05-04", "Avg. CPE": 0.0, "Video played to 50%": 0.0, "Clicks": 1, "Cost": 0.2, "Video played to 25%": 0.0, "Interaction Types": ["Clicks"], "Campaign state": "paused", "Avg. position": 2.3, "Interactions": 1, "View rate": 0.0, "Campaign serving status": "eligible", "Engagements": 0, "Avg. Cost": 0.2, "Conversions": 0.0, "Avg. CPV": 0.0, "Invalid clicks": 0, "Unique cookies": "", "Campaign ID": 764278733, "Views": 0, "Interaction Rate": 12.5, "Advertising Sub Channel": "", "Account ID": "1124503774", "Video played to 100%": 0.0, "CTR": 12.5, "Start date": "2017-02-27", "Avg. CPC": 0.2, "Video played to 75%": 0.0, "Impressions": 8, "Avg. CPM": 25.0}, {"Bid Strategy Type": "cpc", "Account Name": "[paused] G1 - WPL - tvc360-3", "End date": "", "Advertising Channel": "Search", "Mapping": false, "Campaign": "Gen-term_2_FH-G-NEW_game m\u1edbi nh\u1ea5t-bmm", "Date": "2017-05-04", "Avg. CPE": 0.0, "Video played to 50%": 0.0, "Clicks": 2, "Cost": 0.15, "Video played to 25%": 0.0, "Interaction Types": ["Clicks"], "Campaign state": "paused", "Avg. position": 3.1, "Interactions": 2, "View rate": 0.0, "Campaign serving status": "eligible", "Engagements": 0, "Avg. Cost": 0.075, "Conversions": 0.0, "Avg. CPV": 0.0, "Invalid clicks": 0, "Unique cookies": "", "Campaign ID": 764301543, "Views": 0, "Interaction Rate": 3.12, "Advertising Sub Channel": "", "Account ID": "1124503774", "Video played to 100%": 0.0, "CTR": 3.12, "Start date": "2017-02-27", "Avg. CPC": 0.075, "Video played to 75%": 0.0, "Impressions": 64, "Avg. CPM": 2.34375}, {"Bid Strategy Type": "cpc", "Account Name": "[paused] G1 - WPL - tvc360-3", "End date": "", "Advertising Channel": "Search", "Mapping": false, "Campaign": "Gen-term_2_FH-G-NEW_game moi nhat-bmm", "Date": "2017-05-04", "Avg. CPE": 0.0, "Video played to 50%": 0.0, "Clicks": 2, "Cost": 0.13, "Video played to 25%": 0.0, "Interaction Types": ["Clicks"], "Campaign state": "paused", "Avg. position": 2.4, "Interactions": 2, "View rate": 0.0, "Campaign serving status": "eligible", "Engagements": 0, "Avg. Cost": 0.065, "Conversions": 0.0, "Avg. CPV": 0.0, "Invalid clicks": 0, "Unique cookies": "", "Campaign ID": 764301546, "Views": 0, "Interaction Rate": 13.33, "Advertising Sub Channel": "", "Account ID": "1124503774", "Video played to 100%": 0.0, "CTR": 13.33, "Start date": "2017-02-27", "Avg. CPC": 0.065, "Video played to 75%": 0.0, "Impressions": 15, "Avg. CPM": 8.666667}, {"Bid Strategy Type": "cpc", "Account Name": "[paused] G1 - WPL - tvc360-3", "End date": "", "Advertising Channel": "Search", "Mapping": false, "Campaign": "Gen-term_2_MT-G-KH_game ki\u1ebfm hi\u1ec7p m\u1edbi-bmm", "Date": "2017-05-04", "Avg. CPE": 0.0, "Video played to 50%": 0.0, "Clicks": 1, "Cost": 0.15, "Video played to 25%": 0.0, "Interaction Types": ["Clicks"], "Campaign state": "paused", "Avg. position": 1.0, "Interactions": 1, "View rate": 0.0, "Campaign serving status": "eligible", "Engagements": 0, "Avg. Cost": 0.15, "Conversions": 0.0, "Avg. CPV": 0.0, "Invalid clicks": 0, "Unique cookies": "", "Campaign ID": 764301780, "Views": 0, "Interaction Rate": 33.33, "Advertising Sub Channel": "", "Account ID": "1124503774", "Video played to 100%": 0.0, "CTR": 33.33, "Start date": "2017-02-27", "Avg. CPC": 0.15, "Video played to 75%": 0.0, "Impressions": 3, "Avg. CPM": 50.0}, {"Bid Strategy Type": "cpc", "Account Name": "[paused] G1 - WPL - tvc360-3", "End date": "", "Advertising Channel": "Search", "Mapping": false, "Campaign": "Gen-term_2_MT-G-MT_game may tinh hay nhat-bmm", "Date": "2017-05-04", "Avg. CPE": 0.0, "Video played to 50%": 0.0, "Clicks": 1, "Cost": 0.11, "Video played to 25%": 0.0, "Interaction Types": ["Clicks"], "Campaign state": "paused", "Avg. position": 1.0, "Interactions": 1, "View rate": 0.0, "Campaign serving status": "eligible", "Engagements": 0, "Avg. Cost": 0.11, "Conversions": 0.0, "Avg. CPV": 0.0, "Invalid clicks": 0, "Unique cookies": "", "Campaign ID": 764303163, "Views": 0, "Interaction Rate": 100.0, "Advertising Sub Channel": "", "Account ID": "1124503774", "Video played to 100%": 0.0, "CTR": 100.0, "Start date": "2017-02-27", "Avg. CPC": 0.11, "Video played to 75%": 0.0, "Impressions": 1, "Avg. CPM": 110.0}, {"Bid Strategy Type": "cpc", "Account Name": "[paused] G1 - WPL - tvc360-3", "End date": "", "Advertising Channel": "Search", "Mapping": false, "Campaign": "Gen-term_2_MT-G-3D_game 3d online-bmm", "Date": "2017-05-04", "Avg. CPE": 0.0, "Video played to 50%": 0.0, "Clicks": 1, "Cost": 0.08, "Video played to 25%": 0.0, "Interaction Types": ["Clicks"], "Campaign state": "paused", "Avg. position": 2.3, "Interactions": 1, "View rate": 0.0, "Campaign serving status": "eligible", "Engagements": 0, "Avg. Cost": 0.08, "Conversions": 1.0, "Avg. CPV": 0.0, "Invalid clicks": 0, "Unique cookies": "", "Campaign ID": 764277023, "Views": 0, "Interaction Rate": 5.0, "Advertising Sub Channel": "", "Account ID": "1124503774", "Video played to 100%": 0.0, "CTR": 5.0, "Start date": "2017-02-27", "Avg. CPC": 0.08, "Video played to 75%": 0.0, "Impressions": 20, "Avg. CPM": 4.0}, {"Bid Strategy Type": "cpc", "Account Name": "[paused] G1 - WPL - tvc360-3", "End date": "", "Advertising Channel": "Search", "Mapping": false, "Campaign": "Gen-term_2_MT-G-3D_game 3d hay-bmm", "Date": "2017-05-04", "Avg. CPE": 0.0, "Video played to 50%": 0.0, "Clicks": 2, "Cost": 0.31, "Video played to 25%": 0.0, "Interaction Types": ["Clicks"], "Campaign state": "paused", "Avg. position": 3.1, "Interactions": 2, "View rate": 0.0, "Campaign serving status": "eligible", "Engagements": 0, "Avg. Cost": 0.155, "Conversions": 0.0, "Avg. CPV": 0.0, "Invalid clicks": 0, "Unique cookies": "", "Campaign ID": 764277050, "Views": 0, "Interaction Rate": 12.5, "Advertising Sub Channel": "", "Account ID": "1124503774", "Video played to 100%": 0.0, "CTR": 12.5, "Start date": "2017-02-27", "Avg. CPC": 0.155, "Video played to 75%": 0.0, "Impressions": 16, "Avg. CPM": 19.375}, {"Bid Strategy Type": "cpc", "Account Name": "[paused] G1 - WPL - tvc360-3", "End date": "", "Advertising Channel": "Search", "Mapping": false, "Campaign": "Gen-term_2_MT-GO-BMM-MOR", "Date": "2017-05-04", "Avg. CPE": 0.0, "Video played to 50%": 0.0, "Clicks": 15, "Cost": 1.38, "Video played to 25%": 0.0, "Interaction Types": ["Clicks"], "Campaign state": "paused", "Avg. position": 1.7, "Interactions": 15, "View rate": 0.0, "Campaign serving status": "eligible", "Engagements": 0, "Avg. Cost": 0.092, "Conversions": 3.0, "Avg. CPV": 0.0, "Invalid clicks": 0, "Unique cookies": "", "Campaign ID": 764277110, "Views": 0, "Interaction Rate": 22.06, "Advertising Sub Channel": "", "Account ID": "1124503774", "Video played to 100%": 0.0, "CTR": 22.06, "Start date": "2017-02-27", "Avg. CPC": 0.092, "Video played to 75%": 0.0, "Impressions": 68, "Avg. CPM": 20.294118}, {"Bid Strategy Type": "cpc", "Account Name": "[paused] G1 - WPL - tvc360-3", "End date": "", "Advertising Channel": "Search", "Mapping": false, "Campaign": "Gen-term_2_MT-GO-Exact-MOR", "Date": "2017-05-04", "Avg. CPE": 0.0, "Video played to 50%": 0.0, "Clicks": 1, "Cost": 0.15, "Video played to 25%": 0.0, "Interaction Types": ["Clicks"], "Campaign state": "paused", "Avg. position": 2.5, "Interactions": 1, "View rate": 0.0, "Campaign serving status": "eligible", "Engagements": 0, "Avg. Cost": 0.15, "Conversions": 0.0, "Avg. CPV": 0.0, "Invalid clicks": 0, "Unique cookies": "", "Campaign ID": 764277116, "Views": 0, "Interaction Rate": 16.67, "Advertising Sub Channel": "", "Account ID": "1124503774", "Video played to 100%": 0.0, "CTR": 16.67, "Start date": "2017-02-27", "Avg. CPC": 0.15, "Video played to 75%": 0.0, "Impressions": 6, "Avg. CPM": 25.0}, {"Bid Strategy Type": "cpc", "Account Name": "[paused] G1 - WPL - tvc360-3", "End date": "", "Advertising Channel": "Search", "Mapping": false, "Campaign": "Gen-term_2_FH-G-TT_game tr\u1ef1c tuy\u1ebfn-ex", "Date": "2017-05-04", "Avg. CPE": 0.0, "Video played to 50%": 0.0, "Clicks": 1, "Cost": 0.12, "Video played to 25%": 0.0, "Interaction Types": ["Clicks"], "Campaign state": "paused", "Avg. position": 2.1, "Interactions": 1, "View rate": 0.0, "Campaign serving status": "eligible", "Engagements": 0, "Avg. Cost": 0.12, "Conversions": 0.0, "Avg. CPV": 0.0, "Invalid clicks": 0, "Unique cookies": "", "Campaign ID": 764307063, "Views": 0, "Interaction Rate": 3.45, "Advertising Sub Channel": "", "Account ID": "1124503774", "Video played to 100%": 0.0, "CTR": 3.45, "Start date": "2017-02-27", "Avg. CPC": 0.12, "Video played to 75%": 0.0, "Impressions": 29, "Avg. CPM": 4.137931}, {"Bid Strategy Type": "cpc", "Account Name": "[paused] G1 - WPL - tvc360-3", "End date": "", "Advertising Channel": "Search", "Mapping": false, "Campaign": "Gen-term_2_MT-G-NV_game nh\u1eadp vai online-ex", "Date": "2017-05-04", "Avg. CPE": 0.0, "Video played to 50%": 0.0, "Clicks": 2, "Cost": 0.21, "Video played to 25%": 0.0, "Interaction Types": ["Clicks"], "Campaign state": "paused", "Avg. position": 2.0, "Interactions": 2, "View rate": 0.0, "Campaign serving status": "eligible", "Engagements": 0, "Avg. Cost": 0.105, "Conversions": 0.0, "Avg. CPV": 0.0, "Invalid clicks": 0, "Unique cookies": "", "Campaign ID": 764307090, "Views": 0, "Interaction Rate": 16.67, "Advertising Sub Channel": "", "Account ID": "1124503774", "Video played to 100%": 0.0, "CTR": 16.67, "Start date": "2017-02-27", "Avg. CPC": 0.105, "Video played to 75%": 0.0, "Impressions": 12, "Avg. CPM": 17.5}, {"Bid Strategy Type": "cpc", "Account Name": "[paused] G1 - WPL - tvc360-3", "End date": "", "Advertising Channel": "Search", "Mapping": false, "Campaign": "Gen-term_2_MT-G-CT_game chi\u1ebfn thu\u1eadt online-ex", "Date": "2017-05-04", "Avg. CPE": 0.0, "Video played to 50%": 0.0, "Clicks": 1, "Cost": 0.13, "Video played to 25%": 0.0, "Interaction Types": ["Clicks"], "Campaign state": "paused", "Avg. position": 1.4, "Interactions": 1, "View rate": 0.0, "Campaign serving status": "eligible", "Engagements": 0, "Avg. Cost": 0.13, "Conversions": 0.0, "Avg. CPV": 0.0, "Invalid clicks": 0, "Unique cookies": "", "Campaign ID": 764307498, "Views": 0, "Interaction Rate": 9.09, "Advertising Sub Channel": "", "Account ID": "1124503774", "Video played to 100%": 0.0, "CTR": 9.09, "Start date": "2017-02-27", "Avg. CPC": 0.13, "Video played to 75%": 0.0, "Impressions": 11, "Avg. CPM": 11.818182}, {"Bid Strategy Type": "cpc", "Account Name": "[paused] G1 - WPL - tvc360-3", "End date": "", "Advertising Channel": "Search", "Mapping": false, "Campaign": "Gen-term_2_MT-G-GO_game online hay-ex", "Date": "2017-05-04", "Avg. CPE": 0.0, "Video played to 50%": 0.0, "Clicks": 1, "Cost": 0.09, "Video played to 25%": 0.0, "Interaction Types": ["Clicks"], "Campaign state": "paused", "Avg. position": 2.9, "Interactions": 1, "View rate": 0.0, "Campaign serving status": "eligible", "Engagements": 0, "Avg. Cost": 0.09, "Conversions": 0.0, "Avg. CPV": 0.0, "Invalid clicks": 0, "Unique cookies": "", "Campaign ID": 764309016, "Views": 0, "Interaction Rate": 9.09, "Advertising Sub Channel": "", "Account ID": "1124503774", "Video played to 100%": 0.0, "CTR": 9.09, "Start date": "2017-02-27", "Avg. CPC": 0.09, "Video played to 75%": 0.0, "Impressions": 11, "Avg. CPM": 8.181818}, {"Bid Strategy Type": "cpc", "Account Name": "[paused] G1 - WPL - tvc360-3", "End date": "", "Advertising Channel": "Search", "Mapping": false, "Campaign": "Gen-term_2_FH-PCG-BM-MOR", "Date": "2017-05-04", "Avg. CPE": 0.0, "Video played to 50%": 0.0, "Clicks": 4, "Cost": 0.63, "Video played to 25%": 0.0, "Interaction Types": ["Clicks"], "Campaign state": "paused", "Avg. position": 1.9, "Interactions": 4, "View rate": 0.0, "Campaign serving status": "eligible", "Engagements": 0, "Avg. Cost": 0.1575, "Conversions": 1.0, "Avg. CPV": 0.0, "Invalid clicks": 1, "Unique cookies": "", "Campaign ID": 764306850, "Views": 0, "Interaction Rate": 7.14, "Advertising Sub Channel": "", "Account ID": "1124503774", "Video played to 100%": 0.0, "CTR": 7.14, "Start date": "2017-02-27", "Avg. CPC": 0.1575, "Video played to 75%": 0.0, "Impressions": 56, "Avg. CPM": 11.25}, {"Bid Strategy Type": "cpc", "Account Name": "[paused] G1 - WPL - tvc360-3", "End date": "", "Advertising Channel": "Search", "Mapping": false, "Campaign": "Gen-term_2_FH-G-KH_game ki\u1ebfm hi\u1ec7p-ex", "Date": "2017-05-04", "Avg. CPE": 0.0, "Video played to 50%": 0.0, "Clicks": 7, "Cost": 0.49, "Video played to 25%": 0.0, "Interaction Types": ["Clicks"], "Campaign state": "paused", "Avg. position": 2.1, "Interactions": 7, "View rate": 0.0, "Campaign serving status": "eligible", "Engagements": 0, "Avg. Cost": 0.07, "Conversions": 2.0, "Avg. CPV": 0.0, "Invalid clicks": 0, "Unique cookies": "", "Campaign ID": 764307024, "Views": 0, "Interaction Rate": 46.67, "Advertising Sub Channel": "", "Account ID": "1124503774", "Video played to 100%": 0.0, "CTR": 46.67, "Start date": "2017-02-27", "Avg. CPC": 0.07, "Video played to 75%": 0.0, "Impressions": 15, "Avg. CPM": 32.666667}, {"Bid Strategy Type": "cpc", "Account Name": "[paused] G1 - WPL - tvc360-3", "End date": "", "Advertising Channel": "Search", "Mapping": false, "Campaign": "Gen-term_2_FH-G-GO_game online-ex", "Date": "2017-05-04", "Avg. CPE": 0.0, "Video played to 50%": 0.0, "Clicks": 23, "Cost": 1.91, "Video played to 25%": 0.0, "Interaction Types": ["Clicks"], "Campaign state": "paused", "Avg. position": 2.8, "Interactions": 23, "View rate": 0.0, "Campaign serving status": "eligible", "Engagements": 0, "Avg. Cost": 0.083043, "Conversions": 6.0, "Avg. CPV": 0.0, "Invalid clicks": 0, "Unique cookies": "", "Campaign ID": 764307051, "Views": 0, "Interaction Rate": 14.84, "Advertising Sub Channel": "", "Account ID": "1124503774", "Video played to 100%": 0.0, "CTR": 14.84, "Start date": "2017-02-27", "Avg. CPC": 0.083043, "Video played to 75%": 0.0, "Impressions": 155, "Avg. CPM": 12.322581}, {"Bid Strategy Type": "cpc", "Account Name": "[paused] G1 - WPL - tvc360-3", "End date": "", "Advertising Channel": "Search", "Mapping": false, "Campaign": "Gen-term_2_MT-G-NV_game nhap vai m\u1edbi-ex", "Date": "2017-05-04", "Avg. CPE": 0.0, "Video played to 50%": 0.0, "Clicks": 4, "Cost": 0.61, "Video played to 25%": 0.0, "Interaction Types": ["Clicks"], "Campaign state": "paused", "Avg. position": 2.3, "Interactions": 4, "View rate": 0.0, "Campaign serving status": "eligible", "Engagements": 0, "Avg. Cost": 0.1525, "Conversions": 0.0, "Avg. CPV": 0.0, "Invalid clicks": 0, "Unique cookies": "", "Campaign ID": 764307324, "Views": 0, "Interaction Rate": 50.0, "Advertising Sub Channel": "", "Account ID": "1124503774", "Video played to 100%": 0.0, "CTR": 50.0, "Start date": "2017-02-27", "Avg. CPC": 0.1525, "Video played to 75%": 0.0, "Impressions": 8, "Avg. CPM": 76.25}, {"Bid Strategy Type": "cpc", "Account Name": "[paused] G1 - WPL - tvc360-3", "End date": "", "Advertising Channel": "Search", "Mapping": false, "Campaign": "Gen-term_2_MT-G-GO_game online hay nhat-ex", "Date": "2017-05-04", "Avg. CPE": 0.0, "Video played to 50%": 0.0, "Clicks": 1, "Cost": 0.16, "Video played to 25%": 0.0, "Interaction Types": ["Clicks"], "Campaign state": "paused", "Avg. position": 2.5, "Interactions": 1, "View rate": 0.0, "Campaign serving status": "eligible", "Engagements": 0, "Avg. Cost": 0.16, "Conversions": 1.0, "Avg. CPV": 0.0, "Invalid clicks": 0, "Unique cookies": "", "Campaign ID": 764309022, "Views": 0, "Interaction Rate": 25.0, "Advertising Sub Channel": "", "Account ID": "1124503774", "Video played to 100%": 0.0, "CTR": 25.0, "Start date": "2017-02-27", "Avg. CPC": 0.16, "Video played to 75%": 0.0, "Impressions": 4, "Avg. CPM": 40.0}, {"Bid Strategy Type": "cpc", "Account Name": "[paused] G1 - WPL - tvc360-3", "End date": "", "Advertising Channel": "Search", "Mapping": false, "Campaign": "Gen-term_2_FH-G-3Q_game tam qu\u1ed1c-phr", "Date": "2017-05-04", "Avg. CPE": 0.0, "Video played to 50%": 0.0, "Clicks": 3, "Cost": 0.41, "Video played to 25%": 0.0, "Interaction Types": ["Clicks"], "Campaign state": "paused", "Avg. position": 1.6, "Interactions": 3, "View rate": 0.0, "Campaign serving status": "eligible", "Engagements": 0, "Avg. Cost": 0.136667, "Conversions": 0.0, "Avg. CPV": 0.0, "Invalid clicks": 0, "Unique cookies": "", "Campaign ID": 764305677, "Views": 0, "Interaction Rate": 5.08, "Advertising Sub Channel": "", "Account ID": "1124503774", "Video played to 100%": 0.0, "CTR": 5.08, "Start date": "2017-02-27", "Avg. CPC": 0.136667, "Video played to 75%": 0.0, "Impressions": 59, "Avg. CPM": 6.949153}, {"Bid Strategy Type": "cpc", "Account Name": "[paused] G1 - WPL - tvc360-3", "End date": "", "Advertising Channel": "Search", "Mapping": false, "Campaign": "Gen-term_2_MT-G-3D_game 3d nh\u1eadp vai-bmm", "Date": "2017-05-04", "Avg. CPE": 0.0, "Video played to 50%": 0.0, "Clicks": 1, "Cost": 0.09, "Video played to 25%": 0.0, "Interaction Types": ["Clicks"], "Campaign state": "paused", "Avg. position": 1.6, "Interactions": 1, "View rate": 0.0, "Campaign serving status": "eligible", "Engagements": 0, "Avg. Cost": 0.09, "Conversions": 0.0, "Avg. CPV": 0.0, "Invalid clicks": 0, "Unique cookies": "", "Campaign ID": 764306769, "Views": 0, "Interaction Rate": 6.67, "Advertising Sub Channel": "", "Account ID": "1124503774", "Video played to 100%": 0.0, "CTR": 6.67, "Start date": "2017-02-27", "Avg. CPC": 0.09, "Video played to 75%": 0.0, "Impressions": 15, "Avg. CPM": 6.0}, {"Bid Strategy Type": "cpc", "Account Name": "[paused] G1 - WPL - tvc360-3", "End date": "", "Advertising Channel": "Search", "Mapping": false, "Campaign": "Gen-term_2_FH-G-NEW_game m\u1edbi-ex", "Date": "2017-05-04", "Avg. CPE": 0.0, "Video played to 50%": 0.0, "Clicks": 3, "Cost": 0.21, "Video played to 25%": 0.0, "Interaction Types": ["Clicks"], "Campaign state": "paused", "Avg. position": 2.3, "Interactions": 3, "View rate": 0.0, "Campaign serving status": "eligible", "Engagements": 0, "Avg. Cost": 0.07, "Conversions": 0.0, "Avg. CPV": 0.0, "Invalid clicks": 0, "Unique cookies": "", "Campaign ID": 764307081, "Views": 0, "Interaction Rate": 21.43, "Advertising Sub Channel": "", "Account ID": "1124503774", "Video played to 100%": 0.0, "CTR": 21.43, "Start date": "2017-02-27", "Avg. CPC": 0.07, "Video played to 75%": 0.0, "Impressions": 14, "Avg. CPM": 15.0}, {"Bid Strategy Type": "cpc", "Account Name": "[paused] G1 - WPL - tvc360-3", "End date": "", "Advertising Channel": "Search", "Mapping": false, "Campaign": "Gen-term_2_MT-G-NV_game nh\u1eadp vai m\u1edbi-ex", "Date": "2017-05-04", "Avg. CPE": 0.0, "Video played to 50%": 0.0, "Clicks": 3, "Cost": 0.32, "Video played to 25%": 0.0, "Interaction Types": ["Clicks"], "Campaign state": "paused", "Avg. position": 2.2, "Interactions": 3, "View rate": 0.0, "Campaign serving status": "eligible", "Engagements": 0, "Avg. Cost": 0.106667, "Conversions": 0.0, "Avg. CPV": 0.0, "Invalid clicks": 0, "Unique cookies": "", "Campaign ID": 764307240, "Views": 0, "Interaction Rate": 20.0, "Advertising Sub Channel": "", "Account ID": "1124503774", "Video played to 100%": 0.0, "CTR": 20.0, "Start date": "2017-02-27", "Avg. CPC": 0.106667, "Video played to 75%": 0.0, "Impressions": 15, "Avg. CPM": 21.333333}, {"Bid Strategy Type": "cpc", "Account Name": "[paused] G1 - WPL - tvc360-3", "End date": "", "Advertising Channel": "Search", "Mapping": false, "Campaign": "Gen-term_2_MT-G-NV_game nhap vai 3d-ex", "Date": "2017-05-04", "Avg. CPE": 0.0, "Video played to 50%": 0.0, "Clicks": 1, "Cost": 0.13, "Video played to 25%": 0.0, "Interaction Types": ["Clicks"], "Campaign state": "paused", "Avg. position": 1.5, "Interactions": 1, "View rate": 0.0, "Campaign serving status": "eligible", "Engagements": 0, "Avg. Cost": 0.13, "Conversions": 1.0, "Avg. CPV": 0.0, "Invalid clicks": 0, "Unique cookies": "", "Campaign ID": 764307315, "Views": 0, "Interaction Rate": 50.0, "Advertising Sub Channel": "", "Account ID": "1124503774", "Video played to 100%": 0.0, "CTR": 50.0, "Start date": "2017-02-27", "Avg. CPC": 0.13, "Video played to 75%": 0.0, "Impressions": 2, "Avg. CPM": 65.0}, {"Bid Strategy Type": "cpc", "Account Name": "[paused] G1 - WPL - tvc360-3", "End date": "", "Advertising Channel": "Search", "Mapping": false, "Campaign": "Gen-term_2_MT-G-3D_game 3d online-ex", "Date": "2017-05-04", "Avg. CPE": 0.0, "Video played to 50%": 0.0, "Clicks": 4, "Cost": 0.65, "Video played to 25%": 0.0, "Interaction Types": ["Clicks"], "Campaign state": "paused", "Avg. position": 2.2, "Interactions": 4, "View rate": 0.0, "Campaign serving status": "eligible", "Engagements": 0, "Avg. Cost": 0.1625, "Conversions": 0.0, "Avg. CPV": 0.0, "Invalid clicks": 0, "Unique cookies": "", "Campaign ID": 764278706, "Views": 0, "Interaction Rate": 15.38, "Advertising Sub Channel": "", "Account ID": "1124503774", "Video played to 100%": 0.0, "CTR": 15.38, "Start date": "2017-02-27", "Avg. CPC": 0.1625, "Video played to 75%": 0.0, "Impressions": 26, "Avg. CPM": 25.0}, {"Bid Strategy Type": "cpc", "Account Name": "[paused] G1 - WPL - tvc360-3", "End date": "", "Advertising Channel": "Search", "Mapping": false, "Campaign": "Gen-term_2_FH-G-HAY_game hay nh\u1ea5t-bmm", "Date": "2017-05-04", "Avg. CPE": 0.0, "Video played to 50%": 0.0, "Clicks": 9, "Cost": 0.63, "Video played to 25%": 0.0, "Interaction Types": ["Clicks"], "Campaign state": "paused", "Avg. position": 3.5, "Interactions": 9, "View rate": 0.0, "Campaign serving status": "eligible", "Engagements": 0, "Avg. Cost": 0.07, "Conversions": 0.0, "Avg. CPV": 0.0, "Invalid clicks": 0, "Unique cookies": "", "Campaign ID": 764301552, "Views": 0, "Interaction Rate": 1.79, "Advertising Sub Channel": "", "Account ID": "1124503774", "Video played to 100%": 0.0, "CTR": 1.79, "Start date": "2017-02-27", "Avg. CPC": 0.07, "Video played to 75%": 0.0, "Impressions": 504, "Avg. CPM": 1.25}, {"Bid Strategy Type": "cpc", "Account Name": "[paused] G1 - WPL - tvc360-3", "End date": "", "Advertising Channel": "Search", "Mapping": false, "Campaign": "Gen-term_2_FH-G-TH_game ti\u00ean hi\u1ec7p-phr", "Date": "2017-05-04", "Avg. CPE": 0.0, "Video played to 50%": 0.0, "Clicks": 1, "Cost": 0.05, "Video played to 25%": 0.0, "Interaction Types": ["Clicks"], "Campaign state": "paused", "Avg. position": 1.0, "Interactions": 1, "View rate": 0.0, "Campaign serving status": "eligible", "Engagements": 0, "Avg. Cost": 0.05, "Conversions": 0.0, "Avg. CPV": 0.0, "Invalid clicks": 0, "Unique cookies": "", "Campaign ID": 764305812, "Views": 0, "Interaction Rate": 20.0, "Advertising Sub Channel": "", "Account ID": "1124503774", "Video played to 100%": 0.0, "CTR": 20.0, "Start date": "2017-02-27", "Avg. CPC": 0.05, "Video played to 75%": 0.0, "Impressions": 5, "Avg. CPM": 10.0}, {"Bid Strategy Type": "cpc", "Account Name": "[paused] G1 - WPL - tvc360-3", "End date": "", "Advertising Channel": "Search", "Mapping": false, "Campaign": "Gen-term_2_FH-G-NEW_game m\u1edbi-bmm", "Date": "2017-05-04", "Avg. CPE": 0.0, "Video played to 50%": 0.0, "Clicks": 5, "Cost": 0.29, "Video played to 25%": 0.0, "Interaction Types": ["Clicks"], "Campaign state": "paused", "Avg. position": 3.1, "Interactions": 5, "View rate": 0.0, "Campaign serving status": "eligible", "Engagements": 0, "Avg. Cost": 0.058, "Conversions": 0.0, "Avg. CPV": 0.0, "Invalid clicks": 1, "Unique cookies": "", "Campaign ID": 764301540, "Views": 0, "Interaction Rate": 13.51, "Advertising Sub Channel": "", "Account ID": "1124503774", "Video played to 100%": 0.0, "CTR": 13.51, "Start date": "2017-02-27", "Avg. CPC": 0.058, "Video played to 75%": 0.0, "Impressions": 37, "Avg. CPM": 7.837838}, {"Bid Strategy Type": "cpc", "Account Name": "[paused] G1 - WPL - tvc360-3", "End date": "", "Advertising Channel": "Search", "Mapping": false, "Campaign": "Gen-term_2_MT-G-3D_game 3d chi\u1ebfn thu\u1eadt-bmm", "Date": "2017-05-04", "Avg. CPE": 0.0, "Video played to 50%": 0.0, "Clicks": 1, "Cost": 0.14, "Video played to 25%": 0.0, "Interaction Types": ["Clicks"], "Campaign state": "paused", "Avg. position": 2.0, "Interactions": 1, "View rate": 0.0, "Campaign serving status": "eligible", "Engagements": 0, "Avg. Cost": 0.14, "Conversions": 0.0, "Avg. CPV": 0.0, "Invalid clicks": 0, "Unique cookies": "", "Campaign ID": 764306775, "Views": 0, "Interaction Rate": 50.0, "Advertising Sub Channel": "", "Account ID": "1124503774", "Video played to 100%": 0.0, "CTR": 50.0, "Start date": "2017-02-27", "Avg. CPC": 0.14, "Video played to 75%": 0.0, "Impressions": 2, "Avg. CPM": 70.0}, {"Bid Strategy Type": "cpc", "Account Name": "[paused] G1 - WPL - tvc360-3", "End date": "", "Advertising Channel": "Search", "Mapping": false, "Campaign": "Gen-term_2_FH-G-3Q_game tam quoc-ex", "Date": "2017-05-04", "Avg. CPE": 0.0, "Video played to 50%": 0.0, "Clicks": 5, "Cost": 0.68, "Video played to 25%": 0.0, "Interaction Types": ["Clicks"], "Campaign state": "paused", "Avg. position": 1.7, "Interactions": 5, "View rate": 0.0, "Campaign serving status": "eligible", "Engagements": 0, "Avg. Cost": 0.136, "Conversions": 3.0, "Avg. CPV": 0.0, "Invalid clicks": 0, "Unique cookies": "", "Campaign ID": 764307018, "Views": 0, "Interaction Rate": 22.73, "Advertising Sub Channel": "", "Account ID": "1124503774", "Video played to 100%": 0.0, "CTR": 22.73, "Start date": "2017-02-27", "Avg. CPC": 0.136, "Video played to 75%": 0.0, "Impressions": 22, "Avg. CPM": 30.909091}, {"Bid Strategy Type": "cpc", "Account Name": "[paused] G1 - WPL - tvc360-3", "End date": "", "Advertising Channel": "Search", "Mapping": false, "Campaign": "Gen-term_2_FH-G-GVL_game vo lam-ex", "Date": "2017-05-04", "Avg. CPE": 0.0, "Video played to 50%": 0.0, "Clicks": 5, "Cost": 0.46, "Video played to 25%": 0.0, "Interaction Types": ["Clicks"], "Campaign state": "paused", "Avg. position": 1.8, "Interactions": 5, "View rate": 0.0, "Campaign serving status": "eligible", "Engagements": 0, "Avg. Cost": 0.092, "Conversions": 2.0, "Avg. CPV": 0.0, "Invalid clicks": 0, "Unique cookies": "", "Campaign ID": 764307039, "Views": 0, "Interaction Rate": 16.67, "Advertising Sub Channel": "", "Account ID": "1124503774", "Video played to 100%": 0.0, "CTR": 16.67, "Start date": "2017-02-27", "Avg. CPC": 0.092, "Video played to 75%": 0.0, "Impressions": 30, "Avg. CPM": 15.333333}, {"Bid Strategy Type": "cpc", "Account Name": "[paused] G1 - WPL - tvc360-3", "End date": "", "Advertising Channel": "Search", "Mapping": false, "Campaign": "Gen-term_2_MT-G-CT_game chi\u1ebfn thu\u1eadt tam qu\u1ed1c-ex", "Date": "2017-05-04", "Avg. CPE": 0.0, "Video played to 50%": 0.0, "Clicks": 1, "Cost": 0.11, "Video played to 25%": 0.0, "Interaction Types": ["Clicks"], "Campaign state": "paused", "Avg. position": 2.7, "Interactions": 1, "View rate": 0.0, "Campaign serving status": "eligible", "Engagements": 0, "Avg. Cost": 0.11, "Conversions": 0.0, "Avg. CPV": 0.0, "Invalid clicks": 0, "Unique cookies": "", "Campaign ID": 764307342, "Views": 0, "Interaction Rate": 33.33, "Advertising Sub Channel": "", "Account ID": "1124503774", "Video played to 100%": 0.0, "CTR": 33.33, "Start date": "2017-02-27", "Avg. CPC": 0.11, "Video played to 75%": 0.0, "Impressions": 3, "Avg. CPM": 36.666667}, {"Bid Strategy Type": "cpc", "Account Name": "[paused] G1 - WPL - tvc360-3", "End date": "", "Advertising Channel": "Search", "Mapping": false, "Campaign": "Gen-term_2_MT-G-GO_game online m\u1edbi-ex", "Date": "2017-05-04", "Avg. CPE": 0.0, "Video played to 50%": 0.0, "Clicks": 2, "Cost": 0.2, "Video played to 25%": 0.0, "Interaction Types": ["Clicks"], "Campaign state": "paused", "Avg. position": 3.2, "Interactions": 2, "View rate": 0.0, "Campaign serving status": "eligible", "Engagements": 0, "Avg. Cost": 0.1, "Conversions": 0.0, "Avg. CPV": 0.0, "Invalid clicks": 0, "Unique cookies": "", "Campaign ID": 764309007, "Views": 0, "Interaction Rate": 6.67, "Advertising Sub Channel": "", "Account ID": "1124503774", "Video played to 100%": 0.0, "CTR": 6.67, "Start date": "2017-02-27", "Avg. CPC": 0.1, "Video played to 75%": 0.0, "Impressions": 30, "Avg. CPM": 6.666667}, {"Bid Strategy Type": "cpc", "Account Name": "[paused] G1 - WPL - tvc360-3", "End date": "", "Advertising Channel": "Search", "Mapping": false, "Campaign": "Gen-term_2_FH-GTT-BMM-MOR", "Date": "2017-05-04", "Avg. CPE": 0.0, "Video played to 50%": 0.0, "Clicks": 1, "Cost": 0.19, "Video played to 25%": 0.0, "Interaction Types": ["Clicks"], "Campaign state": "paused", "Avg. position": 2.2, "Interactions": 1, "View rate": 0.0, "Campaign serving status": "eligible", "Engagements": 0, "Avg. Cost": 0.19, "Conversions": 0.0, "Avg. CPV": 0.0, "Invalid clicks": 0, "Unique cookies": "", "Campaign ID": 764277254, "Views": 0, "Interaction Rate": 20.0, "Advertising Sub Channel": "", "Account ID": "1124503774", "Video played to 100%": 0.0, "CTR": 20.0, "Start date": "2017-02-27", "Avg. CPC": 0.19, "Video played to 75%": 0.0, "Impressions": 5, "Avg. CPM": 38.0}, {"Bid Strategy Type": "cpc", "Account Name": "[paused] G1 - WPL - tvc360-3", "End date": "", "Advertising Channel": "Search", "Mapping": false, "Campaign": "Gen-term_2_FH-G-KH_game kiem hiep-ex", "Date": "2017-05-04", "Avg. CPE": 0.0, "Video played to 50%": 0.0, "Clicks": 2, "Cost": 0.19, "Video played to 25%": 0.0, "Interaction Types": ["Clicks"], "Campaign state": "paused", "Avg. position": 2.0, "Interactions": 2, "View rate": 0.0, "Campaign serving status": "eligible", "Engagements": 0, "Avg. Cost": 0.095, "Conversions": 0.0, "Avg. CPV": 0.0, "Invalid clicks": 0, "Unique cookies": "", "Campaign ID": 764307027, "Views": 0, "Interaction Rate": 66.67, "Advertising Sub Channel": "", "Account ID": "1124503774", "Video played to 100%": 0.0, "CTR": 66.67, "Start date": "2017-02-27", "Avg. CPC": 0.095, "Video played to 75%": 0.0, "Impressions": 3, "Avg. CPM": 63.333333}, {"Bid Strategy Type": "cpc", "Account Name": "[paused] G1 - WPL - tvc360-3", "End date": "", "Advertising Channel": "Search", "Mapping": false, "Campaign": "Gen-term_2_MT-G-NV_game nh\u1eadp vai hay-ex", "Date": "2017-05-04", "Avg. CPE": 0.0, "Video played to 50%": 0.0, "Clicks": 1, "Cost": 0.12, "Video played to 25%": 0.0, "Interaction Types": ["Clicks"], "Campaign state": "paused", "Avg. position": 1.8, "Interactions": 1, "View rate": 0.0, "Campaign serving status": "eligible", "Engagements": 0, "Avg. Cost": 0.12, "Conversions": 0.0, "Avg. CPV": 0.0, "Invalid clicks": 0, "Unique cookies": "", "Campaign ID": 764307249, "Views": 0, "Interaction Rate": 9.09, "Advertising Sub Channel": "", "Account ID": "1124503774", "Video played to 100%": 0.0, "CTR": 9.09, "Start date": "2017-02-27", "Avg. CPC": 0.12, "Video played to 75%": 0.0, "Impressions": 11, "Avg. CPM": 10.909091}, {"Bid Strategy Type": "cpc", "Account Name": "[paused] G1 - WPL - tvc360-3", "End date": "", "Advertising Channel": "Search", "Mapping": false, "Campaign": "Gen-term_2_MT-G-NV_game nhap vai pc-ex", "Date": "2017-05-04", "Avg. CPE": 0.0, "Video played to 50%": 0.0, "Clicks": 6, "Cost": 0.93, "Video played to 25%": 0.0, "Interaction Types": ["Clicks"], "Campaign state": "paused", "Avg. position": 1.5, "Interactions": 6, "View rate": 0.0, "Campaign serving status": "eligible", "Engagements": 0, "Avg. Cost": 0.155, "Conversions": 3.0, "Avg. CPV": 0.0, "Invalid clicks": 0, "Unique cookies": "", "Campaign ID": 764307291, "Views": 0, "Interaction Rate": 15.38, "Advertising Sub Channel": "", "Account ID": "1124503774", "Video played to 100%": 0.0, "CTR": 15.38, "Start date": "2017-02-27", "Avg. CPC": 0.155, "Video played to 75%": 0.0, "Impressions": 39, "Avg. CPM": 23.846154}, {"Bid Strategy Type": "cpc", "Account Name": "[paused] G1 - WPL - tvc360-3", "End date": "", "Advertising Channel": "Search", "Mapping": false, "Campaign": "Gen-term_2_MT-G-GO_game online nhap vai-ex", "Date": "2017-05-04", "Avg. CPE": 0.0, "Video played to 50%": 0.0, "Clicks": 2, "Cost": 0.23, "Video played to 25%": 0.0, "Interaction Types": ["Clicks"], "Campaign state": "paused", "Avg. position": 2.5, "Interactions": 2, "View rate": 0.0, "Campaign serving status": "eligible", "Engagements": 0, "Avg. Cost": 0.115, "Conversions": 1.0, "Avg. CPV": 0.0, "Invalid clicks": 0, "Unique cookies": "", "Campaign ID": 764308974, "Views": 0, "Interaction Rate": 50.0, "Advertising Sub Channel": "", "Account ID": "1124503774", "Video played to 100%": 0.0, "CTR": 50.0, "Start date": "2017-02-27", "Avg. CPC": 0.115, "Video played to 75%": 0.0, "Impressions": 4, "Avg. CPM": 57.5}, {"Bid Strategy Type": "cpc", "Account Name": "[paused] G1 - WPL - tvc360-3", "End date": "", "Advertising Channel": "Search", "Mapping": false, "Campaign": "Gen-term_2_LT-GO-Exact-MOR", "Date": "2017-05-04", "Avg. CPE": 0.0, "Video played to 50%": 0.0, "Clicks": 1, "Cost": 0.16, "Video played to 25%": 0.0, "Interaction Types": ["Clicks"], "Campaign state": "paused", "Avg. position": 2.0, "Interactions": 1, "View rate": 0.0, "Campaign serving status": "eligible", "Engagements": 0, "Avg. Cost": 0.16, "Conversions": 1.0, "Avg. CPV": 0.0, "Invalid clicks": 0, "Unique cookies": "", "Campaign ID": 764277107, "Views": 0, "Interaction Rate": 100.0, "Advertising Sub Channel": "", "Account ID": "1124503774", "Video played to 100%": 0.0, "CTR": 100.0, "Start date": "2017-02-27", "Avg. CPC": 0.16, "Video played to 75%": 0.0, "Impressions": 1, "Avg. CPM": 160.0}, {"Bid Strategy Type": "cpc", "Account Name": "[paused] G1 - WPL - tvc360-3", "End date": "", "Advertising Channel": "Search", "Mapping": false, "Campaign": "Gen-term_2_FH-GPC-BM-MOR", "Date": "2017-05-04", "Avg. CPE": 0.0, "Video played to 50%": 0.0, "Clicks": 21, "Cost": 3.62, "Video played to 25%": 0.0, "Interaction Types": ["Clicks"], "Campaign state": "paused", "Avg. position": 1.9, "Interactions": 21, "View rate": 0.0, "Campaign serving status": "eligible", "Engagements": 0, "Avg. Cost": 0.172381, "Conversions": 7.0, "Avg. CPV": 0.0, "Invalid clicks": 0, "Unique cookies": "", "Campaign ID": 764277290, "Views": 0, "Interaction Rate": 13.64, "Advertising Sub Channel": "", "Account ID": "1124503774", "Video played to 100%": 0.0, "CTR": 13.64, "Start date": "2017-02-27", "Avg. CPC": 0.172381, "Video played to 75%": 0.0, "Impressions": 154, "Avg. CPM": 23.506494}, {"Bid Strategy Type": "cpc", "Account Name": "[paused] G1 - WPL - tvc360-3", "End date": "", "Advertising Channel": "Search", "Mapping": false, "Campaign": "Gen-term_2_FH-W-3D_webgame 3d-ex", "Date": "2017-05-04", "Avg. CPE": 0.0, "Video played to 50%": 0.0, "Clicks": 1, "Cost": 0.1, "Video played to 25%": 0.0, "Interaction Types": ["Clicks"], "Campaign state": "paused", "Avg. position": 2.8, "Interactions": 1, "View rate": 0.0, "Campaign serving status": "eligible", "Engagements": 0, "Avg. Cost": 0.1, "Conversions": 1.0, "Avg. CPV": 0.0, "Invalid clicks": 0, "Unique cookies": "", "Campaign ID": 764303718, "Views": 0, "Interaction Rate": 25.0, "Advertising Sub Channel": "", "Account ID": "1124503774", "Video played to 100%": 0.0, "CTR": 25.0, "Start date": "2017-02-27", "Avg. CPC": 0.1, "Video played to 75%": 0.0, "Impressions": 4, "Avg. CPM": 25.0}, {"Bid Strategy Type": "cpc", "Account Name": "[paused] G1 - WPL - tvc360-3", "End date": "", "Advertising Channel": "Search", "Mapping": false, "Campaign": "Gen-term_2_FH-W-NEW_webgame m\u1edbi-ex", "Date": "2017-05-04", "Avg. CPE": 0.0, "Video played to 50%": 0.0, "Clicks": 1, "Cost": 0.08, "Video played to 25%": 0.0, "Interaction Types": ["Clicks"], "Campaign state": "paused", "Avg. position": 3.7, "Interactions": 1, "View rate": 0.0, "Campaign serving status": "eligible", "Engagements": 0, "Avg. Cost": 0.08, "Conversions": 0.0, "Avg. CPV": 0.0, "Invalid clicks": 0, "Unique cookies": "", "Campaign ID": 764303727, "Views": 0, "Interaction Rate": 6.25, "Advertising Sub Channel": "", "Account ID": "1124503774", "Video played to 100%": 0.0, "CTR": 6.25, "Start date": "2017-02-27", "Avg. CPC": 0.08, "Video played to 75%": 0.0, "Impressions": 16, "Avg. CPM": 5.0}, {"Bid Strategy Type": "cpc", "Account Name": "[paused] G1 - WPL - tvc360-3", "End date": "", "Advertising Channel": "Search", "Mapping": false, "Campaign": "Gen-term_2_FH-W-HAY_webgame hay-ex", "Date": "2017-05-04", "Avg. CPE": 0.0, "Video played to 50%": 0.0, "Clicks": 4, "Cost": 0.35, "Video played to 25%": 0.0, "Interaction Types": ["Clicks"], "Campaign state": "paused", "Avg. position": 3.3, "Interactions": 4, "View rate": 0.0, "Campaign serving status": "eligible", "Engagements": 0, "Avg. Cost": 0.0875, "Conversions": 0.0, "Avg. CPV": 0.0, "Invalid clicks": 0, "Unique cookies": "", "Campaign ID": 764303736, "Views": 0, "Interaction Rate": 33.33, "Advertising Sub Channel": "", "Account ID": "1124503774", "Video played to 100%": 0.0, "CTR": 33.33, "Start date": "2017-02-27", "Avg. CPC": 0.0875, "Video played to 75%": 0.0, "Impressions": 12, "Avg. CPM": 29.166667}, {"Bid Strategy Type": "cpc", "Account Name": "[paused] G1 - WPL - tvc360-3", "End date": "", "Advertising Channel": "Search", "Mapping": false, "Campaign": "Gen-term_2_FH-G-HAY_game hay-bmm", "Date": "2017-05-04", "Avg. CPE": 0.0, "Video played to 50%": 0.0, "Clicks": 4, "Cost": 0.34, "Video played to 25%": 0.0, "Interaction Types": ["Clicks"], "Campaign state": "paused", "Avg. position": 3.3, "Interactions": 4, "View rate": 0.0, "Campaign serving status": "eligible", "Engagements": 0, "Avg. Cost": 0.085, "Conversions": 0.0, "Avg. CPV": 0.0, "Invalid clicks": 0, "Unique cookies": "", "Campaign ID": 764301549, "Views": 0, "Interaction Rate": 2.86, "Advertising Sub Channel": "", "Account ID": "1124503774", "Video played to 100%": 0.0, "CTR": 2.86, "Start date": "2017-02-27", "Avg. CPC": 0.085, "Video played to 75%": 0.0, "Impressions": 140, "Avg. CPM": 2.428571}, {"Bid Strategy Type": "cpc", "Account Name": "[paused] G1 - WPL - tvc360-3", "End date": "", "Advertising Channel": "Search", "Mapping": false, "Campaign": "Gen-term_2_FH-G-HAY_game hay nhat-bmm", "Date": "2017-05-04", "Avg. CPE": 0.0, "Video played to 50%": 0.0, "Clicks": 3, "Cost": 0.2, "Video played to 25%": 0.0, "Interaction Types": ["Clicks"], "Campaign state": "paused", "Avg. position": 3.1, "Interactions": 3, "View rate": 0.0, "Campaign serving status": "eligible", "Engagements": 0, "Avg. Cost": 0.066667, "Conversions": 0.0, "Avg. CPV": 0.0, "Invalid clicks": 0, "Unique cookies": "", "Campaign ID": 764301555, "Views": 0, "Interaction Rate": 2.31, "Advertising Sub Channel": "", "Account ID": "1124503774", "Video played to 100%": 0.0, "CTR": 2.31, "Start date": "2017-02-27", "Avg. CPC": 0.066667, "Video played to 75%": 0.0, "Impressions": 130, "Avg. CPM": 1.538462}, {"Bid Strategy Type": "cpc", "Account Name": "[paused] G1 - WPL - tvc360-3", "End date": "", "Advertising Channel": "Search", "Mapping": false, "Campaign": "Gen-term_2_FH-G-3Q_game tam quoc-phr", "Date": "2017-05-04", "Avg. CPE": 0.0, "Video played to 50%": 0.0, "Clicks": 4, "Cost": 0.73, "Video played to 25%": 0.0, "Interaction Types": ["Clicks"], "Campaign state": "paused", "Avg. position": 2.0, "Interactions": 4, "View rate": 0.0, "Campaign serving status": "eligible", "Engagements": 0, "Avg. Cost": 0.1825, "Conversions": 2.0, "Avg. CPV": 0.0, "Invalid clicks": 0, "Unique cookies": "", "Campaign ID": 764305800, "Views": 0, "Interaction Rate": 17.39, "Advertising Sub Channel": "", "Account ID": "1124503774", "Video played to 100%": 0.0, "CTR": 17.39, "Start date": "2017-02-27", "Avg. CPC": 0.1825, "Video played to 75%": 0.0, "Impressions": 23, "Avg. CPM": 31.73913}, {"Bid Strategy Type": "cpc", "Account Name": "[paused] G1 - WPL - tvc360-3", "End date": "", "Advertising Channel": "Search", "Mapping": false, "Campaign": "Gen-term_2_FH-G-GVL_game v\u00f5 l\u00e2m-phr", "Date": "2017-05-04", "Avg. CPE": 0.0, "Video played to 50%": 0.0, "Clicks": 2, "Cost": 0.2, "Video played to 25%": 0.0, "Interaction Types": ["Clicks"], "Campaign state": "paused", "Avg. position": 2.0, "Interactions": 2, "View rate": 0.0, "Campaign serving status": "eligible", "Engagements": 0, "Avg. Cost": 0.1, "Conversions": 1.0, "Avg. CPV": 0.0, "Invalid clicks": 0, "Unique cookies": "", "Campaign ID": 764305818, "Views": 0, "Interaction Rate": 25.0, "Advertising Sub Channel": "", "Account ID": "1124503774", "Video played to 100%": 0.0, "CTR": 25.0, "Start date": "2017-02-27", "Avg. CPC": 0.1, "Video played to 75%": 0.0, "Impressions": 8, "Avg. CPM": 25.0}, {"Bid Strategy Type": "cpc", "Account Name": "[paused] G1 - WPL - tvc360-3", "End date": "", "Advertising Channel": "Search", "Mapping": false, "Campaign": "Gen-term_2_FH-GPC-BMM-MOR", "Date": "2017-05-04", "Avg. CPE": 0.0, "Video played to 50%": 0.0, "Clicks": 3, "Cost": 0.55, "Video played to 25%": 0.0, "Interaction Types": ["Clicks"], "Campaign state": "paused", "Avg. position": 1.6, "Interactions": 3, "View rate": 0.0, "Campaign serving status": "eligible", "Engagements": 0, "Avg. Cost": 0.183333, "Conversions": 0.0, "Avg. CPV": 0.0, "Invalid clicks": 0, "Unique cookies": "", "Campaign ID": 764306841, "Views": 0, "Interaction Rate": 13.04, "Advertising Sub Channel": "", "Account ID": "1124503774", "Video played to 100%": 0.0, "CTR": 13.04, "Start date": "2017-02-27", "Avg. CPC": 0.183333, "Video played to 75%": 0.0, "Impressions": 23, "Avg. CPM": 23.913043}, {"Bid Strategy Type": "cpc", "Account Name": "[paused] G1 - WPL - tvc360-3", "End date": "", "Advertising Channel": "Search", "Mapping": false, "Campaign": "Gen-term_2_FH-G-NV_game nh\u1eadp vai-ex", "Date": "2017-05-04", "Avg. CPE": 0.0, "Video played to 50%": 0.0, "Clicks": 10, "Cost": 1.24, "Video played to 25%": 0.0, "Interaction Types": ["Clicks"], "Campaign state": "paused", "Avg. position": 1.6, "Interactions": 10, "View rate": 0.0, "Campaign serving status": "eligible", "Engagements": 0, "Avg. Cost": 0.124, "Conversions": 6.0, "Avg. CPV": 0.0, "Invalid clicks": 2, "Unique cookies": "", "Campaign ID": 764306871, "Views": 0, "Interaction Rate": 22.22, "Advertising Sub Channel": "", "Account ID": "1124503774", "Video played to 100%": 0.0, "CTR": 22.22, "Start date": "2017-02-27", "Avg. CPC": 0.124, "Video played to 75%": 0.0, "Impressions": 45, "Avg. CPM": 27.555556}, {"Bid Strategy Type": "cpc", "Account Name": "[paused] G1 - WPL - tvc360-3", "End date": "", "Advertising Channel": "Search", "Mapping": false, "Campaign": "Gen-term_2_FH-G-NV_game nhap vai-ex", "Date": "2017-05-04", "Avg. CPE": 0.0, "Video played to 50%": 0.0, "Clicks": 5, "Cost": 0.44, "Video played to 25%": 0.0, "Interaction Types": ["Clicks"], "Campaign state": "paused", "Avg. position": 2.3, "Interactions": 5, "View rate": 0.0, "Campaign serving status": "eligible", "Engagements": 0, "Avg. Cost": 0.088, "Conversions": 2.0, "Avg. CPV": 0.0, "Invalid clicks": 0, "Unique cookies": "", "Campaign ID": 764306874, "Views": 0, "Interaction Rate": 20.83, "Advertising Sub Channel": "", "Account ID": "1124503774", "Video played to 100%": 0.0, "CTR": 20.83, "Start date": "2017-02-27", "Avg. CPC": 0.088, "Video played to 75%": 0.0, "Impressions": 24, "Avg. CPM": 18.333333}, {"Bid Strategy Type": "cpc", "Account Name": "[paused] G1 - WPL - tvc360-3", "End date": "", "Advertising Channel": "Search", "Mapping": false, "Campaign": "Gen-term_2_FH-G-MT_game may tinh-ex", "Date": "2017-05-04", "Avg. CPE": 0.0, "Video played to 50%": 0.0, "Clicks": 2, "Cost": 0.4, "Video played to 25%": 0.0, "Interaction Types": ["Clicks"], "Campaign state": "paused", "Avg. position": 1.0, "Interactions": 2, "View rate": 0.0, "Campaign serving status": "eligible", "Engagements": 0, "Avg. Cost": 0.2, "Conversions": 0.0, "Avg. CPV": 0.0, "Invalid clicks": 0, "Unique cookies": "", "Campaign ID": 764307060, "Views": 0, "Interaction Rate": 200.0, "Advertising Sub Channel": "", "Account ID": "1124503774", "Video played to 100%": 0.0, "CTR": 200.0, "Start date": "2017-02-27", "Avg. CPC": 0.2, "Video played to 75%": 0.0, "Impressions": 1, "Avg. CPM": 400.0}, {"Bid Strategy Type": "cpc", "Account Name": "[paused] G1 - WPL - tvc360-3", "End date": "", "Advertising Channel": "Search", "Mapping": false, "Campaign": "Gen-term_2_FH-G-KH_game ki\u1ebfm hi\u1ec7p-phr", "Date": "2017-05-04", "Avg. CPE": 0.0, "Video played to 50%": 0.0, "Clicks": 14, "Cost": 2.06, "Video played to 25%": 0.0, "Interaction Types": ["Clicks"], "Campaign state": "paused", "Avg. position": 1.8, "Interactions": 14, "View rate": 0.0, "Campaign serving status": "eligible", "Engagements": 0, "Avg. Cost": 0.147143, "Conversions": 6.0, "Avg. CPV": 0.0, "Invalid clicks": 0, "Unique cookies": "", "Campaign ID": 764305806, "Views": 0, "Interaction Rate": 22.95, "Advertising Sub Channel": "", "Account ID": "1124503774", "Video played to 100%": 0.0, "CTR": 22.95, "Start date": "2017-02-27", "Avg. CPC": 0.147143, "Video played to 75%": 0.0, "Impressions": 61, "Avg. CPM": 33.770492}, {"Bid Strategy Type": "cpc", "Account Name": "[paused] G1 - WPL - tvc360-3", "End date": "", "Advertising Channel": "Search", "Mapping": false, "Campaign": "Gen-term_2_FH-G-CT_game chien thuat-ex", "Date": "2017-05-04", "Avg. CPE": 0.0, "Video played to 50%": 0.0, "Clicks": 4, "Cost": 0.36, "Video played to 25%": 0.0, "Interaction Types": ["Clicks"], "Campaign state": "paused", "Avg. position": 1.6, "Interactions": 4, "View rate": 0.0, "Campaign serving status": "eligible", "Engagements": 0, "Avg. Cost": 0.09, "Conversions": 1.0, "Avg. CPV": 0.0, "Invalid clicks": 0, "Unique cookies": "", "Campaign ID": 764307000, "Views": 0, "Interaction Rate": 17.39, "Advertising Sub Channel": "", "Account ID": "1124503774", "Video played to 100%": 0.0, "CTR": 17.39, "Start date": "2017-02-27", "Avg. CPC": 0.09, "Video played to 75%": 0.0, "Impressions": 23, "Avg. CPM": 15.652174}, {"Bid Strategy Type": "cpc", "Account Name": "[paused] G1 - WPL - tvc360-3", "End date": "", "Advertising Channel": "Search", "Mapping": false, "Campaign": "Gen-term_2_FH-G-3Q_game 3q-ex", "Date": "2017-05-04", "Avg. CPE": 0.0, "Video played to 50%": 0.0, "Clicks": 6, "Cost": 0.59, "Video played to 25%": 0.0, "Interaction Types": ["Clicks"], "Campaign state": "paused", "Avg. position": 1.0, "Interactions": 6, "View rate": 0.0, "Campaign serving status": "eligible", "Engagements": 0, "Avg. Cost": 0.098333, "Conversions": 2.0, "Avg. CPV": 0.0, "Invalid clicks": 1, "Unique cookies": "", "Campaign ID": 764307021, "Views": 0, "Interaction Rate": 46.15, "Advertising Sub Channel": "", "Account ID": "1124503774", "Video played to 100%": 0.0, "CTR": 46.15, "Start date": "2017-02-27", "Avg. CPC": 0.098333, "Video played to 75%": 0.0, "Impressions": 13, "Avg. CPM": 45.384615}, {"Bid Strategy Type": "cpc", "Account Name": "[paused] G1 - WPL - tvc360-3", "End date": "", "Advertising Channel": "Search", "Mapping": false, "Campaign": "Gen-term_2_MT-G-GO_game online moi nhat-ex", "Date": "2017-05-04", "Avg. CPE": 0.0, "Video played to 50%": 0.0, "Clicks": 1, "Cost": 0.18, "Video played to 25%": 0.0, "Interaction Types": ["Clicks"], "Campaign state": "paused", "Avg. position": 1.9, "Interactions": 1, "View rate": 0.0, "Campaign serving status": "eligible", "Engagements": 0, "Avg. Cost": 0.18, "Conversions": 1.0, "Avg. CPV": 0.0, "Invalid clicks": 0, "Unique cookies": "", "Campaign ID": 764309013, "Views": 0, "Interaction Rate": 11.11, "Advertising Sub Channel": "", "Account ID": "1124503774", "Video played to 100%": 0.0, "CTR": 11.11, "Start date": "2017-02-27", "Avg. CPC": 0.18, "Video played to 75%": 0.0, "Impressions": 9, "Avg. CPM": 20.0}, {"Bid Strategy Type": "cpc", "Account Name": "[paused] G1 - WPL - tvc360-3", "End date": "", "Advertising Channel": "Search", "Mapping": false, "Campaign": "Gen-term_2_FH-W-W_webgame-bmm", "Date": "2017-05-04", "Avg. CPE": 0.0, "Video played to 50%": 0.0, "Clicks": 4, "Cost": 0.31, "Video played to 25%": 0.0, "Interaction Types": ["Clicks"], "Campaign state": "paused", "Avg. position": 3.7, "Interactions": 4, "View rate": 0.0, "Campaign serving status": "eligible", "Engagements": 0, "Avg. Cost": 0.0775, "Conversions": 0.0, "Avg. CPV": 0.0, "Invalid clicks": 0, "Unique cookies": "", "Campaign ID": 764301582, "Views": 0, "Interaction Rate": 1.72, "Advertising Sub Channel": "", "Account ID": "1124503774", "Video played to 100%": 0.0, "CTR": 1.72, "Start date": "2017-02-27", "Avg. CPC": 0.0775, "Video played to 75%": 0.0, "Impressions": 233, "Avg. CPM": 1.330472}, {"Bid Strategy Type": "cpc", "Account Name": "[paused] G1 - WPL - tvc360-3", "End date": "", "Advertising Channel": "Search", "Mapping": false, "Campaign": "Gen-term_2_FH-G-NV_game nh\u1eadp vai-phr", "Date": "2017-05-04", "Avg. CPE": 0.0, "Video played to 50%": 0.0, "Clicks": 3, "Cost": 0.28, "Video played to 25%": 0.0, "Interaction Types": ["Clicks"], "Campaign state": "paused", "Avg. position": 2.4, "Interactions": 3, "View rate": 0.0, "Campaign serving status": "eligible", "Engagements": 0, "Avg. Cost": 0.093333, "Conversions": 2.0, "Avg. CPV": 0.0, "Invalid clicks": 0, "Unique cookies": "", "Campaign ID": 764305653, "Views": 0, "Interaction Rate": 8.82, "Advertising Sub Channel": "", "Account ID": "1124503774", "Video played to 100%": 0.0, "CTR": 8.82, "Start date": "2017-02-27", "Avg. CPC": 0.093333, "Video played to 75%": 0.0, "Impressions": 34, "Avg. CPM": 8.235294}, {"Bid Strategy Type": "cpc", "Account Name": "[paused] G1 - WPL - tvc360-3", "End date": "", "Advertising Channel": "Search", "Mapping": false, "Campaign": "Gen-term_2_FH-G-3Q_game tam qu\u1ed1c-ex", "Date": "2017-05-04", "Avg. CPE": 0.0, "Video played to 50%": 0.0, "Clicks": 1, "Cost": 0.13, "Video played to 25%": 0.0, "Interaction Types": ["Clicks"], "Campaign state": "paused", "Avg. position": 2.2, "Interactions": 1, "View rate": 0.0, "Campaign serving status": "eligible", "Engagements": 0, "Avg. Cost": 0.13, "Conversions": 0.0, "Avg. CPV": 0.0, "Invalid clicks": 0, "Unique cookies": "", "Campaign ID": 764307015, "Views": 0, "Interaction Rate": 20.0, "Advertising Sub Channel": "", "Account ID": "1124503774", "Video played to 100%": 0.0, "CTR": 20.0, "Start date": "2017-02-27", "Avg. CPC": 0.13, "Video played to 75%": 0.0, "Impressions": 5, "Avg. CPM": 26.0}, {"Bid Strategy Type": "", "Account Name": "[paused] G1 - WPL - tvc360-3", "End date": "", "Advertising Channel": "", "Mapping": false, "Campaign": "", "Date": "2017-05-04", "Avg. CPE": 0.0, "Video played to 50%": 0.0, "Clicks": 830, "Cost": 75.52, "Video played to 25%": 0.0, "Interaction Types": "", "Campaign state": "Total", "Avg. position": 2.4, "Interactions": 830, "View rate": 0.0, "Campaign serving status": "", "Engagements": 0, "Avg. Cost": 0.090988, "Conversions": 118.0, "Avg. CPV": 0.0, "Invalid clicks": 48, "Unique cookies": "", "Campaign ID": "", "Views": 0, "Interaction Rate": 8.16, "Advertising Sub Channel": "", "Account ID": "1124503774", "Video played to 100%": 0.0, "CTR": 8.16, "Start date": "", "Avg. CPC": 0.090988, "Video played to 75%": 0.0, "Impressions": 10176, "Avg. CPM": 7.421384}]