[{"Bid Strategy Type": "cpc", "Account Name": "[W] G1 - WPL - hkh360", "End date": "", "Advertising Channel": "Search", "Mapping": false, "Campaign": "Brand-term_Hi\u1ec7p Kh\u00e1ch H\u00e0nh-MOR", "Date": "2017-05-03", "Avg. CPE": 0.0, "Video played to 50%": 0.0, "Clicks": 565, "Cost": 33.29, "Video played to 25%": 0.0, "Interaction Types": ["Clicks"], "Campaign state": "enabled", "Avg. position": 1.0, "Interactions": 565, "View rate": 0.0, "Campaign serving status": "eligible", "Engagements": 0, "Avg. Cost": 0.05892, "Conversions": 17.0, "Avg. CPV": 0.0, "Invalid clicks": 41, "Unique cookies": "", "Campaign ID": 690772046, "Views": 0, "Interaction Rate": 42.29, "Advertising Sub Channel": "", "Account ID": "7539462658", "Video played to 100%": 0.0, "CTR": 42.29, "Start date": "2016-11-01", "Avg. CPC": 0.05892, "Video played to 75%": 0.0, "Impressions": 1336, "Avg. CPM": 24.917665}, {"Bid Strategy Type": "cpc", "Account Name": "[W] G1 - WPL - hkh360", "End date": "", "Advertising Channel": "Search", "Mapping": false, "Campaign": "Brand-term_Hi\u1ec7p Kh\u00e1ch H\u00e0nh-ip", "Date": "2017-05-03", "Avg. CPE": 0.0, "Video played to 50%": 0.0, "Clicks": 53, "Cost": 2.25, "Video played to 25%": 0.0, "Interaction Types": ["Clicks"], "Campaign state": "paused", "Avg. position": 1.2, "Interactions": 53, "View rate": 0.0, "Campaign serving status": "eligible", "Engagements": 0, "Avg. Cost": 0.042453, "Conversions": 11.0, "Avg. CPV": 0.0, "Invalid clicks": 3, "Unique cookies": "", "Campaign ID": 690772052, "Views": 0, "Interaction Rate": 26.11, "Advertising Sub Channel": "", "Account ID": "7539462658", "Video played to 100%": 0.0, "CTR": 26.11, "Start date": "2016-11-01", "Avg. CPC": 0.042453, "Video played to 75%": 0.0, "Impressions": 203, "Avg. CPM": 11.083744}, {"Bid Strategy Type": "cpc", "Account Name": "[W] G1 - WPL - hkh360", "End date": "", "Advertising Channel": "Search", "Mapping": false, "Campaign": "Brand-term_hkh-MOR", "Date": "2017-05-03", "Avg. CPE": 0.0, "Video played to 50%": 0.0, "Clicks": 150, "Cost": 2.01, "Video played to 25%": 0.0, "Interaction Types": ["Clicks"], "Campaign state": "enabled", "Avg. position": 1.0, "Interactions": 150, "View rate": 0.0, "Campaign serving status": "eligible", "Engagements": 0, "Avg. Cost": 0.0134, "Conversions": 2.0, "Avg. CPV": 0.0, "Invalid clicks": 10, "Unique cookies": "", "Campaign ID": 690772049, "Views": 0, "Interaction Rate": 60.0, "Advertising Sub Channel": "", "Account ID": "7539462658", "Video played to 100%": 0.0, "CTR": 60.0, "Start date": "2016-11-01", "Avg. CPC": 0.0134, "Video played to 75%": 0.0, "Impressions": 250, "Avg. CPM": 8.04}, {"Bid Strategy Type": "", "Account Name": "[W] G1 - WPL - hkh360", "End date": "", "Advertising Channel": "", "Mapping": false, "Campaign": "", "Date": "2017-05-03", "Avg. CPE": 0.0, "Video played to 50%": 0.0, "Clicks": 768, "Cost": 37.55, "Video played to 25%": 0.0, "Interaction Types": "", "Campaign state": "Total", "Avg. position": 1.0, "Interactions": 768, "View rate": 0.0, "Campaign serving status": "", "Engagements": 0, "Avg. Cost": 0.048893, "Conversions": 30.0, "Avg. CPV": 0.0, "Invalid clicks": 54, "Unique cookies": "", "Campaign ID": "", "Views": 0, "Interaction Rate": 42.93, "Advertising Sub Channel": "", "Account ID": "7539462658", "Video played to 100%": 0.0, "CTR": 42.93, "Start date": "", "Avg. CPC": 0.048893, "Video played to 75%": 0.0, "Impressions": 1789, "Avg. CPM": 20.98938}]