[{"Start date": "2017-07-13", "Advertising Sub Channel": "Search Mobile App", "Impressions": 8, "Avg. position": 1.0, "Campaign serving status": "eligible", "Advertising Channel": "Search", "Invalid clicks": 0, "Interactions": 1, "Video played to 50%": 0.0, "Interaction Types": ["Clicks"], "Conversions": 0.0, "Views": 0, "Engagements": 0, "Avg. CPE": 0.0, "Account Name": "VNG-PG3-TNUH-Appinstall-SEM-Android", "End date": "", "Video played to 100%": 0.0, "Clicks": 1, "Avg. Cost": 0.03, "Account ID": "8135096980", "Video played to 25%": 0.0, "View rate": 0.0, "Avg. CPV": 0.0, "Video played to 75%": 0.0, "Avg. CPM": 3.75, "CTR": 12.5, "Campaign state": "enabled", "Campaign ID": 882030843, "Interaction Rate": 12.5, "Bid Strategy Type": "cpc", "Date": "2017-08-01", "Mapping": false, "Campaign": "TNUH|261|1707096|AND|SEM| Open Brand Keywords - Exact", "Avg. CPC": 0.03, "Unique cookies": "", "Cost": 0.03}, {"Start date": "2017-07-20", "Advertising Sub Channel": "Search Mobile App", "Impressions": 15, "Avg. position": 1.0, "Campaign serving status": "eligible", "Advertising Channel": "Search", "Invalid clicks": 0, "Interactions": 5, "Video played to 50%": 0.0, "Interaction Types": ["Clicks"], "Conversions": 1.0, "Views": 0, "Engagements": 0, "Avg. CPE": 0.0, "Account Name": "VNG-PG3-TNUH-Appinstall-SEM-Android", "End date": "", "Video played to 100%": 0.0, "Clicks": 5, "Avg. Cost": 0.068, "Account ID": "8135096980", "Video played to 25%": 0.0, "View rate": 0.0, "Avg. CPV": 0.0, "Video played to 75%": 0.0, "Avg. CPM": 22.666667, "CTR": 33.33, "Campaign state": "enabled", "Campaign ID": 887898230, "Interaction Rate": 33.33, "Bid Strategy Type": "cpc", "Date": "2017-08-01", "Mapping": false, "Campaign": "TNUH|261|1707096|AND|SEM| Brand Keywords - Exact  6h00PM - 12h00AM", "Avg. CPC": 0.068, "Unique cookies": "", "Cost": 0.34}, {"Start date": "2017-07-12", "Advertising Sub Channel": "Search Mobile App", "Impressions": 6, "Avg. position": 1.0, "Campaign serving status": "eligible", "Advertising Channel": "Search", "Invalid clicks": 0, "Interactions": 1, "Video played to 50%": 0.0, "Interaction Types": ["Clicks"], "Conversions": 0.0, "Views": 0, "Engagements": 0, "Avg. CPE": 0.0, "Account Name": "VNG-PG3-TNUH-Appinstall-SEM-Android", "End date": "", "Video played to 100%": 0.0, "Clicks": 1, "Avg. Cost": 0.08, "Account ID": "8135096980", "Video played to 25%": 0.0, "View rate": 0.0, "Avg. CPV": 0.0, "Video played to 75%": 0.0, "Avg. CPM": 13.333333, "CTR": 16.67, "Campaign state": "enabled", "Campaign ID": 880807646, "Interaction Rate": 16.67, "Bid Strategy Type": "cpc", "Date": "2017-08-01", "Mapping": false, "Campaign": "TNUH|261|1707096|AND|SEM| Brand Keywords - Exact 12h00AM - 6h00AM", "Avg. CPC": 0.08, "Unique cookies": "", "Cost": 0.08}, {"Start date": "2017-07-13", "Advertising Sub Channel": "Search Mobile App", "Impressions": 23, "Avg. position": 1.0, "Campaign serving status": "eligible", "Advertising Channel": "Search", "Invalid clicks": 0, "Interactions": 2, "Video played to 50%": 0.0, "Interaction Types": ["Clicks"], "Conversions": 1.0, "Views": 0, "Engagements": 0, "Avg. CPE": 0.0, "Account Name": "VNG-PG3-TNUH-Appinstall-SEM-Android", "End date": "", "Video played to 100%": 0.0, "Clicks": 2, "Avg. Cost": 0.02, "Account ID": "8135096980", "Video played to 25%": 0.0, "View rate": 0.0, "Avg. CPV": 0.0, "Video played to 75%": 0.0, "Avg. CPM": 1.73913, "CTR": 8.7, "Campaign state": "enabled", "Campaign ID": 881587607, "Interaction Rate": 8.7, "Bid Strategy Type": "cpc", "Date": "2017-08-01", "Mapping": false, "Campaign": "TNUH|261|1707096|AND|SEM| Brand Keywords - broad 0h00 - 6h00AM", "Avg. CPC": 0.02, "Unique cookies": "", "Cost": 0.04}, {"Start date": "2017-07-20", "Advertising Sub Channel": "Search Mobile App", "Impressions": 59, "Avg. position": 1.0, "Campaign serving status": "eligible", "Advertising Channel": "Search", "Invalid clicks": 0, "Interactions": 15, "Video played to 50%": 0.0, "Interaction Types": ["Clicks"], "Conversions": 3.0, "Views": 0, "Engagements": 0, "Avg. CPE": 0.0, "Account Name": "VNG-PG3-TNUH-Appinstall-SEM-Android", "End date": "", "Video played to 100%": 0.0, "Clicks": 15, "Avg. Cost": 0.077333, "Account ID": "8135096980", "Video played to 25%": 0.0, "View rate": 0.0, "Avg. CPV": 0.0, "Video played to 75%": 0.0, "Avg. CPM": 19.661017, "CTR": 25.42, "Campaign state": "enabled", "Campaign ID": 887229091, "Interaction Rate": 25.42, "Bid Strategy Type": "cpc", "Date": "2017-08-01", "Mapping": false, "Campaign": "TNUH|261|1707096|AND|SEM| Brand Keywords - broad 6h00AM - 12h00PM", "Avg. CPC": 0.077333, "Unique cookies": "", "Cost": 1.16}, {"Start date": "2017-07-20", "Advertising Sub Channel": "Search Mobile App", "Impressions": 16, "Avg. position": 1.0, "Campaign serving status": "eligible", "Advertising Channel": "Search", "Invalid clicks": 0, "Interactions": 3, "Video played to 50%": 0.0, "Interaction Types": ["Clicks"], "Conversions": 1.0, "Views": 0, "Engagements": 0, "Avg. CPE": 0.0, "Account Name": "VNG-PG3-TNUH-Appinstall-SEM-Android", "End date": "", "Video played to 100%": 0.0, "Clicks": 3, "Avg. Cost": 0.026667, "Account ID": "8135096980", "Video played to 25%": 0.0, "View rate": 0.0, "Avg. CPV": 0.0, "Video played to 75%": 0.0, "Avg. CPM": 5.0, "CTR": 18.75, "Campaign state": "enabled", "Campaign ID": 888230052, "Interaction Rate": 18.75, "Bid Strategy Type": "cpc", "Date": "2017-08-01", "Mapping": false, "Campaign": "TNUH|261|1707096|AND|SEM|Brand Keywords - Exact 12h00PM - 6h00PM", "Avg. CPC": 0.026667, "Unique cookies": "", "Cost": 0.08}, {"Start date": "2017-07-20", "Advertising Sub Channel": "Search Mobile App", "Impressions": 13, "Avg. position": 1.0, "Campaign serving status": "eligible", "Advertising Channel": "Search", "Invalid clicks": 0, "Interactions": 3, "Video played to 50%": 0.0, "Interaction Types": ["Clicks"], "Conversions": 1.0, "Views": 0, "Engagements": 0, "Avg. CPE": 0.0, "Account Name": "VNG-PG3-TNUH-Appinstall-SEM-Android", "End date": "", "Video played to 100%": 0.0, "Clicks": 3, "Avg. Cost": 0.056667, "Account ID": "8135096980", "Video played to 25%": 0.0, "View rate": 0.0, "Avg. CPV": 0.0, "Video played to 75%": 0.0, "Avg. CPM": 13.076923, "CTR": 23.08, "Campaign state": "enabled", "Campaign ID": 888229914, "Interaction Rate": 23.08, "Bid Strategy Type": "cpc", "Date": "2017-08-01", "Mapping": false, "Campaign": "TNUH|261|1707096|AND|SEM| Brand Keywords - Exact 6h00AM - 12h00PM", "Avg. CPC": 0.056667, "Unique cookies": "", "Cost": 0.17}, {"Start date": "2017-07-31", "Advertising Sub Channel": "Search Mobile App", "Impressions": 56, "Avg. position": 1.0, "Campaign serving status": "eligible", "Advertising Channel": "Search", "Invalid clicks": 0, "Interactions": 2, "Video played to 50%": 0.0, "Interaction Types": ["Clicks"], "Conversions": 0.0, "Views": 0, "Engagements": 0, "Avg. CPE": 0.0, "Account Name": "VNG-PG3-TNUH-Appinstall-SEM-Android", "End date": "", "Video played to 100%": 0.0, "Clicks": 2, "Avg. Cost": 0.13, "Account ID": "8135096980", "Video played to 25%": 0.0, "View rate": 0.0, "Avg. CPV": 0.0, "Video played to 75%": 0.0, "Avg. CPM": 4.642857, "CTR": 3.57, "Campaign state": "paused", "Campaign ID": 896898229, "Interaction Rate": 3.57, "Bid Strategy Type": "Target search page location", "Date": "2017-08-01", "Mapping": false, "Campaign": "TNUH|261|1707096|AND|SEM|Branding Name Exactly", "Avg. CPC": 0.13, "Unique cookies": "", "Cost": 0.26}, {"Start date": "2017-07-22", "Advertising Sub Channel": "Search Mobile App", "Impressions": 4, "Avg. position": 1.0, "Campaign serving status": "eligible", "Advertising Channel": "Search", "Invalid clicks": 2, "Interactions": 2, "Video played to 50%": 0.0, "Interaction Types": ["Clicks"], "Conversions": 1.0, "Views": 0, "Engagements": 0, "Avg. CPE": 0.0, "Account Name": "VNG-PG3-TNUH-Appinstall-SEM-Android", "End date": "", "Video played to 100%": 0.0, "Clicks": 2, "Avg. Cost": 0.03, "Account ID": "8135096980", "Video played to 25%": 0.0, "View rate": 0.0, "Avg. CPV": 0.0, "Video played to 75%": 0.0, "Avg. CPM": 15.0, "CTR": 50.0, "Campaign state": "enabled", "Campaign ID": 892473972, "Interaction Rate": 50.0, "Bid Strategy Type": "cpc", "Date": "2017-08-01", "Mapping": false, "Campaign": "\"TNUH|261|1707096|AND|SEM| Brand Keywords - Exact 6h00AM - 12h00PM \"\"\u0110\u00f4i ads\"\"\"", "Avg. CPC": 0.03, "Unique cookies": "", "Cost": 0.06}, {"Start date": "2017-07-20", "Advertising Sub Channel": "Search Mobile App", "Impressions": 111, "Avg. position": 1.0, "Campaign serving status": "eligible", "Advertising Channel": "Search", "Invalid clicks": 4, "Interactions": 27, "Video played to 50%": 0.0, "Interaction Types": ["Clicks"], "Conversions": 12.0, "Views": 0, "Engagements": 0, "Avg. CPE": 0.0, "Account Name": "VNG-PG3-TNUH-Appinstall-SEM-Android", "End date": "", "Video played to 100%": 0.0, "Clicks": 27, "Avg. Cost": 0.052222, "Account ID": "8135096980", "Video played to 25%": 0.0, "View rate": 0.0, "Avg. CPV": 0.0, "Video played to 75%": 0.0, "Avg. CPM": 12.702703, "CTR": 24.32, "Campaign state": "enabled", "Campaign ID": 887229502, "Interaction Rate": 24.32, "Bid Strategy Type": "cpc", "Date": "2017-08-01", "Mapping": false, "Campaign": "TNUH|261|1707096|AND|SEM| Brand Keywords - broad 12h00PM - 6h00PM", "Avg. CPC": 0.052222, "Unique cookies": "", "Cost": 1.41}, {"Start date": "2017-07-20", "Advertising Sub Channel": "Search Mobile App", "Impressions": 142, "Avg. position": 1.0, "Campaign serving status": "eligible", "Advertising Channel": "Search", "Invalid clicks": 2, "Interactions": 30, "Video played to 50%": 0.0, "Interaction Types": ["Clicks"], "Conversions": 10.0, "Views": 0, "Engagements": 0, "Avg. CPE": 0.0, "Account Name": "VNG-PG3-TNUH-Appinstall-SEM-Android", "End date": "", "Video played to 100%": 0.0, "Clicks": 30, "Avg. Cost": 0.064, "Account ID": "8135096980", "Video played to 25%": 0.0, "View rate": 0.0, "Avg. CPV": 0.0, "Video played to 75%": 0.0, "Avg. CPM": 13.521127, "CTR": 21.13, "Campaign state": "enabled", "Campaign ID": 887894792, "Interaction Rate": 21.13, "Bid Strategy Type": "cpc", "Date": "2017-08-01", "Mapping": false, "Campaign": "TNUH|261|1707096|AND|SEM|Brand Keywords - broad 6h00PM - 12h00AM", "Avg. CPC": 0.064, "Unique cookies": "", "Cost": 1.92}, {"Start date": "2017-07-22", "Advertising Sub Channel": "Search Mobile App", "Impressions": 46, "Avg. position": 1.0, "Campaign serving status": "eligible", "Advertising Channel": "Search", "Invalid clicks": 2, "Interactions": 10, "Video played to 50%": 0.0, "Interaction Types": ["Clicks"], "Conversions": 4.0, "Views": 0, "Engagements": 0, "Avg. CPE": 0.0, "Account Name": "VNG-PG3-TNUH-Appinstall-SEM-Android", "End date": "", "Video played to 100%": 0.0, "Clicks": 10, "Avg. Cost": 0.017, "Account ID": "8135096980", "Video played to 25%": 0.0, "View rate": 0.0, "Avg. CPV": 0.0, "Video played to 75%": 0.0, "Avg. CPM": 3.695652, "CTR": 21.74, "Campaign state": "enabled", "Campaign ID": 892144487, "Interaction Rate": 21.74, "Bid Strategy Type": "cpc", "Date": "2017-08-01", "Mapping": false, "Campaign": "\"TNUH|261|1707096|AND|SEM|Brand Keywords - broad 6h00AM - 12h00PM \"\"\u0110\u1ed5i ads\"\"\"", "Avg. CPC": 0.017, "Unique cookies": "", "Cost": 0.17}, {"Start date": "", "Advertising Sub Channel": "", "Impressions": 499, "Avg. position": 1.0, "Campaign serving status": "", "Advertising Channel": "", "Invalid clicks": 10, "Interactions": 101, "Video played to 50%": 0.0, "Interaction Types": "", "Conversions": 34.0, "Views": 0, "Engagements": 0, "Avg. CPE": 0.0, "Account Name": "VNG-PG3-TNUH-Appinstall-SEM-Android", "End date": "", "Video played to 100%": 0.0, "Clicks": 101, "Avg. Cost": 0.056634, "Account ID": "8135096980", "Video played to 25%": 0.0, "View rate": 0.0, "Avg. CPV": 0.0, "Video played to 75%": 0.0, "Avg. CPM": 11.462926, "CTR": 20.24, "Campaign state": "Total", "Campaign ID": "", "Interaction Rate": 20.24, "Bid Strategy Type": "", "Date": "2017-08-01", "Mapping": false, "Campaign": "", "Avg. CPC": 0.056634, "Unique cookies": "", "Cost": 5.72}]