[{"View rate": 0.0, "Campaign": "Gen-term_FH-G-2D_game 2d-ex", "Unique cookies": "", "Dept": "WPL", "Bid Strategy Type": "cpc", "Views": 0, "Video played to 50%": 0.0, "CTR": 50.0, "Conversions": 0.0, "Account ID": "6493618146", "Clicks": 1, "Interaction Rate": 50.0, "Avg. position": 1.0, "Advertising Channel": "Search", "Advertising Sub Channel": "", "Campaign ID": 718037449, "Avg. CPV": 0.0, "Campaign serving status": "eligible", "Avg. CPM": 125.0, "Invalid clicks": 0, "End date": "", "Avg. Cost": 0.25, "Start date": "2016-12-15", "Mapping": false, "Engagements": 0, "Avg. CPC": 0.25, "Interactions": 1, "Date": "2017-03-04", "Video played to 100%": 0.0, "Cost": 0.25, "Interaction Types": ["Clicks"], "Video played to 75%": 0.0, "Video played to 25%": 0.0, "Campaign state": "paused", "Avg. CPE": 0.0, "Account Name": "[W] G1 - WPL - vc360", "Impressions": 2}, {"View rate": 0.0, "Campaign": "Gen-term_FH-W-W_webgame-ex", "Unique cookies": "", "Dept": "WPL", "Bid Strategy Type": "cpc", "Views": 0, "Video played to 50%": 0.0, "CTR": 24.64, "Conversions": 8.0, "Account ID": "6493618146", "Clicks": 17, "Interaction Rate": 24.64, "Avg. position": 1.0, "Advertising Channel": "Search", "Advertising Sub Channel": "", "Campaign ID": 718037503, "Avg. CPV": 0.0, "Campaign serving status": "eligible", "Avg. CPM": 30.144928, "Invalid clicks": 0, "End date": "", "Avg. Cost": 0.122353, "Start date": "2016-12-15", "Mapping": false, "Engagements": 0, "Avg. CPC": 0.122353, "Interactions": 17, "Date": "2017-03-04", "Video played to 100%": 0.0, "Cost": 2.08, "Interaction Types": ["Clicks"], "Video played to 75%": 0.0, "Video played to 25%": 0.0, "Campaign state": "paused", "Avg. CPE": 0.0, "Account Name": "[W] G1 - WPL - vc360", "Impressions": 69}, {"View rate": 0.0, "Campaign": "Gen-term_MT-G-NV_game nh\u1eadp vai m\u1edbi nh\u1ea5t-ex", "Unique cookies": "", "Dept": "WPL", "Bid Strategy Type": "cpc", "Views": 0, "Video played to 50%": 0.0, "CTR": 100.0, "Conversions": 1.0, "Account ID": "6493618146", "Clicks": 1, "Interaction Rate": 100.0, "Avg. position": 1.0, "Advertising Channel": "Search", "Advertising Sub Channel": "", "Campaign ID": 718037899, "Avg. CPV": 0.0, "Campaign serving status": "eligible", "Avg. CPM": 120.0, "Invalid clicks": 0, "End date": "", "Avg. Cost": 0.12, "Start date": "2016-12-15", "Mapping": false, "Engagements": 0, "Avg. CPC": 0.12, "Interactions": 1, "Date": "2017-03-04", "Video played to 100%": 0.0, "Cost": 0.12, "Interaction Types": ["Clicks"], "Video played to 75%": 0.0, "Video played to 25%": 0.0, "Campaign state": "paused", "Avg. CPE": 0.0, "Account Name": "[W] G1 - WPL - vc360", "Impressions": 1}, {"View rate": 0.0, "Campaign": "Brand-term_Vu Cuc Thien Ha", "Unique cookies": "", "Dept": "WPL", "Bid Strategy Type": "cpc", "Views": 0, "Video played to 50%": 0.0, "CTR": 73.67, "Conversions": 9.0, "Account ID": "6493618146", "Clicks": 291, "Interaction Rate": 73.67, "Avg. position": 1.0, "Advertising Channel": "Search", "Advertising Sub Channel": "", "Campaign ID": 718037212, "Avg. CPV": 0.0, "Campaign serving status": "eligible", "Avg. CPM": 12.582278, "Invalid clicks": 6, "End date": "", "Avg. Cost": 0.017079, "Start date": "2016-12-15", "Mapping": false, "Engagements": 0, "Avg. CPC": 0.017079, "Interactions": 291, "Date": "2017-03-04", "Video played to 100%": 0.0, "Cost": 4.97, "Interaction Types": ["Clicks"], "Video played to 75%": 0.0, "Video played to 25%": 0.0, "Campaign state": "paused", "Avg. CPE": 0.0, "Account Name": "[W] G1 - WPL - vc360", "Impressions": 395}, {"View rate": 0.0, "Campaign": "Brand-term_Vu Cuc-MOR", "Unique cookies": "", "Dept": "WPL", "Bid Strategy Type": "cpc", "Views": 0, "Video played to 50%": 0.0, "CTR": 73.31, "Conversions": 101.0, "Account ID": "6493618146", "Clicks": 2475, "Interaction Rate": 73.31, "Avg. position": 1.0, "Advertising Channel": "Search", "Advertising Sub Channel": "", "Campaign ID": 718037215, "Avg. CPV": 0.0, "Campaign serving status": "eligible", "Avg. CPM": 9.582346, "Invalid clicks": 527, "End date": "", "Avg. Cost": 0.013071, "Start date": "2016-12-15", "Mapping": false, "Engagements": 0, "Avg. CPC": 0.013071, "Interactions": 2475, "Date": "2017-03-04", "Video played to 100%": 0.0, "Cost": 32.35, "Interaction Types": ["Clicks"], "Video played to 75%": 0.0, "Video played to 25%": 0.0, "Campaign state": "enabled", "Avg. CPE": 0.0, "Account Name": "[W] G1 - WPL - vc360", "Impressions": 3376}, {"View rate": 0.0, "Campaign": "Brand-term_VC-br-MOR", "Unique cookies": "", "Dept": "WPL", "Bid Strategy Type": "cpc", "Views": 0, "Video played to 50%": 0.0, "CTR": 66.03, "Conversions": 15.0, "Account ID": "6493618146", "Clicks": 278, "Interaction Rate": 66.03, "Avg. position": 1.0, "Advertising Channel": "Search", "Advertising Sub Channel": "", "Campaign ID": 718037239, "Avg. CPV": 0.0, "Campaign serving status": "eligible", "Avg. CPM": 10.712589, "Invalid clicks": 2, "End date": "", "Avg. Cost": 0.016223, "Start date": "2016-12-15", "Mapping": false, "Engagements": 0, "Avg. CPC": 0.016223, "Interactions": 278, "Date": "2017-03-04", "Video played to 100%": 0.0, "Cost": 4.51, "Interaction Types": ["Clicks"], "Video played to 75%": 0.0, "Video played to 25%": 0.0, "Campaign state": "paused", "Avg. CPE": 0.0, "Account Name": "[W] G1 - WPL - vc360", "Impressions": 421}, {"View rate": 0.0, "Campaign": "Brand-term_VC-phr-MOR", "Unique cookies": "", "Dept": "WPL", "Bid Strategy Type": "cpc", "Views": 0, "Video played to 50%": 0.0, "CTR": 17.86, "Conversions": 0.0, "Account ID": "6493618146", "Clicks": 5, "Interaction Rate": 17.86, "Avg. position": 1.0, "Advertising Channel": "Search", "Advertising Sub Channel": "", "Campaign ID": 718037245, "Avg. CPV": 0.0, "Campaign serving status": "eligible", "Avg. CPM": 4.285714, "Invalid clicks": 0, "End date": "", "Avg. Cost": 0.024, "Start date": "2016-12-15", "Mapping": false, "Engagements": 0, "Avg. CPC": 0.024, "Interactions": 5, "Date": "2017-03-04", "Video played to 100%": 0.0, "Cost": 0.12, "Interaction Types": ["Clicks"], "Video played to 75%": 0.0, "Video played to 25%": 0.0, "Campaign state": "paused", "Avg. CPE": 0.0, "Account Name": "[W] G1 - WPL - vc360", "Impressions": 28}, {"View rate": 0.0, "Campaign": "Gen-term_FH-G-CT_game chi\u1ebfn thu\u1eadt-ex", "Unique cookies": "", "Dept": "WPL", "Bid Strategy Type": "cpc", "Views": 0, "Video played to 50%": 0.0, "CTR": 50.0, "Conversions": 0.0, "Account ID": "6493618146", "Clicks": 1, "Interaction Rate": 50.0, "Avg. position": 1.0, "Advertising Channel": "Search", "Advertising Sub Channel": "", "Campaign ID": 718037257, "Avg. CPV": 0.0, "Campaign serving status": "eligible", "Avg. CPM": 30.0, "Invalid clicks": 0, "End date": "", "Avg. Cost": 0.06, "Start date": "2016-12-15", "Mapping": false, "Engagements": 0, "Avg. CPC": 0.06, "Interactions": 1, "Date": "2017-03-04", "Video played to 100%": 0.0, "Cost": 0.06, "Interaction Types": ["Clicks"], "Video played to 75%": 0.0, "Video played to 25%": 0.0, "Campaign state": "paused", "Avg. CPE": 0.0, "Account Name": "[W] G1 - WPL - vc360", "Impressions": 2}, {"View rate": 0.0, "Campaign": "Gen-term_FH-G-NV_game nhap vai-phr", "Unique cookies": "", "Dept": "WPL", "Bid Strategy Type": "cpc", "Views": 0, "Video played to 50%": 0.0, "CTR": 38.46, "Conversions": 4.0, "Account ID": "6493618146", "Clicks": 5, "Interaction Rate": 38.46, "Avg. position": 1.1, "Advertising Channel": "Search", "Advertising Sub Channel": "", "Campaign ID": 718368632, "Avg. CPV": 0.0, "Campaign serving status": "eligible", "Avg. CPM": 49.230769, "Invalid clicks": 0, "End date": "", "Avg. Cost": 0.128, "Start date": "2016-12-15", "Mapping": false, "Engagements": 0, "Avg. CPC": 0.128, "Interactions": 5, "Date": "2017-03-04", "Video played to 100%": 0.0, "Cost": 0.64, "Interaction Types": ["Clicks"], "Video played to 75%": 0.0, "Video played to 25%": 0.0, "Campaign state": "paused", "Avg. CPE": 0.0, "Account Name": "[W] G1 - WPL - vc360", "Impressions": 13}, {"View rate": 0.0, "Campaign": "Gen-term_FH-G-CT_game chi\u1ebfn thu\u1eadt-phr", "Unique cookies": "", "Dept": "WPL", "Bid Strategy Type": "cpc", "Views": 0, "Video played to 50%": 0.0, "CTR": 5.56, "Conversions": 0.0, "Account ID": "6493618146", "Clicks": 1, "Interaction Rate": 5.56, "Avg. position": 1.3, "Advertising Channel": "Search", "Advertising Sub Channel": "", "Campaign ID": 718368635, "Avg. CPV": 0.0, "Campaign serving status": "eligible", "Avg. CPM": 3.888889, "Invalid clicks": 0, "End date": "", "Avg. Cost": 0.07, "Start date": "2016-12-15", "Mapping": false, "Engagements": 0, "Avg. CPC": 0.07, "Interactions": 1, "Date": "2017-03-04", "Video played to 100%": 0.0, "Cost": 0.07, "Interaction Types": ["Clicks"], "Video played to 75%": 0.0, "Video played to 25%": 0.0, "Campaign state": "paused", "Avg. CPE": 0.0, "Account Name": "[W] G1 - WPL - vc360", "Impressions": 18}, {"View rate": 0.0, "Campaign": "Gen-term_FH-G-TT_game truc tuyen-phr", "Unique cookies": "", "Dept": "WPL", "Bid Strategy Type": "cpc", "Views": 0, "Video played to 50%": 0.0, "CTR": 11.76, "Conversions": 1.0, "Account ID": "6493618146", "Clicks": 2, "Interaction Rate": 11.76, "Avg. position": 1.6, "Advertising Channel": "Search", "Advertising Sub Channel": "", "Campaign ID": 718368704, "Avg. CPV": 0.0, "Campaign serving status": "eligible", "Avg. CPM": 11.764706, "Invalid clicks": 0, "End date": "", "Avg. Cost": 0.1, "Start date": "2016-12-15", "Mapping": false, "Engagements": 0, "Avg. CPC": 0.1, "Interactions": 2, "Date": "2017-03-04", "Video played to 100%": 0.0, "Cost": 0.2, "Interaction Types": ["Clicks"], "Video played to 75%": 0.0, "Video played to 25%": 0.0, "Campaign state": "paused", "Avg. CPE": 0.0, "Account Name": "[W] G1 - WPL - vc360", "Impressions": 17}, {"View rate": 0.0, "Campaign": "Gen-term_MT-G-3Q_game tam quoc hay-ex", "Unique cookies": "", "Dept": "WPL", "Bid Strategy Type": "cpc", "Views": 0, "Video played to 50%": 0.0, "CTR": 100.0, "Conversions": 1.0, "Account ID": "6493618146", "Clicks": 1, "Interaction Rate": 100.0, "Avg. position": 1.0, "Advertising Channel": "Search", "Advertising Sub Channel": "", "Campaign ID": 718365491, "Avg. CPV": 0.0, "Campaign serving status": "eligible", "Avg. CPM": 200.0, "Invalid clicks": 0, "End date": "", "Avg. Cost": 0.2, "Start date": "2016-12-15", "Mapping": false, "Engagements": 0, "Avg. CPC": 0.2, "Interactions": 1, "Date": "2017-03-04", "Video played to 100%": 0.0, "Cost": 0.2, "Interaction Types": ["Clicks"], "Video played to 75%": 0.0, "Video played to 25%": 0.0, "Campaign state": "paused", "Avg. CPE": 0.0, "Account Name": "[W] G1 - WPL - vc360", "Impressions": 1}, {"View rate": 0.0, "Campaign": "Brand-term_VC-ex-MOR", "Unique cookies": "", "Dept": "WPL", "Bid Strategy Type": "cpc", "Views": 0, "Video played to 50%": 0.0, "CTR": 43.57, "Conversions": 4.0, "Account ID": "6493618146", "Clicks": 149, "Interaction Rate": 43.57, "Avg. position": 1.0, "Advertising Channel": "Search", "Advertising Sub Channel": "", "Campaign ID": 718037248, "Avg. CPV": 0.0, "Campaign serving status": "eligible", "Avg. CPM": 8.187135, "Invalid clicks": 163, "End date": "", "Avg. Cost": 0.018792, "Start date": "2016-12-15", "Mapping": false, "Engagements": 0, "Avg. CPC": 0.018792, "Interactions": 149, "Date": "2017-03-04", "Video played to 100%": 0.0, "Cost": 2.8, "Interaction Types": ["Clicks"], "Video played to 75%": 0.0, "Video played to 25%": 0.0, "Campaign state": "enabled", "Avg. CPE": 0.0, "Account Name": "[W] G1 - WPL - vc360", "Impressions": 342}, {"View rate": 0.0, "Campaign": "Gen-term_FH-G-3Q_game 3q-ex", "Unique cookies": "", "Dept": "WPL", "Bid Strategy Type": "cpc", "Views": 0, "Video played to 50%": 0.0, "CTR": 42.86, "Conversions": 2.0, "Account ID": "6493618146", "Clicks": 6, "Interaction Rate": 42.86, "Avg. position": 1.0, "Advertising Channel": "Search", "Advertising Sub Channel": "", "Campaign ID": 718037401, "Avg. CPV": 0.0, "Campaign serving status": "eligible", "Avg. CPM": 62.857143, "Invalid clicks": 0, "End date": "", "Avg. Cost": 0.146667, "Start date": "2016-12-15", "Mapping": false, "Engagements": 0, "Avg. CPC": 0.146667, "Interactions": 6, "Date": "2017-03-04", "Video played to 100%": 0.0, "Cost": 0.88, "Interaction Types": ["Clicks"], "Video played to 75%": 0.0, "Video played to 25%": 0.0, "Campaign state": "paused", "Avg. CPE": 0.0, "Account Name": "[W] G1 - WPL - vc360", "Impressions": 14}, {"View rate": 0.0, "Campaign": "Brand-term_VC-bmm-MOR", "Unique cookies": "", "Dept": "WPL", "Bid Strategy Type": "cpc", "Views": 0, "Video played to 50%": 0.0, "CTR": 40.0, "Conversions": 0.0, "Account ID": "6493618146", "Clicks": 8, "Interaction Rate": 40.0, "Avg. position": 1.1, "Advertising Channel": "Search", "Advertising Sub Channel": "", "Campaign ID": 718037242, "Avg. CPV": 0.0, "Campaign serving status": "eligible", "Avg. CPM": 4.0, "Invalid clicks": 0, "End date": "", "Avg. Cost": 0.01, "Start date": "2016-12-15", "Mapping": false, "Engagements": 0, "Avg. CPC": 0.01, "Interactions": 8, "Date": "2017-03-04", "Video played to 100%": 0.0, "Cost": 0.08, "Interaction Types": ["Clicks"], "Video played to 75%": 0.0, "Video played to 25%": 0.0, "Campaign state": "paused", "Avg. CPE": 0.0, "Account Name": "[W] G1 - WPL - vc360", "Impressions": 20}, {"View rate": 0.0, "Campaign": "Gen-term_FH-G-GO_game online-ex", "Unique cookies": "", "Dept": "WPL", "Bid Strategy Type": "cpc", "Views": 0, "Video played to 50%": 0.0, "CTR": 12.79, "Conversions": 4.0, "Account ID": "6493618146", "Clicks": 11, "Interaction Rate": 12.79, "Avg. position": 2.6, "Advertising Channel": "Search", "Advertising Sub Channel": "", "Campaign ID": 718037431, "Avg. CPV": 0.0, "Campaign serving status": "eligible", "Avg. CPM": 10.697674, "Invalid clicks": 0, "End date": "", "Avg. Cost": 0.083636, "Start date": "2016-12-15", "Mapping": false, "Engagements": 0, "Avg. CPC": 0.083636, "Interactions": 11, "Date": "2017-03-04", "Video played to 100%": 0.0, "Cost": 0.92, "Interaction Types": ["Clicks"], "Video played to 75%": 0.0, "Video played to 25%": 0.0, "Campaign state": "paused", "Avg. CPE": 0.0, "Account Name": "[W] G1 - WPL - vc360", "Impressions": 86}, {"View rate": 0.0, "Campaign": "Gen-term_MT-G-NV_game nhap vai online-ex", "Unique cookies": "", "Dept": "WPL", "Bid Strategy Type": "cpc", "Views": 0, "Video played to 50%": 0.0, "CTR": 33.33, "Conversions": 1.0, "Account ID": "6493618146", "Clicks": 1, "Interaction Rate": 33.33, "Avg. position": 1.3, "Advertising Channel": "Search", "Advertising Sub Channel": "", "Campaign ID": 718037950, "Avg. CPV": 0.0, "Campaign serving status": "eligible", "Avg. CPM": 53.333333, "Invalid clicks": 0, "End date": "", "Avg. Cost": 0.16, "Start date": "2016-12-15", "Mapping": false, "Engagements": 0, "Avg. CPC": 0.16, "Interactions": 1, "Date": "2017-03-04", "Video played to 100%": 0.0, "Cost": 0.16, "Interaction Types": ["Clicks"], "Video played to 75%": 0.0, "Video played to 25%": 0.0, "Campaign state": "paused", "Avg. CPE": 0.0, "Account Name": "[W] G1 - WPL - vc360", "Impressions": 3}, {"View rate": 0.0, "Campaign": "Gen-term_MT-G-NV_game nhap vai hay nhat-ex", "Unique cookies": "", "Dept": "WPL", "Bid Strategy Type": "cpc", "Views": 0, "Video played to 50%": 0.0, "CTR": 100.0, "Conversions": 0.0, "Account ID": "6493618146", "Clicks": 1, "Interaction Rate": 100.0, "Avg. position": 1.0, "Advertising Channel": "Search", "Advertising Sub Channel": "", "Campaign ID": 718037995, "Avg. CPV": 0.0, "Campaign serving status": "eligible", "Avg. CPM": 140.0, "Invalid clicks": 0, "End date": "", "Avg. Cost": 0.14, "Start date": "2016-12-15", "Mapping": false, "Engagements": 0, "Avg. CPC": 0.14, "Interactions": 1, "Date": "2017-03-04", "Video played to 100%": 0.0, "Cost": 0.14, "Interaction Types": ["Clicks"], "Video played to 75%": 0.0, "Video played to 25%": 0.0, "Campaign state": "paused", "Avg. CPE": 0.0, "Account Name": "[W] G1 - WPL - vc360", "Impressions": 1}, {"View rate": 0.0, "Campaign": "Gen-term_FH-G-TH_game ti\u00ean hi\u1ec7p-bmm", "Unique cookies": "", "Dept": "WPL", "Bid Strategy Type": "cpc", "Views": 0, "Video played to 50%": 0.0, "CTR": 10.0, "Conversions": 0.0, "Account ID": "6493618146", "Clicks": 1, "Interaction Rate": 10.0, "Avg. position": 1.0, "Advertising Channel": "Search", "Advertising Sub Channel": "", "Campaign ID": 718044850, "Avg. CPV": 0.0, "Campaign serving status": "eligible", "Avg. CPM": 13.0, "Invalid clicks": 0, "End date": "", "Avg. Cost": 0.13, "Start date": "2016-12-15", "Mapping": false, "Engagements": 0, "Avg. CPC": 0.13, "Interactions": 1, "Date": "2017-03-04", "Video played to 100%": 0.0, "Cost": 0.13, "Interaction Types": ["Clicks"], "Video played to 75%": 0.0, "Video played to 25%": 0.0, "Campaign state": "paused", "Avg. CPE": 0.0, "Account Name": "[W] G1 - WPL - vc360", "Impressions": 10}, {"View rate": 0.0, "Campaign": "Gen-term_MT-G-KH_game kiem hiep 3d-ex", "Unique cookies": "", "Dept": "WPL", "Bid Strategy Type": "cpc", "Views": 0, "Video played to 50%": 0.0, "CTR": 16.67, "Conversions": 0.0, "Account ID": "6493618146", "Clicks": 1, "Interaction Rate": 16.67, "Avg. position": 1.2, "Advertising Channel": "Search", "Advertising Sub Channel": "", "Campaign ID": 718366037, "Avg. CPV": 0.0, "Campaign serving status": "eligible", "Avg. CPM": 33.333333, "Invalid clicks": 0, "End date": "", "Avg. Cost": 0.2, "Start date": "2016-12-15", "Mapping": false, "Engagements": 0, "Avg. CPC": 0.2, "Interactions": 1, "Date": "2017-03-04", "Video played to 100%": 0.0, "Cost": 0.2, "Interaction Types": ["Clicks"], "Video played to 75%": 0.0, "Video played to 25%": 0.0, "Campaign state": "paused", "Avg. CPE": 0.0, "Account Name": "[W] G1 - WPL - vc360", "Impressions": 6}, {"View rate": 0.0, "Campaign": "Gen-term_MT-G-KH_game ki\u1ebfm hi\u1ec7p m\u1edbi-ex", "Unique cookies": "", "Dept": "WPL", "Bid Strategy Type": "cpc", "Views": 0, "Video played to 50%": 0.0, "CTR": 100.0, "Conversions": 0.0, "Account ID": "6493618146", "Clicks": 1, "Interaction Rate": 100.0, "Avg. position": 2.0, "Advertising Channel": "Search", "Advertising Sub Channel": "", "Campaign ID": 718365818, "Avg. CPV": 0.0, "Campaign serving status": "eligible", "Avg. CPM": 140.0, "Invalid clicks": 0, "End date": "", "Avg. Cost": 0.14, "Start date": "2016-12-15", "Mapping": false, "Engagements": 0, "Avg. CPC": 0.14, "Interactions": 1, "Date": "2017-03-04", "Video played to 100%": 0.0, "Cost": 0.14, "Interaction Types": ["Clicks"], "Video played to 75%": 0.0, "Video played to 25%": 0.0, "Campaign state": "paused", "Avg. CPE": 0.0, "Account Name": "[W] G1 - WPL - vc360", "Impressions": 1}, {"View rate": 0.0, "Campaign": "Gen-term_MT-G-3D_game 3d moi nhat-ex", "Unique cookies": "", "Dept": "WPL", "Bid Strategy Type": "cpc", "Views": 0, "Video played to 50%": 0.0, "CTR": 33.33, "Conversions": 0.0, "Account ID": "6493618146", "Clicks": 1, "Interaction Rate": 33.33, "Avg. position": 2.0, "Advertising Channel": "Search", "Advertising Sub Channel": "", "Campaign ID": 718368176, "Avg. CPV": 0.0, "Campaign serving status": "eligible", "Avg. CPM": 30.0, "Invalid clicks": 0, "End date": "", "Avg. Cost": 0.09, "Start date": "2016-12-15", "Mapping": false, "Engagements": 0, "Avg. CPC": 0.09, "Interactions": 1, "Date": "2017-03-04", "Video played to 100%": 0.0, "Cost": 0.09, "Interaction Types": ["Clicks"], "Video played to 75%": 0.0, "Video played to 25%": 0.0, "Campaign state": "paused", "Avg. CPE": 0.0, "Account Name": "[W] G1 - WPL - vc360", "Impressions": 3}, {"View rate": 0.0, "Campaign": "Gen-term_FH-G-KH_game ki\u1ebfm hi\u1ec7p-phr", "Unique cookies": "", "Dept": "WPL", "Bid Strategy Type": "cpc", "Views": 0, "Video played to 50%": 0.0, "CTR": 18.18, "Conversions": 0.0, "Account ID": "6493618146", "Clicks": 4, "Interaction Rate": 18.18, "Avg. position": 1.1, "Advertising Channel": "Search", "Advertising Sub Channel": "", "Campaign ID": 718368662, "Avg. CPV": 0.0, "Campaign serving status": "eligible", "Avg. CPM": 26.363636, "Invalid clicks": 0, "End date": "", "Avg. Cost": 0.145, "Start date": "2016-12-15", "Mapping": false, "Engagements": 0, "Avg. CPC": 0.145, "Interactions": 4, "Date": "2017-03-04", "Video played to 100%": 0.0, "Cost": 0.58, "Interaction Types": ["Clicks"], "Video played to 75%": 0.0, "Video played to 25%": 0.0, "Campaign state": "paused", "Avg. CPE": 0.0, "Account Name": "[W] G1 - WPL - vc360", "Impressions": 22}, {"View rate": 0.0, "Campaign": "Gen-term_FH-W-W_webgame-phr", "Unique cookies": "", "Dept": "WPL", "Bid Strategy Type": "cpc", "Views": 0, "Video played to 50%": 0.0, "CTR": 16.46, "Conversions": 0.0, "Account ID": "6493618146", "Clicks": 13, "Interaction Rate": 16.46, "Avg. position": 1.8, "Advertising Channel": "Search", "Advertising Sub Channel": "", "Campaign ID": 718368881, "Avg. CPV": 0.0, "Campaign serving status": "eligible", "Avg. CPM": 8.227848, "Invalid clicks": 1, "End date": "", "Avg. Cost": 0.05, "Start date": "2016-12-15", "Mapping": false, "Engagements": 0, "Avg. CPC": 0.05, "Interactions": 13, "Date": "2017-03-04", "Video played to 100%": 0.0, "Cost": 0.65, "Interaction Types": ["Clicks"], "Video played to 75%": 0.0, "Video played to 25%": 0.0, "Campaign state": "paused", "Avg. CPE": 0.0, "Account Name": "[W] G1 - WPL - vc360", "Impressions": 79}, {"View rate": 0.0, "Campaign": "Gen-term_FH-W-G16_webgame 2016-bmm", "Unique cookies": "", "Dept": "WPL", "Bid Strategy Type": "cpc", "Views": 0, "Video played to 50%": 0.0, "CTR": 25.0, "Conversions": 0.0, "Account ID": "6493618146", "Clicks": 1, "Interaction Rate": 25.0, "Avg. position": 1.3, "Advertising Channel": "Search", "Advertising Sub Channel": "", "Campaign ID": 718374233, "Avg. CPV": 0.0, "Campaign serving status": "eligible", "Avg. CPM": 20.0, "Invalid clicks": 1, "End date": "", "Avg. Cost": 0.08, "Start date": "2016-12-15", "Mapping": false, "Engagements": 0, "Avg. CPC": 0.08, "Interactions": 1, "Date": "2017-03-04", "Video played to 100%": 0.0, "Cost": 0.08, "Interaction Types": ["Clicks"], "Video played to 75%": 0.0, "Video played to 25%": 0.0, "Campaign state": "paused", "Avg. CPE": 0.0, "Account Name": "[W] G1 - WPL - vc360", "Impressions": 4}, {"View rate": 0.0, "Campaign": "Gen-term_FH-W-NEW_webgame m\u1edbi nh\u1ea5t-bmm", "Unique cookies": "", "Dept": "WPL", "Bid Strategy Type": "cpc", "Views": 0, "Video played to 50%": 0.0, "CTR": 25.0, "Conversions": 1.0, "Account ID": "6493618146", "Clicks": 1, "Interaction Rate": 25.0, "Avg. position": 1.0, "Advertising Channel": "Search", "Advertising Sub Channel": "", "Campaign ID": 718374239, "Avg. CPV": 0.0, "Campaign serving status": "eligible", "Avg. CPM": 27.5, "Invalid clicks": 0, "End date": "", "Avg. Cost": 0.11, "Start date": "2016-12-15", "Mapping": false, "Engagements": 0, "Avg. CPC": 0.11, "Interactions": 1, "Date": "2017-03-04", "Video played to 100%": 0.0, "Cost": 0.11, "Interaction Types": ["Clicks"], "Video played to 75%": 0.0, "Video played to 25%": 0.0, "Campaign state": "paused", "Avg. CPE": 0.0, "Account Name": "[W] G1 - WPL - vc360", "Impressions": 4}, {"View rate": 0.0, "Campaign": "Gen-term_FH-G-GO_game online-bmm", "Unique cookies": "", "Dept": "WPL", "Bid Strategy Type": "cpc", "Views": 0, "Video played to 50%": 0.0, "CTR": 4.13, "Conversions": 2.0, "Account ID": "6493618146", "Clicks": 24, "Interaction Rate": 4.13, "Avg. position": 3.5, "Advertising Channel": "Search", "Advertising Sub Channel": "", "Campaign ID": 718373975, "Avg. CPV": 0.0, "Campaign serving status": "eligible", "Avg. CPM": 3.287435, "Invalid clicks": 0, "End date": "", "Avg. Cost": 0.079583, "Start date": "2016-12-15", "Mapping": false, "Engagements": 0, "Avg. CPC": 0.079583, "Interactions": 24, "Date": "2017-03-04", "Video played to 100%": 0.0, "Cost": 1.91, "Interaction Types": ["Clicks"], "Video played to 75%": 0.0, "Video played to 25%": 0.0, "Campaign state": "paused", "Avg. CPE": 0.0, "Account Name": "[W] G1 - WPL - vc360", "Impressions": 581}, {"View rate": 0.0, "Campaign": "Gen-term_FH-G-MT_game may tinh-bmm", "Unique cookies": "", "Dept": "WPL", "Bid Strategy Type": "cpc", "Views": 0, "Video played to 50%": 0.0, "CTR": 7.14, "Conversions": 0.0, "Account ID": "6493618146", "Clicks": 1, "Interaction Rate": 7.14, "Avg. position": 3.5, "Advertising Channel": "Search", "Advertising Sub Channel": "", "Campaign ID": 718373984, "Avg. CPV": 0.0, "Campaign serving status": "eligible", "Avg. CPM": 7.142857, "Invalid clicks": 0, "End date": "", "Avg. Cost": 0.1, "Start date": "2016-12-15", "Mapping": false, "Engagements": 0, "Avg. CPC": 0.1, "Interactions": 1, "Date": "2017-03-04", "Video played to 100%": 0.0, "Cost": 0.1, "Interaction Types": ["Clicks"], "Video played to 75%": 0.0, "Video played to 25%": 0.0, "Campaign state": "paused", "Avg. CPE": 0.0, "Account Name": "[W] G1 - WPL - vc360", "Impressions": 14}, {"View rate": 0.0, "Campaign": "Gen-term_FH-W-PC_webgame pc-bmm", "Unique cookies": "", "Dept": "WPL", "Bid Strategy Type": "cpc", "Views": 0, "Video played to 50%": 0.0, "CTR": 20.0, "Conversions": 1.0, "Account ID": "6493618146", "Clicks": 1, "Interaction Rate": 20.0, "Avg. position": 1.0, "Advertising Channel": "Search", "Advertising Sub Channel": "", "Campaign ID": 718374203, "Avg. CPV": 0.0, "Campaign serving status": "eligible", "Avg. CPM": 50.0, "Invalid clicks": 0, "End date": "", "Avg. Cost": 0.25, "Start date": "2016-12-15", "Mapping": false, "Engagements": 0, "Avg. CPC": 0.25, "Interactions": 1, "Date": "2017-03-04", "Video played to 100%": 0.0, "Cost": 0.25, "Interaction Types": ["Clicks"], "Video played to 75%": 0.0, "Video played to 25%": 0.0, "Campaign state": "paused", "Avg. CPE": 0.0, "Account Name": "[W] G1 - WPL - vc360", "Impressions": 5}, {"View rate": 0.0, "Campaign": "Gen-term_FH-W-HAY_webgame hay nhat-bmm", "Unique cookies": "", "Dept": "WPL", "Bid Strategy Type": "cpc", "Views": 0, "Video played to 50%": 0.0, "CTR": 10.0, "Conversions": 0.0, "Account ID": "6493618146", "Clicks": 1, "Interaction Rate": 10.0, "Avg. position": 1.5, "Advertising Channel": "Search", "Advertising Sub Channel": "", "Campaign ID": 718374371, "Avg. CPV": 0.0, "Campaign serving status": "eligible", "Avg. CPM": 11.0, "Invalid clicks": 0, "End date": "", "Avg. Cost": 0.11, "Start date": "2016-12-15", "Mapping": false, "Engagements": 0, "Avg. CPC": 0.11, "Interactions": 1, "Date": "2017-03-04", "Video played to 100%": 0.0, "Cost": 0.11, "Interaction Types": ["Clicks"], "Video played to 75%": 0.0, "Video played to 25%": 0.0, "Campaign state": "paused", "Avg. CPE": 0.0, "Account Name": "[W] G1 - WPL - vc360", "Impressions": 10}, {"View rate": 0.0, "Campaign": "Gen-term_MT-G-NV_game nhap vai 2016-phr", "Unique cookies": "", "Dept": "WPL", "Bid Strategy Type": "cpc", "Views": 0, "Video played to 50%": 0.0, "CTR": 100.0, "Conversions": 0.0, "Account ID": "6493618146", "Clicks": 1, "Interaction Rate": 100.0, "Avg. position": 1.0, "Advertising Channel": "Search", "Advertising Sub Channel": "", "Campaign ID": 718373964, "Avg. CPV": 0.0, "Campaign serving status": "eligible", "Avg. CPM": 140.0, "Invalid clicks": 0, "End date": "", "Avg. Cost": 0.14, "Start date": "2016-12-15", "Mapping": false, "Engagements": 0, "Avg. CPC": 0.14, "Interactions": 1, "Date": "2017-03-04", "Video played to 100%": 0.0, "Cost": 0.14, "Interaction Types": ["Clicks"], "Video played to 75%": 0.0, "Video played to 25%": 0.0, "Campaign state": "paused", "Avg. CPE": 0.0, "Account Name": "[W] G1 - WPL - vc360", "Impressions": 1}, {"View rate": 0.0, "Campaign": "Gen-term_FH-G-PC_game pc-bmm", "Unique cookies": "", "Dept": "WPL", "Bid Strategy Type": "cpc", "Views": 0, "Video played to 50%": 0.0, "CTR": 4.17, "Conversions": 0.0, "Account ID": "6493618146", "Clicks": 1, "Interaction Rate": 4.17, "Avg. position": 2.0, "Advertising Channel": "Search", "Advertising Sub Channel": "", "Campaign ID": 718373972, "Avg. CPV": 0.0, "Campaign serving status": "eligible", "Avg. CPM": 3.75, "Invalid clicks": 0, "End date": "", "Avg. Cost": 0.09, "Start date": "2016-12-15", "Mapping": false, "Engagements": 0, "Avg. CPC": 0.09, "Interactions": 1, "Date": "2017-03-04", "Video played to 100%": 0.0, "Cost": 0.09, "Interaction Types": ["Clicks"], "Video played to 75%": 0.0, "Video played to 25%": 0.0, "Campaign state": "paused", "Avg. CPE": 0.0, "Account Name": "[W] G1 - WPL - vc360", "Impressions": 24}, {"View rate": 0.0, "Campaign": "Gen-term_MT-G-NV_game nhap vai moi nhat-phr", "Unique cookies": "", "Dept": "WPL", "Bid Strategy Type": "cpc", "Views": 0, "Video played to 50%": 0.0, "CTR": 25.0, "Conversions": 0.0, "Account ID": "6493618146", "Clicks": 3, "Interaction Rate": 25.0, "Avg. position": 1.3, "Advertising Channel": "Search", "Advertising Sub Channel": "", "Campaign ID": 718373973, "Avg. CPV": 0.0, "Campaign serving status": "eligible", "Avg. CPM": 55.833333, "Invalid clicks": 0, "End date": "", "Avg. Cost": 0.223333, "Start date": "2016-12-15", "Mapping": false, "Engagements": 0, "Avg. CPC": 0.223333, "Interactions": 3, "Date": "2017-03-04", "Video played to 100%": 0.0, "Cost": 0.67, "Interaction Types": ["Clicks"], "Video played to 75%": 0.0, "Video played to 25%": 0.0, "Campaign state": "paused", "Avg. CPE": 0.0, "Account Name": "[W] G1 - WPL - vc360", "Impressions": 12}, {"View rate": 0.0, "Campaign": "Gen-term_FH-G-TT_game truc tuyen-bmm", "Unique cookies": "", "Dept": "WPL", "Bid Strategy Type": "cpc", "Views": 0, "Video played to 50%": 0.0, "CTR": 3.12, "Conversions": 1.0, "Account ID": "6493618146", "Clicks": 1, "Interaction Rate": 3.12, "Avg. position": 4.0, "Advertising Channel": "Search", "Advertising Sub Channel": "", "Campaign ID": 718373990, "Avg. CPV": 0.0, "Campaign serving status": "eligible", "Avg. CPM": 5.625, "Invalid clicks": 0, "End date": "", "Avg. Cost": 0.18, "Start date": "2016-12-15", "Mapping": false, "Engagements": 0, "Avg. CPC": 0.18, "Interactions": 1, "Date": "2017-03-04", "Video played to 100%": 0.0, "Cost": 0.18, "Interaction Types": ["Clicks"], "Video played to 75%": 0.0, "Video played to 25%": 0.0, "Campaign state": "paused", "Avg. CPE": 0.0, "Account Name": "[W] G1 - WPL - vc360", "Impressions": 32}, {"View rate": 0.0, "Campaign": "Gen-term_FH-W-TH_webgame ti\u00ean hi\u1ec7p-bmm", "Unique cookies": "", "Dept": "WPL", "Bid Strategy Type": "cpc", "Views": 0, "Video played to 50%": 0.0, "CTR": 33.33, "Conversions": 0.0, "Account ID": "6493618146", "Clicks": 1, "Interaction Rate": 33.33, "Avg. position": 1.0, "Advertising Channel": "Search", "Advertising Sub Channel": "", "Campaign ID": 718374185, "Avg. CPV": 0.0, "Campaign serving status": "eligible", "Avg. CPM": 40.0, "Invalid clicks": 0, "End date": "", "Avg. Cost": 0.12, "Start date": "2016-12-15", "Mapping": false, "Engagements": 0, "Avg. CPC": 0.12, "Interactions": 1, "Date": "2017-03-04", "Video played to 100%": 0.0, "Cost": 0.12, "Interaction Types": ["Clicks"], "Video played to 75%": 0.0, "Video played to 25%": 0.0, "Campaign state": "paused", "Avg. CPE": 0.0, "Account Name": "[W] G1 - WPL - vc360", "Impressions": 3}, {"View rate": 0.0, "Campaign": "Gen-term_MT-G-NV_game nh\u1eadp vai m\u1edbi-bmm", "Unique cookies": "", "Dept": "WPL", "Bid Strategy Type": "cpc", "Views": 0, "Video played to 50%": 0.0, "CTR": 33.33, "Conversions": 0.0, "Account ID": "6493618146", "Clicks": 1, "Interaction Rate": 33.33, "Avg. position": 1.7, "Advertising Channel": "Search", "Advertising Sub Channel": "", "Campaign ID": 718374440, "Avg. CPV": 0.0, "Campaign serving status": "eligible", "Avg. CPM": 23.333333, "Invalid clicks": 0, "End date": "", "Avg. Cost": 0.07, "Start date": "2016-12-15", "Mapping": false, "Engagements": 0, "Avg. CPC": 0.07, "Interactions": 1, "Date": "2017-03-04", "Video played to 100%": 0.0, "Cost": 0.07, "Interaction Types": ["Clicks"], "Video played to 75%": 0.0, "Video played to 25%": 0.0, "Campaign state": "paused", "Avg. CPE": 0.0, "Account Name": "[W] G1 - WPL - vc360", "Impressions": 3}, {"View rate": 0.0, "Campaign": "Gen-term_MT-G-NV_game nhap vai hay nh\u1ea5t-bmm", "Unique cookies": "", "Dept": "WPL", "Bid Strategy Type": "cpc", "Views": 0, "Video played to 50%": 0.0, "CTR": 15.38, "Conversions": 0.0, "Account ID": "6493618146", "Clicks": 2, "Interaction Rate": 15.38, "Avg. position": 1.3, "Advertising Channel": "Search", "Advertising Sub Channel": "", "Campaign ID": 718374656, "Avg. CPV": 0.0, "Campaign serving status": "eligible", "Avg. CPM": 19.230769, "Invalid clicks": 0, "End date": "", "Avg. Cost": 0.125, "Start date": "2016-12-15", "Mapping": false, "Engagements": 0, "Avg. CPC": 0.125, "Interactions": 2, "Date": "2017-03-04", "Video played to 100%": 0.0, "Cost": 0.25, "Interaction Types": ["Clicks"], "Video played to 75%": 0.0, "Video played to 25%": 0.0, "Campaign state": "paused", "Avg. CPE": 0.0, "Account Name": "[W] G1 - WPL - vc360", "Impressions": 13}, {"View rate": 0.0, "Campaign": "Gen-term_FH-G-GO_game online-phr", "Unique cookies": "", "Dept": "WPL", "Bid Strategy Type": "cpc", "Views": 0, "Video played to 50%": 0.0, "CTR": 5.34, "Conversions": 4.0, "Account ID": "6493618146", "Clicks": 15, "Interaction Rate": 5.34, "Avg. position": 3.2, "Advertising Channel": "Search", "Advertising Sub Channel": "", "Campaign ID": 718368689, "Avg. CPV": 0.0, "Campaign serving status": "eligible", "Avg. CPM": 4.733096, "Invalid clicks": 0, "End date": "", "Avg. Cost": 0.088667, "Start date": "2016-12-15", "Mapping": false, "Engagements": 0, "Avg. CPC": 0.088667, "Interactions": 15, "Date": "2017-03-04", "Video played to 100%": 0.0, "Cost": 1.33, "Interaction Types": ["Clicks"], "Video played to 75%": 0.0, "Video played to 25%": 0.0, "Campaign state": "paused", "Avg. CPE": 0.0, "Account Name": "[W] G1 - WPL - vc360", "Impressions": 281}, {"View rate": 0.0, "Campaign": "Gen-term_MT-G-NV_game nhap vai 2016-bmm", "Unique cookies": "", "Dept": "WPL", "Bid Strategy Type": "cpc", "Views": 0, "Video played to 50%": 0.0, "CTR": 100.0, "Conversions": 1.0, "Account ID": "6493618146", "Clicks": 1, "Interaction Rate": 100.0, "Avg. position": 2.0, "Advertising Channel": "Search", "Advertising Sub Channel": "", "Campaign ID": 718374641, "Avg. CPV": 0.0, "Campaign serving status": "eligible", "Avg. CPM": 140.0, "Invalid clicks": 0, "End date": "", "Avg. Cost": 0.14, "Start date": "2016-12-15", "Mapping": false, "Engagements": 0, "Avg. CPC": 0.14, "Interactions": 1, "Date": "2017-03-04", "Video played to 100%": 0.0, "Cost": 0.14, "Interaction Types": ["Clicks"], "Video played to 75%": 0.0, "Video played to 25%": 0.0, "Campaign state": "paused", "Avg. CPE": 0.0, "Account Name": "[W] G1 - WPL - vc360", "Impressions": 1}, {"View rate": 0.0, "Campaign": "Gen-term_MT-G-NV_game nhap vai m\u1edbi nh\u1ea5t-bmm", "Unique cookies": "", "Dept": "WPL", "Bid Strategy Type": "cpc", "Views": 0, "Video played to 50%": 0.0, "CTR": 100.0, "Conversions": 0.0, "Account ID": "6493618146", "Clicks": 1, "Interaction Rate": 100.0, "Avg. position": 1.0, "Advertising Channel": "Search", "Advertising Sub Channel": "", "Campaign ID": 718374647, "Avg. CPV": 0.0, "Campaign serving status": "eligible", "Avg. CPM": 80.0, "Invalid clicks": 0, "End date": "", "Avg. Cost": 0.08, "Start date": "2016-12-15", "Mapping": false, "Engagements": 0, "Avg. CPC": 0.08, "Interactions": 1, "Date": "2017-03-04", "Video played to 100%": 0.0, "Cost": 0.08, "Interaction Types": ["Clicks"], "Video played to 75%": 0.0, "Video played to 25%": 0.0, "Campaign state": "paused", "Avg. CPE": 0.0, "Account Name": "[W] G1 - WPL - vc360", "Impressions": 1}, {"View rate": 0.0, "Campaign": "Gen-term_MT-W-NV_webgame nhap vai hay-phr", "Unique cookies": "", "Dept": "WPL", "Bid Strategy Type": "cpc", "Views": 0, "Video played to 50%": 0.0, "CTR": 100.0, "Conversions": 1.0, "Account ID": "6493618146", "Clicks": 2, "Interaction Rate": 100.0, "Avg. position": 1.0, "Advertising Channel": "Search", "Advertising Sub Channel": "", "Campaign ID": 718375368, "Avg. CPV": 0.0, "Campaign serving status": "eligible", "Avg. CPM": 170.0, "Invalid clicks": 0, "End date": "", "Avg. Cost": 0.17, "Start date": "2016-12-15", "Mapping": false, "Engagements": 0, "Avg. CPC": 0.17, "Interactions": 2, "Date": "2017-03-04", "Video played to 100%": 0.0, "Cost": 0.34, "Interaction Types": ["Clicks"], "Video played to 75%": 0.0, "Video played to 25%": 0.0, "Campaign state": "paused", "Avg. CPE": 0.0, "Account Name": "[W] G1 - WPL - vc360", "Impressions": 2}, {"View rate": 0.0, "Campaign": "Gen-term_MT-G-KH_game ki\u1ebfm hi\u1ec7p nh\u1eadp vai-phr", "Unique cookies": "", "Dept": "WPL", "Bid Strategy Type": "cpc", "Views": 0, "Video played to 50%": 0.0, "CTR": 66.67, "Conversions": 1.0, "Account ID": "6493618146", "Clicks": 2, "Interaction Rate": 66.67, "Avg. position": 1.3, "Advertising Channel": "Search", "Advertising Sub Channel": "", "Campaign ID": 718375575, "Avg. CPV": 0.0, "Campaign serving status": "eligible", "Avg. CPM": 126.666667, "Invalid clicks": 0, "End date": "", "Avg. Cost": 0.19, "Start date": "2016-12-15", "Mapping": false, "Engagements": 0, "Avg. CPC": 0.19, "Interactions": 2, "Date": "2017-03-04", "Video played to 100%": 0.0, "Cost": 0.38, "Interaction Types": ["Clicks"], "Video played to 75%": 0.0, "Video played to 25%": 0.0, "Campaign state": "paused", "Avg. CPE": 0.0, "Account Name": "[W] G1 - WPL - vc360", "Impressions": 3}, {"View rate": 0.0, "Campaign": "Gen-term_MT-G-PC_game pc chien thuat-bmm", "Unique cookies": "", "Dept": "WPL", "Bid Strategy Type": "cpc", "Views": 0, "Video played to 50%": 0.0, "CTR": 100.0, "Conversions": 0.0, "Account ID": "6493618146", "Clicks": 1, "Interaction Rate": 100.0, "Avg. position": 2.0, "Advertising Channel": "Search", "Advertising Sub Channel": "", "Campaign ID": 718375856, "Avg. CPV": 0.0, "Campaign serving status": "eligible", "Avg. CPM": 270.0, "Invalid clicks": 0, "End date": "", "Avg. Cost": 0.27, "Start date": "2016-12-15", "Mapping": false, "Engagements": 0, "Avg. CPC": 0.27, "Interactions": 1, "Date": "2017-03-04", "Video played to 100%": 0.0, "Cost": 0.27, "Interaction Types": ["Clicks"], "Video played to 75%": 0.0, "Video played to 25%": 0.0, "Campaign state": "paused", "Avg. CPE": 0.0, "Account Name": "[W] G1 - WPL - vc360", "Impressions": 1}, {"View rate": 0.0, "Campaign": "Gen-term_MT-G-KH_game kiem hiep pc-phr", "Unique cookies": "", "Dept": "WPL", "Bid Strategy Type": "cpc", "Views": 0, "Video played to 50%": 0.0, "CTR": 100.0, "Conversions": 1.0, "Account ID": "6493618146", "Clicks": 1, "Interaction Rate": 100.0, "Avg. position": 1.0, "Advertising Channel": "Search", "Advertising Sub Channel": "", "Campaign ID": 718375860, "Avg. CPV": 0.0, "Campaign serving status": "eligible", "Avg. CPM": 310.0, "Invalid clicks": 0, "End date": "", "Avg. Cost": 0.31, "Start date": "2016-12-15", "Mapping": false, "Engagements": 0, "Avg. CPC": 0.31, "Interactions": 1, "Date": "2017-03-04", "Video played to 100%": 0.0, "Cost": 0.31, "Interaction Types": ["Clicks"], "Video played to 75%": 0.0, "Video played to 25%": 0.0, "Campaign state": "paused", "Avg. CPE": 0.0, "Account Name": "[W] G1 - WPL - vc360", "Impressions": 1}, {"View rate": 0.0, "Campaign": "Gen-term_MT-G-VL_game vo lam hay-ex", "Unique cookies": "", "Dept": "WPL", "Bid Strategy Type": "cpc", "Views": 0, "Video played to 50%": 0.0, "CTR": 100.0, "Conversions": 1.0, "Account ID": "6493618146", "Clicks": 1, "Interaction Rate": 100.0, "Avg. position": 1.0, "Advertising Channel": "Search", "Advertising Sub Channel": "", "Campaign ID": 718370106, "Avg. CPV": 0.0, "Campaign serving status": "eligible", "Avg. CPM": 130.0, "Invalid clicks": 0, "End date": "", "Avg. Cost": 0.13, "Start date": "2016-12-15", "Mapping": false, "Engagements": 0, "Avg. CPC": 0.13, "Interactions": 1, "Date": "2017-03-04", "Video played to 100%": 0.0, "Cost": 0.13, "Interaction Types": ["Clicks"], "Video played to 75%": 0.0, "Video played to 25%": 0.0, "Campaign state": "paused", "Avg. CPE": 0.0, "Account Name": "[W] G1 - WPL - vc360", "Impressions": 1}, {"View rate": 0.0, "Campaign": "Gen-term_MT-G-GO_game online hay nhat-phr", "Unique cookies": "", "Dept": "WPL", "Bid Strategy Type": "cpc", "Views": 0, "Video played to 50%": 0.0, "CTR": 20.0, "Conversions": 0.0, "Account ID": "6493618146", "Clicks": 1, "Interaction Rate": 20.0, "Avg. position": 1.2, "Advertising Channel": "Search", "Advertising Sub Channel": "", "Campaign ID": 718371722, "Avg. CPV": 0.0, "Campaign serving status": "eligible", "Avg. CPM": 36.0, "Invalid clicks": 0, "End date": "", "Avg. Cost": 0.18, "Start date": "2016-12-15", "Mapping": false, "Engagements": 0, "Avg. CPC": 0.18, "Interactions": 1, "Date": "2017-03-04", "Video played to 100%": 0.0, "Cost": 0.18, "Interaction Types": ["Clicks"], "Video played to 75%": 0.0, "Video played to 25%": 0.0, "Campaign state": "paused", "Avg. CPE": 0.0, "Account Name": "[W] G1 - WPL - vc360", "Impressions": 5}, {"View rate": 0.0, "Campaign": "Gen-term_MT-W-GO_webgame online moi nhat-bmm", "Unique cookies": "", "Dept": "WPL", "Bid Strategy Type": "cpc", "Views": 0, "Video played to 50%": 0.0, "CTR": 100.0, "Conversions": 1.0, "Account ID": "6493618146", "Clicks": 3, "Interaction Rate": 100.0, "Avg. position": 1.0, "Advertising Channel": "Search", "Advertising Sub Channel": "", "Campaign ID": 718377500, "Avg. CPV": 0.0, "Campaign serving status": "eligible", "Avg. CPM": 350.0, "Invalid clicks": 0, "End date": "", "Avg. Cost": 0.35, "Start date": "2016-12-15", "Mapping": false, "Engagements": 0, "Avg. CPC": 0.35, "Interactions": 3, "Date": "2017-03-04", "Video played to 100%": 0.0, "Cost": 1.05, "Interaction Types": ["Clicks"], "Video played to 75%": 0.0, "Video played to 25%": 0.0, "Campaign state": "paused", "Avg. CPE": 0.0, "Account Name": "[W] G1 - WPL - vc360", "Impressions": 3}, {"View rate": 0.0, "Campaign": "Gen-term_MT-G-3Q_game tam quoc 3q-bmm", "Unique cookies": "", "Dept": "WPL", "Bid Strategy Type": "cpc", "Views": 0, "Video played to 50%": 0.0, "CTR": 25.0, "Conversions": 0.0, "Account ID": "6493618146", "Clicks": 1, "Interaction Rate": 25.0, "Avg. position": 2.0, "Advertising Channel": "Search", "Advertising Sub Channel": "", "Campaign ID": 718379655, "Avg. CPV": 0.0, "Campaign serving status": "eligible", "Avg. CPM": 10.0, "Invalid clicks": 0, "End date": "", "Avg. Cost": 0.04, "Start date": "2016-12-15", "Mapping": false, "Engagements": 0, "Avg. CPC": 0.04, "Interactions": 1, "Date": "2017-03-04", "Video played to 100%": 0.0, "Cost": 0.04, "Interaction Types": ["Clicks"], "Video played to 75%": 0.0, "Video played to 25%": 0.0, "Campaign state": "paused", "Avg. CPE": 0.0, "Account Name": "[W] G1 - WPL - vc360", "Impressions": 4}, {"View rate": 0.0, "Campaign": "Gen-term_MT-G-KH_game kiem hiep hay nhat-bmm", "Unique cookies": "", "Dept": "WPL", "Bid Strategy Type": "cpc", "Views": 0, "Video played to 50%": 0.0, "CTR": 12.5, "Conversions": 0.0, "Account ID": "6493618146", "Clicks": 1, "Interaction Rate": 12.5, "Avg. position": 1.4, "Advertising Channel": "Search", "Advertising Sub Channel": "", "Campaign ID": 718380414, "Avg. CPV": 0.0, "Campaign serving status": "eligible", "Avg. CPM": 37.5, "Invalid clicks": 0, "End date": "", "Avg. Cost": 0.3, "Start date": "2016-12-15", "Mapping": false, "Engagements": 0, "Avg. CPC": 0.3, "Interactions": 1, "Date": "2017-03-04", "Video played to 100%": 0.0, "Cost": 0.3, "Interaction Types": ["Clicks"], "Video played to 75%": 0.0, "Video played to 25%": 0.0, "Campaign state": "paused", "Avg. CPE": 0.0, "Account Name": "[W] G1 - WPL - vc360", "Impressions": 8}, {"View rate": 0.0, "Campaign": "Gen-term_MT-G-TH_game ti\u00ean hi\u1ec7p pc-bmm", "Unique cookies": "", "Dept": "WPL", "Bid Strategy Type": "cpc", "Views": 0, "Video played to 50%": 0.0, "CTR": 100.0, "Conversions": 0.0, "Account ID": "6493618146", "Clicks": 1, "Interaction Rate": 100.0, "Avg. position": 1.0, "Advertising Channel": "Search", "Advertising Sub Channel": "", "Campaign ID": 718380474, "Avg. CPV": 0.0, "Campaign serving status": "eligible", "Avg. CPM": 370.0, "Invalid clicks": 0, "End date": "", "Avg. Cost": 0.37, "Start date": "2016-12-15", "Mapping": false, "Engagements": 0, "Avg. CPC": 0.37, "Interactions": 1, "Date": "2017-03-04", "Video played to 100%": 0.0, "Cost": 0.37, "Interaction Types": ["Clicks"], "Video played to 75%": 0.0, "Video played to 25%": 0.0, "Campaign state": "paused", "Avg. CPE": 0.0, "Account Name": "[W] G1 - WPL - vc360", "Impressions": 1}, {"View rate": 0.0, "Campaign": "Gen-term_MT-G-3D_game 3d client-phr", "Unique cookies": "", "Dept": "WPL", "Bid Strategy Type": "cpc", "Views": 0, "Video played to 50%": 0.0, "CTR": 50.0, "Conversions": 0.0, "Account ID": "6493618146", "Clicks": 1, "Interaction Rate": 50.0, "Avg. position": 1.5, "Advertising Channel": "Search", "Advertising Sub Channel": "", "Campaign ID": 718373441, "Avg. CPV": 0.0, "Campaign serving status": "eligible", "Avg. CPM": 130.0, "Invalid clicks": 0, "End date": "", "Avg. Cost": 0.26, "Start date": "2016-12-15", "Mapping": false, "Engagements": 0, "Avg. CPC": 0.26, "Interactions": 1, "Date": "2017-03-04", "Video played to 100%": 0.0, "Cost": 0.26, "Interaction Types": ["Clicks"], "Video played to 75%": 0.0, "Video played to 25%": 0.0, "Campaign state": "paused", "Avg. CPE": 0.0, "Account Name": "[W] G1 - WPL - vc360", "Impressions": 2}, {"View rate": 0.0, "Campaign": "Gen-term_MT-G-3D_game 3d m\u1edbi nh\u1ea5t-phr", "Unique cookies": "", "Dept": "WPL", "Bid Strategy Type": "cpc", "Views": 0, "Video played to 50%": 0.0, "CTR": 16.67, "Conversions": 1.0, "Account ID": "6493618146", "Clicks": 1, "Interaction Rate": 16.67, "Avg. position": 2.0, "Advertising Channel": "Search", "Advertising Sub Channel": "", "Campaign ID": 718373459, "Avg. CPV": 0.0, "Campaign serving status": "eligible", "Avg. CPM": 25.0, "Invalid clicks": 0, "End date": "", "Avg. Cost": 0.15, "Start date": "2016-12-15", "Mapping": false, "Engagements": 0, "Avg. CPC": 0.15, "Interactions": 1, "Date": "2017-03-04", "Video played to 100%": 0.0, "Cost": 0.15, "Interaction Types": ["Clicks"], "Video played to 75%": 0.0, "Video played to 25%": 0.0, "Campaign state": "paused", "Avg. CPE": 0.0, "Account Name": "[W] G1 - WPL - vc360", "Impressions": 6}, {"View rate": 0.0, "Campaign": "Gen-term_FH-G-GVL_game v\u00f5 l\u00e2m-bmm", "Unique cookies": "", "Dept": "WPL", "Bid Strategy Type": "cpc", "Views": 0, "Video played to 50%": 0.0, "CTR": 25.0, "Conversions": 1.0, "Account ID": "6493618146", "Clicks": 2, "Interaction Rate": 25.0, "Avg. position": 1.3, "Advertising Channel": "Search", "Advertising Sub Channel": "", "Campaign ID": 718373960, "Avg. CPV": 0.0, "Campaign serving status": "eligible", "Avg. CPM": 21.25, "Invalid clicks": 0, "End date": "", "Avg. Cost": 0.085, "Start date": "2016-12-15", "Mapping": false, "Engagements": 0, "Avg. CPC": 0.085, "Interactions": 2, "Date": "2017-03-04", "Video played to 100%": 0.0, "Cost": 0.17, "Interaction Types": ["Clicks"], "Video played to 75%": 0.0, "Video played to 25%": 0.0, "Campaign state": "paused", "Avg. CPE": 0.0, "Account Name": "[W] G1 - WPL - vc360", "Impressions": 8}, {"View rate": 0.0, "Campaign": "Gen-term_FH-G-MT_game m\u00e1y t\u00ednh-bmm", "Unique cookies": "", "Dept": "WPL", "Bid Strategy Type": "cpc", "Views": 0, "Video played to 50%": 0.0, "CTR": 20.0, "Conversions": 0.0, "Account ID": "6493618146", "Clicks": 3, "Interaction Rate": 20.0, "Avg. position": 2.9, "Advertising Channel": "Search", "Advertising Sub Channel": "", "Campaign ID": 718373981, "Avg. CPV": 0.0, "Campaign serving status": "eligible", "Avg. CPM": 14.666667, "Invalid clicks": 0, "End date": "", "Avg. Cost": 0.073333, "Start date": "2016-12-15", "Mapping": false, "Engagements": 0, "Avg. CPC": 0.073333, "Interactions": 3, "Date": "2017-03-04", "Video played to 100%": 0.0, "Cost": 0.22, "Interaction Types": ["Clicks"], "Video played to 75%": 0.0, "Video played to 25%": 0.0, "Campaign state": "paused", "Avg. CPE": 0.0, "Account Name": "[W] G1 - WPL - vc360", "Impressions": 15}, {"View rate": 0.0, "Campaign": "Gen-term_FH-W-MMO_webgame mmorpg-bmm", "Unique cookies": "", "Dept": "WPL", "Bid Strategy Type": "cpc", "Views": 0, "Video played to 50%": 0.0, "CTR": 33.33, "Conversions": 1.0, "Account ID": "6493618146", "Clicks": 1, "Interaction Rate": 33.33, "Avg. position": 1.0, "Advertising Channel": "Search", "Advertising Sub Channel": "", "Campaign ID": 718374161, "Avg. CPV": 0.0, "Campaign serving status": "eligible", "Avg. CPM": 103.333333, "Invalid clicks": 0, "End date": "", "Avg. Cost": 0.31, "Start date": "2016-12-15", "Mapping": false, "Engagements": 0, "Avg. CPC": 0.31, "Interactions": 1, "Date": "2017-03-04", "Video played to 100%": 0.0, "Cost": 0.31, "Interaction Types": ["Clicks"], "Video played to 75%": 0.0, "Video played to 25%": 0.0, "Campaign state": "paused", "Avg. CPE": 0.0, "Account Name": "[W] G1 - WPL - vc360", "Impressions": 3}, {"View rate": 0.0, "Campaign": "Gen-term_MT-G-GO_game online moi nhat-bmm", "Unique cookies": "", "Dept": "WPL", "Bid Strategy Type": "cpc", "Views": 0, "Video played to 50%": 0.0, "CTR": 40.0, "Conversions": 1.0, "Account ID": "6493618146", "Clicks": 2, "Interaction Rate": 40.0, "Avg. position": 1.2, "Advertising Channel": "Search", "Advertising Sub Channel": "", "Campaign ID": 718376096, "Avg. CPV": 0.0, "Campaign serving status": "eligible", "Avg. CPM": 58.0, "Invalid clicks": 0, "End date": "", "Avg. Cost": 0.145, "Start date": "2016-12-15", "Mapping": false, "Engagements": 0, "Avg. CPC": 0.145, "Interactions": 2, "Date": "2017-03-04", "Video played to 100%": 0.0, "Cost": 0.29, "Interaction Types": ["Clicks"], "Video played to 75%": 0.0, "Video played to 25%": 0.0, "Campaign state": "paused", "Avg. CPE": 0.0, "Account Name": "[W] G1 - WPL - vc360", "Impressions": 5}, {"View rate": 0.0, "Campaign": "Gen-term_MT-G-CLIENT_game client ki\u1ebfm hi\u1ec7p-bmm", "Unique cookies": "", "Dept": "WPL", "Bid Strategy Type": "cpc", "Views": 0, "Video played to 50%": 0.0, "CTR": 50.0, "Conversions": 0.0, "Account ID": "6493618146", "Clicks": 1, "Interaction Rate": 50.0, "Avg. position": 1.0, "Advertising Channel": "Search", "Advertising Sub Channel": "", "Campaign ID": 718376117, "Avg. CPV": 0.0, "Campaign serving status": "eligible", "Avg. CPM": 70.0, "Invalid clicks": 0, "End date": "", "Avg. Cost": 0.14, "Start date": "2016-12-15", "Mapping": false, "Engagements": 0, "Avg. CPC": 0.14, "Interactions": 1, "Date": "2017-03-04", "Video played to 100%": 0.0, "Cost": 0.14, "Interaction Types": ["Clicks"], "Video played to 75%": 0.0, "Video played to 25%": 0.0, "Campaign state": "paused", "Avg. CPE": 0.0, "Account Name": "[W] G1 - WPL - vc360", "Impressions": 2}, {"View rate": 0.0, "Campaign": "Gen-term_MT-G-G16_game 2016 mmorpg-bmm", "Unique cookies": "", "Dept": "WPL", "Bid Strategy Type": "cpc", "Views": 0, "Video played to 50%": 0.0, "CTR": 50.0, "Conversions": 0.0, "Account ID": "6493618146", "Clicks": 1, "Interaction Rate": 50.0, "Avg. position": 1.0, "Advertising Channel": "Search", "Advertising Sub Channel": "", "Campaign ID": 718382808, "Avg. CPV": 0.0, "Campaign serving status": "eligible", "Avg. CPM": 130.0, "Invalid clicks": 0, "End date": "", "Avg. Cost": 0.26, "Start date": "2016-12-15", "Mapping": false, "Engagements": 0, "Avg. CPC": 0.26, "Interactions": 1, "Date": "2017-03-04", "Video played to 100%": 0.0, "Cost": 0.26, "Interaction Types": ["Clicks"], "Video played to 75%": 0.0, "Video played to 25%": 0.0, "Campaign state": "paused", "Avg. CPE": 0.0, "Account Name": "[W] G1 - WPL - vc360", "Impressions": 2}, {"View rate": 0.0, "Campaign": "Gen-term_MT-G-3D_game 3d online-phr", "Unique cookies": "", "Dept": "WPL", "Bid Strategy Type": "cpc", "Views": 0, "Video played to 50%": 0.0, "CTR": 20.0, "Conversions": 1.0, "Account ID": "6493618146", "Clicks": 1, "Interaction Rate": 20.0, "Avg. position": 1.0, "Advertising Channel": "Search", "Advertising Sub Channel": "", "Campaign ID": 718373438, "Avg. CPV": 0.0, "Campaign serving status": "eligible", "Avg. CPM": 38.0, "Invalid clicks": 0, "End date": "", "Avg. Cost": 0.19, "Start date": "2016-12-15", "Mapping": false, "Engagements": 0, "Avg. CPC": 0.19, "Interactions": 1, "Date": "2017-03-04", "Video played to 100%": 0.0, "Cost": 0.19, "Interaction Types": ["Clicks"], "Video played to 75%": 0.0, "Video played to 25%": 0.0, "Campaign state": "paused", "Avg. CPE": 0.0, "Account Name": "[W] G1 - WPL - vc360", "Impressions": 5}, {"View rate": 0.0, "Campaign": "Gen-term_MT-G-KH_game kiem hiep m\u1edbi nh\u1ea5t-bmm", "Unique cookies": "", "Dept": "WPL", "Bid Strategy Type": "cpc", "Views": 0, "Video played to 50%": 0.0, "CTR": 100.0, "Conversions": 2.0, "Account ID": "6493618146", "Clicks": 3, "Interaction Rate": 100.0, "Avg. position": 1.0, "Advertising Channel": "Search", "Advertising Sub Channel": "", "Campaign ID": 718380402, "Avg. CPV": 0.0, "Campaign serving status": "eligible", "Avg. CPM": 210.0, "Invalid clicks": 0, "End date": "", "Avg. Cost": 0.21, "Start date": "2016-12-15", "Mapping": false, "Engagements": 0, "Avg. CPC": 0.21, "Interactions": 3, "Date": "2017-03-04", "Video played to 100%": 0.0, "Cost": 0.63, "Interaction Types": ["Clicks"], "Video played to 75%": 0.0, "Video played to 25%": 0.0, "Campaign state": "paused", "Avg. CPE": 0.0, "Account Name": "[W] G1 - WPL - vc360", "Impressions": 3}, {"View rate": 0.0, "Campaign": "Gen-term_MT-W-KH_webgame ki\u1ebfm hi\u1ec7p m\u1edbi-bmm", "Unique cookies": "", "Dept": "WPL", "Bid Strategy Type": "cpc", "Views": 0, "Video played to 50%": 0.0, "CTR": 100.0, "Conversions": 0.0, "Account ID": "6493618146", "Clicks": 1, "Interaction Rate": 100.0, "Avg. position": 1.0, "Advertising Channel": "Search", "Advertising Sub Channel": "", "Campaign ID": 718381872, "Avg. CPV": 0.0, "Campaign serving status": "eligible", "Avg. CPM": 280.0, "Invalid clicks": 0, "End date": "", "Avg. Cost": 0.28, "Start date": "2016-12-15", "Mapping": false, "Engagements": 0, "Avg. CPC": 0.28, "Interactions": 1, "Date": "2017-03-04", "Video played to 100%": 0.0, "Cost": 0.28, "Interaction Types": ["Clicks"], "Video played to 75%": 0.0, "Video played to 25%": 0.0, "Campaign state": "paused", "Avg. CPE": 0.0, "Account Name": "[W] G1 - WPL - vc360", "Impressions": 1}, {"View rate": 0.0, "Campaign": "Gen-term_MT-G-PC_game pc hay-bmm", "Unique cookies": "", "Dept": "WPL", "Bid Strategy Type": "cpc", "Views": 0, "Video played to 50%": 0.0, "CTR": 14.29, "Conversions": 0.0, "Account ID": "6493618146", "Clicks": 1, "Interaction Rate": 14.29, "Avg. position": 1.4, "Advertising Channel": "Search", "Advertising Sub Channel": "", "Campaign ID": 718375892, "Avg. CPV": 0.0, "Campaign serving status": "eligible", "Avg. CPM": 25.714286, "Invalid clicks": 0, "End date": "", "Avg. Cost": 0.18, "Start date": "2016-12-15", "Mapping": false, "Engagements": 0, "Avg. CPC": 0.18, "Interactions": 1, "Date": "2017-03-04", "Video played to 100%": 0.0, "Cost": 0.18, "Interaction Types": ["Clicks"], "Video played to 75%": 0.0, "Video played to 25%": 0.0, "Campaign state": "paused", "Avg. CPE": 0.0, "Account Name": "[W] G1 - WPL - vc360", "Impressions": 7}, {"View rate": 0.0, "Campaign": "Gen-term_MT-G-MT_game m\u00e1y t\u00ednh 3d-bmm", "Unique cookies": "", "Dept": "WPL", "Bid Strategy Type": "cpc", "Views": 0, "Video played to 50%": 0.0, "CTR": 28.57, "Conversions": 0.0, "Account ID": "6493618146", "Clicks": 2, "Interaction Rate": 28.57, "Avg. position": 1.1, "Advertising Channel": "Search", "Advertising Sub Channel": "", "Campaign ID": 718376375, "Avg. CPV": 0.0, "Campaign serving status": "eligible", "Avg. CPM": 44.285714, "Invalid clicks": 0, "End date": "", "Avg. Cost": 0.155, "Start date": "2016-12-15", "Mapping": false, "Engagements": 0, "Avg. CPC": 0.155, "Interactions": 2, "Date": "2017-03-04", "Video played to 100%": 0.0, "Cost": 0.31, "Interaction Types": ["Clicks"], "Video played to 75%": 0.0, "Video played to 25%": 0.0, "Campaign state": "paused", "Avg. CPE": 0.0, "Account Name": "[W] G1 - WPL - vc360", "Impressions": 7}, {"View rate": 0.0, "Campaign": "Gen-term_MT-G-TT_game tr\u1ef1c tuy\u1ebfn 3d-bmm", "Unique cookies": "", "Dept": "WPL", "Bid Strategy Type": "cpc", "Views": 0, "Video played to 50%": 0.0, "CTR": 25.0, "Conversions": 0.0, "Account ID": "6493618146", "Clicks": 2, "Interaction Rate": 25.0, "Avg. position": 1.3, "Advertising Channel": "Search", "Advertising Sub Channel": "", "Campaign ID": 718376789, "Avg. CPV": 0.0, "Campaign serving status": "eligible", "Avg. CPM": 61.25, "Invalid clicks": 0, "End date": "", "Avg. Cost": 0.245, "Start date": "2016-12-15", "Mapping": false, "Engagements": 0, "Avg. CPC": 0.245, "Interactions": 2, "Date": "2017-03-04", "Video played to 100%": 0.0, "Cost": 0.49, "Interaction Types": ["Clicks"], "Video played to 75%": 0.0, "Video played to 25%": 0.0, "Campaign state": "paused", "Avg. CPE": 0.0, "Account Name": "[W] G1 - WPL - vc360", "Impressions": 8}, {"View rate": 0.0, "Campaign": "Gen-term_MT-G-GO_game online chi\u1ebfn thu\u1eadt-phr", "Unique cookies": "", "Dept": "WPL", "Bid Strategy Type": "cpc", "Views": 0, "Video played to 50%": 0.0, "CTR": 50.0, "Conversions": 0.0, "Account ID": "6493618146", "Clicks": 1, "Interaction Rate": 50.0, "Avg. position": 1.0, "Advertising Channel": "Search", "Advertising Sub Channel": "", "Campaign ID": 718377588, "Avg. CPV": 0.0, "Campaign serving status": "eligible", "Avg. CPM": 125.0, "Invalid clicks": 0, "End date": "", "Avg. Cost": 0.25, "Start date": "2016-12-15", "Mapping": false, "Engagements": 0, "Avg. CPC": 0.25, "Interactions": 1, "Date": "2017-03-04", "Video played to 100%": 0.0, "Cost": 0.25, "Interaction Types": ["Clicks"], "Video played to 75%": 0.0, "Video played to 25%": 0.0, "Campaign state": "paused", "Avg. CPE": 0.0, "Account Name": "[W] G1 - WPL - vc360", "Impressions": 2}, {"View rate": 0.0, "Campaign": "Gen-term_FH-WG-BM-MOR", "Unique cookies": "", "Dept": "WPL", "Bid Strategy Type": "cpc", "Views": 0, "Video played to 50%": 0.0, "CTR": 13.24, "Conversions": 10.0, "Account ID": "6493618146", "Clicks": 74, "Interaction Rate": 13.24, "Avg. position": 1.7, "Advertising Channel": "Search", "Advertising Sub Channel": "", "Campaign ID": 718378202, "Avg. CPV": 0.0, "Campaign serving status": "eligible", "Avg. CPM": 6.261181, "Invalid clicks": 2, "End date": "", "Avg. Cost": 0.047297, "Start date": "2016-12-15", "Mapping": false, "Engagements": 0, "Avg. CPC": 0.047297, "Interactions": 74, "Date": "2017-03-04", "Video played to 100%": 0.0, "Cost": 3.5, "Interaction Types": ["Clicks"], "Video played to 75%": 0.0, "Video played to 25%": 0.0, "Campaign state": "paused", "Avg. CPE": 0.0, "Account Name": "[W] G1 - WPL - vc360", "Impressions": 559}, {"View rate": 0.0, "Campaign": "Gen-term_360Game-BM-Mor", "Unique cookies": "", "Dept": "WPL", "Bid Strategy Type": "cpc", "Views": 0, "Video played to 50%": 0.0, "CTR": 22.79, "Conversions": 10.0, "Account ID": "6493618146", "Clicks": 129, "Interaction Rate": 22.79, "Avg. position": 1.2, "Advertising Channel": "Search", "Advertising Sub Channel": "", "Campaign ID": 718378223, "Avg. CPV": 0.0, "Campaign serving status": "eligible", "Avg. CPM": 6.183746, "Invalid clicks": 2, "End date": "", "Avg. Cost": 0.027132, "Start date": "2016-12-15", "Mapping": false, "Engagements": 0, "Avg. CPC": 0.027132, "Interactions": 129, "Date": "2017-03-04", "Video played to 100%": 0.0, "Cost": 3.5, "Interaction Types": ["Clicks"], "Video played to 75%": 0.0, "Video played to 25%": 0.0, "Campaign state": "paused", "Avg. CPE": 0.0, "Account Name": "[W] G1 - WPL - vc360", "Impressions": 566}, {"View rate": 0.0, "Campaign": "Gen-term_MT-G-VL_game v\u00f5 l\u00e2m m\u1edbi nh\u1ea5t-bmm", "Unique cookies": "", "Dept": "WPL", "Bid Strategy Type": "cpc", "Views": 0, "Video played to 50%": 0.0, "CTR": 100.0, "Conversions": 0.0, "Account ID": "6493618146", "Clicks": 2, "Interaction Rate": 100.0, "Avg. position": 1.0, "Advertising Channel": "Search", "Advertising Sub Channel": "", "Campaign ID": 718381134, "Avg. CPV": 0.0, "Campaign serving status": "eligible", "Avg. CPM": 190.0, "Invalid clicks": 0, "End date": "", "Avg. Cost": 0.19, "Start date": "2016-12-15", "Mapping": false, "Engagements": 0, "Avg. CPC": 0.19, "Interactions": 2, "Date": "2017-03-04", "Video played to 100%": 0.0, "Cost": 0.38, "Interaction Types": ["Clicks"], "Video played to 75%": 0.0, "Video played to 25%": 0.0, "Campaign state": "paused", "Avg. CPE": 0.0, "Account Name": "[W] G1 - WPL - vc360", "Impressions": 2}, {"View rate": 0.0, "Campaign": "Gen-term_MT-G-KH_game kiem hiep online-phr", "Unique cookies": "", "Dept": "WPL", "Bid Strategy Type": "cpc", "Views": 0, "Video played to 50%": 0.0, "CTR": 20.0, "Conversions": 0.0, "Account ID": "6493618146", "Clicks": 1, "Interaction Rate": 20.0, "Avg. position": 1.4, "Advertising Channel": "Search", "Advertising Sub Channel": "", "Campaign ID": 718375863, "Avg. CPV": 0.0, "Campaign serving status": "eligible", "Avg. CPM": 24.0, "Invalid clicks": 0, "End date": "", "Avg. Cost": 0.12, "Start date": "2016-12-15", "Mapping": false, "Engagements": 0, "Avg. CPC": 0.12, "Interactions": 1, "Date": "2017-03-04", "Video played to 100%": 0.0, "Cost": 0.12, "Interaction Types": ["Clicks"], "Video played to 75%": 0.0, "Video played to 25%": 0.0, "Campaign state": "paused", "Avg. CPE": 0.0, "Account Name": "[W] G1 - WPL - vc360", "Impressions": 5}, {"View rate": 0.0, "Campaign": "Gen-term_MT-G-KH_game kiem hiep 3d-phr", "Unique cookies": "", "Dept": "WPL", "Bid Strategy Type": "cpc", "Views": 0, "Video played to 50%": 0.0, "CTR": 25.0, "Conversions": 0.0, "Account ID": "6493618146", "Clicks": 1, "Interaction Rate": 25.0, "Avg. position": 1.5, "Advertising Channel": "Search", "Advertising Sub Channel": "", "Campaign ID": 718375884, "Avg. CPV": 0.0, "Campaign serving status": "eligible", "Avg. CPM": 50.0, "Invalid clicks": 0, "End date": "", "Avg. Cost": 0.2, "Start date": "2016-12-15", "Mapping": false, "Engagements": 0, "Avg. CPC": 0.2, "Interactions": 1, "Date": "2017-03-04", "Video played to 100%": 0.0, "Cost": 0.2, "Interaction Types": ["Clicks"], "Video played to 75%": 0.0, "Video played to 25%": 0.0, "Campaign state": "paused", "Avg. CPE": 0.0, "Account Name": "[W] G1 - WPL - vc360", "Impressions": 4}, {"View rate": 0.0, "Campaign": "Gen-term_MT-G-G16_game 2016 hay nhat-bmm", "Unique cookies": "", "Dept": "WPL", "Bid Strategy Type": "cpc", "Views": 0, "Video played to 50%": 0.0, "CTR": 22.22, "Conversions": 0.0, "Account ID": "6493618146", "Clicks": 2, "Interaction Rate": 22.22, "Avg. position": 1.4, "Advertising Channel": "Search", "Advertising Sub Channel": "", "Campaign ID": 718382850, "Avg. CPV": 0.0, "Campaign serving status": "eligible", "Avg. CPM": 30.0, "Invalid clicks": 0, "End date": "", "Avg. Cost": 0.135, "Start date": "2016-12-15", "Mapping": false, "Engagements": 0, "Avg. CPC": 0.135, "Interactions": 2, "Date": "2017-03-04", "Video played to 100%": 0.0, "Cost": 0.27, "Interaction Types": ["Clicks"], "Video played to 75%": 0.0, "Video played to 25%": 0.0, "Campaign state": "paused", "Avg. CPE": 0.0, "Account Name": "[W] G1 - WPL - vc360", "Impressions": 9}, {"View rate": 0.0, "Campaign": "Gen-term_FH-GO-BMM-MOR", "Unique cookies": "", "Dept": "WPL", "Bid Strategy Type": "cpc", "Views": 0, "Video played to 50%": 0.0, "CTR": 12.24, "Conversions": 1.0, "Account ID": "6493618146", "Clicks": 6, "Interaction Rate": 12.24, "Avg. position": 2.3, "Advertising Channel": "Search", "Advertising Sub Channel": "", "Campaign ID": 718383750, "Avg. CPV": 0.0, "Campaign serving status": "eligible", "Avg. CPM": 7.55102, "Invalid clicks": 1, "End date": "", "Avg. Cost": 0.061667, "Start date": "2016-12-15", "Mapping": false, "Engagements": 0, "Avg. CPC": 0.061667, "Interactions": 6, "Date": "2017-03-04", "Video played to 100%": 0.0, "Cost": 0.37, "Interaction Types": ["Clicks"], "Video played to 75%": 0.0, "Video played to 25%": 0.0, "Campaign state": "paused", "Avg. CPE": 0.0, "Account Name": "[W] G1 - WPL - vc360", "Impressions": 49}, {"View rate": 0.0, "Campaign": "Gen-term_MT-G-3D_game 3d hay nh\u1ea5t-bmm", "Unique cookies": "", "Dept": "WPL", "Bid Strategy Type": "cpc", "Views": 0, "Video played to 50%": 0.0, "CTR": 11.11, "Conversions": 0.0, "Account ID": "6493618146", "Clicks": 1, "Interaction Rate": 11.11, "Avg. position": 2.1, "Advertising Channel": "Search", "Advertising Sub Channel": "", "Campaign ID": 718382535, "Avg. CPV": 0.0, "Campaign serving status": "eligible", "Avg. CPM": 15.555556, "Invalid clicks": 0, "End date": "", "Avg. Cost": 0.14, "Start date": "2016-12-15", "Mapping": false, "Engagements": 0, "Avg. CPC": 0.14, "Interactions": 1, "Date": "2017-03-04", "Video played to 100%": 0.0, "Cost": 0.14, "Interaction Types": ["Clicks"], "Video played to 75%": 0.0, "Video played to 25%": 0.0, "Campaign state": "paused", "Avg. CPE": 0.0, "Account Name": "[W] G1 - WPL - vc360", "Impressions": 9}, {"View rate": 0.0, "Campaign": "Competitor-term_Tram Ma", "Unique cookies": "", "Dept": "WPL", "Bid Strategy Type": "cpc", "Views": 0, "Video played to 50%": 0.0, "CTR": 33.33, "Conversions": 0.0, "Account ID": "6493618146", "Clicks": 1, "Interaction Rate": 33.33, "Avg. position": 1.0, "Advertising Channel": "Search", "Advertising Sub Channel": "", "Campaign ID": 718383597, "Avg. CPV": 0.0, "Campaign serving status": "eligible", "Avg. CPM": 10.0, "Invalid clicks": 0, "End date": "", "Avg. Cost": 0.03, "Start date": "2016-12-15", "Mapping": false, "Engagements": 0, "Avg. CPC": 0.03, "Interactions": 1, "Date": "2017-03-04", "Video played to 100%": 0.0, "Cost": 0.03, "Interaction Types": ["Clicks"], "Video played to 75%": 0.0, "Video played to 25%": 0.0, "Campaign state": "enabled", "Avg. CPE": 0.0, "Account Name": "[W] G1 - WPL - vc360", "Impressions": 3}, {"View rate": 0.0, "Campaign": "Gen-term_FH-Game-Phrase-MOR", "Unique cookies": "", "Dept": "WPL", "Bid Strategy Type": "cpc", "Views": 0, "Video played to 50%": 0.0, "CTR": 13.16, "Conversions": 2.0, "Account ID": "6493618146", "Clicks": 15, "Interaction Rate": 13.16, "Avg. position": 1.6, "Advertising Channel": "Search", "Advertising Sub Channel": "", "Campaign ID": 718383738, "Avg. CPV": 0.0, "Campaign serving status": "eligible", "Avg. CPM": 2.719298, "Invalid clicks": 0, "End date": "", "Avg. Cost": 0.020667, "Start date": "2016-12-15", "Mapping": false, "Engagements": 0, "Avg. CPC": 0.020667, "Interactions": 15, "Date": "2017-03-04", "Video played to 100%": 0.0, "Cost": 0.31, "Interaction Types": ["Clicks"], "Video played to 75%": 0.0, "Video played to 25%": 0.0, "Campaign state": "paused", "Avg. CPE": 0.0, "Account Name": "[W] G1 - WPL - vc360", "Impressions": 114}, {"View rate": 0.0, "Campaign": "Gen-term_MT-G-NV_game nh\u1eadp vai 3d-phr", "Unique cookies": "", "Dept": "WPL", "Bid Strategy Type": "cpc", "Views": 0, "Video played to 50%": 0.0, "CTR": 100.0, "Conversions": 0.0, "Account ID": "6493618146", "Clicks": 1, "Interaction Rate": 100.0, "Avg. position": 1.0, "Advertising Channel": "Search", "Advertising Sub Channel": "", "Campaign ID": 718369145, "Avg. CPV": 0.0, "Campaign serving status": "eligible", "Avg. CPM": 180.0, "Invalid clicks": 0, "End date": "", "Avg. Cost": 0.18, "Start date": "2016-12-15", "Mapping": false, "Engagements": 0, "Avg. CPC": 0.18, "Interactions": 1, "Date": "2017-03-04", "Video played to 100%": 0.0, "Cost": 0.18, "Interaction Types": ["Clicks"], "Video played to 75%": 0.0, "Video played to 25%": 0.0, "Campaign state": "paused", "Avg. CPE": 0.0, "Account Name": "[W] G1 - WPL - vc360", "Impressions": 1}, {"View rate": 0.0, "Campaign": "Gen-term_FH-Game-BMM-MOR", "Unique cookies": "", "Dept": "WPL", "Bid Strategy Type": "cpc", "Views": 0, "Video played to 50%": 0.0, "CTR": 10.0, "Conversions": 0.0, "Account ID": "6493618146", "Clicks": 1, "Interaction Rate": 10.0, "Avg. position": 2.4, "Advertising Channel": "Search", "Advertising Sub Channel": "", "Campaign ID": 718383744, "Avg. CPV": 0.0, "Campaign serving status": "eligible", "Avg. CPM": 10.0, "Invalid clicks": 0, "End date": "", "Avg. Cost": 0.1, "Start date": "2016-12-15", "Mapping": false, "Engagements": 0, "Avg. CPC": 0.1, "Interactions": 1, "Date": "2017-03-04", "Video played to 100%": 0.0, "Cost": 0.1, "Interaction Types": ["Clicks"], "Video played to 75%": 0.0, "Video played to 25%": 0.0, "Campaign state": "paused", "Avg. CPE": 0.0, "Account Name": "[W] G1 - WPL - vc360", "Impressions": 10}, {"View rate": 0.0, "Campaign": "Gen-term_MT-W-CT_webgame chien thuat moi nhat-bmm", "Unique cookies": "", "Dept": "WPL", "Bid Strategy Type": "cpc", "Views": 0, "Video played to 50%": 0.0, "CTR": 33.33, "Conversions": 0.0, "Account ID": "6493618146", "Clicks": 1, "Interaction Rate": 33.33, "Avg. position": 1.0, "Advertising Channel": "Search", "Advertising Sub Channel": "", "Campaign ID": 718378689, "Avg. CPV": 0.0, "Campaign serving status": "eligible", "Avg. CPM": 123.333333, "Invalid clicks": 0, "End date": "", "Avg. Cost": 0.37, "Start date": "2016-12-15", "Mapping": false, "Engagements": 0, "Avg. CPC": 0.37, "Interactions": 1, "Date": "2017-03-04", "Video played to 100%": 0.0, "Cost": 0.37, "Interaction Types": ["Clicks"], "Video played to 75%": 0.0, "Video played to 25%": 0.0, "Campaign state": "paused", "Avg. CPE": 0.0, "Account Name": "[W] G1 - WPL - vc360", "Impressions": 3}, {"View rate": 0.0, "Campaign": "Gen-term_MT-G-3D_game 3d hay nhat-phr", "Unique cookies": "", "Dept": "WPL", "Bid Strategy Type": "cpc", "Views": 0, "Video played to 50%": 0.0, "CTR": 50.0, "Conversions": 0.0, "Account ID": "6493618146", "Clicks": 1, "Interaction Rate": 50.0, "Avg. position": 1.0, "Advertising Channel": "Search", "Advertising Sub Channel": "", "Campaign ID": 718373471, "Avg. CPV": 0.0, "Campaign serving status": "eligible", "Avg. CPM": 40.0, "Invalid clicks": 0, "End date": "", "Avg. Cost": 0.08, "Start date": "2016-12-15", "Mapping": false, "Engagements": 0, "Avg. CPC": 0.08, "Interactions": 1, "Date": "2017-03-04", "Video played to 100%": 0.0, "Cost": 0.08, "Interaction Types": ["Clicks"], "Video played to 75%": 0.0, "Video played to 25%": 0.0, "Campaign state": "paused", "Avg. CPE": 0.0, "Account Name": "[W] G1 - WPL - vc360", "Impressions": 2}, {"View rate": 0.0, "Campaign": "Gen-term_MT-W-3D_webgame 3d nhap vai-ex", "Unique cookies": "", "Dept": "WPL", "Bid Strategy Type": "cpc", "Views": 0, "Video played to 50%": 0.0, "CTR": 100.0, "Conversions": 1.0, "Account ID": "6493618146", "Clicks": 1, "Interaction Rate": 100.0, "Avg. position": 1.0, "Advertising Channel": "Search", "Advertising Sub Channel": "", "Campaign ID": 718373481, "Avg. CPV": 0.0, "Campaign serving status": "eligible", "Avg. CPM": 140.0, "Invalid clicks": 0, "End date": "", "Avg. Cost": 0.14, "Start date": "2016-12-15", "Mapping": false, "Engagements": 0, "Avg. CPC": 0.14, "Interactions": 1, "Date": "2017-03-04", "Video played to 100%": 0.0, "Cost": 0.14, "Interaction Types": ["Clicks"], "Video played to 75%": 0.0, "Video played to 25%": 0.0, "Campaign state": "paused", "Avg. CPE": 0.0, "Account Name": "[W] G1 - WPL - vc360", "Impressions": 1}, {"View rate": 0.0, "Campaign": "Gen-term_FH-G-3D_game 3d-bmm", "Unique cookies": "", "Dept": "WPL", "Bid Strategy Type": "cpc", "Views": 0, "Video played to 50%": 0.0, "CTR": 1.61, "Conversions": 0.0, "Account ID": "6493618146", "Clicks": 1, "Interaction Rate": 1.61, "Avg. position": 4.5, "Advertising Channel": "Search", "Advertising Sub Channel": "", "Campaign ID": 718373996, "Avg. CPV": 0.0, "Campaign serving status": "eligible", "Avg. CPM": 1.129032, "Invalid clicks": 0, "End date": "", "Avg. Cost": 0.07, "Start date": "2016-12-15", "Mapping": false, "Engagements": 0, "Avg. CPC": 0.07, "Interactions": 1, "Date": "2017-03-04", "Video played to 100%": 0.0, "Cost": 0.07, "Interaction Types": ["Clicks"], "Video played to 75%": 0.0, "Video played to 25%": 0.0, "Campaign state": "paused", "Avg. CPE": 0.0, "Account Name": "[W] G1 - WPL - vc360", "Impressions": 62}, {"View rate": 0.0, "Campaign": "Gen-term_FH-G-NEW_game m\u1edbi nh\u1ea5t-bmm", "Unique cookies": "", "Dept": "WPL", "Bid Strategy Type": "cpc", "Views": 0, "Video played to 50%": 0.0, "CTR": 14.29, "Conversions": 0.0, "Account ID": "6493618146", "Clicks": 1, "Interaction Rate": 14.29, "Avg. position": 2.0, "Advertising Channel": "Search", "Advertising Sub Channel": "", "Campaign ID": 718374128, "Avg. CPV": 0.0, "Campaign serving status": "eligible", "Avg. CPM": 8.571429, "Invalid clicks": 0, "End date": "", "Avg. Cost": 0.06, "Start date": "2016-12-15", "Mapping": false, "Engagements": 0, "Avg. CPC": 0.06, "Interactions": 1, "Date": "2017-03-04", "Video played to 100%": 0.0, "Cost": 0.06, "Interaction Types": ["Clicks"], "Video played to 75%": 0.0, "Video played to 25%": 0.0, "Campaign state": "paused", "Avg. CPE": 0.0, "Account Name": "[W] G1 - WPL - vc360", "Impressions": 7}, {"View rate": 0.0, "Campaign": "Gen-term_FH-W-NV_webgame nhap vai-bmm", "Unique cookies": "", "Dept": "WPL", "Bid Strategy Type": "cpc", "Views": 0, "Video played to 50%": 0.0, "CTR": 25.0, "Conversions": 0.0, "Account ID": "6493618146", "Clicks": 1, "Interaction Rate": 25.0, "Avg. position": 1.5, "Advertising Channel": "Search", "Advertising Sub Channel": "", "Campaign ID": 718374146, "Avg. CPV": 0.0, "Campaign serving status": "eligible", "Avg. CPM": 27.5, "Invalid clicks": 0, "End date": "", "Avg. Cost": 0.11, "Start date": "2016-12-15", "Mapping": false, "Engagements": 0, "Avg. CPC": 0.11, "Interactions": 1, "Date": "2017-03-04", "Video played to 100%": 0.0, "Cost": 0.11, "Interaction Types": ["Clicks"], "Video played to 75%": 0.0, "Video played to 25%": 0.0, "Campaign state": "paused", "Avg. CPE": 0.0, "Account Name": "[W] G1 - WPL - vc360", "Impressions": 4}, {"View rate": 0.0, "Campaign": "Gen-term_FH-G-GVL_game vo lam-bmm", "Unique cookies": "", "Dept": "WPL", "Bid Strategy Type": "cpc", "Views": 0, "Video played to 50%": 0.0, "CTR": 50.0, "Conversions": 1.0, "Account ID": "6493618146", "Clicks": 1, "Interaction Rate": 50.0, "Avg. position": 2.0, "Advertising Channel": "Search", "Advertising Sub Channel": "", "Campaign ID": 718373963, "Avg. CPV": 0.0, "Campaign serving status": "eligible", "Avg. CPM": 100.0, "Invalid clicks": 0, "End date": "", "Avg. Cost": 0.2, "Start date": "2016-12-15", "Mapping": false, "Engagements": 0, "Avg. CPC": 0.2, "Interactions": 1, "Date": "2017-03-04", "Video played to 100%": 0.0, "Cost": 0.2, "Interaction Types": ["Clicks"], "Video played to 75%": 0.0, "Video played to 25%": 0.0, "Campaign state": "paused", "Avg. CPE": 0.0, "Account Name": "[W] G1 - WPL - vc360", "Impressions": 2}, {"View rate": 0.0, "Campaign": "Gen-term_MT-G-NV_game nhap vai client-bmm", "Unique cookies": "", "Dept": "WPL", "Bid Strategy Type": "cpc", "Views": 0, "Video played to 50%": 0.0, "CTR": 100.0, "Conversions": 0.0, "Account ID": "6493618146", "Clicks": 1, "Interaction Rate": 100.0, "Avg. position": 1.0, "Advertising Channel": "Search", "Advertising Sub Channel": "", "Campaign ID": 718374617, "Avg. CPV": 0.0, "Campaign serving status": "eligible", "Avg. CPM": 370.0, "Invalid clicks": 0, "End date": "", "Avg. Cost": 0.37, "Start date": "2016-12-15", "Mapping": false, "Engagements": 0, "Avg. CPC": 0.37, "Interactions": 1, "Date": "2017-03-04", "Video played to 100%": 0.0, "Cost": 0.37, "Interaction Types": ["Clicks"], "Video played to 75%": 0.0, "Video played to 25%": 0.0, "Campaign state": "paused", "Avg. CPE": 0.0, "Account Name": "[W] G1 - WPL - vc360", "Impressions": 1}, {"View rate": 0.0, "Campaign": "Gen-term_MT-G-G16_game 2016 hay nh\u1ea5t-bmm", "Unique cookies": "", "Dept": "WPL", "Bid Strategy Type": "cpc", "Views": 0, "Video played to 50%": 0.0, "CTR": 10.53, "Conversions": 0.0, "Account ID": "6493618146", "Clicks": 2, "Interaction Rate": 10.53, "Avg. position": 1.4, "Advertising Channel": "Search", "Advertising Sub Channel": "", "Campaign ID": 718382847, "Avg. CPV": 0.0, "Campaign serving status": "eligible", "Avg. CPM": 11.052632, "Invalid clicks": 0, "End date": "", "Avg. Cost": 0.105, "Start date": "2016-12-15", "Mapping": false, "Engagements": 0, "Avg. CPC": 0.105, "Interactions": 2, "Date": "2017-03-04", "Video played to 100%": 0.0, "Cost": 0.21, "Interaction Types": ["Clicks"], "Video played to 75%": 0.0, "Video played to 25%": 0.0, "Campaign state": "paused", "Avg. CPE": 0.0, "Account Name": "[W] G1 - WPL - vc360", "Impressions": 19}, {"View rate": 0.0, "Campaign": "Gen-term_MT-G-PC_game pc ki\u1ebfm hi\u1ec7p-bmm", "Unique cookies": "", "Dept": "WPL", "Bid Strategy Type": "cpc", "Views": 0, "Video played to 50%": 0.0, "CTR": 100.0, "Conversions": 0.0, "Account ID": "6493618146", "Clicks": 1, "Interaction Rate": 100.0, "Avg. position": 1.0, "Advertising Channel": "Search", "Advertising Sub Channel": "", "Campaign ID": 718375823, "Avg. CPV": 0.0, "Campaign serving status": "eligible", "Avg. CPM": 110.0, "Invalid clicks": 0, "End date": "", "Avg. Cost": 0.11, "Start date": "2016-12-15", "Mapping": false, "Engagements": 0, "Avg. CPC": 0.11, "Interactions": 1, "Date": "2017-03-04", "Video played to 100%": 0.0, "Cost": 0.11, "Interaction Types": ["Clicks"], "Video played to 75%": 0.0, "Video played to 25%": 0.0, "Campaign state": "paused", "Avg. CPE": 0.0, "Account Name": "[W] G1 - WPL - vc360", "Impressions": 1}, {"View rate": 0.0, "Campaign": "Gen-term_MT-G-KH_game ki\u1ebfm hi\u1ec7p hay nh\u1ea5t-phr", "Unique cookies": "", "Dept": "WPL", "Bid Strategy Type": "cpc", "Views": 0, "Video played to 50%": 0.0, "CTR": 100.0, "Conversions": 1.0, "Account ID": "6493618146", "Clicks": 1, "Interaction Rate": 100.0, "Avg. position": 1.0, "Advertising Channel": "Search", "Advertising Sub Channel": "", "Campaign ID": 718375677, "Avg. CPV": 0.0, "Campaign serving status": "eligible", "Avg. CPM": 180.0, "Invalid clicks": 0, "End date": "", "Avg. Cost": 0.18, "Start date": "2016-12-15", "Mapping": false, "Engagements": 0, "Avg. CPC": 0.18, "Interactions": 1, "Date": "2017-03-04", "Video played to 100%": 0.0, "Cost": 0.18, "Interaction Types": ["Clicks"], "Video played to 75%": 0.0, "Video played to 25%": 0.0, "Campaign state": "paused", "Avg. CPE": 0.0, "Account Name": "[W] G1 - WPL - vc360", "Impressions": 1}, {"View rate": 0.0, "Campaign": "Gen-term_MT-G-GO_game online tien hiep-bmm", "Unique cookies": "", "Dept": "WPL", "Bid Strategy Type": "cpc", "Views": 0, "Video played to 50%": 0.0, "CTR": 100.0, "Conversions": 0.0, "Account ID": "6493618146", "Clicks": 1, "Interaction Rate": 100.0, "Avg. position": 1.0, "Advertising Channel": "Search", "Advertising Sub Channel": "", "Campaign ID": 718375919, "Avg. CPV": 0.0, "Campaign serving status": "eligible", "Avg. CPM": 170.0, "Invalid clicks": 0, "End date": "", "Avg. Cost": 0.17, "Start date": "2016-12-15", "Mapping": false, "Engagements": 0, "Avg. CPC": 0.17, "Interactions": 1, "Date": "2017-03-04", "Video played to 100%": 0.0, "Cost": 0.17, "Interaction Types": ["Clicks"], "Video played to 75%": 0.0, "Video played to 25%": 0.0, "Campaign state": "paused", "Avg. CPE": 0.0, "Account Name": "[W] G1 - WPL - vc360", "Impressions": 1}, {"View rate": 0.0, "Campaign": "Gen-term_MT-G-TT_game truc tuyen hay-bmm", "Unique cookies": "", "Dept": "WPL", "Bid Strategy Type": "cpc", "Views": 0, "Video played to 50%": 0.0, "CTR": 14.29, "Conversions": 0.0, "Account ID": "6493618146", "Clicks": 1, "Interaction Rate": 14.29, "Avg. position": 1.0, "Advertising Channel": "Search", "Advertising Sub Channel": "", "Campaign ID": 718377014, "Avg. CPV": 0.0, "Campaign serving status": "eligible", "Avg. CPM": 24.285714, "Invalid clicks": 0, "End date": "", "Avg. Cost": 0.17, "Start date": "2016-12-15", "Mapping": false, "Engagements": 0, "Avg. CPC": 0.17, "Interactions": 1, "Date": "2017-03-04", "Video played to 100%": 0.0, "Cost": 0.17, "Interaction Types": ["Clicks"], "Video played to 75%": 0.0, "Video played to 25%": 0.0, "Campaign state": "paused", "Avg. CPE": 0.0, "Account Name": "[W] G1 - WPL - vc360", "Impressions": 7}, {"View rate": 0.0, "Campaign": "Gen-term_MT-G-3Q_game 3q may tinh-bmm", "Unique cookies": "", "Dept": "WPL", "Bid Strategy Type": "cpc", "Views": 0, "Video played to 50%": 0.0, "CTR": 100.0, "Conversions": 0.0, "Account ID": "6493618146", "Clicks": 1, "Interaction Rate": 100.0, "Avg. position": 1.0, "Advertising Channel": "Search", "Advertising Sub Channel": "", "Campaign ID": 718379922, "Avg. CPV": 0.0, "Campaign serving status": "eligible", "Avg. CPM": 270.0, "Invalid clicks": 0, "End date": "", "Avg. Cost": 0.27, "Start date": "2016-12-15", "Mapping": false, "Engagements": 0, "Avg. CPC": 0.27, "Interactions": 1, "Date": "2017-03-04", "Video played to 100%": 0.0, "Cost": 0.27, "Interaction Types": ["Clicks"], "Video played to 75%": 0.0, "Video played to 25%": 0.0, "Campaign state": "paused", "Avg. CPE": 0.0, "Account Name": "[W] G1 - WPL - vc360", "Impressions": 1}, {"View rate": 0.0, "Campaign": "Gen-term_MT-G-GO_game online hay nhat-bmm", "Unique cookies": "", "Dept": "WPL", "Bid Strategy Type": "cpc", "Views": 0, "Video played to 50%": 0.0, "CTR": 14.29, "Conversions": 0.0, "Account ID": "6493618146", "Clicks": 1, "Interaction Rate": 14.29, "Avg. position": 1.9, "Advertising Channel": "Search", "Advertising Sub Channel": "", "Campaign ID": 718376105, "Avg. CPV": 0.0, "Campaign serving status": "eligible", "Avg. CPM": 27.142857, "Invalid clicks": 0, "End date": "", "Avg. Cost": 0.19, "Start date": "2016-12-15", "Mapping": false, "Engagements": 0, "Avg. CPC": 0.19, "Interactions": 1, "Date": "2017-03-04", "Video played to 100%": 0.0, "Cost": 0.19, "Interaction Types": ["Clicks"], "Video played to 75%": 0.0, "Video played to 25%": 0.0, "Campaign state": "paused", "Avg. CPE": 0.0, "Account Name": "[W] G1 - WPL - vc360", "Impressions": 7}, {"View rate": 0.0, "Campaign": "Gen-term_FH-WG-BMM-MOR", "Unique cookies": "", "Dept": "WPL", "Bid Strategy Type": "cpc", "Views": 0, "Video played to 50%": 0.0, "CTR": 13.33, "Conversions": 1.0, "Account ID": "6493618146", "Clicks": 2, "Interaction Rate": 13.33, "Avg. position": 1.9, "Advertising Channel": "Search", "Advertising Sub Channel": "", "Campaign ID": 718378205, "Avg. CPV": 0.0, "Campaign serving status": "eligible", "Avg. CPM": 3.333333, "Invalid clicks": 0, "End date": "", "Avg. Cost": 0.025, "Start date": "2016-12-15", "Mapping": false, "Engagements": 0, "Avg. CPC": 0.025, "Interactions": 2, "Date": "2017-03-04", "Video played to 100%": 0.0, "Cost": 0.05, "Interaction Types": ["Clicks"], "Video played to 75%": 0.0, "Video played to 25%": 0.0, "Campaign state": "paused", "Avg. CPE": 0.0, "Account Name": "[W] G1 - WPL - vc360", "Impressions": 15}, {"View rate": 0.0, "Campaign": "Gen-term_360Play-BM-Mor", "Unique cookies": "", "Dept": "WPL", "Bid Strategy Type": "cpc", "Views": 0, "Video played to 50%": 0.0, "CTR": 29.95, "Conversions": 7.0, "Account ID": "6493618146", "Clicks": 56, "Interaction Rate": 29.95, "Avg. position": 1.2, "Advertising Channel": "Search", "Advertising Sub Channel": "", "Campaign ID": 718378226, "Avg. CPV": 0.0, "Campaign serving status": "eligible", "Avg. CPM": 14.545455, "Invalid clicks": 1, "End date": "", "Avg. Cost": 0.048571, "Start date": "2016-12-15", "Mapping": false, "Engagements": 0, "Avg. CPC": 0.048571, "Interactions": 56, "Date": "2017-03-04", "Video played to 100%": 0.0, "Cost": 2.72, "Interaction Types": ["Clicks"], "Video played to 75%": 0.0, "Video played to 25%": 0.0, "Campaign state": "paused", "Avg. CPE": 0.0, "Account Name": "[W] G1 - WPL - vc360", "Impressions": 187}, {"View rate": 0.0, "Campaign": "Gen-term_MT-G-GO_game online nhap vai-phr", "Unique cookies": "", "Dept": "WPL", "Bid Strategy Type": "cpc", "Views": 0, "Video played to 50%": 0.0, "CTR": 100.0, "Conversions": 0.0, "Account ID": "6493618146", "Clicks": 1, "Interaction Rate": 100.0, "Avg. position": 1.0, "Advertising Channel": "Search", "Advertising Sub Channel": "", "Campaign ID": 718377585, "Avg. CPV": 0.0, "Campaign serving status": "eligible", "Avg. CPM": 90.0, "Invalid clicks": 0, "End date": "", "Avg. Cost": 0.09, "Start date": "2016-12-15", "Mapping": false, "Engagements": 0, "Avg. CPC": 0.09, "Interactions": 1, "Date": "2017-03-04", "Video played to 100%": 0.0, "Cost": 0.09, "Interaction Types": ["Clicks"], "Video played to 75%": 0.0, "Video played to 25%": 0.0, "Campaign state": "paused", "Avg. CPE": 0.0, "Account Name": "[W] G1 - WPL - vc360", "Impressions": 1}, {"View rate": 0.0, "Campaign": "Gen-term_MT-G-CT_game chi\u1ebfn thu\u1eadt hay nhat-bmm", "Unique cookies": "", "Dept": "WPL", "Bid Strategy Type": "cpc", "Views": 0, "Video played to 50%": 0.0, "CTR": 66.67, "Conversions": 1.0, "Account ID": "6493618146", "Clicks": 2, "Interaction Rate": 66.67, "Avg. position": 1.0, "Advertising Channel": "Search", "Advertising Sub Channel": "", "Campaign ID": 718377813, "Avg. CPV": 0.0, "Campaign serving status": "eligible", "Avg. CPM": 173.333333, "Invalid clicks": 0, "End date": "", "Avg. Cost": 0.26, "Start date": "2016-12-15", "Mapping": false, "Engagements": 0, "Avg. CPC": 0.26, "Interactions": 2, "Date": "2017-03-04", "Video played to 100%": 0.0, "Cost": 0.52, "Interaction Types": ["Clicks"], "Video played to 75%": 0.0, "Video played to 25%": 0.0, "Campaign state": "paused", "Avg. CPE": 0.0, "Account Name": "[W] G1 - WPL - vc360", "Impressions": 3}, {"View rate": 0.0, "Campaign": "Gen-term_MT-G-3Q_game tam qu\u1ed1c chi\u1ebfn thu\u1eadt-bmm", "Unique cookies": "", "Dept": "WPL", "Bid Strategy Type": "cpc", "Views": 0, "Video played to 50%": 0.0, "CTR": 14.29, "Conversions": 0.0, "Account ID": "6493618146", "Clicks": 1, "Interaction Rate": 14.29, "Avg. position": 1.1, "Advertising Channel": "Search", "Advertising Sub Channel": "", "Campaign ID": 718379403, "Avg. CPV": 0.0, "Campaign serving status": "eligible", "Avg. CPM": 51.428571, "Invalid clicks": 0, "End date": "", "Avg. Cost": 0.36, "Start date": "2016-12-15", "Mapping": false, "Engagements": 0, "Avg. CPC": 0.36, "Interactions": 1, "Date": "2017-03-04", "Video played to 100%": 0.0, "Cost": 0.36, "Interaction Types": ["Clicks"], "Video played to 75%": 0.0, "Video played to 25%": 0.0, "Campaign state": "paused", "Avg. CPE": 0.0, "Account Name": "[W] G1 - WPL - vc360", "Impressions": 7}, {"View rate": 0.0, "Campaign": "Gen-term_FH-Game-BM-MOR", "Unique cookies": "", "Dept": "WPL", "Bid Strategy Type": "cpc", "Views": 0, "Video played to 50%": 0.0, "CTR": 14.9, "Conversions": 16.0, "Account ID": "6493618146", "Clicks": 86, "Interaction Rate": 14.9, "Avg. position": 1.6, "Advertising Channel": "Search", "Advertising Sub Channel": "", "Campaign ID": 718383741, "Avg. CPV": 0.0, "Campaign serving status": "eligible", "Avg. CPM": 5.92721, "Invalid clicks": 8, "End date": "", "Avg. Cost": 0.039767, "Start date": "2016-12-15", "Mapping": false, "Engagements": 0, "Avg. CPC": 0.039767, "Interactions": 86, "Date": "2017-03-04", "Video played to 100%": 0.0, "Cost": 3.42, "Interaction Types": ["Clicks"], "Video played to 75%": 0.0, "Video played to 25%": 0.0, "Campaign state": "paused", "Avg. CPE": 0.0, "Account Name": "[W] G1 - WPL - vc360", "Impressions": 577}, {"View rate": 0.0, "Campaign": "Gen-term_MT-G-VL_game v\u00f5 l\u00e2m hay-bmm", "Unique cookies": "", "Dept": "WPL", "Bid Strategy Type": "cpc", "Views": 0, "Video played to 50%": 0.0, "CTR": 100.0, "Conversions": 0.0, "Account ID": "6493618146", "Clicks": 1, "Interaction Rate": 100.0, "Avg. position": 2.0, "Advertising Channel": "Search", "Advertising Sub Channel": "", "Campaign ID": 718381140, "Avg. CPV": 0.0, "Campaign serving status": "eligible", "Avg. CPM": 130.0, "Invalid clicks": 0, "End date": "", "Avg. Cost": 0.13, "Start date": "2016-12-15", "Mapping": false, "Engagements": 0, "Avg. CPC": 0.13, "Interactions": 1, "Date": "2017-03-04", "Video played to 100%": 0.0, "Cost": 0.13, "Interaction Types": ["Clicks"], "Video played to 75%": 0.0, "Video played to 25%": 0.0, "Campaign state": "paused", "Avg. CPE": 0.0, "Account Name": "[W] G1 - WPL - vc360", "Impressions": 1}, {"View rate": 0.0, "Campaign": "", "Unique cookies": "", "Dept": "WPL", "Bid Strategy Type": "", "Views": 0, "Video played to 50%": 0.0, "CTR": 43.79, "Conversions": 224.0, "Account ID": "6493618146", "Clicks": 3767, "Interaction Rate": 43.79, "Avg. position": 1.5, "Advertising Channel": "", "Advertising Sub Channel": "", "Campaign ID": "", "Avg. CPV": 0.0, "Campaign serving status": "", "Avg. CPM": 9.829129, "Invalid clicks": 714, "End date": "", "Avg. Cost": 0.022448, "Start date": "", "Mapping": false, "Engagements": 0, "Avg. CPC": 0.022448, "Interactions": 3767, "Date": "2017-03-04", "Video played to 100%": 0.0, "Cost": 84.56, "Interaction Types": "", "Video played to 75%": 0.0, "Video played to 25%": 0.0, "Campaign state": "Total", "Avg. CPE": 0.0, "Account Name": "[W] G1 - WPL - vc360", "Impressions": 8603}]