[{"View rate": 0.0, "Campaign": "Gen-term_MT-G-GO_game online hay-bmm", "Unique cookies": "", "Dept": "WPL", "Bid Strategy Type": "cpc", "Views": 0, "Video played to 50%": 0.0, "CTR": 13.33, "Conversions": 0.0, "Account ID": "9392975361", "Clicks": 2, "Interaction Rate": 13.33, "Avg. position": 2.3, "Advertising Channel": "Search", "Advertising Sub Channel": "", "Campaign ID": 724127234, "Avg. CPV": 0.0, "Campaign serving status": "eligible", "Avg. CPM": 9.333333, "Invalid clicks": 0, "End date": "", "Avg. Cost": 0.07, "Start date": "2016-12-22", "Mapping": false, "Engagements": 0, "Avg. CPC": 0.07, "Interactions": 2, "Date": "2017-03-04", "Video played to 100%": 0.0, "Cost": 0.14, "Interaction Types": ["Clicks"], "Video played to 75%": 0.0, "Video played to 25%": 0.0, "Campaign state": "paused", "Avg. CPE": 0.0, "Account Name": "[paused] G1 - WPL - vc360-4", "Impressions": 15}, {"View rate": 0.0, "Campaign": "Gen-term_FH-G-HAY_game hay nhat-phr", "Unique cookies": "", "Dept": "WPL", "Bid Strategy Type": "cpc", "Views": 0, "Video played to 50%": 0.0, "CTR": 66.67, "Conversions": 0.0, "Account ID": "9392975361", "Clicks": 2, "Interaction Rate": 66.67, "Avg. position": 1.0, "Advertising Channel": "Search", "Advertising Sub Channel": "", "Campaign ID": 724234230, "Avg. CPV": 0.0, "Campaign serving status": "eligible", "Avg. CPM": 40.0, "Invalid clicks": 1, "End date": "", "Avg. Cost": 0.06, "Start date": "2016-12-22", "Mapping": false, "Engagements": 0, "Avg. CPC": 0.06, "Interactions": 2, "Date": "2017-03-04", "Video played to 100%": 0.0, "Cost": 0.12, "Interaction Types": ["Clicks"], "Video played to 75%": 0.0, "Video played to 25%": 0.0, "Campaign state": "paused", "Avg. CPE": 0.0, "Account Name": "[paused] G1 - WPL - vc360-4", "Impressions": 3}, {"View rate": 0.0, "Campaign": "Gen-term_MT-G-GO_game online hay-ex", "Unique cookies": "", "Dept": "WPL", "Bid Strategy Type": "cpc", "Views": 0, "Video played to 50%": 0.0, "CTR": 25.0, "Conversions": 0.0, "Account ID": "9392975361", "Clicks": 1, "Interaction Rate": 25.0, "Avg. position": 2.0, "Advertising Channel": "Search", "Advertising Sub Channel": "", "Campaign ID": 724123562, "Avg. CPV": 0.0, "Campaign serving status": "eligible", "Avg. CPM": 15.0, "Invalid clicks": 0, "End date": "", "Avg. Cost": 0.06, "Start date": "2016-12-22", "Mapping": false, "Engagements": 0, "Avg. CPC": 0.06, "Interactions": 1, "Date": "2017-03-04", "Video played to 100%": 0.0, "Cost": 0.06, "Interaction Types": ["Clicks"], "Video played to 75%": 0.0, "Video played to 25%": 0.0, "Campaign state": "paused", "Avg. CPE": 0.0, "Account Name": "[paused] G1 - WPL - vc360-4", "Impressions": 4}, {"View rate": 0.0, "Campaign": "Gen-term_FH-G-CT_game chi\u1ebfn thu\u1eadt-phr", "Unique cookies": "", "Dept": "WPL", "Bid Strategy Type": "cpc", "Views": 0, "Video played to 50%": 0.0, "CTR": 50.0, "Conversions": 0.0, "Account ID": "9392975361", "Clicks": 1, "Interaction Rate": 50.0, "Avg. position": 5.0, "Advertising Channel": "Search", "Advertising Sub Channel": "", "Campaign ID": 724234011, "Avg. CPV": 0.0, "Campaign serving status": "eligible", "Avg. CPM": 20.0, "Invalid clicks": 0, "End date": "", "Avg. Cost": 0.04, "Start date": "2016-12-22", "Mapping": false, "Engagements": 0, "Avg. CPC": 0.04, "Interactions": 1, "Date": "2017-03-04", "Video played to 100%": 0.0, "Cost": 0.04, "Interaction Types": ["Clicks"], "Video played to 75%": 0.0, "Video played to 25%": 0.0, "Campaign state": "paused", "Avg. CPE": 0.0, "Account Name": "[paused] G1 - WPL - vc360-4", "Impressions": 2}, {"View rate": 0.0, "Campaign": "", "Unique cookies": "", "Dept": "WPL", "Bid Strategy Type": "", "Views": 0, "Video played to 50%": 0.0, "CTR": 9.68, "Conversions": 0.0, "Account ID": "9392975361", "Clicks": 6, "Interaction Rate": 9.68, "Avg. position": 2.3, "Advertising Channel": "", "Advertising Sub Channel": "", "Campaign ID": "", "Avg. CPV": 0.0, "Campaign serving status": "", "Avg. CPM": 5.806452, "Invalid clicks": 1, "End date": "", "Avg. Cost": 0.06, "Start date": "", "Mapping": false, "Engagements": 0, "Avg. CPC": 0.06, "Interactions": 6, "Date": "2017-03-04", "Video played to 100%": 0.0, "Cost": 0.36, "Interaction Types": "", "Video played to 75%": 0.0, "Video played to 25%": 0.0, "Campaign state": "Total", "Avg. CPE": 0.0, "Account Name": "[paused] G1 - WPL - vc360-4", "Impressions": 62}]