[{"Account ID": "7539462658", "Conversions": 0.0, "Views": 0, "Video played to 50%": 0.0, "Advertising Sub Channel": "", "Campaign": "Gen-term_MT-GO-br-MOR", "Avg. CPE": 0.0, "Campaign serving status": "eligible", "Invalid clicks": 0, "Interaction Rate": 50.0, "Interaction Types": ["Clicks"], "Engagements": 0, "End date": "", "Avg. position": 1.0, "Video played to 100%": 0.0, "Video played to 25%": 0.0, "Video played to 75%": 0.0, "Mapping": false, "Avg. CPV": 0.0, "View rate": 0.0, "Avg. CPC": 0.01, "Avg. Cost": 0.01, "Avg. CPM": 5.0, "Campaign state": "paused", "Start date": "2016-11-01", "Account Name": "[W] G1 - WPL - hkh360", "Cost": 0.01, "Advertising Channel": "Search", "Campaign ID": 690771752, "Interactions": 1, "Unique cookies": "", "Clicks": 1, "CTR": 50.0, "Dept": "WPL", "Bid Strategy Type": "cpc", "Date": "2017-03-02", "Impressions": 2}, {"Account ID": "7539462658", "Conversions": 4.0, "Views": 0, "Video played to 50%": 0.0, "Advertising Sub Channel": "", "Campaign": "Gen-term_FH-Game-br-MOR", "Avg. CPE": 0.0, "Campaign serving status": "eligible", "Invalid clicks": 0, "Interaction Rate": 15.38, "Interaction Types": ["Clicks"], "Engagements": 0, "End date": "", "Avg. position": 1.8, "Video played to 100%": 0.0, "Video played to 25%": 0.0, "Video played to 75%": 0.0, "Mapping": false, "Avg. CPV": 0.0, "View rate": 0.0, "Avg. CPC": 0.031667, "Avg. Cost": 0.031667, "Avg. CPM": 4.871795, "Campaign state": "paused", "Start date": "2016-11-01", "Account Name": "[W] G1 - WPL - hkh360", "Cost": 0.19, "Advertising Channel": "Search", "Campaign ID": 690771758, "Interactions": 6, "Unique cookies": "", "Clicks": 6, "CTR": 15.38, "Dept": "WPL", "Bid Strategy Type": "cpc", "Date": "2017-03-02", "Impressions": 39}, {"Account ID": "7539462658", "Conversions": 10.0, "Views": 0, "Video played to 50%": 0.0, "Advertising Sub Channel": "", "Campaign": "Brand-term_Hi\u1ec7p Kh\u00e1ch H\u00e0nh-ip", "Avg. CPE": 0.0, "Campaign serving status": "eligible", "Invalid clicks": 5, "Interaction Rate": 20.3, "Interaction Types": ["Clicks"], "Engagements": 0, "End date": "", "Avg. position": 1.2, "Video played to 100%": 0.0, "Video played to 25%": 0.0, "Video played to 75%": 0.0, "Mapping": false, "Avg. CPV": 0.0, "View rate": 0.0, "Avg. CPC": 0.04537, "Avg. Cost": 0.04537, "Avg. CPM": 9.210526, "Campaign state": "paused", "Start date": "2016-11-01", "Account Name": "[W] G1 - WPL - hkh360", "Cost": 2.45, "Advertising Channel": "Search", "Campaign ID": 690772052, "Interactions": 54, "Unique cookies": "", "Clicks": 54, "CTR": 20.3, "Dept": "WPL", "Bid Strategy Type": "cpc", "Date": "2017-03-02", "Impressions": 266}, {"Account ID": "7539462658", "Conversions": 0.0, "Views": 0, "Video played to 50%": 0.0, "Advertising Sub Channel": "", "Campaign": "Gen-term_MT-Game-br-MOR", "Avg. CPE": 0.0, "Campaign serving status": "eligible", "Invalid clicks": 0, "Interaction Rate": 14.29, "Interaction Types": ["Clicks"], "Engagements": 0, "End date": "", "Avg. position": 1.6, "Video played to 100%": 0.0, "Video played to 25%": 0.0, "Video played to 75%": 0.0, "Mapping": false, "Avg. CPV": 0.0, "View rate": 0.0, "Avg. CPC": 0.04, "Avg. Cost": 0.04, "Avg. CPM": 5.714286, "Campaign state": "paused", "Start date": "2016-11-01", "Account Name": "[W] G1 - WPL - hkh360", "Cost": 0.04, "Advertising Channel": "Search", "Campaign ID": 690771803, "Interactions": 1, "Unique cookies": "", "Clicks": 1, "CTR": 14.29, "Dept": "WPL", "Bid Strategy Type": "cpc", "Date": "2017-03-02", "Impressions": 7}, {"Account ID": "7539462658", "Conversions": 0.0, "Views": 0, "Video played to 50%": 0.0, "Advertising Sub Channel": "", "Campaign": "Gen-term_FH-360Game", "Avg. CPE": 0.0, "Campaign serving status": "eligible", "Invalid clicks": 0, "Interaction Rate": 25.0, "Interaction Types": ["Clicks"], "Engagements": 0, "End date": "", "Avg. position": 1.0, "Video played to 100%": 0.0, "Video played to 25%": 0.0, "Video played to 75%": 0.0, "Mapping": false, "Avg. CPV": 0.0, "View rate": 0.0, "Avg. CPC": 0.01, "Avg. Cost": 0.01, "Avg. CPM": 2.5, "Campaign state": "paused", "Start date": "2016-11-01", "Account Name": "[W] G1 - WPL - hkh360", "Cost": 0.01, "Advertising Channel": "Search", "Campaign ID": 690772055, "Interactions": 1, "Unique cookies": "", "Clicks": 1, "CTR": 25.0, "Dept": "WPL", "Bid Strategy Type": "cpc", "Date": "2017-03-02", "Impressions": 4}, {"Account ID": "7539462658", "Conversions": 0.0, "Views": 0, "Video played to 50%": 0.0, "Advertising Sub Channel": "", "Campaign": "Gen-term_FH-Game-ex-MOR", "Avg. CPE": 0.0, "Campaign serving status": "eligible", "Invalid clicks": 0, "Interaction Rate": 14.29, "Interaction Types": ["Clicks"], "Engagements": 0, "End date": "", "Avg. position": 1.9, "Video played to 100%": 0.0, "Video played to 25%": 0.0, "Video played to 75%": 0.0, "Mapping": false, "Avg. CPV": 0.0, "View rate": 0.0, "Avg. CPC": 0.05, "Avg. Cost": 0.05, "Avg. CPM": 7.142857, "Campaign state": "paused", "Start date": "2016-11-01", "Account Name": "[W] G1 - WPL - hkh360", "Cost": 0.05, "Advertising Channel": "Search", "Campaign ID": 690771839, "Interactions": 1, "Unique cookies": "", "Clicks": 1, "CTR": 14.29, "Dept": "WPL", "Bid Strategy Type": "cpc", "Date": "2017-03-02", "Impressions": 7}, {"Account ID": "7539462658", "Conversions": 32.0, "Views": 0, "Video played to 50%": 0.0, "Advertising Sub Channel": "", "Campaign": "Brand-term_Hi\u1ec7p Kh\u00e1ch H\u00e0nh-MOR", "Avg. CPE": 0.0, "Campaign serving status": "eligible", "Invalid clicks": 30, "Interaction Rate": 50.82, "Interaction Types": ["Clicks"], "Engagements": 0, "End date": "", "Avg. position": 1.0, "Video played to 100%": 0.0, "Video played to 25%": 0.0, "Video played to 75%": 0.0, "Mapping": false, "Avg. CPV": 0.0, "View rate": 0.0, "Avg. CPC": 0.023767, "Avg. Cost": 0.023767, "Avg. CPM": 12.077657, "Campaign state": "enabled", "Start date": "2016-11-01", "Account Name": "[W] G1 - WPL - hkh360", "Cost": 17.73, "Advertising Channel": "Search", "Campaign ID": 690772046, "Interactions": 746, "Unique cookies": "", "Clicks": 746, "CTR": 50.82, "Dept": "WPL", "Bid Strategy Type": "cpc", "Date": "2017-03-02", "Impressions": 1468}, {"Account ID": "7539462658", "Conversions": 0.0, "Views": 0, "Video played to 50%": 0.0, "Advertising Sub Channel": "", "Campaign": "Gen-term_LT-GO-br-MOR", "Avg. CPE": 0.0, "Campaign serving status": "eligible", "Invalid clicks": 0, "Interaction Rate": 200.0, "Interaction Types": ["Clicks"], "Engagements": 0, "End date": "", "Avg. position": 1.0, "Video played to 100%": 0.0, "Video played to 25%": 0.0, "Video played to 75%": 0.0, "Mapping": false, "Avg. CPV": 0.0, "View rate": 0.0, "Avg. CPC": 0.05, "Avg. Cost": 0.05, "Avg. CPM": 100.0, "Campaign state": "paused", "Start date": "2016-11-01", "Account Name": "[W] G1 - WPL - hkh360", "Cost": 0.1, "Advertising Channel": "Search", "Campaign ID": 690771977, "Interactions": 2, "Unique cookies": "", "Clicks": 2, "CTR": 200.0, "Dept": "WPL", "Bid Strategy Type": "cpc", "Date": "2017-03-02", "Impressions": 1}, {"Account ID": "7539462658", "Conversions": 0.0, "Views": 0, "Video played to 50%": 0.0, "Advertising Sub Channel": "", "Campaign": "Gen-term_FH-GO-br-MOR", "Avg. CPE": 0.0, "Campaign serving status": "eligible", "Invalid clicks": 0, "Interaction Rate": 14.29, "Interaction Types": ["Clicks"], "Engagements": 0, "End date": "", "Avg. position": 2.2, "Video played to 100%": 0.0, "Video played to 25%": 0.0, "Video played to 75%": 0.0, "Mapping": false, "Avg. CPV": 0.0, "View rate": 0.0, "Avg. CPC": 0.04, "Avg. Cost": 0.04, "Avg. CPM": 5.714286, "Campaign state": "paused", "Start date": "2016-11-01", "Account Name": "[W] G1 - WPL - hkh360", "Cost": 0.08, "Advertising Channel": "Search", "Campaign ID": 690772031, "Interactions": 2, "Unique cookies": "", "Clicks": 2, "CTR": 14.29, "Dept": "WPL", "Bid Strategy Type": "cpc", "Date": "2017-03-02", "Impressions": 14}, {"Account ID": "7539462658", "Conversions": 1.0, "Views": 0, "Video played to 50%": 0.0, "Advertising Sub Channel": "", "Campaign": "Gen-term_Type-MOR", "Avg. CPE": 0.0, "Campaign serving status": "eligible", "Invalid clicks": 3, "Interaction Rate": 20.0, "Interaction Types": ["Clicks"], "Engagements": 0, "End date": "", "Avg. position": 2.2, "Video played to 100%": 0.0, "Video played to 25%": 0.0, "Video played to 75%": 0.0, "Mapping": false, "Avg. CPV": 0.0, "View rate": 0.0, "Avg. CPC": 0.03, "Avg. Cost": 0.03, "Avg. CPM": 6.0, "Campaign state": "paused", "Start date": "2016-11-02", "Account Name": "[W] G1 - WPL - hkh360", "Cost": 0.12, "Advertising Channel": "Search", "Campaign ID": 692152776, "Interactions": 4, "Unique cookies": "", "Clicks": 4, "CTR": 20.0, "Dept": "WPL", "Bid Strategy Type": "cpc", "Date": "2017-03-02", "Impressions": 20}, {"Account ID": "7539462658", "Conversions": 1.0, "Views": 0, "Video played to 50%": 0.0, "Advertising Sub Channel": "", "Campaign": "Gen-term_FH-Game-phr-MOR", "Avg. CPE": 0.0, "Campaign serving status": "eligible", "Invalid clicks": 0, "Interaction Rate": 28.57, "Interaction Types": ["Clicks"], "Engagements": 0, "End date": "", "Avg. position": 2.0, "Video played to 100%": 0.0, "Video played to 25%": 0.0, "Video played to 75%": 0.0, "Mapping": false, "Avg. CPV": 0.0, "View rate": 0.0, "Avg. CPC": 0.045, "Avg. Cost": 0.045, "Avg. CPM": 12.857143, "Campaign state": "paused", "Start date": "2016-11-01", "Account Name": "[W] G1 - WPL - hkh360", "Cost": 0.09, "Advertising Channel": "Search", "Campaign ID": 690771767, "Interactions": 2, "Unique cookies": "", "Clicks": 2, "CTR": 28.57, "Dept": "WPL", "Bid Strategy Type": "cpc", "Date": "2017-03-02", "Impressions": 7}, {"Account ID": "7539462658", "Conversions": 1.0, "Views": 0, "Video played to 50%": 0.0, "Advertising Sub Channel": "", "Campaign": "Gen-term_FH-PCG-br-MOR", "Avg. CPE": 0.0, "Campaign serving status": "eligible", "Invalid clicks": 0, "Interaction Rate": 28.57, "Interaction Types": ["Clicks"], "Engagements": 0, "End date": "", "Avg. position": 2.4, "Video played to 100%": 0.0, "Video played to 25%": 0.0, "Video played to 75%": 0.0, "Mapping": false, "Avg. CPV": 0.0, "View rate": 0.0, "Avg. CPC": 0.045, "Avg. Cost": 0.045, "Avg. CPM": 12.857143, "Campaign state": "paused", "Start date": "2016-11-01", "Account Name": "[W] G1 - WPL - hkh360", "Cost": 0.09, "Advertising Channel": "Search", "Campaign ID": 690771785, "Interactions": 2, "Unique cookies": "", "Clicks": 2, "CTR": 28.57, "Dept": "WPL", "Bid Strategy Type": "cpc", "Date": "2017-03-02", "Impressions": 7}, {"Account ID": "7539462658", "Conversions": 0.0, "Views": 0, "Video played to 50%": 0.0, "Advertising Sub Channel": "", "Campaign": "Gen-term_FH-WG-bmm-MOR", "Avg. CPE": 0.0, "Campaign serving status": "eligible", "Invalid clicks": 0, "Interaction Rate": 18.18, "Interaction Types": ["Clicks"], "Engagements": 0, "End date": "", "Avg. position": 1.2, "Video played to 100%": 0.0, "Video played to 25%": 0.0, "Video played to 75%": 0.0, "Mapping": false, "Avg. CPV": 0.0, "View rate": 0.0, "Avg. CPC": 0.035, "Avg. Cost": 0.035, "Avg. CPM": 6.363636, "Campaign state": "paused", "Start date": "2016-11-01", "Account Name": "[W] G1 - WPL - hkh360", "Cost": 0.07, "Advertising Channel": "Search", "Campaign ID": 690771971, "Interactions": 2, "Unique cookies": "", "Clicks": 2, "CTR": 18.18, "Dept": "WPL", "Bid Strategy Type": "cpc", "Date": "2017-03-02", "Impressions": 11}, {"Account ID": "7539462658", "Conversions": 6.0, "Views": 0, "Video played to 50%": 0.0, "Advertising Sub Channel": "", "Campaign": "Brand-term_hkh-MOR", "Avg. CPE": 0.0, "Campaign serving status": "eligible", "Invalid clicks": 6, "Interaction Rate": 78.04, "Interaction Types": ["Clicks"], "Engagements": 0, "End date": "", "Avg. position": 1.0, "Video played to 100%": 0.0, "Video played to 25%": 0.0, "Video played to 75%": 0.0, "Mapping": false, "Avg. CPV": 0.0, "View rate": 0.0, "Avg. CPC": 0.010606, "Avg. Cost": 0.010606, "Avg. CPM": 8.277027, "Campaign state": "enabled", "Start date": "2016-11-01", "Account Name": "[W] G1 - WPL - hkh360", "Cost": 2.45, "Advertising Channel": "Search", "Campaign ID": 690772049, "Interactions": 231, "Unique cookies": "", "Clicks": 231, "CTR": 78.04, "Dept": "WPL", "Bid Strategy Type": "cpc", "Date": "2017-03-02", "Impressions": 296}, {"Account ID": "7539462658", "Conversions": 55.0, "Views": 0, "Video played to 50%": 0.0, "Advertising Sub Channel": "", "Campaign": "", "Avg. CPE": 0.0, "Campaign serving status": "", "Invalid clicks": 44, "Interaction Rate": 48.51, "Interaction Types": "", "Engagements": 0, "End date": "", "Avg. position": 1.1, "Video played to 100%": 0.0, "Video played to 25%": 0.0, "Video played to 75%": 0.0, "Mapping": false, "Avg. CPV": 0.0, "View rate": 0.0, "Avg. CPC": 0.022256, "Avg. Cost": 0.022256, "Avg. CPM": 10.795402, "Campaign state": "Total", "Start date": "", "Account Name": "[W] G1 - WPL - hkh360", "Cost": 23.48, "Advertising Channel": "", "Campaign ID": "", "Interactions": 1055, "Unique cookies": "", "Clicks": 1055, "CTR": 48.51, "Dept": "WPL", "Bid Strategy Type": "", "Date": "2017-03-02", "Impressions": 2175}]