[{"Account ID": "1756174326", "Conversions": 30.0, "Views": 0, "Video played to 50%": 0.0, "Advertising Sub Channel": "", "Campaign": "1. G1 - TFA - Brand - Than Khuc", "Avg. CPE": 0.0, "Campaign serving status": "eligible", "Invalid clicks": 6, "Interaction Rate": 39.01, "Interaction Types": ["Clicks"], "Engagements": 0, "End date": "", "Avg. position": 1.0, "Video played to 100%": 0.0, "Video played to 25%": 0.0, "Video played to 75%": 0.0, "Mapping": false, "Avg. CPV": 0.0, "View rate": 0.0, "Avg. CPC": 0.011102, "Avg. Cost": 0.011102, "Avg. CPM": 4.33121, "Campaign state": "paused", "Start date": "2014-05-30", "Account Name": "[paused] G1 - WPL - thankhuc360", "Cost": 2.72, "Advertising Channel": "Search", "Campaign ID": 245844012, "Interactions": 245, "Unique cookies": "", "Clicks": 245, "CTR": 39.01, "Dept": "WPL", "Bid Strategy Type": "cpc", "Date": "2017-03-02", "Impressions": 628}, {"Account ID": "1756174326", "Conversions": 2.0, "Views": 0, "Video played to 50%": 0.0, "Advertising Sub Channel": "", "Campaign": "1. G1 - TFA - Brand - Game Than Khuc", "Avg. CPE": 0.0, "Campaign serving status": "eligible", "Invalid clicks": 0, "Interaction Rate": 46.15, "Interaction Types": ["Clicks"], "Engagements": 0, "End date": "", "Avg. position": 1.0, "Video played to 100%": 0.0, "Video played to 25%": 0.0, "Video played to 75%": 0.0, "Mapping": false, "Avg. CPV": 0.0, "View rate": 0.0, "Avg. CPC": 0.016667, "Avg. Cost": 0.016667, "Avg. CPM": 7.692308, "Campaign state": "paused", "Start date": "2014-05-30", "Account Name": "[paused] G1 - WPL - thankhuc360", "Cost": 0.1, "Advertising Channel": "Search", "Campaign ID": 245844132, "Interactions": 6, "Unique cookies": "", "Clicks": 6, "CTR": 46.15, "Dept": "WPL", "Bid Strategy Type": "cpc", "Date": "2017-03-02", "Impressions": 13}, {"Account ID": "1756174326", "Conversions": 32.0, "Views": 0, "Video played to 50%": 0.0, "Advertising Sub Channel": "", "Campaign": "", "Avg. CPE": 0.0, "Campaign serving status": "", "Invalid clicks": 6, "Interaction Rate": 39.16, "Interaction Types": "", "Engagements": 0, "End date": "", "Avg. position": 1.0, "Video played to 100%": 0.0, "Video played to 25%": 0.0, "Video played to 75%": 0.0, "Mapping": false, "Avg. CPV": 0.0, "View rate": 0.0, "Avg. CPC": 0.011235, "Avg. Cost": 0.011235, "Avg. CPM": 4.399376, "Campaign state": "Total", "Start date": "", "Account Name": "[paused] G1 - WPL - thankhuc360", "Cost": 2.82, "Advertising Channel": "", "Campaign ID": "", "Interactions": 251, "Unique cookies": "", "Clicks": 251, "CTR": 39.16, "Dept": "WPL", "Bid Strategy Type": "", "Date": "2017-03-02", "Impressions": 641}]