[{"Start date": "2017-07-28", "Advertising Sub Channel": "Search Mobile App", "Impressions": 1358, "Avg. position": 1.0, "Campaign serving status": "eligible", "Advertising Channel": "Search", "Invalid clicks": 16, "Interactions": 109, "Video played to 50%": 0.0, "Interaction Types": ["Clicks"], "Conversions": 38.0, "Views": 0, "Engagements": 0, "Avg. CPE": 0.0, "Account Name": "VNG-PG3-Ngoa Long Mobile-Appinstall-SEM-Android", "End date": "", "Video played to 100%": 0.0, "Clicks": 109, "Avg. Cost": 0.255596, "Account ID": "6198751560", "Video played to 25%": 0.0, "View rate": 0.0, "Avg. CPV": 0.0, "Video played to 75%": 0.0, "Avg. CPM": 20.515464, "CTR": 8.03, "Campaign state": "paused", "Campaign ID": 895661260, "Interaction Rate": 8.03, "Bid Strategy Type": "cpc", "Date": "2017-08-04", "Mapping": false, "Campaign": "NLMB|118|1708017|AND|SEM| Brand Keywords - broad", "Avg. CPC": 0.255596, "Unique cookies": "", "Cost": 27.86}, {"Start date": "2017-07-28", "Advertising Sub Channel": "Search Mobile App", "Impressions": 68, "Avg. position": 1.0, "Campaign serving status": "eligible", "Advertising Channel": "Search", "Invalid clicks": 5, "Interactions": 32, "Video played to 50%": 0.0, "Interaction Types": ["Clicks"], "Conversions": 21.0, "Views": 0, "Engagements": 0, "Avg. CPE": 0.0, "Account Name": "VNG-PG3-Ngoa Long Mobile-Appinstall-SEM-Android", "End date": "", "Video played to 100%": 0.0, "Clicks": 32, "Avg. Cost": 0.077188, "Account ID": "6198751560", "Video played to 25%": 0.0, "View rate": 0.0, "Avg. CPV": 0.0, "Video played to 75%": 0.0, "Avg. CPM": 36.323529, "CTR": 47.06, "Campaign state": "paused", "Campaign ID": 895659976, "Interaction Rate": 47.06, "Bid Strategy Type": "cpc", "Date": "2017-08-04", "Mapping": false, "Campaign": "NLMB|118|1708017|AND|IN|SEM| Brand Keywords - exact | 18h - 0h", "Avg. CPC": 0.077188, "Unique cookies": "", "Cost": 2.47}, {"Start date": "2017-07-28", "Advertising Sub Channel": "Search Mobile App", "Impressions": 244, "Avg. position": 1.3, "Campaign serving status": "eligible", "Advertising Channel": "Search", "Invalid clicks": 0, "Interactions": 35, "Video played to 50%": 0.0, "Interaction Types": ["Clicks"], "Conversions": 5.0, "Views": 0, "Engagements": 0, "Avg. CPE": 0.0, "Account Name": "VNG-PG3-Ngoa Long Mobile-Appinstall-SEM-Android", "End date": "", "Video played to 100%": 0.0, "Clicks": 35, "Avg. Cost": 0.166, "Account ID": "6198751560", "Video played to 25%": 0.0, "View rate": 0.0, "Avg. CPV": 0.0, "Video played to 75%": 0.0, "Avg. CPM": 23.811475, "CTR": 14.34, "Campaign state": "paused", "Campaign ID": 896493012, "Interaction Rate": 14.34, "Bid Strategy Type": "cpc", "Date": "2017-08-04", "Mapping": false, "Campaign": "NLMB|118|1708017|AND|IN|SEM| Generic Keywords 1 - exact", "Avg. CPC": 0.166, "Unique cookies": "", "Cost": 5.81}, {"Start date": "2017-07-28", "Advertising Sub Channel": "Search Mobile App", "Impressions": 20, "Avg. position": 1.0, "Campaign serving status": "eligible", "Advertising Channel": "Search", "Invalid clicks": 0, "Interactions": 6, "Video played to 50%": 0.0, "Interaction Types": ["Clicks"], "Conversions": 3.0, "Views": 0, "Engagements": 0, "Avg. CPE": 0.0, "Account Name": "VNG-PG3-Ngoa Long Mobile-Appinstall-SEM-Android", "End date": "", "Video played to 100%": 0.0, "Clicks": 6, "Avg. Cost": 0.133333, "Account ID": "6198751560", "Video played to 25%": 0.0, "View rate": 0.0, "Avg. CPV": 0.0, "Video played to 75%": 0.0, "Avg. CPM": 40.0, "CTR": 30.0, "Campaign state": "paused", "Campaign ID": 896576589, "Interaction Rate": 30.0, "Bid Strategy Type": "cpc", "Date": "2017-08-04", "Mapping": false, "Campaign": "NLMB|118|1708017|AND|IN|SEM| Brand Keywords - exact | 6h - 12h", "Avg. CPC": 0.133333, "Unique cookies": "", "Cost": 0.8}, {"Start date": "2017-07-28", "Advertising Sub Channel": "Search Mobile App", "Impressions": 51, "Avg. position": 1.0, "Campaign serving status": "eligible", "Advertising Channel": "Search", "Invalid clicks": 0, "Interactions": 16, "Video played to 50%": 0.0, "Interaction Types": ["Clicks"], "Conversions": 11.0, "Views": 0, "Engagements": 0, "Avg. CPE": 0.0, "Account Name": "VNG-PG3-Ngoa Long Mobile-Appinstall-SEM-Android", "End date": "", "Video played to 100%": 0.0, "Clicks": 16, "Avg. Cost": 0.083125, "Account ID": "6198751560", "Video played to 25%": 0.0, "View rate": 0.0, "Avg. CPV": 0.0, "Video played to 75%": 0.0, "Avg. CPM": 26.078431, "CTR": 31.37, "Campaign state": "paused", "Campaign ID": 895655215, "Interaction Rate": 31.37, "Bid Strategy Type": "cpc", "Date": "2017-08-04", "Mapping": false, "Campaign": "NLMB|118|1708017|AND|SEM|Brand Keywords - exact | 12h - 18h", "Avg. CPC": 0.083125, "Unique cookies": "", "Cost": 1.33}, {"Start date": "", "Advertising Sub Channel": "", "Impressions": 1753, "Avg. position": 1.0, "Campaign serving status": "", "Advertising Channel": "", "Invalid clicks": 21, "Interactions": 198, "Video played to 50%": 0.0, "Interaction Types": "", "Conversions": 78.0, "Views": 0, "Engagements": 0, "Avg. CPE": 0.0, "Account Name": "VNG-PG3-Ngoa Long Mobile-Appinstall-SEM-Android", "End date": "", "Video played to 100%": 0.0, "Clicks": 198, "Avg. Cost": 0.193283, "Account ID": "6198751560", "Video played to 25%": 0.0, "View rate": 0.0, "Avg. CPV": 0.0, "Video played to 75%": 0.0, "Avg. CPM": 21.831147, "CTR": 11.29, "Campaign state": "Total", "Campaign ID": "", "Interaction Rate": 11.29, "Bid Strategy Type": "", "Date": "2017-08-04", "Mapping": false, "Campaign": "", "Avg. CPC": 0.193283, "Unique cookies": "", "Cost": 38.27}]