[{"Bid Strategy Type": "cpc", "Account Name": "[W] G1 - WPL - 360Game", "End date": "", "Advertising Channel": "Search", "Mapping": false, "Campaign": "Gen-term_FH-Game-BM-MOR", "Date": "2017-05-02", "Avg. CPE": 0.0, "Video played to 50%": 0.0, "Clicks": 1714, "Cost": 208.14, "Video played to 25%": 0.0, "Interaction Types": ["Clicks"], "Campaign state": "enabled", "Avg. position": 1.5, "Interactions": 1714, "View rate": 0.0, "Campaign serving status": "eligible", "Engagements": 0, "Avg. Cost": 0.121435, "Conversions": 224.0, "Avg. CPV": 0.0, "Invalid clicks": 195, "Unique cookies": "", "Campaign ID": 260084204, "Views": 0, "Interaction Rate": 16.53, "Advertising Sub Channel": "", "Account ID": "1033505012", "Video played to 100%": 0.0, "CTR": 16.53, "Start date": "2015-06-08", "Avg. CPC": 0.121435, "Video played to 75%": 0.0, "Impressions": 10369, "Avg. CPM": 20.073295}, {"Bid Strategy Type": "cpc", "Account Name": "[W] G1 - WPL - 360Game", "End date": "", "Advertising Channel": "Search", "Mapping": false, "Campaign": "Gen-term_FH-PCG-BM-MOR", "Date": "2017-05-02", "Avg. CPE": 0.0, "Video played to 50%": 0.0, "Clicks": 25, "Cost": 4.06, "Video played to 25%": 0.0, "Interaction Types": ["Clicks"], "Campaign state": "enabled", "Avg. position": 1.4, "Interactions": 25, "View rate": 0.0, "Campaign serving status": "eligible", "Engagements": 0, "Avg. Cost": 0.1624, "Conversions": 2.0, "Avg. CPV": 0.0, "Invalid clicks": 1, "Unique cookies": "", "Campaign ID": 260099204, "Views": 0, "Interaction Rate": 25.25, "Advertising Sub Channel": "", "Account ID": "1033505012", "Video played to 100%": 0.0, "CTR": 25.25, "Start date": "2015-06-08", "Avg. CPC": 0.1624, "Video played to 75%": 0.0, "Impressions": 99, "Avg. CPM": 41.010101}, {"Bid Strategy Type": "cpc", "Account Name": "[W] G1 - WPL - 360Game", "End date": "", "Advertising Channel": "Search", "Mapping": false, "Campaign": "Gen-term_FH-WG-BM-MOR", "Date": "2017-05-02", "Avg. CPE": 0.0, "Video played to 50%": 0.0, "Clicks": 1779, "Cost": 206.57, "Video played to 25%": 0.0, "Interaction Types": ["Clicks"], "Campaign state": "enabled", "Avg. position": 1.4, "Interactions": 1779, "View rate": 0.0, "Campaign serving status": "eligible", "Engagements": 0, "Avg. Cost": 0.116116, "Conversions": 225.0, "Avg. CPV": 0.0, "Invalid clicks": 263, "Unique cookies": "", "Campaign ID": 260112884, "Views": 0, "Interaction Rate": 18.06, "Advertising Sub Channel": "", "Account ID": "1033505012", "Video played to 100%": 0.0, "CTR": 18.06, "Start date": "2015-06-08", "Avg. CPC": 0.116116, "Video played to 75%": 0.0, "Impressions": 9850, "Avg. CPM": 20.971574}, {"Bid Strategy Type": "cpc", "Account Name": "[W] G1 - WPL - 360Game", "End date": "", "Advertising Channel": "Search", "Mapping": false, "Campaign": "Gen-term_FH-WG-BMM-MOR", "Date": "2017-05-02", "Avg. CPE": 0.0, "Video played to 50%": 0.0, "Clicks": 32, "Cost": 2.52, "Video played to 25%": 0.0, "Interaction Types": ["Clicks"], "Campaign state": "enabled", "Avg. position": 1.8, "Interactions": 32, "View rate": 0.0, "Campaign serving status": "eligible", "Engagements": 0, "Avg. Cost": 0.07875, "Conversions": 12.0, "Avg. CPV": 0.0, "Invalid clicks": 0, "Unique cookies": "", "Campaign ID": 260113484, "Views": 0, "Interaction Rate": 20.92, "Advertising Sub Channel": "", "Account ID": "1033505012", "Video played to 100%": 0.0, "CTR": 20.92, "Start date": "2015-06-08", "Avg. CPC": 0.07875, "Video played to 75%": 0.0, "Impressions": 153, "Avg. CPM": 16.470588}, {"Bid Strategy Type": "cpc", "Account Name": "[W] G1 - WPL - 360Game", "End date": "", "Advertising Channel": "Search", "Mapping": false, "Campaign": "Brand-term_360Game", "Date": "2017-05-02", "Avg. CPE": 0.0, "Video played to 50%": 0.0, "Clicks": 1278, "Cost": 31.62, "Video played to 25%": 0.0, "Interaction Types": ["Clicks"], "Campaign state": "enabled", "Avg. position": 1.1, "Interactions": 1278, "View rate": 0.0, "Campaign serving status": "eligible", "Engagements": 0, "Avg. Cost": 0.024742, "Conversions": 235.0, "Avg. CPV": 0.0, "Invalid clicks": 82, "Unique cookies": "", "Campaign ID": 645195815, "Views": 0, "Interaction Rate": 31.52, "Advertising Sub Channel": "", "Account ID": "1033505012", "Video played to 100%": 0.0, "CTR": 31.52, "Start date": "2016-08-18", "Avg. CPC": 0.024742, "Video played to 75%": 0.0, "Impressions": 4054, "Avg. CPM": 7.799704}, {"Bid Strategy Type": "cpc", "Account Name": "[W] G1 - WPL - 360Game", "End date": "", "Advertising Channel": "Search", "Mapping": false, "Campaign": "Gen-term_MT-GO-Exact-MOR", "Date": "2017-05-02", "Avg. CPE": 0.0, "Video played to 50%": 0.0, "Clicks": 2, "Cost": 0.49, "Video played to 25%": 0.0, "Interaction Types": ["Clicks"], "Campaign state": "enabled", "Avg. position": 1.6, "Interactions": 2, "View rate": 0.0, "Campaign serving status": "eligible", "Engagements": 0, "Avg. Cost": 0.245, "Conversions": 0.0, "Avg. CPV": 0.0, "Invalid clicks": 0, "Unique cookies": "", "Campaign ID": 260088764, "Views": 0, "Interaction Rate": 12.5, "Advertising Sub Channel": "", "Account ID": "1033505012", "Video played to 100%": 0.0, "CTR": 12.5, "Start date": "2015-06-08", "Avg. CPC": 0.245, "Video played to 75%": 0.0, "Impressions": 16, "Avg. CPM": 30.625}, {"Bid Strategy Type": "cpc", "Account Name": "[W] G1 - WPL - 360Game", "End date": "", "Advertising Channel": "Search", "Mapping": false, "Campaign": "Gen-term_FH-WG-Exact-MOR", "Date": "2017-05-02", "Avg. CPE": 0.0, "Video played to 50%": 0.0, "Clicks": 28, "Cost": 2.38, "Video played to 25%": 0.0, "Interaction Types": ["Clicks"], "Campaign state": "enabled", "Avg. position": 1.4, "Interactions": 28, "View rate": 0.0, "Campaign serving status": "eligible", "Engagements": 0, "Avg. Cost": 0.085, "Conversions": 7.0, "Avg. CPV": 0.0, "Invalid clicks": 1, "Unique cookies": "", "Campaign ID": 260112164, "Views": 0, "Interaction Rate": 23.73, "Advertising Sub Channel": "", "Account ID": "1033505012", "Video played to 100%": 0.0, "CTR": 23.73, "Start date": "2015-06-08", "Avg. CPC": 0.085, "Video played to 75%": 0.0, "Impressions": 118, "Avg. CPM": 20.169492}, {"Bid Strategy Type": "cpc", "Account Name": "[W] G1 - WPL - 360Game", "End date": "", "Advertising Channel": "Search", "Mapping": false, "Campaign": "Brand-term_Gunny", "Date": "2017-05-02", "Avg. CPE": 0.0, "Video played to 50%": 0.0, "Clicks": 6503, "Cost": 99.59, "Video played to 25%": 0.0, "Interaction Types": ["Clicks"], "Campaign state": "enabled", "Avg. position": 1.0, "Interactions": 6503, "View rate": 0.0, "Campaign serving status": "eligible", "Engagements": 0, "Avg. Cost": 0.015314, "Conversions": 1647.0, "Avg. CPV": 0.0, "Invalid clicks": 558, "Unique cookies": "", "Campaign ID": 792716395, "Views": 0, "Interaction Rate": 31.98, "Advertising Sub Channel": "", "Account ID": "1033505012", "Video played to 100%": 0.0, "CTR": 31.98, "Start date": "2017-03-31", "Avg. CPC": 0.015314, "Video played to 75%": 0.0, "Impressions": 20332, "Avg. CPM": 4.89819}, {"Bid Strategy Type": "cpc", "Account Name": "[W] G1 - WPL - 360Game", "End date": "", "Advertising Channel": "Search", "Mapping": false, "Campaign": "Gen-term_FH-Game-Phrase-MOR", "Date": "2017-05-02", "Avg. CPE": 0.0, "Video played to 50%": 0.0, "Clicks": 235, "Cost": 20.89, "Video played to 25%": 0.0, "Interaction Types": ["Clicks"], "Campaign state": "enabled", "Avg. position": 1.7, "Interactions": 235, "View rate": 0.0, "Campaign serving status": "eligible", "Engagements": 0, "Avg. Cost": 0.088894, "Conversions": 34.0, "Avg. CPV": 0.0, "Invalid clicks": 30, "Unique cookies": "", "Campaign ID": 260084084, "Views": 0, "Interaction Rate": 16.61, "Advertising Sub Channel": "", "Account ID": "1033505012", "Video played to 100%": 0.0, "CTR": 16.61, "Start date": "2015-06-08", "Avg. CPC": 0.088894, "Video played to 75%": 0.0, "Impressions": 1415, "Avg. CPM": 14.763251}, {"Bid Strategy Type": "cpc", "Account Name": "[W] G1 - WPL - 360Game", "End date": "", "Advertising Channel": "Search", "Mapping": false, "Campaign": "Gen-term_MT-Game-Exact-MOR", "Date": "2017-05-02", "Avg. CPE": 0.0, "Video played to 50%": 0.0, "Clicks": 12, "Cost": 1.01, "Video played to 25%": 0.0, "Interaction Types": ["Clicks"], "Campaign state": "enabled", "Avg. position": 2.1, "Interactions": 12, "View rate": 0.0, "Campaign serving status": "eligible", "Engagements": 0, "Avg. Cost": 0.084167, "Conversions": 3.0, "Avg. CPV": 0.0, "Invalid clicks": 2, "Unique cookies": "", "Campaign ID": 260086124, "Views": 0, "Interaction Rate": 14.63, "Advertising Sub Channel": "", "Account ID": "1033505012", "Video played to 100%": 0.0, "CTR": 14.63, "Start date": "2015-06-08", "Avg. CPC": 0.084167, "Video played to 75%": 0.0, "Impressions": 82, "Avg. CPM": 12.317073}, {"Bid Strategy Type": "cpc", "Account Name": "[W] G1 - WPL - 360Game", "End date": "", "Advertising Channel": "Search", "Mapping": false, "Campaign": "Gen-term_FH-GO-Exact-MOR", "Date": "2017-05-02", "Avg. CPE": 0.0, "Video played to 50%": 0.0, "Clicks": 173, "Cost": 11.33, "Video played to 25%": 0.0, "Interaction Types": ["Clicks"], "Campaign state": "enabled", "Avg. position": 1.2, "Interactions": 173, "View rate": 0.0, "Campaign serving status": "eligible", "Engagements": 0, "Avg. Cost": 0.065491, "Conversions": 47.0, "Avg. CPV": 0.0, "Invalid clicks": 12, "Unique cookies": "", "Campaign ID": 260085044, "Views": 0, "Interaction Rate": 26.57, "Advertising Sub Channel": "", "Account ID": "1033505012", "Video played to 100%": 0.0, "CTR": 26.57, "Start date": "2015-06-08", "Avg. CPC": 0.065491, "Video played to 75%": 0.0, "Impressions": 651, "Avg. CPM": 17.403994}, {"Bid Strategy Type": "cpc", "Account Name": "[W] G1 - WPL - 360Game", "End date": "", "Advertising Channel": "Search", "Mapping": false, "Campaign": "Gen-term_FH-GO-Phrase-MOR", "Date": "2017-05-02", "Avg. CPE": 0.0, "Video played to 50%": 0.0, "Clicks": 36, "Cost": 2.39, "Video played to 25%": 0.0, "Interaction Types": ["Clicks"], "Campaign state": "enabled", "Avg. position": 1.8, "Interactions": 36, "View rate": 0.0, "Campaign serving status": "eligible", "Engagements": 0, "Avg. Cost": 0.066389, "Conversions": 10.0, "Avg. CPV": 0.0, "Invalid clicks": 0, "Unique cookies": "", "Campaign ID": 260085644, "Views": 0, "Interaction Rate": 22.78, "Advertising Sub Channel": "", "Account ID": "1033505012", "Video played to 100%": 0.0, "CTR": 22.78, "Start date": "2015-06-08", "Avg. CPC": 0.066389, "Video played to 75%": 0.0, "Impressions": 158, "Avg. CPM": 15.126582}, {"Bid Strategy Type": "cpc", "Account Name": "[W] G1 - WPL - 360Game", "End date": "", "Advertising Channel": "Search", "Mapping": false, "Campaign": "Gen-term_FH-WG-Phrase-MOR", "Date": "2017-05-02", "Avg. CPE": 0.0, "Video played to 50%": 0.0, "Clicks": 6, "Cost": 0.47, "Video played to 25%": 0.0, "Interaction Types": ["Clicks"], "Campaign state": "enabled", "Avg. position": 1.6, "Interactions": 6, "View rate": 0.0, "Campaign serving status": "eligible", "Engagements": 0, "Avg. Cost": 0.078333, "Conversions": 2.0, "Avg. CPV": 0.0, "Invalid clicks": 0, "Unique cookies": "", "Campaign ID": 260112764, "Views": 0, "Interaction Rate": 42.86, "Advertising Sub Channel": "", "Account ID": "1033505012", "Video played to 100%": 0.0, "CTR": 42.86, "Start date": "2015-06-08", "Avg. CPC": 0.078333, "Video played to 75%": 0.0, "Impressions": 14, "Avg. CPM": 33.571429}, {"Bid Strategy Type": "cpc", "Account Name": "[W] G1 - WPL - 360Game", "End date": "", "Advertising Channel": "Search", "Mapping": false, "Campaign": "Brand-term_Kiem-Vu", "Date": "2017-05-02", "Avg. CPE": 0.0, "Video played to 50%": 0.0, "Clicks": 98, "Cost": 3.78, "Video played to 25%": 0.0, "Interaction Types": ["Clicks"], "Campaign state": "enabled", "Avg. position": 1.6, "Interactions": 98, "View rate": 0.0, "Campaign serving status": "eligible", "Engagements": 0, "Avg. Cost": 0.038571, "Conversions": 17.0, "Avg. CPV": 0.0, "Invalid clicks": 11, "Unique cookies": "", "Campaign ID": 637556576, "Views": 0, "Interaction Rate": 22.79, "Advertising Sub Channel": "", "Account ID": "1033505012", "Video played to 100%": 0.0, "CTR": 22.79, "Start date": "2016-08-04", "Avg. CPC": 0.038571, "Video played to 75%": 0.0, "Impressions": 430, "Avg. CPM": 8.790698}, {"Bid Strategy Type": "cpc", "Account Name": "[W] G1 - WPL - 360Game", "End date": "", "Advertising Channel": "Search", "Mapping": false, "Campaign": "Brand-term_MUdts", "Date": "2017-05-02", "Avg. CPE": 0.0, "Video played to 50%": 0.0, "Clicks": 132, "Cost": 2.25, "Video played to 25%": 0.0, "Interaction Types": ["Clicks"], "Campaign state": "enabled", "Avg. position": 1.1, "Interactions": 132, "View rate": 0.0, "Campaign serving status": "eligible", "Engagements": 0, "Avg. Cost": 0.017045, "Conversions": 16.0, "Avg. CPV": 0.0, "Invalid clicks": 11, "Unique cookies": "", "Campaign ID": 651551927, "Views": 0, "Interaction Rate": 32.04, "Advertising Sub Channel": "", "Account ID": "1033505012", "Video played to 100%": 0.0, "CTR": 32.04, "Start date": "2016-08-30", "Avg. CPC": 0.017045, "Video played to 75%": 0.0, "Impressions": 412, "Avg. CPM": 5.461165}, {"Bid Strategy Type": "cpc", "Account Name": "[W] G1 - WPL - 360Game", "End date": "", "Advertising Channel": "Search", "Mapping": false, "Campaign": "Brand-term_V\u00f5 L\u00e2m", "Date": "2017-05-02", "Avg. CPE": 0.0, "Video played to 50%": 0.0, "Clicks": 1661, "Cost": 179.1, "Video played to 25%": 0.0, "Interaction Types": ["Clicks"], "Campaign state": "paused", "Avg. position": 1.4, "Interactions": 1661, "View rate": 0.0, "Campaign serving status": "eligible", "Engagements": 0, "Avg. Cost": 0.107827, "Conversions": 360.0, "Avg. CPV": 0.0, "Invalid clicks": 88, "Unique cookies": "", "Campaign ID": 661683762, "Views": 0, "Interaction Rate": 18.07, "Advertising Sub Channel": "", "Account ID": "1033505012", "Video played to 100%": 0.0, "CTR": 18.07, "Start date": "2016-09-14", "Avg. CPC": 0.107827, "Video played to 75%": 0.0, "Impressions": 9193, "Avg. CPM": 19.482215}, {"Bid Strategy Type": "cpc", "Account Name": "[W] G1 - WPL - 360Game", "End date": "", "Advertising Channel": "Search", "Mapping": false, "Campaign": "Gen-term_FH-GO-BMM-MOR", "Date": "2017-05-02", "Avg. CPE": 0.0, "Video played to 50%": 0.0, "Clicks": 97, "Cost": 7.23, "Video played to 25%": 0.0, "Interaction Types": ["Clicks"], "Campaign state": "enabled", "Avg. position": 1.8, "Interactions": 97, "View rate": 0.0, "Campaign serving status": "eligible", "Engagements": 0, "Avg. Cost": 0.074536, "Conversions": 15.0, "Avg. CPV": 0.0, "Invalid clicks": 7, "Unique cookies": "", "Campaign ID": 260085404, "Views": 0, "Interaction Rate": 12.97, "Advertising Sub Channel": "", "Account ID": "1033505012", "Video played to 100%": 0.0, "CTR": 12.97, "Start date": "2015-06-08", "Avg. CPC": 0.074536, "Video played to 75%": 0.0, "Impressions": 748, "Avg. CPM": 9.665775}, {"Bid Strategy Type": "cpc", "Account Name": "[W] G1 - WPL - 360Game", "End date": "", "Advertising Channel": "Search", "Mapping": false, "Campaign": "Gen-term_360Game-BM-Mor", "Date": "2017-05-02", "Avg. CPE": 0.0, "Video played to 50%": 0.0, "Clicks": 1742, "Cost": 146.71, "Video played to 25%": 0.0, "Interaction Types": ["Clicks"], "Campaign state": "paused", "Avg. position": 1.3, "Interactions": 1742, "View rate": 0.0, "Campaign serving status": "eligible", "Engagements": 0, "Avg. Cost": 0.084219, "Conversions": 217.0, "Avg. CPV": 0.0, "Invalid clicks": 184, "Unique cookies": "", "Campaign ID": 260168084, "Views": 0, "Interaction Rate": 20.2, "Advertising Sub Channel": "", "Account ID": "1033505012", "Video played to 100%": 0.0, "CTR": 20.2, "Start date": "2015-06-08", "Avg. CPC": 0.084219, "Video played to 75%": 0.0, "Impressions": 8622, "Avg. CPM": 17.015774}, {"Bid Strategy Type": "cpc", "Account Name": "[W] G1 - WPL - 360Game", "End date": "", "Advertising Channel": "Search", "Mapping": false, "Campaign": "Brand-term_Vo-Lam-Chi-Mong", "Date": "2017-05-02", "Avg. CPE": 0.0, "Video played to 50%": 0.0, "Clicks": 1674, "Cost": 77.49, "Video played to 25%": 0.0, "Interaction Types": ["Clicks"], "Campaign state": "enabled", "Avg. position": 1.0, "Interactions": 1674, "View rate": 0.0, "Campaign serving status": "eligible", "Engagements": 0, "Avg. Cost": 0.04629, "Conversions": 136.0, "Avg. CPV": 0.0, "Invalid clicks": 71, "Unique cookies": "", "Campaign ID": 637694601, "Views": 0, "Interaction Rate": 35.54, "Advertising Sub Channel": "", "Account ID": "1033505012", "Video played to 100%": 0.0, "CTR": 35.54, "Start date": "2016-08-04", "Avg. CPC": 0.04629, "Video played to 75%": 0.0, "Impressions": 4710, "Avg. CPM": 16.452229}, {"Bid Strategy Type": "cpc", "Account Name": "[W] G1 - WPL - 360Game", "End date": "", "Advertising Channel": "Search", "Mapping": false, "Campaign": "Brand-term_Phong-Van", "Date": "2017-05-02", "Avg. CPE": 0.0, "Video played to 50%": 0.0, "Clicks": 30, "Cost": 1.37, "Video played to 25%": 0.0, "Interaction Types": ["Clicks"], "Campaign state": "enabled", "Avg. position": 1.1, "Interactions": 30, "View rate": 0.0, "Campaign serving status": "eligible", "Engagements": 0, "Avg. Cost": 0.045667, "Conversions": 6.0, "Avg. CPV": 0.0, "Invalid clicks": 0, "Unique cookies": "", "Campaign ID": 637694772, "Views": 0, "Interaction Rate": 25.0, "Advertising Sub Channel": "", "Account ID": "1033505012", "Video played to 100%": 0.0, "CTR": 25.0, "Start date": "2016-08-04", "Avg. CPC": 0.045667, "Video played to 75%": 0.0, "Impressions": 120, "Avg. CPM": 11.416667}, {"Bid Strategy Type": "cpc", "Account Name": "[W] G1 - WPL - 360Game", "End date": "", "Advertising Channel": "Search", "Mapping": false, "Campaign": "Gen-term_FH-GPC-BM-MOR", "Date": "2017-05-02", "Avg. CPE": 0.0, "Video played to 50%": 0.0, "Clicks": 1, "Cost": 0.05, "Video played to 25%": 0.0, "Interaction Types": ["Clicks"], "Campaign state": "enabled", "Avg. position": 1.8, "Interactions": 1, "View rate": 0.0, "Campaign serving status": "eligible", "Engagements": 0, "Avg. Cost": 0.05, "Conversions": 0.0, "Avg. CPV": 0.0, "Invalid clicks": 0, "Unique cookies": "", "Campaign ID": 260095124, "Views": 0, "Interaction Rate": 16.67, "Advertising Sub Channel": "", "Account ID": "1033505012", "Video played to 100%": 0.0, "CTR": 16.67, "Start date": "2015-06-08", "Avg. CPC": 0.05, "Video played to 75%": 0.0, "Impressions": 6, "Avg. CPM": 8.333333}, {"Bid Strategy Type": "cpc", "Account Name": "[W] G1 - WPL - 360Game", "End date": "", "Advertising Channel": "Search", "Mapping": false, "Campaign": "Gen-term_FH-GPC-BMM-MOR", "Date": "2017-05-02", "Avg. CPE": 0.0, "Video played to 50%": 0.0, "Clicks": 8, "Cost": 0.36, "Video played to 25%": 0.0, "Interaction Types": ["Clicks"], "Campaign state": "enabled", "Avg. position": 1.1, "Interactions": 8, "View rate": 0.0, "Campaign serving status": "eligible", "Engagements": 0, "Avg. Cost": 0.045, "Conversions": 0.0, "Avg. CPV": 0.0, "Invalid clicks": 0, "Unique cookies": "", "Campaign ID": 260097644, "Views": 0, "Interaction Rate": 42.11, "Advertising Sub Channel": "", "Account ID": "1033505012", "Video played to 100%": 0.0, "CTR": 42.11, "Start date": "2015-06-08", "Avg. CPC": 0.045, "Video played to 75%": 0.0, "Impressions": 19, "Avg. CPM": 18.947368}, {"Bid Strategy Type": "cpc", "Account Name": "[W] G1 - WPL - 360Game", "End date": "", "Advertising Channel": "Search", "Mapping": false, "Campaign": "Brand-term_TTTD-ex", "Date": "2017-05-02", "Avg. CPE": 0.0, "Video played to 50%": 0.0, "Clicks": 3, "Cost": 0.06, "Video played to 25%": 0.0, "Interaction Types": ["Clicks"], "Campaign state": "enabled", "Avg. position": 1.0, "Interactions": 3, "View rate": 0.0, "Campaign serving status": "eligible", "Engagements": 0, "Avg. Cost": 0.02, "Conversions": 0.0, "Avg. CPV": 0.0, "Invalid clicks": 0, "Unique cookies": "", "Campaign ID": 642570944, "Views": 0, "Interaction Rate": 11.54, "Advertising Sub Channel": "", "Account ID": "1033505012", "Video played to 100%": 0.0, "CTR": 11.54, "Start date": "2016-08-12", "Avg. CPC": 0.02, "Video played to 75%": 0.0, "Impressions": 26, "Avg. CPM": 2.307692}, {"Bid Strategy Type": "cpc", "Account Name": "[W] G1 - WPL - 360Game", "End date": "", "Advertising Channel": "Search", "Mapping": false, "Campaign": "Gen-term_FH-Game-Exact-MOR", "Date": "2017-05-02", "Avg. CPE": 0.0, "Video played to 50%": 0.0, "Clicks": 97, "Cost": 7.68, "Video played to 25%": 0.0, "Interaction Types": ["Clicks"], "Campaign state": "enabled", "Avg. position": 1.3, "Interactions": 97, "View rate": 0.0, "Campaign serving status": "eligible", "Engagements": 0, "Avg. Cost": 0.079175, "Conversions": 29.0, "Avg. CPV": 0.0, "Invalid clicks": 5, "Unique cookies": "", "Campaign ID": 260083484, "Views": 0, "Interaction Rate": 21.41, "Advertising Sub Channel": "", "Account ID": "1033505012", "Video played to 100%": 0.0, "CTR": 21.41, "Start date": "2015-06-08", "Avg. CPC": 0.079175, "Video played to 75%": 0.0, "Impressions": 453, "Avg. CPM": 16.953642}, {"Bid Strategy Type": "cpc", "Account Name": "[W] G1 - WPL - 360Game", "End date": "", "Advertising Channel": "Search", "Mapping": false, "Campaign": "Gen-term_MT-Game-BMM-MOR", "Date": "2017-05-02", "Avg. CPE": 0.0, "Video played to 50%": 0.0, "Clicks": 18, "Cost": 1.59, "Video played to 25%": 0.0, "Interaction Types": ["Clicks"], "Campaign state": "enabled", "Avg. position": 1.7, "Interactions": 18, "View rate": 0.0, "Campaign serving status": "eligible", "Engagements": 0, "Avg. Cost": 0.088333, "Conversions": 3.0, "Avg. CPV": 0.0, "Invalid clicks": 1, "Unique cookies": "", "Campaign ID": 260083724, "Views": 0, "Interaction Rate": 15.93, "Advertising Sub Channel": "", "Account ID": "1033505012", "Video played to 100%": 0.0, "CTR": 15.93, "Start date": "2015-06-08", "Avg. CPC": 0.088333, "Video played to 75%": 0.0, "Impressions": 113, "Avg. CPM": 14.070796}, {"Bid Strategy Type": "cpc", "Account Name": "[W] G1 - WPL - 360Game", "End date": "", "Advertising Channel": "Search", "Mapping": false, "Campaign": "Gen-term_FH-Game-BMM-MOR", "Date": "2017-05-02", "Avg. CPE": 0.0, "Video played to 50%": 0.0, "Clicks": 194, "Cost": 21.62, "Video played to 25%": 0.0, "Interaction Types": ["Clicks"], "Campaign state": "enabled", "Avg. position": 1.6, "Interactions": 194, "View rate": 0.0, "Campaign serving status": "eligible", "Engagements": 0, "Avg. Cost": 0.111443, "Conversions": 46.0, "Avg. CPV": 0.0, "Invalid clicks": 4, "Unique cookies": "", "Campaign ID": 260084684, "Views": 0, "Interaction Rate": 22.9, "Advertising Sub Channel": "", "Account ID": "1033505012", "Video played to 100%": 0.0, "CTR": 22.9, "Start date": "2015-06-08", "Avg. CPC": 0.111443, "Video played to 75%": 0.0, "Impressions": 847, "Avg. CPM": 25.525384}, {"Bid Strategy Type": "cpc", "Account Name": "[W] G1 - WPL - 360Game", "End date": "", "Advertising Channel": "Search", "Mapping": false, "Campaign": "Gen-term_MT-GO-BMM-MOR", "Date": "2017-05-02", "Avg. CPE": 0.0, "Video played to 50%": 0.0, "Clicks": 1, "Cost": 0.12, "Video played to 25%": 0.0, "Interaction Types": ["Clicks"], "Campaign state": "enabled", "Avg. position": 1.5, "Interactions": 1, "View rate": 0.0, "Campaign serving status": "eligible", "Engagements": 0, "Avg. Cost": 0.12, "Conversions": 0.0, "Avg. CPV": 0.0, "Invalid clicks": 0, "Unique cookies": "", "Campaign ID": 260088164, "Views": 0, "Interaction Rate": 12.5, "Advertising Sub Channel": "", "Account ID": "1033505012", "Video played to 100%": 0.0, "CTR": 12.5, "Start date": "2015-06-08", "Avg. CPC": 0.12, "Video played to 75%": 0.0, "Impressions": 8, "Avg. CPM": 15.0}, {"Bid Strategy Type": "cpc", "Account Name": "[W] G1 - WPL - 360Game", "End date": "", "Advertising Channel": "Search", "Mapping": false, "Campaign": "Gen-term_FH-GTT-BM-MOR", "Date": "2017-05-02", "Avg. CPE": 0.0, "Video played to 50%": 0.0, "Clicks": 3, "Cost": 0.2, "Video played to 25%": 0.0, "Interaction Types": ["Clicks"], "Campaign state": "enabled", "Avg. position": 1.9, "Interactions": 3, "View rate": 0.0, "Campaign serving status": "eligible", "Engagements": 0, "Avg. Cost": 0.066667, "Conversions": 0.0, "Avg. CPV": 0.0, "Invalid clicks": 0, "Unique cookies": "", "Campaign ID": 260089844, "Views": 0, "Interaction Rate": 30.0, "Advertising Sub Channel": "", "Account ID": "1033505012", "Video played to 100%": 0.0, "CTR": 30.0, "Start date": "2015-06-08", "Avg. CPC": 0.066667, "Video played to 75%": 0.0, "Impressions": 10, "Avg. CPM": 20.0}, {"Bid Strategy Type": "cpc", "Account Name": "[W] G1 - WPL - 360Game", "End date": "", "Advertising Channel": "Search", "Mapping": false, "Campaign": "Gen-term_360Play-BM-Mor", "Date": "2017-05-02", "Avg. CPE": 0.0, "Video played to 50%": 0.0, "Clicks": 769, "Cost": 53.34, "Video played to 25%": 0.0, "Interaction Types": ["Clicks"], "Campaign state": "paused", "Avg. position": 1.2, "Interactions": 769, "View rate": 0.0, "Campaign serving status": "eligible", "Engagements": 0, "Avg. Cost": 0.069363, "Conversions": 116.0, "Avg. CPV": 0.0, "Invalid clicks": 69, "Unique cookies": "", "Campaign ID": 263315804, "Views": 0, "Interaction Rate": 20.74, "Advertising Sub Channel": "", "Account ID": "1033505012", "Video played to 100%": 0.0, "CTR": 20.74, "Start date": "2015-06-21", "Avg. CPC": 0.069363, "Video played to 75%": 0.0, "Impressions": 3708, "Avg. CPM": 14.385113}, {"Bid Strategy Type": "cpc", "Account Name": "[W] G1 - WPL - 360Game", "End date": "", "Advertising Channel": "Search", "Mapping": false, "Campaign": "Brand-term_Thien-Long-Bat-Bo", "Date": "2017-05-02", "Avg. CPE": 0.0, "Video played to 50%": 0.0, "Clicks": 86, "Cost": 2.32, "Video played to 25%": 0.0, "Interaction Types": ["Clicks"], "Campaign state": "enabled", "Avg. position": 1.1, "Interactions": 86, "View rate": 0.0, "Campaign serving status": "eligible", "Engagements": 0, "Avg. Cost": 0.026977, "Conversions": 12.0, "Avg. CPV": 0.0, "Invalid clicks": 5, "Unique cookies": "", "Campaign ID": 637694769, "Views": 0, "Interaction Rate": 26.38, "Advertising Sub Channel": "", "Account ID": "1033505012", "Video played to 100%": 0.0, "CTR": 26.38, "Start date": "2016-08-04", "Avg. CPC": 0.026977, "Video played to 75%": 0.0, "Impressions": 326, "Avg. CPM": 7.116564}, {"Bid Strategy Type": "", "Account Name": "[W] G1 - WPL - 360Game", "End date": "", "Advertising Channel": "", "Mapping": false, "Campaign": "", "Date": "2017-05-02", "Avg. CPE": 0.0, "Video played to 50%": 0.0, "Clicks": 18437, "Cost": 1096.73, "Video played to 25%": 0.0, "Interaction Types": "", "Campaign state": "Total", "Avg. position": 1.3, "Interactions": 18437, "View rate": 0.0, "Campaign serving status": "", "Engagements": 0, "Avg. Cost": 0.059485, "Conversions": 3421.0, "Avg. CPV": 0.0, "Invalid clicks": 1600, "Unique cookies": "", "Campaign ID": "", "Views": 0, "Interaction Rate": 23.92, "Advertising Sub Channel": "", "Account ID": "1033505012", "Video played to 100%": 0.0, "CTR": 23.92, "Start date": "", "Avg. CPC": 0.059485, "Video played to 75%": 0.0, "Impressions": 77084, "Avg. CPM": 14.227726}]