[{"Video played to 75%": 0.0, "Date": "2017-06-02", "Avg. CPV": 0.0, "Clicks": 2772, "Video played to 50%": 0.0, "Unique cookies": "", "Advertising Sub Channel": "Search Mobile App", "Account Name": "VNG - PG1 - JXM", "Campaign": "JXM | 1610105 1611013 1611026 1611062 1703048 1704016 1706008 1707026 1709039 | Search Google Play Store", "End date": "", "Bid Strategy Type": "Target CPA", "Campaign serving status": "eligible", "Start date": "2016-10-16", "Cost": 405.17, "Video played to 25%": 0.0, "Account ID": "5008396449", "CTR": 10.72, "Interactions": 2772, "Avg. CPC": 0.146165, "Avg. Cost": 0.146165, "Interaction Rate": 10.72, "Avg. CPM": 15.672675, "Campaign state": "enabled", "View rate": 0.0, "Views": 0, "Engagements": 0, "Mapping": false, "Interaction Types": ["Clicks"], "Video played to 100%": 0.0, "Campaign ID": 682545537, "Invalid clicks": 328, "Avg. CPE": 0.0, "Impressions": 25852, "Conversions": 834.0, "Avg. position": 1.3, "Advertising Channel": "Search"}, {"Video played to 75%": 0.0, "Date": "2017-06-02", "Avg. CPV": 0.0, "Clicks": 1831, "Video played to 50%": 0.0, "Unique cookies": "", "Advertising Sub Channel": "", "Account Name": "VNG - PG1 - JXM", "Campaign": "JXM | 1610105 1611013 1611026 1611062 1703048 1704017 1705015 1706010 1707028 1709054 | Search Desktop Only", "End date": "", "Bid Strategy Type": "Maximize clicks", "Campaign serving status": "eligible", "Start date": "2016-10-16", "Cost": 24.72, "Video played to 25%": 0.0, "Account ID": "5008396449", "CTR": 71.61, "Interactions": 1831, "Avg. CPC": 0.013501, "Avg. Cost": 0.013501, "Interaction Rate": 71.61, "Avg. CPM": 9.667579, "Campaign state": "enabled", "View rate": 0.0, "Views": 0, "Engagements": 0, "Mapping": false, "Interaction Types": ["Clicks"], "Video played to 100%": 0.0, "Campaign ID": 682542681, "Invalid clicks": 77, "Avg. CPE": 0.0, "Impressions": 2557, "Conversions": 0.0, "Avg. position": 1.0, "Advertising Channel": "Search"}, {"Video played to 75%": 10.14, "Date": "2017-06-02", "Avg. CPV": 0.014719, "Clicks": 10343, "Video played to 50%": 13.03, "Unique cookies": "", "Advertising Sub Channel": "Universal App Campaign", "Account Name": "VNG - PG1 - JXM", "Campaign": "JXM | 1610105 1611013 1611026 1611062 1703048 1706008 1707026 1709039 | UAC GMG Android", "End date": "", "Bid Strategy Type": "Target CPA", "Campaign serving status": "eligible", "Start date": "2016-11-15", "Cost": 607.16978, "Video played to 25%": 21.89, "Account ID": "5008396449", "CTR": 1.49, "Interactions": 33189, "Avg. CPC": 0.058703, "Avg. Cost": 0.018294, "Interaction Rate": 4.79, "Avg. CPM": 0.875677, "Campaign state": "enabled", "View rate": 14.85, "Views": 17681, "Engagements": 10023, "Mapping": false, "Interaction Types": ["Clicks", "Engagements", "Views"], "Video played to 100%": 7.89, "Campaign ID": 699351990, "Invalid clicks": 1322, "Avg. CPE": 0.025967, "Impressions": 693372, "Conversions": 1469.0, "Avg. position": 1.1, "Advertising Channel": "Multi Channel"}, {"Video played to 75%": 8.02, "Date": "2017-06-02", "Avg. CPV": 0.013811, "Clicks": 2456, "Video played to 50%": 9.91, "Unique cookies": "", "Advertising Sub Channel": "Universal App Campaign", "Account Name": "VNG - PG1 - JXM", "Campaign": "JXM | 1610105 1611013 1611026 1611062 1703048 1704016 1706008 1707026 1709039 | UAC App Store - iOS", "End date": "", "Bid Strategy Type": "Target CPA", "Campaign serving status": "eligible", "Start date": "2016-12-28", "Cost": 314.38364, "Video played to 25%": 17.75, "Account ID": "5008396449", "CTR": 0.7, "Interactions": 17094, "Avg. CPC": 0.128006, "Avg. Cost": 0.018391, "Interaction Rate": 4.88, "Avg. CPM": 0.896976, "Campaign state": "enabled", "View rate": 16.25, "Views": 13450, "Engagements": 2566, "Mapping": false, "Interaction Types": ["Clicks", "Engagements", "Views"], "Video played to 100%": 5.78, "Campaign ID": 726209660, "Invalid clicks": 167, "Avg. CPE": 0.072402, "Impressions": 350493, "Conversions": 266.0, "Avg. position": 1.0, "Advertising Channel": "Multi Channel"}, {"Video played to 75%": 0.0, "Date": "2017-06-02", "Avg. CPV": 0.0, "Clicks": 8103, "Video played to 50%": 0.0, "Unique cookies": 212535, "Advertising Sub Channel": "", "Account Name": "VNG - PG1 - JXM", "Campaign": "JXM | 1705015 1706010 1707028 | Branding GDN - Android", "End date": "", "Bid Strategy Type": "Maximize clicks", "Campaign serving status": "eligible", "Start date": "2017-06-02", "Cost": 184.06, "Video played to 25%": 0.0, "Account ID": "5008396449", "CTR": 1.45, "Interactions": 8103, "Avg. CPC": 0.022715, "Avg. Cost": 0.022715, "Interaction Rate": 1.45, "Avg. CPM": 0.32966, "Campaign state": "paused", "View rate": 0.0, "Views": 0, "Engagements": 0, "Mapping": false, "Interaction Types": ["Clicks"], "Video played to 100%": 0.0, "Campaign ID": 843945598, "Invalid clicks": 2678, "Avg. CPE": 0.0, "Impressions": 558332, "Conversions": 41.0, "Avg. position": 1.0, "Advertising Channel": "Display"}, {"Video played to 75%": 0.0, "Date": "2017-06-02", "Avg. CPV": 0.0, "Clicks": 7732, "Video played to 50%": 0.0, "Unique cookies": 163382, "Advertising Sub Channel": "", "Account Name": "VNG - PG1 - JXM", "Campaign": "JXM | 1705015 1706010 1707028 | Branding GDN - iOS", "End date": "", "Bid Strategy Type": "Maximize clicks", "Campaign serving status": "eligible", "Start date": "2017-05-26", "Cost": 123.03, "Video played to 25%": 0.0, "Account ID": "5008396449", "CTR": 1.71, "Interactions": 7732, "Avg. CPC": 0.015912, "Avg. Cost": 0.015912, "Interaction Rate": 1.71, "Avg. CPM": 0.27221, "Campaign state": "paused", "View rate": 0.0, "Views": 0, "Engagements": 0, "Mapping": false, "Interaction Types": ["Clicks"], "Video played to 100%": 0.0, "Campaign ID": 837910039, "Invalid clicks": 699, "Avg. CPE": 0.0, "Impressions": 451968, "Conversions": 44.0, "Avg. position": 1.0, "Advertising Channel": "Display"}, {"Video played to 75%": 9.21, "Date": "2017-06-02", "Avg. CPV": 0.014327, "Clicks": 33237, "Video played to 50%": 11.65, "Unique cookies": "", "Advertising Sub Channel": "", "Account Name": "VNG - PG1 - JXM", "Campaign": "", "End date": "", "Bid Strategy Type": "", "Campaign serving status": "", "Start date": "", "Cost": 1658.53342, "Video played to 25%": 20.06, "Account ID": "5008396449", "CTR": 1.6, "Interactions": 70721, "Avg. CPC": 0.0499, "Avg. Cost": 0.023452, "Interaction Rate": 3.4, "Avg. CPM": 0.796386, "Campaign state": "Total", "View rate": 15.43, "Views": 31131, "Engagements": 12589, "Mapping": false, "Interaction Types": "", "Video played to 100%": 6.96, "Campaign ID": "", "Invalid clicks": 5271, "Avg. CPE": 0.035432, "Impressions": 2082574, "Conversions": 2654.0, "Avg. position": 1.0, "Advertising Channel": ""}]