[{"Bid Strategy Type": "cpc", "Account Name": "[paused] G1 - WPL - ctc360", "End date": "", "Advertising Channel": "Search", "Mapping": false, "Campaign": "Brand-term_BM-Mor", "Date": "2017-05-01", "Avg. CPE": 0.0, "Video played to 50%": 0.0, "Clicks": 250, "Cost": 5.81, "Video played to 25%": 0.0, "Interaction Types": ["Clicks"], "Campaign state": "paused", "Avg. position": 1.2, "Interactions": 250, "View rate": 0.0, "Campaign serving status": "eligible", "Engagements": 0, "Avg. Cost": 0.02324, "Conversions": 17.0, "Avg. CPV": 0.0, "Invalid clicks": 48, "Unique cookies": "", "Campaign ID": 280039002, "Views": 0, "Interaction Rate": 32.77, "Advertising Sub Channel": "", "Account ID": "1669629424", "Video played to 100%": 0.0, "CTR": 32.77, "Start date": "2015-04-20", "Avg. CPC": 0.02324, "Video played to 75%": 0.0, "Impressions": 763, "Avg. CPM": 7.614679}, {"Bid Strategy Type": "cpc", "Account Name": "[paused] G1 - WPL - ctc360", "End date": "", "Advertising Channel": "Search", "Mapping": false, "Campaign": "Brand-term_BM-Aft", "Date": "2017-05-01", "Avg. CPE": 0.0, "Video played to 50%": 0.0, "Clicks": 248, "Cost": 7.68, "Video played to 25%": 0.0, "Interaction Types": ["Clicks"], "Campaign state": "paused", "Avg. position": 1.2, "Interactions": 248, "View rate": 0.0, "Campaign serving status": "eligible", "Engagements": 0, "Avg. Cost": 0.030968, "Conversions": 14.0, "Avg. CPV": 0.0, "Invalid clicks": 39, "Unique cookies": "", "Campaign ID": 280039722, "Views": 0, "Interaction Rate": 33.07, "Advertising Sub Channel": "", "Account ID": "1669629424", "Video played to 100%": 0.0, "CTR": 33.07, "Start date": "2015-04-20", "Avg. CPC": 0.030968, "Video played to 75%": 0.0, "Impressions": 750, "Avg. CPM": 10.24}, {"Bid Strategy Type": "cpc", "Account Name": "[paused] G1 - WPL - ctc360", "End date": "", "Advertising Channel": "Search", "Mapping": false, "Campaign": "Brand-term_BM-Eve", "Date": "2017-05-01", "Avg. CPE": 0.0, "Video played to 50%": 0.0, "Clicks": 154, "Cost": 5.24, "Video played to 25%": 0.0, "Interaction Types": ["Clicks"], "Campaign state": "paused", "Avg. position": 1.2, "Interactions": 154, "View rate": 0.0, "Campaign serving status": "eligible", "Engagements": 0, "Avg. Cost": 0.034026, "Conversions": 11.0, "Avg. CPV": 0.0, "Invalid clicks": 16, "Unique cookies": "", "Campaign ID": 280039842, "Views": 0, "Interaction Rate": 36.24, "Advertising Sub Channel": "", "Account ID": "1669629424", "Video played to 100%": 0.0, "CTR": 36.24, "Start date": "2015-04-20", "Avg. CPC": 0.034026, "Video played to 75%": 0.0, "Impressions": 425, "Avg. CPM": 12.329412}, {"Bid Strategy Type": "cpc", "Account Name": "[paused] G1 - WPL - ctc360", "End date": "", "Advertising Channel": "Search", "Mapping": false, "Campaign": "Gen-term_FH-GPC-Exa-Mor", "Date": "2017-05-01", "Avg. CPE": 0.0, "Video played to 50%": 0.0, "Clicks": 6, "Cost": 0.42, "Video played to 25%": 0.0, "Interaction Types": ["Clicks"], "Campaign state": "paused", "Avg. position": 1.1, "Interactions": 6, "View rate": 0.0, "Campaign serving status": "eligible", "Engagements": 0, "Avg. Cost": 0.07, "Conversions": 0.0, "Avg. CPV": 0.0, "Invalid clicks": 0, "Unique cookies": "", "Campaign ID": 280056282, "Views": 0, "Interaction Rate": 17.14, "Advertising Sub Channel": "", "Account ID": "1669629424", "Video played to 100%": 0.0, "CTR": 17.14, "Start date": "2015-04-20", "Avg. CPC": 0.07, "Video played to 75%": 0.0, "Impressions": 35, "Avg. CPM": 12.0}, {"Bid Strategy Type": "cpc", "Account Name": "[paused] G1 - WPL - ctc360", "End date": "", "Advertising Channel": "Search", "Mapping": false, "Campaign": "Brand-term_BM-IngameName-Mor", "Date": "2017-05-01", "Avg. CPE": 0.0, "Video played to 50%": 0.0, "Clicks": 2, "Cost": 0.23, "Video played to 25%": 0.0, "Interaction Types": ["Clicks"], "Campaign state": "paused", "Avg. position": 1.0, "Interactions": 2, "View rate": 0.0, "Campaign serving status": "eligible", "Engagements": 0, "Avg. Cost": 0.115, "Conversions": 0.0, "Avg. CPV": 0.0, "Invalid clicks": 1, "Unique cookies": "", "Campaign ID": 285130842, "Views": 0, "Interaction Rate": 20.0, "Advertising Sub Channel": "", "Account ID": "1669629424", "Video played to 100%": 0.0, "CTR": 20.0, "Start date": "2015-05-05", "Avg. CPC": 0.115, "Video played to 75%": 0.0, "Impressions": 10, "Avg. CPM": 23.0}, {"Bid Strategy Type": "", "Account Name": "[paused] G1 - WPL - ctc360", "End date": "", "Advertising Channel": "", "Mapping": false, "Campaign": "", "Date": "2017-05-01", "Avg. CPE": 0.0, "Video played to 50%": 0.0, "Clicks": 660, "Cost": 19.38, "Video played to 25%": 0.0, "Interaction Types": "", "Campaign state": "Total", "Avg. position": 1.2, "Interactions": 660, "View rate": 0.0, "Campaign serving status": "", "Engagements": 0, "Avg. Cost": 0.029364, "Conversions": 42.0, "Avg. CPV": 0.0, "Invalid clicks": 104, "Unique cookies": "", "Campaign ID": "", "Views": 0, "Interaction Rate": 33.02, "Advertising Sub Channel": "", "Account ID": "1669629424", "Video played to 100%": 0.0, "CTR": 33.02, "Start date": "", "Avg. CPC": 0.029364, "Video played to 75%": 0.0, "Impressions": 1999, "Avg. CPM": 9.694847}]