[{"Bid Strategy Type": "cpc", "Account Name": "[W] G1 - WPL - 360Game", "End date": "", "Advertising Channel": "Search", "Mapping": false, "Campaign": "Gen-term_MT-Game-BMM-MOR", "Date": "2017-05-03", "Avg. CPE": 0.0, "Video played to 50%": 0.0, "Clicks": 12, "Cost": 1.05, "Video played to 25%": 0.0, "Interaction Types": ["Clicks"], "Campaign state": "enabled", "Avg. position": 1.7, "Interactions": 12, "View rate": 0.0, "Campaign serving status": "eligible", "Engagements": 0, "Avg. Cost": 0.0875, "Conversions": 1.0, "Avg. CPV": 0.0, "Invalid clicks": 0, "Unique cookies": "", "Campaign ID": 260083724, "Views": 0, "Interaction Rate": 15.0, "Advertising Sub Channel": "", "Account ID": "1033505012", "Video played to 100%": 0.0, "CTR": 15.0, "Start date": "2015-06-08", "Avg. CPC": 0.0875, "Video played to 75%": 0.0, "Impressions": 80, "Avg. CPM": 13.125}, {"Bid Strategy Type": "cpc", "Account Name": "[W] G1 - WPL - 360Game", "End date": "", "Advertising Channel": "Search", "Mapping": false, "Campaign": "Gen-term_FH-Game-BMM-MOR", "Date": "2017-05-03", "Avg. CPE": 0.0, "Video played to 50%": 0.0, "Clicks": 117, "Cost": 13.76, "Video played to 25%": 0.0, "Interaction Types": ["Clicks"], "Campaign state": "enabled", "Avg. position": 1.7, "Interactions": 117, "View rate": 0.0, "Campaign serving status": "eligible", "Engagements": 0, "Avg. Cost": 0.117607, "Conversions": 32.0, "Avg. CPV": 0.0, "Invalid clicks": 8, "Unique cookies": "", "Campaign ID": 260084684, "Views": 0, "Interaction Rate": 21.75, "Advertising Sub Channel": "", "Account ID": "1033505012", "Video played to 100%": 0.0, "CTR": 21.75, "Start date": "2015-06-08", "Avg. CPC": 0.117607, "Video played to 75%": 0.0, "Impressions": 538, "Avg. CPM": 25.576208}, {"Bid Strategy Type": "cpc", "Account Name": "[W] G1 - WPL - 360Game", "End date": "", "Advertising Channel": "Search", "Mapping": false, "Campaign": "Gen-term_FH-GTT-BM-MOR", "Date": "2017-05-03", "Avg. CPE": 0.0, "Video played to 50%": 0.0, "Clicks": 1, "Cost": 0.05, "Video played to 25%": 0.0, "Interaction Types": ["Clicks"], "Campaign state": "enabled", "Avg. position": 1.5, "Interactions": 1, "View rate": 0.0, "Campaign serving status": "eligible", "Engagements": 0, "Avg. Cost": 0.05, "Conversions": 0.0, "Avg. CPV": 0.0, "Invalid clicks": 0, "Unique cookies": "", "Campaign ID": 260089844, "Views": 0, "Interaction Rate": 50.0, "Advertising Sub Channel": "", "Account ID": "1033505012", "Video played to 100%": 0.0, "CTR": 50.0, "Start date": "2015-06-08", "Avg. CPC": 0.05, "Video played to 75%": 0.0, "Impressions": 2, "Avg. CPM": 25.0}, {"Bid Strategy Type": "cpc", "Account Name": "[W] G1 - WPL - 360Game", "End date": "", "Advertising Channel": "Search", "Mapping": false, "Campaign": "Gen-term_360Play-BM-Mor", "Date": "2017-05-03", "Avg. CPE": 0.0, "Video played to 50%": 0.0, "Clicks": 636, "Cost": 34.9, "Video played to 25%": 0.0, "Interaction Types": ["Clicks"], "Campaign state": "paused", "Avg. position": 1.1, "Interactions": 636, "View rate": 0.0, "Campaign serving status": "eligible", "Engagements": 0, "Avg. Cost": 0.054874, "Conversions": 106.0, "Avg. CPV": 0.0, "Invalid clicks": 39, "Unique cookies": "", "Campaign ID": 263315804, "Views": 0, "Interaction Rate": 21.0, "Advertising Sub Channel": "", "Account ID": "1033505012", "Video played to 100%": 0.0, "CTR": 21.0, "Start date": "2015-06-21", "Avg. CPC": 0.054874, "Video played to 75%": 0.0, "Impressions": 3028, "Avg. CPM": 11.52576}, {"Bid Strategy Type": "cpc", "Account Name": "[W] G1 - WPL - 360Game", "End date": "", "Advertising Channel": "Search", "Mapping": false, "Campaign": "Brand-term_Thien-Long-Bat-Bo", "Date": "2017-05-03", "Avg. CPE": 0.0, "Video played to 50%": 0.0, "Clicks": 73, "Cost": 1.9, "Video played to 25%": 0.0, "Interaction Types": ["Clicks"], "Campaign state": "enabled", "Avg. position": 1.0, "Interactions": 73, "View rate": 0.0, "Campaign serving status": "eligible", "Engagements": 0, "Avg. Cost": 0.026027, "Conversions": 10.0, "Avg. CPV": 0.0, "Invalid clicks": 7, "Unique cookies": "", "Campaign ID": 637694769, "Views": 0, "Interaction Rate": 29.55, "Advertising Sub Channel": "", "Account ID": "1033505012", "Video played to 100%": 0.0, "CTR": 29.55, "Start date": "2016-08-04", "Avg. CPC": 0.026027, "Video played to 75%": 0.0, "Impressions": 247, "Avg. CPM": 7.692308}, {"Bid Strategy Type": "cpc", "Account Name": "[W] G1 - WPL - 360Game", "End date": "", "Advertising Channel": "Search", "Mapping": false, "Campaign": "Brand-term_TTTD-ex", "Date": "2017-05-03", "Avg. CPE": 0.0, "Video played to 50%": 0.0, "Clicks": 9, "Cost": 0.23, "Video played to 25%": 0.0, "Interaction Types": ["Clicks"], "Campaign state": "enabled", "Avg. position": 1.0, "Interactions": 9, "View rate": 0.0, "Campaign serving status": "eligible", "Engagements": 0, "Avg. Cost": 0.025556, "Conversions": 1.0, "Avg. CPV": 0.0, "Invalid clicks": 2, "Unique cookies": "", "Campaign ID": 642570944, "Views": 0, "Interaction Rate": 37.5, "Advertising Sub Channel": "", "Account ID": "1033505012", "Video played to 100%": 0.0, "CTR": 37.5, "Start date": "2016-08-12", "Avg. CPC": 0.025556, "Video played to 75%": 0.0, "Impressions": 24, "Avg. CPM": 9.583333}, {"Bid Strategy Type": "cpc", "Account Name": "[W] G1 - WPL - 360Game", "End date": "", "Advertising Channel": "Search", "Mapping": false, "Campaign": "Gen-term_FH-GO-BMM-MOR", "Date": "2017-05-03", "Avg. CPE": 0.0, "Video played to 50%": 0.0, "Clicks": 54, "Cost": 4.05, "Video played to 25%": 0.0, "Interaction Types": ["Clicks"], "Campaign state": "enabled", "Avg. position": 1.8, "Interactions": 54, "View rate": 0.0, "Campaign serving status": "eligible", "Engagements": 0, "Avg. Cost": 0.075, "Conversions": 7.0, "Avg. CPV": 0.0, "Invalid clicks": 7, "Unique cookies": "", "Campaign ID": 260085404, "Views": 0, "Interaction Rate": 14.25, "Advertising Sub Channel": "", "Account ID": "1033505012", "Video played to 100%": 0.0, "CTR": 14.25, "Start date": "2015-06-08", "Avg. CPC": 0.075, "Video played to 75%": 0.0, "Impressions": 379, "Avg. CPM": 10.686016}, {"Bid Strategy Type": "cpc", "Account Name": "[W] G1 - WPL - 360Game", "End date": "", "Advertising Channel": "Search", "Mapping": false, "Campaign": "Gen-term_360Game-BM-Mor", "Date": "2017-05-03", "Avg. CPE": 0.0, "Video played to 50%": 0.0, "Clicks": 1424, "Cost": 108.44, "Video played to 25%": 0.0, "Interaction Types": ["Clicks"], "Campaign state": "paused", "Avg. position": 1.2, "Interactions": 1424, "View rate": 0.0, "Campaign serving status": "eligible", "Engagements": 0, "Avg. Cost": 0.076152, "Conversions": 208.0, "Avg. CPV": 0.0, "Invalid clicks": 88, "Unique cookies": "", "Campaign ID": 260168084, "Views": 0, "Interaction Rate": 24.29, "Advertising Sub Channel": "", "Account ID": "1033505012", "Video played to 100%": 0.0, "CTR": 24.29, "Start date": "2015-06-08", "Avg. CPC": 0.076152, "Video played to 75%": 0.0, "Impressions": 5863, "Avg. CPM": 18.495651}, {"Bid Strategy Type": "cpc", "Account Name": "[W] G1 - WPL - 360Game", "End date": "", "Advertising Channel": "Search", "Mapping": false, "Campaign": "Gen-term_FH-GPC-BM-MOR", "Date": "2017-05-03", "Avg. CPE": 0.0, "Video played to 50%": 0.0, "Clicks": 1, "Cost": 0.02, "Video played to 25%": 0.0, "Interaction Types": ["Clicks"], "Campaign state": "enabled", "Avg. position": 1.3, "Interactions": 1, "View rate": 0.0, "Campaign serving status": "eligible", "Engagements": 0, "Avg. Cost": 0.02, "Conversions": 0.0, "Avg. CPV": 0.0, "Invalid clicks": 0, "Unique cookies": "", "Campaign ID": 260095124, "Views": 0, "Interaction Rate": 14.29, "Advertising Sub Channel": "", "Account ID": "1033505012", "Video played to 100%": 0.0, "CTR": 14.29, "Start date": "2015-06-08", "Avg. CPC": 0.02, "Video played to 75%": 0.0, "Impressions": 7, "Avg. CPM": 2.857143}, {"Bid Strategy Type": "cpc", "Account Name": "[W] G1 - WPL - 360Game", "End date": "", "Advertising Channel": "Search", "Mapping": false, "Campaign": "Gen-term_FH-GPC-BMM-MOR", "Date": "2017-05-03", "Avg. CPE": 0.0, "Video played to 50%": 0.0, "Clicks": 2, "Cost": 0.11, "Video played to 25%": 0.0, "Interaction Types": ["Clicks"], "Campaign state": "enabled", "Avg. position": 1.6, "Interactions": 2, "View rate": 0.0, "Campaign serving status": "eligible", "Engagements": 0, "Avg. Cost": 0.055, "Conversions": 1.0, "Avg. CPV": 0.0, "Invalid clicks": 0, "Unique cookies": "", "Campaign ID": 260097644, "Views": 0, "Interaction Rate": 16.67, "Advertising Sub Channel": "", "Account ID": "1033505012", "Video played to 100%": 0.0, "CTR": 16.67, "Start date": "2015-06-08", "Avg. CPC": 0.055, "Video played to 75%": 0.0, "Impressions": 12, "Avg. CPM": 9.166667}, {"Bid Strategy Type": "cpc", "Account Name": "[W] G1 - WPL - 360Game", "End date": "", "Advertising Channel": "Search", "Mapping": false, "Campaign": "Gen-term_FH-PCG-BMM-MOR", "Date": "2017-05-03", "Avg. CPE": 0.0, "Video played to 50%": 0.0, "Clicks": 2, "Cost": 0.31, "Video played to 25%": 0.0, "Interaction Types": ["Clicks"], "Campaign state": "enabled", "Avg. position": 1.3, "Interactions": 2, "View rate": 0.0, "Campaign serving status": "eligible", "Engagements": 0, "Avg. Cost": 0.155, "Conversions": 0.0, "Avg. CPV": 0.0, "Invalid clicks": 0, "Unique cookies": "", "Campaign ID": 260101724, "Views": 0, "Interaction Rate": 50.0, "Advertising Sub Channel": "", "Account ID": "1033505012", "Video played to 100%": 0.0, "CTR": 50.0, "Start date": "2015-06-08", "Avg. CPC": 0.155, "Video played to 75%": 0.0, "Impressions": 4, "Avg. CPM": 77.5}, {"Bid Strategy Type": "cpc", "Account Name": "[W] G1 - WPL - 360Game", "End date": "", "Advertising Channel": "Search", "Mapping": false, "Campaign": "Brand-term_Vo-Lam-Chi-Mong", "Date": "2017-05-03", "Avg. CPE": 0.0, "Video played to 50%": 0.0, "Clicks": 1421, "Cost": 75.39, "Video played to 25%": 0.0, "Interaction Types": ["Clicks"], "Campaign state": "enabled", "Avg. position": 1.0, "Interactions": 1421, "View rate": 0.0, "Campaign serving status": "eligible", "Engagements": 0, "Avg. Cost": 0.053054, "Conversions": 120.0, "Avg. CPV": 0.0, "Invalid clicks": 69, "Unique cookies": "", "Campaign ID": 637694601, "Views": 0, "Interaction Rate": 38.83, "Advertising Sub Channel": "", "Account ID": "1033505012", "Video played to 100%": 0.0, "CTR": 38.83, "Start date": "2016-08-04", "Avg. CPC": 0.053054, "Video played to 75%": 0.0, "Impressions": 3660, "Avg. CPM": 20.598361}, {"Bid Strategy Type": "cpc", "Account Name": "[W] G1 - WPL - 360Game", "End date": "", "Advertising Channel": "Search", "Mapping": false, "Campaign": "Brand-term_Phong-Van", "Date": "2017-05-03", "Avg. CPE": 0.0, "Video played to 50%": 0.0, "Clicks": 37, "Cost": 2.61, "Video played to 25%": 0.0, "Interaction Types": ["Clicks"], "Campaign state": "enabled", "Avg. position": 1.1, "Interactions": 37, "View rate": 0.0, "Campaign serving status": "eligible", "Engagements": 0, "Avg. Cost": 0.070541, "Conversions": 7.0, "Avg. CPV": 0.0, "Invalid clicks": 2, "Unique cookies": "", "Campaign ID": 637694772, "Views": 0, "Interaction Rate": 31.09, "Advertising Sub Channel": "", "Account ID": "1033505012", "Video played to 100%": 0.0, "CTR": 31.09, "Start date": "2016-08-04", "Avg. CPC": 0.070541, "Video played to 75%": 0.0, "Impressions": 119, "Avg. CPM": 21.932773}, {"Bid Strategy Type": "cpc", "Account Name": "[W] G1 - WPL - 360Game", "End date": "", "Advertising Channel": "Search", "Mapping": false, "Campaign": "Gen-term_FH-Game-BM-MOR", "Date": "2017-05-03", "Avg. CPE": 0.0, "Video played to 50%": 0.0, "Clicks": 1487, "Cost": 177.0, "Video played to 25%": 0.0, "Interaction Types": ["Clicks"], "Campaign state": "enabled", "Avg. position": 1.6, "Interactions": 1487, "View rate": 0.0, "Campaign serving status": "eligible", "Engagements": 0, "Avg. Cost": 0.119032, "Conversions": 219.0, "Avg. CPV": 0.0, "Invalid clicks": 158, "Unique cookies": "", "Campaign ID": 260084204, "Views": 0, "Interaction Rate": 17.78, "Advertising Sub Channel": "", "Account ID": "1033505012", "Video played to 100%": 0.0, "CTR": 17.78, "Start date": "2015-06-08", "Avg. CPC": 0.119032, "Video played to 75%": 0.0, "Impressions": 8362, "Avg. CPM": 21.167185}, {"Bid Strategy Type": "cpc", "Account Name": "[W] G1 - WPL - 360Game", "End date": "", "Advertising Channel": "Search", "Mapping": false, "Campaign": "Gen-term_FH-PCG-BM-MOR", "Date": "2017-05-03", "Avg. CPE": 0.0, "Video played to 50%": 0.0, "Clicks": 6, "Cost": 1.13, "Video played to 25%": 0.0, "Interaction Types": ["Clicks"], "Campaign state": "enabled", "Avg. position": 1.4, "Interactions": 6, "View rate": 0.0, "Campaign serving status": "eligible", "Engagements": 0, "Avg. Cost": 0.188333, "Conversions": 0.0, "Avg. CPV": 0.0, "Invalid clicks": 2, "Unique cookies": "", "Campaign ID": 260099204, "Views": 0, "Interaction Rate": 11.32, "Advertising Sub Channel": "", "Account ID": "1033505012", "Video played to 100%": 0.0, "CTR": 11.32, "Start date": "2015-06-08", "Avg. CPC": 0.188333, "Video played to 75%": 0.0, "Impressions": 53, "Avg. CPM": 21.320755}, {"Bid Strategy Type": "cpc", "Account Name": "[W] G1 - WPL - 360Game", "End date": "", "Advertising Channel": "Search", "Mapping": false, "Campaign": "Gen-term_FH-WG-BM-MOR", "Date": "2017-05-03", "Avg. CPE": 0.0, "Video played to 50%": 0.0, "Clicks": 1459, "Cost": 167.79, "Video played to 25%": 0.0, "Interaction Types": ["Clicks"], "Campaign state": "enabled", "Avg. position": 1.5, "Interactions": 1459, "View rate": 0.0, "Campaign serving status": "eligible", "Engagements": 0, "Avg. Cost": 0.115003, "Conversions": 184.0, "Avg. CPV": 0.0, "Invalid clicks": 159, "Unique cookies": "", "Campaign ID": 260112884, "Views": 0, "Interaction Rate": 18.86, "Advertising Sub Channel": "", "Account ID": "1033505012", "Video played to 100%": 0.0, "CTR": 18.86, "Start date": "2015-06-08", "Avg. CPC": 0.115003, "Video played to 75%": 0.0, "Impressions": 7734, "Avg. CPM": 21.695112}, {"Bid Strategy Type": "cpc", "Account Name": "[W] G1 - WPL - 360Game", "End date": "", "Advertising Channel": "Search", "Mapping": false, "Campaign": "Gen-term_FH-WG-BMM-MOR", "Date": "2017-05-03", "Avg. CPE": 0.0, "Video played to 50%": 0.0, "Clicks": 15, "Cost": 1.15, "Video played to 25%": 0.0, "Interaction Types": ["Clicks"], "Campaign state": "enabled", "Avg. position": 2.2, "Interactions": 15, "View rate": 0.0, "Campaign serving status": "eligible", "Engagements": 0, "Avg. Cost": 0.076667, "Conversions": 4.0, "Avg. CPV": 0.0, "Invalid clicks": 0, "Unique cookies": "", "Campaign ID": 260113484, "Views": 0, "Interaction Rate": 16.3, "Advertising Sub Channel": "", "Account ID": "1033505012", "Video played to 100%": 0.0, "CTR": 16.3, "Start date": "2015-06-08", "Avg. CPC": 0.076667, "Video played to 75%": 0.0, "Impressions": 92, "Avg. CPM": 12.5}, {"Bid Strategy Type": "cpc", "Account Name": "[W] G1 - WPL - 360Game", "End date": "", "Advertising Channel": "Search", "Mapping": false, "Campaign": "Gen-term_FH-Game-Exact-MOR", "Date": "2017-05-03", "Avg. CPE": 0.0, "Video played to 50%": 0.0, "Clicks": 85, "Cost": 8.22, "Video played to 25%": 0.0, "Interaction Types": ["Clicks"], "Campaign state": "enabled", "Avg. position": 1.3, "Interactions": 85, "View rate": 0.0, "Campaign serving status": "eligible", "Engagements": 0, "Avg. Cost": 0.096706, "Conversions": 17.0, "Avg. CPV": 0.0, "Invalid clicks": 6, "Unique cookies": "", "Campaign ID": 260083484, "Views": 0, "Interaction Rate": 24.29, "Advertising Sub Channel": "", "Account ID": "1033505012", "Video played to 100%": 0.0, "CTR": 24.29, "Start date": "2015-06-08", "Avg. CPC": 0.096706, "Video played to 75%": 0.0, "Impressions": 350, "Avg. CPM": 23.485714}, {"Bid Strategy Type": "cpc", "Account Name": "[W] G1 - WPL - 360Game", "End date": "", "Advertising Channel": "Search", "Mapping": false, "Campaign": "Gen-term_MT-Game-Exact-MOR", "Date": "2017-05-03", "Avg. CPE": 0.0, "Video played to 50%": 0.0, "Clicks": 11, "Cost": 1.1, "Video played to 25%": 0.0, "Interaction Types": ["Clicks"], "Campaign state": "enabled", "Avg. position": 2.1, "Interactions": 11, "View rate": 0.0, "Campaign serving status": "eligible", "Engagements": 0, "Avg. Cost": 0.1, "Conversions": 3.0, "Avg. CPV": 0.0, "Invalid clicks": 0, "Unique cookies": "", "Campaign ID": 260086124, "Views": 0, "Interaction Rate": 18.33, "Advertising Sub Channel": "", "Account ID": "1033505012", "Video played to 100%": 0.0, "CTR": 18.33, "Start date": "2015-06-08", "Avg. CPC": 0.1, "Video played to 75%": 0.0, "Impressions": 60, "Avg. CPM": 18.333333}, {"Bid Strategy Type": "cpc", "Account Name": "[W] G1 - WPL - 360Game", "End date": "", "Advertising Channel": "Search", "Mapping": false, "Campaign": "Brand-term_\u0110ai-Chua-Te", "Date": "2017-05-03", "Avg. CPE": 0.0, "Video played to 50%": 0.0, "Clicks": 1, "Cost": 0.08, "Video played to 25%": 0.0, "Interaction Types": ["Clicks"], "Campaign state": "enabled", "Avg. position": 1.0, "Interactions": 1, "View rate": 0.0, "Campaign serving status": "eligible", "Engagements": 0, "Avg. Cost": 0.08, "Conversions": 0.0, "Avg. CPV": 0.0, "Invalid clicks": 0, "Unique cookies": "", "Campaign ID": 682038434, "Views": 0, "Interaction Rate": 50.0, "Advertising Sub Channel": "", "Account ID": "1033505012", "Video played to 100%": 0.0, "CTR": 50.0, "Start date": "2016-10-15", "Avg. CPC": 0.08, "Video played to 75%": 0.0, "Impressions": 2, "Avg. CPM": 40.0}, {"Bid Strategy Type": "cpc", "Account Name": "[W] G1 - WPL - 360Game", "End date": "", "Advertising Channel": "Search", "Mapping": false, "Campaign": "Brand-term_Gunny", "Date": "2017-05-03", "Avg. CPE": 0.0, "Video played to 50%": 0.0, "Clicks": 4542, "Cost": 67.23, "Video played to 25%": 0.0, "Interaction Types": ["Clicks"], "Campaign state": "enabled", "Avg. position": 1.0, "Interactions": 4542, "View rate": 0.0, "Campaign serving status": "eligible", "Engagements": 0, "Avg. Cost": 0.014802, "Conversions": 1035.0, "Avg. CPV": 0.0, "Invalid clicks": 315, "Unique cookies": "", "Campaign ID": 792716395, "Views": 0, "Interaction Rate": 30.98, "Advertising Sub Channel": "", "Account ID": "1033505012", "Video played to 100%": 0.0, "CTR": 30.98, "Start date": "2017-03-31", "Avg. CPC": 0.014802, "Video played to 75%": 0.0, "Impressions": 14663, "Avg. CPM": 4.58501}, {"Bid Strategy Type": "cpc", "Account Name": "[W] G1 - WPL - 360Game", "End date": "", "Advertising Channel": "Search", "Mapping": false, "Campaign": "Brand-term_Kiem-Vu", "Date": "2017-05-03", "Avg. CPE": 0.0, "Video played to 50%": 0.0, "Clicks": 100, "Cost": 3.87, "Video played to 25%": 0.0, "Interaction Types": ["Clicks"], "Campaign state": "enabled", "Avg. position": 1.4, "Interactions": 100, "View rate": 0.0, "Campaign serving status": "eligible", "Engagements": 0, "Avg. Cost": 0.0387, "Conversions": 16.0, "Avg. CPV": 0.0, "Invalid clicks": 5, "Unique cookies": "", "Campaign ID": 637556576, "Views": 0, "Interaction Rate": 36.1, "Advertising Sub Channel": "", "Account ID": "1033505012", "Video played to 100%": 0.0, "CTR": 36.1, "Start date": "2016-08-04", "Avg. CPC": 0.0387, "Video played to 75%": 0.0, "Impressions": 277, "Avg. CPM": 13.971119}, {"Bid Strategy Type": "cpc", "Account Name": "[W] G1 - WPL - 360Game", "End date": "", "Advertising Channel": "Search", "Mapping": false, "Campaign": "Brand-term_V\u00f5 L\u00e2m", "Date": "2017-05-03", "Avg. CPE": 0.0, "Video played to 50%": 0.0, "Clicks": 1377, "Cost": 159.05, "Video played to 25%": 0.0, "Interaction Types": ["Clicks"], "Campaign state": "paused", "Avg. position": 1.4, "Interactions": 1377, "View rate": 0.0, "Campaign serving status": "eligible", "Engagements": 0, "Avg. Cost": 0.115505, "Conversions": 300.0, "Avg. CPV": 0.0, "Invalid clicks": 50, "Unique cookies": "", "Campaign ID": 661683762, "Views": 0, "Interaction Rate": 17.03, "Advertising Sub Channel": "", "Account ID": "1033505012", "Video played to 100%": 0.0, "CTR": 17.03, "Start date": "2016-09-14", "Avg. CPC": 0.115505, "Video played to 75%": 0.0, "Impressions": 8084, "Avg. CPM": 19.674666}, {"Bid Strategy Type": "cpc", "Account Name": "[W] G1 - WPL - 360Game", "End date": "", "Advertising Channel": "Search", "Mapping": false, "Campaign": "Gen-term_FH-GO-Exact-MOR", "Date": "2017-05-03", "Avg. CPE": 0.0, "Video played to 50%": 0.0, "Clicks": 106, "Cost": 7.85, "Video played to 25%": 0.0, "Interaction Types": ["Clicks"], "Campaign state": "enabled", "Avg. position": 1.3, "Interactions": 106, "View rate": 0.0, "Campaign serving status": "eligible", "Engagements": 0, "Avg. Cost": 0.074057, "Conversions": 25.0, "Avg. CPV": 0.0, "Invalid clicks": 6, "Unique cookies": "", "Campaign ID": 260085044, "Views": 0, "Interaction Rate": 22.32, "Advertising Sub Channel": "", "Account ID": "1033505012", "Video played to 100%": 0.0, "CTR": 22.32, "Start date": "2015-06-08", "Avg. CPC": 0.074057, "Video played to 75%": 0.0, "Impressions": 475, "Avg. CPM": 16.526316}, {"Bid Strategy Type": "cpc", "Account Name": "[W] G1 - WPL - 360Game", "End date": "", "Advertising Channel": "Search", "Mapping": false, "Campaign": "Gen-term_FH-GO-Phrase-MOR", "Date": "2017-05-03", "Avg. CPE": 0.0, "Video played to 50%": 0.0, "Clicks": 22, "Cost": 1.77, "Video played to 25%": 0.0, "Interaction Types": ["Clicks"], "Campaign state": "enabled", "Avg. position": 1.8, "Interactions": 22, "View rate": 0.0, "Campaign serving status": "eligible", "Engagements": 0, "Avg. Cost": 0.080455, "Conversions": 5.0, "Avg. CPV": 0.0, "Invalid clicks": 2, "Unique cookies": "", "Campaign ID": 260085644, "Views": 0, "Interaction Rate": 21.78, "Advertising Sub Channel": "", "Account ID": "1033505012", "Video played to 100%": 0.0, "CTR": 21.78, "Start date": "2015-06-08", "Avg. CPC": 0.080455, "Video played to 75%": 0.0, "Impressions": 101, "Avg. CPM": 17.524752}, {"Bid Strategy Type": "cpc", "Account Name": "[W] G1 - WPL - 360Game", "End date": "", "Advertising Channel": "Search", "Mapping": false, "Campaign": "Gen-term_FH-WG-Phrase-MOR", "Date": "2017-05-03", "Avg. CPE": 0.0, "Video played to 50%": 0.0, "Clicks": 2, "Cost": 0.25, "Video played to 25%": 0.0, "Interaction Types": ["Clicks"], "Campaign state": "enabled", "Avg. position": 1.2, "Interactions": 2, "View rate": 0.0, "Campaign serving status": "eligible", "Engagements": 0, "Avg. Cost": 0.125, "Conversions": 0.0, "Avg. CPV": 0.0, "Invalid clicks": 0, "Unique cookies": "", "Campaign ID": 260112764, "Views": 0, "Interaction Rate": 33.33, "Advertising Sub Channel": "", "Account ID": "1033505012", "Video played to 100%": 0.0, "CTR": 33.33, "Start date": "2015-06-08", "Avg. CPC": 0.125, "Video played to 75%": 0.0, "Impressions": 6, "Avg. CPM": 41.666667}, {"Bid Strategy Type": "cpc", "Account Name": "[W] G1 - WPL - 360Game", "End date": "", "Advertising Channel": "Search", "Mapping": false, "Campaign": "Brand-term_360Game", "Date": "2017-05-03", "Avg. CPE": 0.0, "Video played to 50%": 0.0, "Clicks": 1147, "Cost": 28.47, "Video played to 25%": 0.0, "Interaction Types": ["Clicks"], "Campaign state": "enabled", "Avg. position": 1.1, "Interactions": 1147, "View rate": 0.0, "Campaign serving status": "eligible", "Engagements": 0, "Avg. Cost": 0.024821, "Conversions": 210.0, "Avg. CPV": 0.0, "Invalid clicks": 56, "Unique cookies": "", "Campaign ID": 645195815, "Views": 0, "Interaction Rate": 34.31, "Advertising Sub Channel": "", "Account ID": "1033505012", "Video played to 100%": 0.0, "CTR": 34.31, "Start date": "2016-08-18", "Avg. CPC": 0.024821, "Video played to 75%": 0.0, "Impressions": 3343, "Avg. CPM": 8.516303}, {"Bid Strategy Type": "cpc", "Account Name": "[W] G1 - WPL - 360Game", "End date": "", "Advertising Channel": "Search", "Mapping": false, "Campaign": "Brand-term_MUdts", "Date": "2017-05-03", "Avg. CPE": 0.0, "Video played to 50%": 0.0, "Clicks": 102, "Cost": 1.82, "Video played to 25%": 0.0, "Interaction Types": ["Clicks"], "Campaign state": "enabled", "Avg. position": 1.1, "Interactions": 102, "View rate": 0.0, "Campaign serving status": "eligible", "Engagements": 0, "Avg. Cost": 0.017843, "Conversions": 16.0, "Avg. CPV": 0.0, "Invalid clicks": 6, "Unique cookies": "", "Campaign ID": 651551927, "Views": 0, "Interaction Rate": 25.5, "Advertising Sub Channel": "", "Account ID": "1033505012", "Video played to 100%": 0.0, "CTR": 25.5, "Start date": "2016-08-30", "Avg. CPC": 0.017843, "Video played to 75%": 0.0, "Impressions": 400, "Avg. CPM": 4.55}, {"Bid Strategy Type": "cpc", "Account Name": "[W] G1 - WPL - 360Game", "End date": "", "Advertising Channel": "Search", "Mapping": false, "Campaign": "Gen-term_FH-Game-Phrase-MOR", "Date": "2017-05-03", "Avg. CPE": 0.0, "Video played to 50%": 0.0, "Clicks": 164, "Cost": 15.24, "Video played to 25%": 0.0, "Interaction Types": ["Clicks"], "Campaign state": "enabled", "Avg. position": 1.7, "Interactions": 164, "View rate": 0.0, "Campaign serving status": "eligible", "Engagements": 0, "Avg. Cost": 0.092927, "Conversions": 26.0, "Avg. CPV": 0.0, "Invalid clicks": 14, "Unique cookies": "", "Campaign ID": 260084084, "Views": 0, "Interaction Rate": 19.05, "Advertising Sub Channel": "", "Account ID": "1033505012", "Video played to 100%": 0.0, "CTR": 19.05, "Start date": "2015-06-08", "Avg. CPC": 0.092927, "Video played to 75%": 0.0, "Impressions": 861, "Avg. CPM": 17.700348}, {"Bid Strategy Type": "cpc", "Account Name": "[W] G1 - WPL - 360Game", "End date": "", "Advertising Channel": "Search", "Mapping": false, "Campaign": "Gen-term_MT-GO-Exact-MOR", "Date": "2017-05-03", "Avg. CPE": 0.0, "Video played to 50%": 0.0, "Clicks": 6, "Cost": 0.96, "Video played to 25%": 0.0, "Interaction Types": ["Clicks"], "Campaign state": "enabled", "Avg. position": 1.4, "Interactions": 6, "View rate": 0.0, "Campaign serving status": "eligible", "Engagements": 0, "Avg. Cost": 0.16, "Conversions": 4.0, "Avg. CPV": 0.0, "Invalid clicks": 0, "Unique cookies": "", "Campaign ID": 260088764, "Views": 0, "Interaction Rate": 50.0, "Advertising Sub Channel": "", "Account ID": "1033505012", "Video played to 100%": 0.0, "CTR": 50.0, "Start date": "2015-06-08", "Avg. CPC": 0.16, "Video played to 75%": 0.0, "Impressions": 12, "Avg. CPM": 80.0}, {"Bid Strategy Type": "cpc", "Account Name": "[W] G1 - WPL - 360Game", "End date": "", "Advertising Channel": "Search", "Mapping": false, "Campaign": "Gen-term_FH-WG-Exact-MOR", "Date": "2017-05-03", "Avg. CPE": 0.0, "Video played to 50%": 0.0, "Clicks": 29, "Cost": 2.61, "Video played to 25%": 0.0, "Interaction Types": ["Clicks"], "Campaign state": "enabled", "Avg. position": 2.0, "Interactions": 29, "View rate": 0.0, "Campaign serving status": "eligible", "Engagements": 0, "Avg. Cost": 0.09, "Conversions": 6.0, "Avg. CPV": 0.0, "Invalid clicks": 0, "Unique cookies": "", "Campaign ID": 260112164, "Views": 0, "Interaction Rate": 18.83, "Advertising Sub Channel": "", "Account ID": "1033505012", "Video played to 100%": 0.0, "CTR": 18.83, "Start date": "2015-06-08", "Avg. CPC": 0.09, "Video played to 75%": 0.0, "Impressions": 154, "Avg. CPM": 16.948052}, {"Bid Strategy Type": "", "Account Name": "[W] G1 - WPL - 360Game", "End date": "", "Advertising Channel": "", "Mapping": false, "Campaign": "", "Date": "2017-05-03", "Avg. CPE": 0.0, "Video played to 50%": 0.0, "Clicks": 14450, "Cost": 888.41, "Video played to 25%": 0.0, "Interaction Types": "", "Campaign state": "Total", "Avg. position": 1.3, "Interactions": 14450, "View rate": 0.0, "Campaign serving status": "", "Engagements": 0, "Avg. Cost": 0.061482, "Conversions": 2563.0, "Avg. CPV": 0.0, "Invalid clicks": 1001, "Unique cookies": "", "Campaign ID": "", "Views": 0, "Interaction Rate": 24.49, "Advertising Sub Channel": "", "Account ID": "1033505012", "Video played to 100%": 0.0, "CTR": 24.49, "Start date": "", "Avg. CPC": 0.061482, "Video played to 75%": 0.0, "Impressions": 59007, "Avg. CPM": 15.05601}]