[{"Bid Strategy Type": "cpc", "Account Name": "[W] G1 - WPL - phongvan360", "End date": "", "Advertising Channel": "Search", "Mapping": false, "Campaign": "Brand-term_Game PhongVan", "Date": "2017-05-01", "Avg. CPE": 0.0, "Video played to 50%": 0.0, "Clicks": 185, "Cost": 4.21, "Video played to 25%": 0.0, "Interaction Types": ["Clicks"], "Campaign state": "paused", "Avg. position": 1.2, "Interactions": 185, "View rate": 0.0, "Campaign serving status": "eligible", "Engagements": 0, "Avg. Cost": 0.022757, "Conversions": 33.0, "Avg. CPV": 0.0, "Invalid clicks": 23, "Unique cookies": "", "Campaign ID": 192460947, "Views": 0, "Interaction Rate": 31.04, "Advertising Sub Channel": "", "Account ID": "1493302671", "Video played to 100%": 0.0, "CTR": 31.04, "Start date": "2014-07-09", "Avg. CPC": 0.022757, "Video played to 75%": 0.0, "Impressions": 596, "Avg. CPM": 7.063758}, {"Bid Strategy Type": "cpc", "Account Name": "[W] G1 - WPL - phongvan360", "End date": "", "Advertising Channel": "Search", "Mapping": false, "Campaign": "Brand-term_PhongVan", "Date": "2017-05-01", "Avg. CPE": 0.0, "Video played to 50%": 0.0, "Clicks": 491, "Cost": 22.49, "Video played to 25%": 0.0, "Interaction Types": ["Clicks"], "Campaign state": "paused", "Avg. position": 1.1, "Interactions": 491, "View rate": 0.0, "Campaign serving status": "eligible", "Engagements": 0, "Avg. Cost": 0.045804, "Conversions": 92.0, "Avg. CPV": 0.0, "Invalid clicks": 18, "Unique cookies": "", "Campaign ID": 192461067, "Views": 0, "Interaction Rate": 34.38, "Advertising Sub Channel": "", "Account ID": "1493302671", "Video played to 100%": 0.0, "CTR": 34.38, "Start date": "2014-07-09", "Avg. CPC": 0.045804, "Video played to 75%": 0.0, "Impressions": 1428, "Avg. CPM": 15.7493}, {"Bid Strategy Type": "cpc", "Account Name": "[W] G1 - WPL - phongvan360", "End date": "", "Advertising Channel": "Search", "Mapping": false, "Campaign": "Competitor-term_Tan PhongVan", "Date": "2017-05-01", "Avg. CPE": 0.0, "Video played to 50%": 0.0, "Clicks": 7, "Cost": 0.34, "Video played to 25%": 0.0, "Interaction Types": ["Clicks"], "Campaign state": "paused", "Avg. position": 1.3, "Interactions": 7, "View rate": 0.0, "Campaign serving status": "eligible", "Engagements": 0, "Avg. Cost": 0.048571, "Conversions": 1.0, "Avg. CPV": 0.0, "Invalid clicks": 0, "Unique cookies": "", "Campaign ID": 280122747, "Views": 0, "Interaction Rate": 19.44, "Advertising Sub Channel": "", "Account ID": "1493302671", "Video played to 100%": 0.0, "CTR": 19.44, "Start date": "2015-09-01", "Avg. CPC": 0.048571, "Video played to 75%": 0.0, "Impressions": 36, "Avg. CPM": 9.444444}, {"Bid Strategy Type": "", "Account Name": "[W] G1 - WPL - phongvan360", "End date": "", "Advertising Channel": "", "Mapping": false, "Campaign": "", "Date": "2017-05-01", "Avg. CPE": 0.0, "Video played to 50%": 0.0, "Clicks": 683, "Cost": 27.04, "Video played to 25%": 0.0, "Interaction Types": "", "Campaign state": "Total", "Avg. position": 1.1, "Interactions": 683, "View rate": 0.0, "Campaign serving status": "", "Engagements": 0, "Avg. Cost": 0.03959, "Conversions": 126.0, "Avg. CPV": 0.0, "Invalid clicks": 41, "Unique cookies": "", "Campaign ID": "", "Views": 0, "Interaction Rate": 33.12, "Advertising Sub Channel": "", "Account ID": "1493302671", "Video played to 100%": 0.0, "CTR": 33.12, "Start date": "", "Avg. CPC": 0.03959, "Video played to 75%": 0.0, "Impressions": 2062, "Avg. CPM": 13.113482}]