[{"Campaign state": "enabled", "Interaction Types": ["Clicks"], "Campaign serving status": "eligible", "Cost": 7.4, "Interactions": 256, "Avg. CPM": 16.666667, "Bid Strategy Type": "cpc", "Video played to 100%": 0.0, "Avg. CPE": 0.0, "Mapping": false, "Start date": "2016-12-15", "View rate": 0.0, "Account ID": "6493618146", "Avg. CPC": 0.028906, "Conversions": 16.0, "Video played to 75%": 0.0, "Impressions": 444, "Avg. position": 1.0, "Advertising Sub Channel": "", "Campaign ID": 718037215, "Avg. Cost": 0.028906, "Avg. CPV": 0.0, "Campaign": "Brand-term_Vu Cuc-MOR", "Interaction Rate": 57.66, "Advertising Channel": "Search", "Video played to 50%": 0.0, "Date": "2017-08-04", "End date": "", "CTR": 57.66, "Video played to 25%": 0.0, "Engagements": 0, "Invalid clicks": 7, "Clicks": 256, "Views": 0, "Unique cookies": ""}, {"Campaign state": "enabled", "Interaction Types": ["Clicks"], "Campaign serving status": "eligible", "Cost": 0.45, "Interactions": 5, "Avg. CPM": 23.684211, "Bid Strategy Type": "cpc", "Video played to 100%": 0.0, "Avg. CPE": 0.0, "Mapping": false, "Start date": "2016-12-15", "View rate": 0.0, "Account ID": "6493618146", "Avg. CPC": 0.09, "Conversions": 2.0, "Video played to 75%": 0.0, "Impressions": 19, "Avg. position": 1.9, "Advertising Sub Channel": "", "Campaign ID": 718369160, "Avg. Cost": 0.09, "Avg. CPV": 0.0, "Campaign": "Gen-term_MT-G-NV_game nh\u1eadp vai moi nhat-phr", "Interaction Rate": 26.32, "Advertising Channel": "Search", "Video played to 50%": 0.0, "Date": "2017-08-04", "End date": "", "CTR": 26.32, "Video played to 25%": 0.0, "Engagements": 0, "Invalid clicks": 0, "Clicks": 5, "Views": 0, "Unique cookies": ""}, {"Campaign state": "enabled", "Interaction Types": ["Clicks"], "Campaign serving status": "eligible", "Cost": 0.19, "Interactions": 3, "Avg. CPM": 10.0, "Bid Strategy Type": "cpc", "Video played to 100%": 0.0, "Avg. CPE": 0.0, "Mapping": false, "Start date": "2016-12-15", "View rate": 0.0, "Account ID": "6493618146", "Avg. CPC": 0.063333, "Conversions": 2.0, "Video played to 75%": 0.0, "Impressions": 19, "Avg. position": 1.2, "Advertising Sub Channel": "", "Campaign ID": 718045129, "Avg. Cost": 0.063333, "Avg. CPV": 0.0, "Campaign": "Gen-term_MT-W-NV_webgame nh\u1eadp vai 3d-bmm", "Interaction Rate": 15.79, "Advertising Channel": "Search", "Video played to 50%": 0.0, "Date": "2017-08-04", "End date": "", "CTR": 15.79, "Video played to 25%": 0.0, "Engagements": 0, "Invalid clicks": 1, "Clicks": 3, "Views": 0, "Unique cookies": ""}, {"Campaign state": "enabled", "Interaction Types": ["Clicks"], "Campaign serving status": "eligible", "Cost": 2.33, "Interactions": 37, "Avg. CPM": 17.651515, "Bid Strategy Type": "cpc", "Video played to 100%": 0.0, "Avg. CPE": 0.0, "Mapping": false, "Start date": "2016-12-15", "View rate": 0.0, "Account ID": "6493618146", "Avg. CPC": 0.062973, "Conversions": 2.0, "Video played to 75%": 0.0, "Impressions": 132, "Avg. position": 1.1, "Advertising Sub Channel": "", "Campaign ID": 718037248, "Avg. Cost": 0.062973, "Avg. CPV": 0.0, "Campaign": "Brand-term_VC-ex-MOR", "Interaction Rate": 28.03, "Advertising Channel": "Search", "Video played to 50%": 0.0, "Date": "2017-08-04", "End date": "", "CTR": 28.03, "Video played to 25%": 0.0, "Engagements": 0, "Invalid clicks": 3, "Clicks": 37, "Views": 0, "Unique cookies": ""}, {"Campaign state": "enabled", "Interaction Types": ["Clicks"], "Campaign serving status": "eligible", "Cost": 0.35, "Interactions": 1, "Avg. CPM": 116.666667, "Bid Strategy Type": "cpc", "Video played to 100%": 0.0, "Avg. CPE": 0.0, "Mapping": false, "Start date": "2016-12-15", "View rate": 0.0, "Account ID": "6493618146", "Avg. CPC": 0.35, "Conversions": 0.0, "Video played to 75%": 0.0, "Impressions": 3, "Avg. position": 1.0, "Advertising Sub Channel": "", "Campaign ID": 718376574, "Avg. Cost": 0.35, "Avg. CPV": 0.0, "Campaign": "Gen-term_MT-W-KH_webgame ki\u1ebfm hi\u1ec7p 3d-phr", "Interaction Rate": 33.33, "Advertising Channel": "Search", "Video played to 50%": 0.0, "Date": "2017-08-04", "End date": "", "CTR": 33.33, "Video played to 25%": 0.0, "Engagements": 0, "Invalid clicks": 0, "Clicks": 1, "Views": 0, "Unique cookies": ""}, {"Campaign state": "enabled", "Interaction Types": ["Clicks"], "Campaign serving status": "eligible", "Cost": 0.1, "Interactions": 1, "Avg. CPM": 50.0, "Bid Strategy Type": "cpc", "Video played to 100%": 0.0, "Avg. CPE": 0.0, "Mapping": false, "Start date": "2016-12-15", "View rate": 0.0, "Account ID": "6493618146", "Avg. CPC": 0.1, "Conversions": 1.0, "Video played to 75%": 0.0, "Impressions": 2, "Avg. position": 6.5, "Advertising Sub Channel": "", "Campaign ID": 718378046, "Avg. Cost": 0.1, "Avg. CPV": 0.0, "Campaign": "Gen-term_MT-PCG-BMM-MOR", "Interaction Rate": 50.0, "Advertising Channel": "Search", "Video played to 50%": 0.0, "Date": "2017-08-04", "End date": "", "CTR": 50.0, "Video played to 25%": 0.0, "Engagements": 0, "Invalid clicks": 0, "Clicks": 1, "Views": 0, "Unique cookies": ""}, {"Campaign state": "enabled", "Interaction Types": ["Clicks"], "Campaign serving status": "eligible", "Cost": 0.34, "Interactions": 7, "Avg. CPM": 26.153846, "Bid Strategy Type": "cpc", "Video played to 100%": 0.0, "Avg. CPE": 0.0, "Mapping": false, "Start date": "2016-12-15", "View rate": 0.0, "Account ID": "6493618146", "Avg. CPC": 0.048571, "Conversions": 0.0, "Video played to 75%": 0.0, "Impressions": 13, "Avg. position": 1.0, "Advertising Sub Channel": "", "Campaign ID": 718383597, "Avg. Cost": 0.048571, "Avg. CPV": 0.0, "Campaign": "Competitor-term_Tram Ma", "Interaction Rate": 53.85, "Advertising Channel": "Search", "Video played to 50%": 0.0, "Date": "2017-08-04", "End date": "", "CTR": 53.85, "Video played to 25%": 0.0, "Engagements": 0, "Invalid clicks": 0, "Clicks": 7, "Views": 0, "Unique cookies": ""}, {"Campaign state": "enabled", "Interaction Types": ["Clicks"], "Campaign serving status": "eligible", "Cost": 0.13, "Interactions": 1, "Avg. CPM": 65.0, "Bid Strategy Type": "cpc", "Video played to 100%": 0.0, "Avg. CPE": 0.0, "Mapping": false, "Start date": "2016-12-15", "View rate": 0.0, "Account ID": "6493618146", "Avg. CPC": 0.13, "Conversions": 0.0, "Video played to 75%": 0.0, "Impressions": 2, "Avg. position": 1.0, "Advertising Sub Channel": "", "Campaign ID": 718375866, "Avg. Cost": 0.13, "Avg. CPV": 0.0, "Campaign": "Gen-term_MT-G-KH_game kiem hiep client-phr", "Interaction Rate": 50.0, "Advertising Channel": "Search", "Video played to 50%": 0.0, "Date": "2017-08-04", "End date": "", "CTR": 50.0, "Video played to 25%": 0.0, "Engagements": 0, "Invalid clicks": 0, "Clicks": 1, "Views": 0, "Unique cookies": ""}, {"Campaign state": "enabled", "Interaction Types": ["Clicks"], "Campaign serving status": "eligible", "Cost": 0.15, "Interactions": 1, "Avg. CPM": 150.0, "Bid Strategy Type": "cpc", "Video played to 100%": 0.0, "Avg. CPE": 0.0, "Mapping": false, "Start date": "2016-12-15", "View rate": 0.0, "Account ID": "6493618146", "Avg. CPC": 0.15, "Conversions": 0.0, "Video played to 75%": 0.0, "Impressions": 1, "Avg. position": 1.0, "Advertising Sub Channel": "", "Campaign ID": 718383726, "Avg. Cost": 0.15, "Avg. CPV": 0.0, "Campaign": "Competitor-term_Ngo Khong Online", "Interaction Rate": 100.0, "Advertising Channel": "Search", "Video played to 50%": 0.0, "Date": "2017-08-04", "End date": "", "CTR": 100.0, "Video played to 25%": 0.0, "Engagements": 0, "Invalid clicks": 0, "Clicks": 1, "Views": 0, "Unique cookies": ""}, {"Campaign state": "Total", "Interaction Types": "", "Campaign serving status": "", "Cost": 11.44, "Interactions": 312, "Avg. CPM": 17.6, "Bid Strategy Type": "", "Video played to 100%": 0.0, "Avg. CPE": 0.0, "Mapping": false, "Start date": "", "View rate": 0.0, "Account ID": "6493618146", "Avg. CPC": 0.036667, "Conversions": 23.0, "Video played to 75%": 0.0, "Impressions": 650, "Avg. position": 1.1, "Advertising Sub Channel": "", "Campaign ID": "", "Avg. Cost": 0.036667, "Avg. CPV": 0.0, "Campaign": "", "Interaction Rate": 48.0, "Advertising Channel": "", "Video played to 50%": 0.0, "Date": "2017-08-04", "End date": "", "CTR": 48.0, "Video played to 25%": 0.0, "Engagements": 0, "Invalid clicks": 13, "Clicks": 312, "Views": 0, "Unique cookies": ""}]