[{"Campaign state": "enabled", "Interaction Types": ["Clicks"], "Campaign serving status": "eligible", "Cost": 75.98, "Interactions": 3103, "Avg. CPM": 11.404983, "Bid Strategy Type": "cpc", "Video played to 100%": 0.0, "Avg. CPE": 0.0, "Mapping": false, "Start date": "2014-04-07", "View rate": 0.0, "Account ID": "9019703669", "Avg. CPC": 0.024486, "Conversions": 0.0, "Video played to 75%": 0.0, "Impressions": 6662, "Avg. position": 1.0, "Advertising Sub Channel": "", "Campaign ID": 167665873, "Avg. Cost": 0.024486, "Avg. CPV": 0.0, "Campaign": "Brand-term_Vo Lam Chi Mong", "Interaction Rate": 46.58, "Advertising Channel": "Search", "Video played to 50%": 0.0, "Date": "2017-08-02", "End date": "", "CTR": 46.58, "Video played to 25%": 0.0, "Engagements": 0, "Invalid clicks": 437, "Clicks": 3103, "Views": 0, "Unique cookies": ""}, {"Campaign state": "enabled", "Interaction Types": ["Clicks"], "Campaign serving status": "eligible", "Cost": 0.82, "Interactions": 26, "Avg. CPM": 14.385965, "Bid Strategy Type": "cpc", "Video played to 100%": 0.0, "Avg. CPE": 0.0, "Mapping": false, "Start date": "2014-04-07", "View rate": 0.0, "Account ID": "9019703669", "Avg. CPC": 0.031538, "Conversions": 0.0, "Video played to 75%": 0.0, "Impressions": 57, "Avg. position": 1.0, "Advertising Sub Channel": "", "Campaign ID": 167665993, "Avg. Cost": 0.031538, "Avg. CPV": 0.0, "Campaign": "Brand-term_Game Vo Lam Chi Mong", "Interaction Rate": 45.61, "Advertising Channel": "Search", "Video played to 50%": 0.0, "Date": "2017-08-02", "End date": "", "CTR": 45.61, "Video played to 25%": 0.0, "Engagements": 0, "Invalid clicks": 0, "Clicks": 26, "Views": 0, "Unique cookies": ""}, {"Campaign state": "Total", "Interaction Types": "", "Campaign serving status": "", "Cost": 76.8, "Interactions": 3129, "Avg. CPM": 11.430272, "Bid Strategy Type": "", "Video played to 100%": 0.0, "Avg. CPE": 0.0, "Mapping": false, "Start date": "", "View rate": 0.0, "Account ID": "9019703669", "Avg. CPC": 0.024545, "Conversions": 0.0, "Video played to 75%": 0.0, "Impressions": 6719, "Avg. position": 1.0, "Advertising Sub Channel": "", "Campaign ID": "", "Avg. Cost": 0.024545, "Avg. CPV": 0.0, "Campaign": "", "Interaction Rate": 46.57, "Advertising Channel": "", "Video played to 50%": 0.0, "Date": "2017-08-02", "End date": "", "CTR": 46.57, "Video played to 25%": 0.0, "Engagements": 0, "Invalid clicks": 437, "Clicks": 3129, "Views": 0, "Unique cookies": ""}]