[{"Bid Strategy Type": "Target CPA", "Account Name": "VNG - PG1 - JXM", "End date": "", "Advertising Channel": "Multi Channel", "Mapping": false, "Campaign": "JXM | 221 | 1610105 1611013 1611026 1611062 1703048 1704016 1706008 1707026 1708007 1709039 1710045 | IOS | UAC", "Date": "2017-05-03", "Avg. CPE": 2.415687, "Video played to 50%": 8.0, "Clicks": 238, "Cost": 39.87393, "Video played to 25%": 12.41, "Interaction Types": ["Clicks", "Engagements", "Views"], "Campaign state": "enabled", "Avg. position": 1.0, "Interactions": 2157, "View rate": 20.62, "Campaign serving status": "eligible", "Engagements": 13, "Avg. Cost": 0.018486, "Conversions": 41.0, "Avg. CPV": 0.016153, "Invalid clicks": 19, "Unique cookies": "", "Campaign ID": 726209660, "Views": 1941, "Interaction Rate": 4.8, "Advertising Sub Channel": "Universal App Campaign", "Account ID": "5008396449", "Video played to 100%": 4.98, "CTR": 0.53, "Start date": "2016-12-28", "Avg. CPC": 0.167538, "Video played to 75%": 6.84, "Impressions": 44937, "Avg. CPM": 0.88733}, {"Bid Strategy Type": "Target CPA", "Account Name": "VNG - PG1 - JXM", "End date": "", "Advertising Channel": "Multi Channel", "Mapping": false, "Campaign": "JXM | 221 | 1610105 1611013 1611026 1611062 1703048 1706008 1707026 1708007 1709039 1710045 | AND | UAC", "Date": "2017-05-03", "Avg. CPE": 0.069095, "Video played to 50%": 13.23, "Clicks": 5037, "Cost": 521.57292, "Video played to 25%": 21.02, "Interaction Types": ["Clicks", "Engagements", "Views"], "Campaign state": "enabled", "Avg. position": 1.0, "Interactions": 30166, "View rate": 16.99, "Campaign serving status": "eligible", "Engagements": 4761, "Avg. Cost": 0.01729, "Conversions": 1323.0, "Avg. CPV": 0.013598, "Invalid clicks": 623, "Unique cookies": "", "Campaign ID": 699351990, "Views": 24192, "Interaction Rate": 8.6, "Advertising Sub Channel": "Universal App Campaign", "Account ID": "5008396449", "Video played to 100%": 8.56, "CTR": 1.44, "Start date": "2016-11-15", "Avg. CPC": 0.103548, "Video played to 75%": 10.61, "Impressions": 350650, "Avg. CPM": 1.487446}, {"Bid Strategy Type": "Maximize clicks", "Account Name": "VNG - PG1 - JXM", "End date": "", "Advertising Channel": "Search", "Mapping": false, "Campaign": "JXM | 221 | 1610105 1611013 1611026 1611062 1703048 1704017 1705015 1706010 1707028 1708008 1709054 1710047 | OTH | SEM", "Date": "2017-05-03", "Avg. CPE": 0.0, "Video played to 50%": 0.0, "Clicks": 1811, "Cost": 28.82, "Video played to 25%": 0.0, "Interaction Types": ["Clicks"], "Campaign state": "enabled", "Avg. position": 1.1, "Interactions": 1811, "View rate": 0.0, "Campaign serving status": "eligible", "Engagements": 0, "Avg. Cost": 0.015914, "Conversions": 0.0, "Avg. CPV": 0.0, "Invalid clicks": 51, "Unique cookies": "", "Campaign ID": 682542681, "Views": 0, "Interaction Rate": 75.46, "Advertising Sub Channel": "", "Account ID": "5008396449", "Video played to 100%": 0.0, "CTR": 75.46, "Start date": "2016-10-16", "Avg. CPC": 0.015914, "Video played to 75%": 0.0, "Impressions": 2400, "Avg. CPM": 12.008333}, {"Bid Strategy Type": "Target CPA", "Account Name": "VNG - PG1 - JXM", "End date": "", "Advertising Channel": "Search", "Mapping": false, "Campaign": "JXM | 221 | 1610105 1611013 1611026 1611062 1703048 1704016 1705011 1706008 1707026 1708007 1709039 1710045 | ALL | SEM | Store", "Date": "2017-05-03", "Avg. CPE": 0.0, "Video played to 50%": 0.0, "Clicks": 4643, "Cost": 588.27, "Video played to 25%": 0.0, "Interaction Types": ["Clicks"], "Campaign state": "enabled", "Avg. position": 1.5, "Interactions": 4643, "View rate": 0.0, "Campaign serving status": "eligible", "Engagements": 0, "Avg. Cost": 0.1267, "Conversions": 1130.0, "Avg. CPV": 0.0, "Invalid clicks": 529, "Unique cookies": "", "Campaign ID": 682545537, "Views": 0, "Interaction Rate": 10.32, "Advertising Sub Channel": "Search Mobile App", "Account ID": "5008396449", "Video played to 100%": 0.0, "CTR": 10.32, "Start date": "2016-10-16", "Avg. CPC": 0.1267, "Video played to 75%": 0.0, "Impressions": 44978, "Avg. CPM": 13.079061}, {"Bid Strategy Type": "", "Account Name": "VNG - PG1 - JXM", "End date": "", "Advertising Channel": "", "Mapping": false, "Campaign": "", "Date": "2017-05-03", "Avg. CPE": 0.075485, "Video played to 50%": 12.69, "Clicks": 11729, "Cost": 1178.53685, "Video played to 25%": 20.12, "Interaction Types": "", "Campaign state": "Total", "Avg. position": 1.1, "Interactions": 38777, "View rate": 17.22, "Campaign serving status": "", "Engagements": 4774, "Avg. Cost": 0.030393, "Conversions": 2494.0, "Avg. CPV": 0.013788, "Invalid clicks": 1222, "Unique cookies": "", "Campaign ID": "", "Views": 26133, "Interaction Rate": 8.75, "Advertising Sub Channel": "", "Account ID": "5008396449", "Video played to 100%": 8.19, "CTR": 2.65, "Start date": "", "Avg. CPC": 0.100481, "Video played to 75%": 10.21, "Impressions": 442965, "Avg. CPM": 2.660564}]