[{"Bid Strategy Type": "Target CPA", "Account Name": "VNG - PG1 - JXM", "End date": "", "Advertising Channel": "Search", "Mapping": false, "Campaign": "JXM | 221 | 1610105 1611013 1611026 1611062 1703048 1704016 1705011 1706008 1707026 1708007 1709039 1710045 | ALL | SEM | Store", "Date": "2017-05-02", "Avg. CPE": 0.0, "Video played to 50%": 0.0, "Clicks": 5995, "Cost": 735.91, "Video played to 25%": 0.0, "Interaction Types": ["Clicks"], "Campaign state": "enabled", "Avg. position": 1.5, "Interactions": 5995, "View rate": 0.0, "Campaign serving status": "eligible", "Engagements": 0, "Avg. Cost": 0.122754, "Conversions": 1242.0, "Avg. CPV": 0.0, "Invalid clicks": 575, "Unique cookies": "", "Campaign ID": 682545537, "Views": 0, "Interaction Rate": 8.97, "Advertising Sub Channel": "Search Mobile App", "Account ID": "5008396449", "Video played to 100%": 0.0, "CTR": 8.97, "Start date": "2016-10-16", "Avg. CPC": 0.122754, "Video played to 75%": 0.0, "Impressions": 66862, "Avg. CPM": 11.006401}, {"Bid Strategy Type": "Maximize clicks", "Account Name": "VNG - PG1 - JXM", "End date": "", "Advertising Channel": "Search", "Mapping": false, "Campaign": "JXM | 221 | 1610105 1611013 1611026 1611062 1703048 1704017 1705015 1706010 1707028 1708008 1709054 1710047 | OTH | SEM", "Date": "2017-05-02", "Avg. CPE": 0.0, "Video played to 50%": 0.0, "Clicks": 1659, "Cost": 33.09, "Video played to 25%": 0.0, "Interaction Types": ["Clicks"], "Campaign state": "enabled", "Avg. position": 1.0, "Interactions": 1659, "View rate": 0.0, "Campaign serving status": "eligible", "Engagements": 0, "Avg. Cost": 0.019946, "Conversions": 0.0, "Avg. CPV": 0.0, "Invalid clicks": 516, "Unique cookies": "", "Campaign ID": 682542681, "Views": 0, "Interaction Rate": 75.03, "Advertising Sub Channel": "", "Account ID": "5008396449", "Video played to 100%": 0.0, "CTR": 75.03, "Start date": "2016-10-16", "Avg. CPC": 0.019946, "Video played to 75%": 0.0, "Impressions": 2211, "Avg. CPM": 14.966079}, {"Bid Strategy Type": "Target CPA", "Account Name": "VNG - PG1 - JXM", "End date": "", "Advertising Channel": "Multi Channel", "Mapping": false, "Campaign": "JXM | 221 | 1610105 1611013 1611026 1611062 1703048 1704016 1706008 1707026 1708007 1709039 1710045 | IOS | UAC", "Date": "2017-05-02", "Avg. CPE": 0.180238, "Video played to 50%": 7.51, "Clicks": 629, "Cost": 142.2977, "Video played to 25%": 12.65, "Interaction Types": ["Clicks", "Engagements", "Views"], "Campaign state": "enabled", "Avg. position": 1.0, "Interactions": 8698, "View rate": 20.24, "Campaign serving status": "eligible", "Engagements": 664, "Avg. Cost": 0.01636, "Conversions": 146.0, "Avg. CPV": 0.015174, "Invalid clicks": 49, "Unique cookies": "", "Campaign ID": 726209660, "Views": 7845, "Interaction Rate": 5.05, "Advertising Sub Channel": "Universal App Campaign", "Account ID": "5008396449", "Video played to 100%": 4.64, "CTR": 0.36, "Start date": "2016-12-28", "Avg. CPC": 0.226228, "Video played to 75%": 6.19, "Impressions": 172378, "Avg. CPM": 0.825498}, {"Bid Strategy Type": "Target CPA", "Account Name": "VNG - PG1 - JXM", "End date": "", "Advertising Channel": "Multi Channel", "Mapping": false, "Campaign": "JXM | 221 | 1610105 1611013 1611026 1611062 1703048 1706008 1707026 1708007 1709039 1710045 | AND | UAC", "Date": "2017-05-02", "Avg. CPE": 0.062625, "Video played to 50%": 13.44, "Clicks": 15167, "Cost": 1254.90551, "Video played to 25%": 21.91, "Interaction Types": ["Clicks", "Engagements", "Views"], "Campaign state": "enabled", "Avg. position": 1.0, "Interactions": 84087, "View rate": 19.26, "Campaign serving status": "eligible", "Engagements": 13573, "Avg. Cost": 0.014924, "Conversions": 2062.0, "Avg. CPV": 0.012915, "Invalid clicks": 1605, "Unique cookies": "", "Campaign ID": 699351990, "Views": 65800, "Interaction Rate": 8.27, "Advertising Sub Channel": "Universal App Campaign", "Account ID": "5008396449", "Video played to 100%": 8.68, "CTR": 1.49, "Start date": "2016-11-15", "Avg. CPC": 0.082739, "Video played to 75%": 10.72, "Impressions": 1016363, "Avg. CPM": 1.234702}, {"Bid Strategy Type": "", "Account Name": "VNG - PG1 - JXM", "End date": "", "Advertising Channel": "", "Mapping": false, "Campaign": "", "Date": "2017-05-02", "Avg. CPE": 0.068111, "Video played to 50%": 12.32, "Clicks": 23450, "Cost": 2166.20321, "Video played to 25%": 20.16, "Interaction Types": "", "Campaign state": "Total", "Avg. position": 1.0, "Interactions": 100439, "View rate": 19.36, "Campaign serving status": "", "Engagements": 14237, "Avg. Cost": 0.021567, "Conversions": 3450.0, "Avg. CPV": 0.013155, "Invalid clicks": 2745, "Unique cookies": "", "Campaign ID": "", "Views": 73645, "Interaction Rate": 7.99, "Advertising Sub Channel": "", "Account ID": "5008396449", "Video played to 100%": 7.92, "CTR": 1.86, "Start date": "", "Avg. CPC": 0.092375, "Video played to 75%": 9.86, "Impressions": 1257814, "Avg. CPM": 1.722197}]