[{"Account ID": "1669629424", "Conversions": 7.0, "Views": 0, "Video played to 50%": 0.0, "Advertising Sub Channel": "", "Campaign": "Brand-term_BM-Mor", "Avg. CPE": 0.0, "Campaign serving status": "eligible", "Invalid clicks": 29, "Interaction Rate": 36.23, "Interaction Types": ["Clicks"], "Engagements": 0, "End date": "", "Avg. position": 1.1, "Video played to 100%": 0.0, "Video played to 25%": 0.0, "Video played to 75%": 0.0, "Mapping": false, "Avg. CPV": 0.0, "View rate": 0.0, "Avg. CPC": 0.02996, "Avg. Cost": 0.02996, "Avg. CPM": 10.855072, "Campaign state": "paused", "Start date": "2015-04-20", "Account Name": "[paused] G1 - WPL - ctc360", "Cost": 7.49, "Advertising Channel": "Search", "Campaign ID": 280039002, "Interactions": 250, "Unique cookies": "", "Clicks": 250, "CTR": 36.23, "Dept": "WPL", "Bid Strategy Type": "cpc", "Date": "2017-03-04", "Impressions": 690}, {"Account ID": "1669629424", "Conversions": 23.0, "Views": 0, "Video played to 50%": 0.0, "Advertising Sub Channel": "", "Campaign": "Brand-term_BM-Aft", "Avg. CPE": 0.0, "Campaign serving status": "eligible", "Invalid clicks": 34, "Interaction Rate": 36.15, "Interaction Types": ["Clicks"], "Engagements": 0, "End date": "", "Avg. position": 1.1, "Video played to 100%": 0.0, "Video played to 25%": 0.0, "Video played to 75%": 0.0, "Mapping": false, "Avg. CPV": 0.0, "View rate": 0.0, "Avg. CPC": 0.024891, "Avg. Cost": 0.024891, "Avg. CPM": 8.997748, "Campaign state": "paused", "Start date": "2015-04-20", "Account Name": "[paused] G1 - WPL - ctc360", "Cost": 7.99, "Advertising Channel": "Search", "Campaign ID": 280039722, "Interactions": 321, "Unique cookies": "", "Clicks": 321, "CTR": 36.15, "Dept": "WPL", "Bid Strategy Type": "cpc", "Date": "2017-03-04", "Impressions": 888}, {"Account ID": "1669629424", "Conversions": 11.0, "Views": 0, "Video played to 50%": 0.0, "Advertising Sub Channel": "", "Campaign": "Brand-term_BM-Eve", "Avg. CPE": 0.0, "Campaign serving status": "eligible", "Invalid clicks": 13, "Interaction Rate": 30.2, "Interaction Types": ["Clicks"], "Engagements": 0, "End date": "", "Avg. position": 1.1, "Video played to 100%": 0.0, "Video played to 25%": 0.0, "Video played to 75%": 0.0, "Mapping": false, "Avg. CPV": 0.0, "View rate": 0.0, "Avg. CPC": 0.037286, "Avg. Cost": 0.037286, "Avg. CPM": 11.259484, "Campaign state": "paused", "Start date": "2015-04-20", "Account Name": "[paused] G1 - WPL - ctc360", "Cost": 7.42, "Advertising Channel": "Search", "Campaign ID": 280039842, "Interactions": 199, "Unique cookies": "", "Clicks": 199, "CTR": 30.2, "Dept": "WPL", "Bid Strategy Type": "cpc", "Date": "2017-03-04", "Impressions": 659}, {"Account ID": "1669629424", "Conversions": 41.0, "Views": 0, "Video played to 50%": 0.0, "Advertising Sub Channel": "", "Campaign": "", "Avg. CPE": 0.0, "Campaign serving status": "", "Invalid clicks": 76, "Interaction Rate": 34.16, "Interaction Types": "", "Engagements": 0, "End date": "", "Avg. position": 1.1, "Video played to 100%": 0.0, "Video played to 25%": 0.0, "Video played to 75%": 0.0, "Mapping": false, "Avg. CPV": 0.0, "View rate": 0.0, "Avg. CPC": 0.02974, "Avg. Cost": 0.02974, "Avg. CPM": 10.159716, "Campaign state": "Total", "Start date": "", "Account Name": "[paused] G1 - WPL - ctc360", "Cost": 22.9, "Advertising Channel": "", "Campaign ID": "", "Interactions": 770, "Unique cookies": "", "Clicks": 770, "CTR": 34.16, "Dept": "WPL", "Bid Strategy Type": "", "Date": "2017-03-04", "Impressions": 2254}]