[{"Start date": "2017-07-02", "Advertising Sub Channel": "Universal App Campaign", "Impressions": 161268, "Avg. position": 1.0, "Campaign serving status": "eligible", "Advertising Channel": "Multi Channel", "Invalid clicks": 12, "Interactions": 39957, "Video played to 50%": 16.04, "Interaction Types": ["Clicks", "Engagements", "Views"], "Conversions": 89.0, "Views": 28970, "Engagements": 26187, "Avg. CPE": 0.009606, "Account Name": "VNG - PG1 - ZTM", "End date": "", "Video played to 100%": 6.86, "Clicks": 549, "Avg. Cost": 0.006502, "Account ID": "9021114325", "Video played to 25%": 22.63, "View rate": 18.87, "Avg. CPV": 0.00867, "Video played to 75%": 12.14, "Avg. CPM": 1.610917, "CTR": 0.34, "Campaign state": "paused", "Campaign ID": 871735807, "Interaction Rate": 24.78, "Bid Strategy Type": "Target CPA", "Date": "2017-08-01", "Mapping": false, "Campaign": "ZTM | 249 | 1707020 1708033 1709018 | IOS | UAC", "Avg. CPC": 0.473205, "Unique cookies": "", "Cost": 259.7893}, {"Start date": "2017-07-01", "Advertising Sub Channel": "Search Mobile App", "Impressions": 2833, "Avg. position": 2.1, "Campaign serving status": "eligible", "Advertising Channel": "Search", "Invalid clicks": 26, "Interactions": 357, "Video played to 50%": 0.0, "Interaction Types": ["Clicks"], "Conversions": 112.0, "Views": 0, "Engagements": 0, "Avg. CPE": 0.0, "Account Name": "VNG - PG1 - ZTM", "End date": "", "Video played to 100%": 0.0, "Clicks": 357, "Avg. Cost": 0.079384, "Account ID": "9021114325", "Video played to 25%": 0.0, "View rate": 0.0, "Avg. CPV": 0.0, "Video played to 75%": 0.0, "Avg. CPM": 10.00353, "CTR": 12.6, "Campaign state": "enabled", "Campaign ID": 872428791, "Interaction Rate": 12.6, "Bid Strategy Type": "Target CPA", "Date": "2017-08-01", "Mapping": false, "Campaign": "ZTM | 249 | 1707020 1708033 1709018 1710052 | AND | SEM | Store", "Avg. CPC": 0.079384, "Unique cookies": "", "Cost": 28.34}, {"Start date": "2017-06-19", "Advertising Sub Channel": "", "Impressions": 39983, "Avg. position": 2.6, "Campaign serving status": "eligible", "Advertising Channel": "Search", "Invalid clicks": 131, "Interactions": 2608, "Video played to 50%": 0.0, "Interaction Types": ["Clicks"], "Conversions": 13.0, "Views": 0, "Engagements": 0, "Avg. CPE": 0.0, "Account Name": "VNG - PG1 - ZTM", "End date": "", "Video played to 100%": 0.0, "Clicks": 2608, "Avg. Cost": 0.090694, "Account ID": "9021114325", "Video played to 25%": 0.0, "View rate": 0.0, "Avg. CPV": 0.0, "Video played to 75%": 0.0, "Avg. CPM": 5.915764, "CTR": 6.52, "Campaign state": "enabled", "Campaign ID": 859774457, "Interaction Rate": 6.52, "Bid Strategy Type": "cpc", "Date": "2017-08-01", "Mapping": false, "Campaign": "ZTM | 249 | 1706071 1707018 1708032 1709021 1710049 | ALL | SEM", "Avg. CPC": 0.090694, "Unique cookies": "", "Cost": 236.53}, {"Start date": "2017-07-01", "Advertising Sub Channel": "Universal App Campaign", "Impressions": 271790, "Avg. position": 1.1, "Campaign serving status": "eligible", "Advertising Channel": "Multi Channel", "Invalid clicks": 912, "Interactions": 11700, "Video played to 50%": 25.26, "Interaction Types": ["Clicks", "Engagements", "Views"], "Conversions": 302.0, "Views": 3992, "Engagements": 3263, "Avg. CPE": 0.007962, "Account Name": "VNG - PG1 - ZTM", "End date": "", "Video played to 100%": 17.5, "Clicks": 6719, "Avg. Cost": 0.026657, "Account ID": "9021114325", "Video played to 25%": 30.18, "View rate": 25.1, "Avg. CPV": 0.00633, "Video played to 75%": 22.12, "Avg. CPM": 1.147543, "CTR": 2.47, "Campaign state": "enabled", "Campaign ID": 872427837, "Interaction Rate": 4.3, "Bid Strategy Type": "Target CPA", "Date": "2017-08-01", "Mapping": false, "Campaign": "ZTM | 249 | 1707020 1708033 1709018 1710052 | AND | UAC", "Avg. CPC": 0.046419, "Unique cookies": "", "Cost": 311.89065}, {"Start date": "", "Advertising Sub Channel": "", "Impressions": 475874, "Avg. position": 1.2, "Campaign serving status": "", "Advertising Channel": "", "Invalid clicks": 1081, "Interactions": 54622, "Video played to 50%": 17.79, "Interaction Types": "", "Conversions": 516.0, "Views": 32962, "Engagements": 29450, "Avg. CPE": 0.009424, "Account Name": "VNG - PG1 - ZTM", "End date": "", "Video played to 100%": 8.87, "Clicks": 10233, "Avg. Cost": 0.015315, "Account ID": "9021114325", "Video played to 25%": 24.06, "View rate": 19.46, "Avg. CPV": 0.008387, "Video played to 75%": 14.03, "Avg. CPM": 1.757923, "CTR": 2.15, "Campaign state": "Total", "Campaign ID": "", "Interaction Rate": 11.48, "Bid Strategy Type": "", "Date": "2017-08-01", "Mapping": false, "Campaign": "", "Avg. CPC": 0.08175, "Unique cookies": "", "Cost": 836.54995}]