[{"Start date": "2017-07-24", "Avg. CPC": 0.145, "Interactions": 2, "Avg. position": 1.1, "Campaign serving status": "eligible", "Campaign ID": 892452611, "Invalid clicks": 0, "Impressions": 18, "Video played to 50%": 0.0, "Account ID": "2789627019", "Conversions": 0.0, "Views": 0, "Engagements": 0, "Avg. CPE": 0.0, "Advertising Sub Channel": "", "Account Name": "[W] G1 - WPL - hctq360", "End date": "", "Video played to 100%": 0.0, "Clicks": 2, "Avg. Cost": 0.145, "Interaction Types": ["Clicks"], "Video played to 25%": 0.0, "View rate": 0.0, "Video played to 75%": 0.0, "Avg. CPM": 16.111111, "CTR": 11.11, "Campaign state": "paused", "Unique cookies": "", "Advertising Channel": "Search", "Interaction Rate": 11.11, "Bid Strategy Type": "cpc", "Date": "2017-08-01", "Mapping": false, "Campaign": "Gen-term_EX_Game_MP", "Avg. CPV": 0.0, "Cost": 0.29}, {"Start date": "2017-07-24", "Avg. CPC": 0.056667, "Interactions": 3, "Avg. position": 1.7, "Campaign serving status": "eligible", "Campaign ID": 892452647, "Invalid clicks": 1, "Impressions": 61, "Video played to 50%": 0.0, "Account ID": "2789627019", "Conversions": 0.0, "Views": 0, "Engagements": 0, "Avg. CPE": 0.0, "Advertising Sub Channel": "", "Account Name": "[W] G1 - WPL - hctq360", "End date": "", "Video played to 100%": 0.0, "Clicks": 3, "Avg. Cost": 0.056667, "Interaction Types": ["Clicks"], "Video played to 25%": 0.0, "View rate": 0.0, "Video played to 75%": 0.0, "Avg. CPM": 2.786885, "CTR": 4.92, "Campaign state": "paused", "Unique cookies": "", "Advertising Channel": "Search", "Interaction Rate": 4.92, "Bid Strategy Type": "cpc", "Date": "2017-08-01", "Mapping": false, "Campaign": "Gen-term_PM_360game_HP", "Avg. CPV": 0.0, "Cost": 0.17}, {"Start date": "2017-07-24", "Avg. CPC": 0.053333, "Interactions": 3, "Avg. position": 2.0, "Campaign serving status": "eligible", "Campaign ID": 892452659, "Invalid clicks": 0, "Impressions": 53, "Video played to 50%": 0.0, "Account ID": "2789627019", "Conversions": 1.0, "Views": 0, "Engagements": 0, "Avg. CPE": 0.0, "Advertising Sub Channel": "", "Account Name": "[W] G1 - WPL - hctq360", "End date": "", "Video played to 100%": 0.0, "Clicks": 3, "Avg. Cost": 0.053333, "Interaction Types": ["Clicks"], "Video played to 25%": 0.0, "View rate": 0.0, "Video played to 75%": 0.0, "Avg. CPM": 3.018868, "CTR": 5.66, "Campaign state": "paused", "Unique cookies": "", "Advertising Channel": "Search", "Interaction Rate": 5.66, "Bid Strategy Type": "cpc", "Date": "2017-08-01", "Mapping": false, "Campaign": "Gen-term_PM_Game_LP", "Avg. CPV": 0.0, "Cost": 0.16}, {"Start date": "2017-07-24", "Avg. CPC": 0.057949, "Interactions": 195, "Avg. position": 1.5, "Campaign serving status": "eligible", "Campaign ID": 892452440, "Invalid clicks": 12, "Impressions": 3150, "Video played to 50%": 0.0, "Account ID": "2789627019", "Conversions": 12.0, "Views": 0, "Engagements": 0, "Avg. CPE": 0.0, "Advertising Sub Channel": "", "Account Name": "[W] G1 - WPL - hctq360", "End date": "", "Video played to 100%": 0.0, "Clicks": 195, "Avg. Cost": 0.057949, "Interaction Types": ["Clicks"], "Video played to 25%": 0.0, "View rate": 0.0, "Video played to 75%": 0.0, "Avg. CPM": 3.587302, "CTR": 6.19, "Campaign state": "paused", "Unique cookies": "", "Advertising Channel": "Search", "Interaction Rate": 6.19, "Bid Strategy Type": "cpc", "Date": "2017-08-01", "Mapping": false, "Campaign": "Gen-term_BM_Game_LP", "Avg. CPV": 0.0, "Cost": 11.3}, {"Start date": "2017-07-24", "Avg. CPC": 0.080497, "Interactions": 483, "Avg. position": 3.1, "Campaign serving status": "eligible", "Campaign ID": 892452443, "Invalid clicks": 24, "Impressions": 15973, "Video played to 50%": 0.0, "Account ID": "2789627019", "Conversions": 31.0, "Views": 0, "Engagements": 0, "Avg. CPE": 0.0, "Advertising Sub Channel": "", "Account Name": "[W] G1 - WPL - hctq360", "End date": "", "Video played to 100%": 0.0, "Clicks": 483, "Avg. Cost": 0.080497, "Interaction Types": ["Clicks"], "Video played to 25%": 0.0, "View rate": 0.0, "Video played to 75%": 0.0, "Avg. CPM": 2.434108, "CTR": 3.02, "Campaign state": "paused", "Unique cookies": "", "Advertising Channel": "Search", "Interaction Rate": 3.02, "Bid Strategy Type": "cpc", "Date": "2017-08-01", "Mapping": false, "Campaign": "Gen-term_BM_GO_HP", "Avg. CPV": 0.0, "Cost": 38.88}, {"Start date": "2017-07-24", "Avg. CPC": 0.066667, "Interactions": 3, "Avg. position": 2.7, "Campaign serving status": "eligible", "Campaign ID": 892452446, "Invalid clicks": 0, "Impressions": 70, "Video played to 50%": 0.0, "Account ID": "2789627019", "Conversions": 1.0, "Views": 0, "Engagements": 0, "Avg. CPE": 0.0, "Advertising Sub Channel": "", "Account Name": "[W] G1 - WPL - hctq360", "End date": "", "Video played to 100%": 0.0, "Clicks": 3, "Avg. Cost": 0.066667, "Interaction Types": ["Clicks"], "Video played to 25%": 0.0, "View rate": 0.0, "Video played to 75%": 0.0, "Avg. CPM": 2.857143, "CTR": 4.29, "Campaign state": "paused", "Unique cookies": "", "Advertising Channel": "Search", "Interaction Rate": 4.29, "Bid Strategy Type": "cpc", "Date": "2017-08-01", "Mapping": false, "Campaign": "Gen-term_BM_GO_MP", "Avg. CPV": 0.0, "Cost": 0.2}, {"Start date": "2017-07-24", "Avg. CPC": 0.058667, "Interactions": 90, "Avg. position": 2.5, "Campaign serving status": "eligible", "Campaign ID": 892452449, "Invalid clicks": 6, "Impressions": 1443, "Video played to 50%": 0.0, "Account ID": "2789627019", "Conversions": 12.0, "Views": 0, "Engagements": 0, "Avg. CPE": 0.0, "Advertising Sub Channel": "", "Account Name": "[W] G1 - WPL - hctq360", "End date": "", "Video played to 100%": 0.0, "Clicks": 90, "Avg. Cost": 0.058667, "Interaction Types": ["Clicks"], "Video played to 25%": 0.0, "View rate": 0.0, "Video played to 75%": 0.0, "Avg. CPM": 3.659044, "CTR": 6.24, "Campaign state": "paused", "Unique cookies": "", "Advertising Channel": "Search", "Interaction Rate": 6.24, "Bid Strategy Type": "cpc", "Date": "2017-08-01", "Mapping": false, "Campaign": "Gen-term_BM_GO_LP", "Avg. CPV": 0.0, "Cost": 5.28}, {"Start date": "2017-07-24", "Avg. CPC": 0.064667, "Interactions": 30, "Avg. position": 1.0, "Campaign serving status": "eligible", "Campaign ID": 892452629, "Invalid clicks": 0, "Impressions": 165, "Video played to 50%": 0.0, "Account ID": "2789627019", "Conversions": 9.0, "Views": 0, "Engagements": 0, "Avg. CPE": 0.0, "Advertising Sub Channel": "", "Account Name": "[W] G1 - WPL - hctq360", "End date": "", "Video played to 100%": 0.0, "Clicks": 30, "Avg. Cost": 0.064667, "Interaction Types": ["Clicks"], "Video played to 25%": 0.0, "View rate": 0.0, "Video played to 75%": 0.0, "Avg. CPM": 11.757576, "CTR": 18.18, "Campaign state": "paused", "Unique cookies": "", "Advertising Channel": "Search", "Interaction Rate": 18.18, "Bid Strategy Type": "cpc", "Date": "2017-08-01", "Mapping": false, "Campaign": "Gen-term_EX_Other_MP", "Avg. CPV": 0.0, "Cost": 1.94}, {"Start date": "2017-07-24", "Avg. CPC": 0.2, "Interactions": 15, "Avg. position": 1.1, "Campaign serving status": "eligible", "Campaign ID": 892452635, "Invalid clicks": 0, "Impressions": 110, "Video played to 50%": 0.0, "Account ID": "2789627019", "Conversions": 4.0, "Views": 0, "Engagements": 0, "Avg. CPE": 0.0, "Advertising Sub Channel": "", "Account Name": "[W] G1 - WPL - hctq360", "End date": "", "Video played to 100%": 0.0, "Clicks": 15, "Avg. Cost": 0.2, "Interaction Types": ["Clicks"], "Video played to 25%": 0.0, "View rate": 0.0, "Video played to 75%": 0.0, "Avg. CPM": 27.272727, "CTR": 13.64, "Campaign state": "paused", "Unique cookies": "", "Advertising Channel": "Search", "Interaction Rate": 13.64, "Bid Strategy Type": "cpc", "Date": "2017-08-01", "Mapping": false, "Campaign": "Gen-term_EX_WG_LP", "Avg. CPV": 0.0, "Cost": 3.0}, {"Start date": "2017-07-24", "Avg. CPC": 0.080571, "Interactions": 35, "Avg. position": 3.3, "Campaign serving status": "eligible", "Campaign ID": 892452458, "Invalid clicks": 1, "Impressions": 289, "Video played to 50%": 0.0, "Account ID": "2789627019", "Conversions": 10.0, "Views": 0, "Engagements": 0, "Avg. CPE": 0.0, "Advertising Sub Channel": "", "Account Name": "[W] G1 - WPL - hctq360", "End date": "", "Video played to 100%": 0.0, "Clicks": 35, "Avg. Cost": 0.080571, "Interaction Types": ["Clicks"], "Video played to 25%": 0.0, "View rate": 0.0, "Video played to 75%": 0.0, "Avg. CPM": 9.757785, "CTR": 12.11, "Campaign state": "paused", "Unique cookies": "", "Advertising Channel": "Search", "Interaction Rate": 12.11, "Bid Strategy Type": "cpc", "Date": "2017-08-01", "Mapping": false, "Campaign": "Gen-term_BM_WG_LP", "Avg. CPV": 0.0, "Cost": 2.82}, {"Start date": "2017-07-24", "Avg. CPC": 0.058898, "Interactions": 118, "Avg. position": 3.1, "Campaign serving status": "eligible", "Campaign ID": 892452473, "Invalid clicks": 6, "Impressions": 3211, "Video played to 50%": 0.0, "Account ID": "2789627019", "Conversions": 6.0, "Views": 0, "Engagements": 0, "Avg. CPE": 0.0, "Advertising Sub Channel": "", "Account Name": "[W] G1 - WPL - hctq360", "End date": "", "Video played to 100%": 0.0, "Clicks": 118, "Avg. Cost": 0.058898, "Interaction Types": ["Clicks"], "Video played to 25%": 0.0, "View rate": 0.0, "Video played to 75%": 0.0, "Avg. CPM": 2.164435, "CTR": 3.67, "Campaign state": "paused", "Unique cookies": "", "Advertising Channel": "Search", "Interaction Rate": 3.67, "Bid Strategy Type": "cpc", "Date": "2017-08-01", "Mapping": false, "Campaign": "Gen-term_BM_Other_LP", "Avg. CPV": 0.0, "Cost": 6.95}, {"Start date": "2017-07-24", "Avg. CPC": 0.27, "Interactions": 5, "Avg. position": 1.0, "Campaign serving status": "eligible", "Campaign ID": 892452608, "Invalid clicks": 0, "Impressions": 51, "Video played to 50%": 0.0, "Account ID": "2789627019", "Conversions": 0.0, "Views": 0, "Engagements": 0, "Avg. CPE": 0.0, "Advertising Sub Channel": "", "Account Name": "[W] G1 - WPL - hctq360", "End date": "", "Video played to 100%": 0.0, "Clicks": 5, "Avg. Cost": 0.27, "Interaction Types": ["Clicks"], "Video played to 25%": 0.0, "View rate": 0.0, "Video played to 75%": 0.0, "Avg. CPM": 26.470588, "CTR": 9.8, "Campaign state": "paused", "Unique cookies": "", "Advertising Channel": "Search", "Interaction Rate": 9.8, "Bid Strategy Type": "cpc", "Date": "2017-08-01", "Mapping": false, "Campaign": "Gen-term_EX_Game_LP", "Avg. CPV": 0.0, "Cost": 1.35}, {"Start date": "2017-07-24", "Avg. CPC": 0.019318, "Interactions": 88, "Avg. position": 1.0, "Campaign serving status": "eligible", "Campaign ID": 892452701, "Invalid clicks": 3, "Impressions": 117, "Video played to 50%": 0.0, "Account ID": "2789627019", "Conversions": 4.0, "Views": 0, "Engagements": 0, "Avg. CPE": 0.0, "Advertising Sub Channel": "", "Account Name": "[W] G1 - WPL - hctq360", "End date": "", "Video played to 100%": 0.0, "Clicks": 88, "Avg. Cost": 0.019318, "Interaction Types": ["Clicks"], "Video played to 25%": 0.0, "View rate": 0.0, "Video played to 75%": 0.0, "Avg. CPM": 14.529915, "CTR": 75.21, "Campaign state": "enabled", "Unique cookies": "", "Advertising Channel": "Search", "Interaction Rate": 75.21, "Bid Strategy Type": "cpc", "Date": "2017-08-01", "Mapping": false, "Campaign": "Brand-term_BM_hctq", "Avg. CPV": 0.0, "Cost": 1.7}, {"Start date": "2017-07-24", "Avg. CPC": 0.014729, "Interactions": 958, "Avg. position": 1.0, "Campaign serving status": "eligible", "Campaign ID": 892452707, "Invalid clicks": 65, "Impressions": 1404, "Video played to 50%": 0.0, "Account ID": "2789627019", "Conversions": 114.0, "Views": 0, "Engagements": 0, "Avg. CPE": 0.0, "Advertising Sub Channel": "", "Account Name": "[W] G1 - WPL - hctq360", "End date": "", "Video played to 100%": 0.0, "Clicks": 958, "Avg. Cost": 0.014729, "Interaction Types": ["Clicks"], "Video played to 25%": 0.0, "View rate": 0.0, "Video played to 75%": 0.0, "Avg. CPM": 10.049858, "CTR": 68.23, "Campaign state": "enabled", "Unique cookies": "", "Advertising Channel": "Search", "Interaction Rate": 68.23, "Bid Strategy Type": "cpc", "Date": "2017-08-01", "Mapping": false, "Campaign": "Brand-term_BM_Huyet-chien-tam-quoc", "Avg. CPV": 0.0, "Cost": 14.11}, {"Start date": "2017-07-24", "Avg. CPC": 0.13875, "Interactions": 8, "Avg. position": 1.0, "Campaign serving status": "eligible", "Campaign ID": 892452602, "Invalid clicks": 0, "Impressions": 35, "Video played to 50%": 0.0, "Account ID": "2789627019", "Conversions": 0.0, "Views": 0, "Engagements": 0, "Avg. CPE": 0.0, "Advertising Sub Channel": "", "Account Name": "[W] G1 - WPL - hctq360", "End date": "", "Video played to 100%": 0.0, "Clicks": 8, "Avg. Cost": 0.13875, "Interaction Types": ["Clicks"], "Video played to 25%": 0.0, "View rate": 0.0, "Video played to 75%": 0.0, "Avg. CPM": 31.714286, "CTR": 22.86, "Campaign state": "paused", "Unique cookies": "", "Advertising Channel": "Search", "Interaction Rate": 22.86, "Bid Strategy Type": "cpc", "Date": "2017-08-01", "Mapping": false, "Campaign": "Gen-term_EX_360game_MP", "Avg. CPV": 0.0, "Cost": 1.11}, {"Start date": "2017-07-24", "Avg. CPC": 0.08, "Interactions": 1, "Avg. position": 2.0, "Campaign serving status": "eligible", "Campaign ID": 892452656, "Invalid clicks": 0, "Impressions": 7, "Video played to 50%": 0.0, "Account ID": "2789627019", "Conversions": 0.0, "Views": 0, "Engagements": 0, "Avg. CPE": 0.0, "Advertising Sub Channel": "", "Account Name": "[W] G1 - WPL - hctq360", "End date": "", "Video played to 100%": 0.0, "Clicks": 1, "Avg. Cost": 0.08, "Interaction Types": ["Clicks"], "Video played to 25%": 0.0, "View rate": 0.0, "Video played to 75%": 0.0, "Avg. CPM": 11.428571, "CTR": 14.29, "Campaign state": "paused", "Unique cookies": "", "Advertising Channel": "Search", "Interaction Rate": 14.29, "Bid Strategy Type": "cpc", "Date": "2017-08-01", "Mapping": false, "Campaign": "Gen-term_PM_Game_HP", "Avg. CPV": 0.0, "Cost": 0.08}, {"Start date": "2017-07-24", "Avg. CPC": 0.025169, "Interactions": 89, "Avg. position": 1.0, "Campaign serving status": "eligible", "Campaign ID": 892452476, "Invalid clicks": 4, "Impressions": 307, "Video played to 50%": 0.0, "Account ID": "2789627019", "Conversions": 11.0, "Views": 0, "Engagements": 0, "Avg. CPE": 0.0, "Advertising Sub Channel": "", "Account Name": "[W] G1 - WPL - hctq360", "End date": "", "Video played to 100%": 0.0, "Clicks": 89, "Avg. Cost": 0.025169, "Interaction Types": ["Clicks"], "Video played to 25%": 0.0, "View rate": 0.0, "Video played to 75%": 0.0, "Avg. CPM": 7.296417, "CTR": 28.99, "Campaign state": "paused", "Unique cookies": "", "Advertising Channel": "Search", "Interaction Rate": 28.99, "Bid Strategy Type": "cpc", "Date": "2017-08-01", "Mapping": false, "Campaign": "Gen-term_EX_360game_HP", "Avg. CPV": 0.0, "Cost": 2.24}, {"Start date": "2017-07-24", "Avg. CPC": 0.189609, "Interactions": 128, "Avg. position": 1.1, "Campaign serving status": "eligible", "Campaign ID": 892452617, "Invalid clicks": 3, "Impressions": 593, "Video played to 50%": 0.0, "Account ID": "2789627019", "Conversions": 36.0, "Views": 0, "Engagements": 0, "Avg. CPE": 0.0, "Advertising Sub Channel": "", "Account Name": "[W] G1 - WPL - hctq360", "End date": "", "Video played to 100%": 0.0, "Clicks": 128, "Avg. Cost": 0.189609, "Interaction Types": ["Clicks"], "Video played to 25%": 0.0, "View rate": 0.0, "Video played to 75%": 0.0, "Avg. CPM": 40.927487, "CTR": 21.59, "Campaign state": "paused", "Unique cookies": "", "Advertising Channel": "Search", "Interaction Rate": 21.59, "Bid Strategy Type": "cpc", "Date": "2017-08-01", "Mapping": false, "Campaign": "Gen-term_EX_GO_LP", "Avg. CPV": 0.0, "Cost": 24.27}, {"Start date": "2017-07-24", "Avg. CPC": 0.17, "Interactions": 2, "Avg. position": 1.5, "Campaign serving status": "eligible", "Campaign ID": 892452668, "Invalid clicks": 0, "Impressions": 118, "Video played to 50%": 0.0, "Account ID": "2789627019", "Conversions": 0.0, "Views": 0, "Engagements": 0, "Avg. CPE": 0.0, "Advertising Sub Channel": "", "Account Name": "[W] G1 - WPL - hctq360", "End date": "", "Video played to 100%": 0.0, "Clicks": 2, "Avg. Cost": 0.17, "Interaction Types": ["Clicks"], "Video played to 25%": 0.0, "View rate": 0.0, "Video played to 75%": 0.0, "Avg. CPM": 2.881356, "CTR": 1.69, "Campaign state": "paused", "Unique cookies": "", "Advertising Channel": "Search", "Interaction Rate": 1.69, "Bid Strategy Type": "cpc", "Date": "2017-08-01", "Mapping": false, "Campaign": "Gen-term_PM_GO_LP", "Avg. CPV": 0.0, "Cost": 0.34}, {"Start date": "2017-07-27", "Avg. CPC": 0.05625, "Interactions": 8, "Avg. position": 1.4, "Campaign serving status": "eligible", "Campaign ID": 895328051, "Invalid clicks": 0, "Impressions": 25, "Video played to 50%": 0.0, "Account ID": "2789627019", "Conversions": 3.0, "Views": 0, "Engagements": 0, "Avg. CPE": 0.0, "Advertising Sub Channel": "", "Account Name": "[W] G1 - WPL - hctq360", "End date": "", "Video played to 100%": 0.0, "Clicks": 8, "Avg. Cost": 0.05625, "Interaction Types": ["Clicks"], "Video played to 25%": 0.0, "View rate": 0.0, "Video played to 75%": 0.0, "Avg. CPM": 18.0, "CTR": 32.0, "Campaign state": "paused", "Unique cookies": "", "Advertising Channel": "Search", "Interaction Rate": 32.0, "Bid Strategy Type": "cpc", "Date": "2017-08-01", "Mapping": false, "Campaign": "Gen-term_BM_Game-Tam-Quoc", "Avg. CPV": 0.0, "Cost": 0.45}, {"Start date": "2017-07-24", "Avg. CPC": 0.066154, "Interactions": 26, "Avg. position": 1.8, "Campaign serving status": "eligible", "Campaign ID": 892452434, "Invalid clicks": 0, "Impressions": 220, "Video played to 50%": 0.0, "Account ID": "2789627019", "Conversions": 6.0, "Views": 0, "Engagements": 0, "Avg. CPE": 0.0, "Advertising Sub Channel": "", "Account Name": "[W] G1 - WPL - hctq360", "End date": "", "Video played to 100%": 0.0, "Clicks": 26, "Avg. Cost": 0.066154, "Interaction Types": ["Clicks"], "Video played to 25%": 0.0, "View rate": 0.0, "Video played to 75%": 0.0, "Avg. CPM": 7.818182, "CTR": 11.82, "Campaign state": "paused", "Unique cookies": "", "Advertising Channel": "Search", "Interaction Rate": 11.82, "Bid Strategy Type": "cpc", "Date": "2017-08-01", "Mapping": false, "Campaign": "Gen-term_BM_Game_HP", "Avg. CPV": 0.0, "Cost": 1.72}, {"Start date": "2017-07-24", "Avg. CPC": 0.119811, "Interactions": 53, "Avg. position": 1.2, "Campaign serving status": "eligible", "Campaign ID": 892452662, "Invalid clicks": 0, "Impressions": 185, "Video played to 50%": 0.0, "Account ID": "2789627019", "Conversions": 10.0, "Views": 0, "Engagements": 0, "Avg. CPE": 0.0, "Advertising Sub Channel": "", "Account Name": "[W] G1 - WPL - hctq360", "End date": "", "Video played to 100%": 0.0, "Clicks": 53, "Avg. Cost": 0.119811, "Interaction Types": ["Clicks"], "Video played to 25%": 0.0, "View rate": 0.0, "Video played to 75%": 0.0, "Avg. CPM": 34.324324, "CTR": 28.65, "Campaign state": "paused", "Unique cookies": "", "Advertising Channel": "Search", "Interaction Rate": 28.65, "Bid Strategy Type": "cpc", "Date": "2017-08-01", "Mapping": false, "Campaign": "Gen-term_PM_Game_MP", "Avg. CPV": 0.0, "Cost": 6.35}, {"Start date": "2017-07-24", "Avg. CPC": 0.047487, "Interactions": 187, "Avg. position": 1.1, "Campaign serving status": "eligible", "Campaign ID": 892452698, "Invalid clicks": 12, "Impressions": 738, "Video played to 50%": 0.0, "Account ID": "2789627019", "Conversions": 23.0, "Views": 0, "Engagements": 0, "Avg. CPE": 0.0, "Advertising Sub Channel": "", "Account Name": "[W] G1 - WPL - hctq360", "End date": "", "Video played to 100%": 0.0, "Clicks": 187, "Avg. Cost": 0.047487, "Interaction Types": ["Clicks"], "Video played to 25%": 0.0, "View rate": 0.0, "Video played to 75%": 0.0, "Avg. CPM": 12.03252, "CTR": 25.34, "Campaign state": "enabled", "Unique cookies": "", "Advertising Channel": "Search", "Interaction Rate": 25.34, "Bid Strategy Type": "cpc", "Date": "2017-08-01", "Mapping": false, "Campaign": "Brand-term_BM_Huyet-chien", "Avg. CPV": 0.0, "Cost": 8.88}, {"Start date": "2017-07-24", "Avg. CPC": 0.06, "Interactions": 1, "Avg. position": 1.6, "Campaign serving status": "eligible", "Campaign ID": 892452425, "Invalid clicks": 0, "Impressions": 22, "Video played to 50%": 0.0, "Account ID": "2789627019", "Conversions": 0.0, "Views": 0, "Engagements": 0, "Avg. CPE": 0.0, "Advertising Sub Channel": "", "Account Name": "[W] G1 - WPL - hctq360", "End date": "", "Video played to 100%": 0.0, "Clicks": 1, "Avg. Cost": 0.06, "Interaction Types": ["Clicks"], "Video played to 25%": 0.0, "View rate": 0.0, "Video played to 75%": 0.0, "Avg. CPM": 2.727273, "CTR": 4.55, "Campaign state": "paused", "Unique cookies": "", "Advertising Channel": "Search", "Interaction Rate": 4.55, "Bid Strategy Type": "cpc", "Date": "2017-08-01", "Mapping": false, "Campaign": "Gen-term_BM_360game_HP", "Avg. CPV": 0.0, "Cost": 0.06}, {"Start date": "2017-07-24", "Avg. CPC": 0.07, "Interactions": 1, "Avg. position": 2.1, "Campaign serving status": "eligible", "Campaign ID": 892452428, "Invalid clicks": 0, "Impressions": 26, "Video played to 50%": 0.0, "Account ID": "2789627019", "Conversions": 0.0, "Views": 0, "Engagements": 0, "Avg. CPE": 0.0, "Advertising Sub Channel": "", "Account Name": "[W] G1 - WPL - hctq360", "End date": "", "Video played to 100%": 0.0, "Clicks": 1, "Avg. Cost": 0.07, "Interaction Types": ["Clicks"], "Video played to 25%": 0.0, "View rate": 0.0, "Video played to 75%": 0.0, "Avg. CPM": 2.692308, "CTR": 3.85, "Campaign state": "paused", "Unique cookies": "", "Advertising Channel": "Search", "Interaction Rate": 3.85, "Bid Strategy Type": "cpc", "Date": "2017-08-01", "Mapping": false, "Campaign": "Gen-term_BM_360game_MP", "Avg. CPV": 0.0, "Cost": 0.07}, {"Start date": "2017-07-24", "Avg. CPC": 0.069439, "Interactions": 392, "Avg. position": 2.7, "Campaign serving status": "eligible", "Campaign ID": 892452437, "Invalid clicks": 22, "Impressions": 7598, "Video played to 50%": 0.0, "Account ID": "2789627019", "Conversions": 53.0, "Views": 0, "Engagements": 0, "Avg. CPE": 0.0, "Advertising Sub Channel": "", "Account Name": "[W] G1 - WPL - hctq360", "End date": "", "Video played to 100%": 0.0, "Clicks": 392, "Avg. Cost": 0.069439, "Interaction Types": ["Clicks"], "Video played to 25%": 0.0, "View rate": 0.0, "Video played to 75%": 0.0, "Avg. CPM": 3.582522, "CTR": 5.16, "Campaign state": "paused", "Unique cookies": "", "Advertising Channel": "Search", "Interaction Rate": 5.16, "Bid Strategy Type": "cpc", "Date": "2017-08-01", "Mapping": false, "Campaign": "Gen-term_BM_Game_MP", "Avg. CPV": 0.0, "Cost": 27.22}, {"Start date": "2017-07-24", "Avg. CPC": 0.05, "Interactions": 1, "Avg. position": 2.4, "Campaign serving status": "eligible", "Campaign ID": 892452452, "Invalid clicks": 0, "Impressions": 5, "Video played to 50%": 0.0, "Account ID": "2789627019", "Conversions": 0.0, "Views": 0, "Engagements": 0, "Avg. CPE": 0.0, "Advertising Sub Channel": "", "Account Name": "[W] G1 - WPL - hctq360", "End date": "", "Video played to 100%": 0.0, "Clicks": 1, "Avg. Cost": 0.05, "Interaction Types": ["Clicks"], "Video played to 25%": 0.0, "View rate": 0.0, "Video played to 75%": 0.0, "Avg. CPM": 10.0, "CTR": 20.0, "Campaign state": "paused", "Unique cookies": "", "Advertising Channel": "Search", "Interaction Rate": 20.0, "Bid Strategy Type": "cpc", "Date": "2017-08-01", "Mapping": false, "Campaign": "Gen-term_BM_WG_HP", "Avg. CPV": 0.0, "Cost": 0.05}, {"Start date": "2017-07-24", "Avg. CPC": 0.1525, "Interactions": 4, "Avg. position": 1.0, "Campaign serving status": "eligible", "Campaign ID": 892452605, "Invalid clicks": 1, "Impressions": 16, "Video played to 50%": 0.0, "Account ID": "2789627019", "Conversions": 0.0, "Views": 0, "Engagements": 0, "Avg. CPE": 0.0, "Advertising Sub Channel": "", "Account Name": "[W] G1 - WPL - hctq360", "End date": "", "Video played to 100%": 0.0, "Clicks": 4, "Avg. Cost": 0.1525, "Interaction Types": ["Clicks"], "Video played to 25%": 0.0, "View rate": 0.0, "Video played to 75%": 0.0, "Avg. CPM": 38.125, "CTR": 25.0, "Campaign state": "paused", "Unique cookies": "", "Advertising Channel": "Search", "Interaction Rate": 25.0, "Bid Strategy Type": "cpc", "Date": "2017-08-01", "Mapping": false, "Campaign": "Gen-term_EX_Game_HP", "Avg. CPV": 0.0, "Cost": 0.61}, {"Start date": "2017-07-24", "Avg. CPC": 0.126, "Interactions": 5, "Avg. position": 1.1, "Campaign serving status": "eligible", "Campaign ID": 892452680, "Invalid clicks": 0, "Impressions": 19, "Video played to 50%": 0.0, "Account ID": "2789627019", "Conversions": 2.0, "Views": 0, "Engagements": 0, "Avg. CPE": 0.0, "Advertising Sub Channel": "", "Account Name": "[W] G1 - WPL - hctq360", "End date": "", "Video played to 100%": 0.0, "Clicks": 5, "Avg. Cost": 0.126, "Interaction Types": ["Clicks"], "Video played to 25%": 0.0, "View rate": 0.0, "Video played to 75%": 0.0, "Avg. CPM": 33.157895, "CTR": 26.32, "Campaign state": "paused", "Unique cookies": "", "Advertising Channel": "Search", "Interaction Rate": 26.32, "Bid Strategy Type": "cpc", "Date": "2017-08-01", "Mapping": false, "Campaign": "Gen-term_PM_Other_MP", "Avg. CPV": 0.0, "Cost": 0.63}, {"Start date": "2017-07-24", "Avg. CPC": 0.054054, "Interactions": 37, "Avg. position": 3.0, "Campaign serving status": "eligible", "Campaign ID": 892452470, "Invalid clicks": 1, "Impressions": 1434, "Video played to 50%": 0.0, "Account ID": "2789627019", "Conversions": 5.0, "Views": 0, "Engagements": 0, "Avg. CPE": 0.0, "Advertising Sub Channel": "", "Account Name": "[W] G1 - WPL - hctq360", "End date": "", "Video played to 100%": 0.0, "Clicks": 37, "Avg. Cost": 0.054054, "Interaction Types": ["Clicks"], "Video played to 25%": 0.0, "View rate": 0.0, "Video played to 75%": 0.0, "Avg. CPM": 1.3947, "CTR": 2.58, "Campaign state": "paused", "Unique cookies": "", "Advertising Channel": "Search", "Interaction Rate": 2.58, "Bid Strategy Type": "cpc", "Date": "2017-08-01", "Mapping": false, "Campaign": "Gen-term_BM_Other_MP", "Avg. CPV": 0.0, "Cost": 2.0}, {"Start date": "", "Avg. CPC": 0.055278, "Interactions": 2971, "Avg. position": 2.6, "Campaign serving status": "", "Campaign ID": "", "Invalid clicks": 161, "Impressions": 37516, "Video played to 50%": 0.0, "Account ID": "2789627019", "Conversions": 353.0, "Views": 0, "Engagements": 0, "Avg. CPE": 0.0, "Advertising Sub Channel": "", "Account Name": "[W] G1 - WPL - hctq360", "End date": "", "Video played to 100%": 0.0, "Clicks": 2971, "Avg. Cost": 0.055278, "Interaction Types": "", "Video played to 25%": 0.0, "View rate": 0.0, "Video played to 75%": 0.0, "Avg. CPM": 4.377599, "CTR": 7.92, "Campaign state": "Total", "Unique cookies": "", "Advertising Channel": "", "Interaction Rate": 7.92, "Bid Strategy Type": "", "Date": "2017-08-01", "Mapping": false, "Campaign": "", "Avg. CPV": 0.0, "Cost": 164.23}]