[{"Campaign state": "paused", "Interaction Types": ["Clicks"], "Campaign serving status": "eligible", "Cost": 19.99, "Interactions": 241, "Avg. CPM": 2.304323, "Bid Strategy Type": "cpc", "Video played to 100%": 0.0, "Avg. CPE": 0.0, "Mapping": false, "Start date": "2017-07-24", "View rate": 0.0, "Account ID": "2789627019", "Avg. CPC": 0.082946, "Conversions": 29.0, "Video played to 75%": 0.0, "Impressions": 8675, "Avg. position": 3.6, "Advertising Sub Channel": "", "Campaign ID": 892452443, "Avg. Cost": 0.082946, "Avg. CPV": 0.0, "Campaign": "Gen-term_BM_GO_HP", "Interaction Rate": 2.78, "Advertising Channel": "Search", "Video played to 50%": 0.0, "Date": "2017-08-04", "End date": "", "CTR": 2.78, "Video played to 25%": 0.0, "Engagements": 0, "Invalid clicks": 3, "Clicks": 241, "Views": 0, "Unique cookies": ""}, {"Campaign state": "paused", "Interaction Types": ["Clicks"], "Campaign serving status": "eligible", "Cost": 1.49, "Interactions": 24, "Avg. CPM": 2.361331, "Bid Strategy Type": "cpc", "Video played to 100%": 0.0, "Avg. CPE": 0.0, "Mapping": false, "Start date": "2017-07-24", "View rate": 0.0, "Account ID": "2789627019", "Avg. CPC": 0.062083, "Conversions": 5.0, "Video played to 75%": 0.0, "Impressions": 631, "Avg. position": 2.9, "Advertising Sub Channel": "", "Campaign ID": 892452449, "Avg. Cost": 0.062083, "Avg. CPV": 0.0, "Campaign": "Gen-term_BM_GO_LP", "Interaction Rate": 3.8, "Advertising Channel": "Search", "Video played to 50%": 0.0, "Date": "2017-08-04", "End date": "", "CTR": 3.8, "Video played to 25%": 0.0, "Engagements": 0, "Invalid clicks": 0, "Clicks": 24, "Views": 0, "Unique cookies": ""}, {"Campaign state": "paused", "Interaction Types": ["Clicks"], "Campaign serving status": "eligible", "Cost": 0.2, "Interactions": 3, "Avg. CPM": 20.0, "Bid Strategy Type": "cpc", "Video played to 100%": 0.0, "Avg. CPE": 0.0, "Mapping": false, "Start date": "2017-07-24", "View rate": 0.0, "Account ID": "2789627019", "Avg. CPC": 0.066667, "Conversions": 0.0, "Video played to 75%": 0.0, "Impressions": 10, "Avg. position": 2.0, "Advertising Sub Channel": "", "Campaign ID": 892452611, "Avg. Cost": 0.066667, "Avg. CPV": 0.0, "Campaign": "Gen-term_EX_Game_MP", "Interaction Rate": 30.0, "Advertising Channel": "Search", "Video played to 50%": 0.0, "Date": "2017-08-04", "End date": "", "CTR": 30.0, "Video played to 25%": 0.0, "Engagements": 0, "Invalid clicks": 0, "Clicks": 3, "Views": 0, "Unique cookies": ""}, {"Campaign state": "paused", "Interaction Types": ["Clicks"], "Campaign serving status": "eligible", "Cost": 1.13, "Interactions": 6, "Avg. CPM": 66.470588, "Bid Strategy Type": "cpc", "Video played to 100%": 0.0, "Avg. CPE": 0.0, "Mapping": false, "Start date": "2017-07-24", "View rate": 0.0, "Account ID": "2789627019", "Avg. CPC": 0.188333, "Conversions": 4.0, "Video played to 75%": 0.0, "Impressions": 17, "Avg. position": 1.0, "Advertising Sub Channel": "", "Campaign ID": 892452635, "Avg. Cost": 0.188333, "Avg. CPV": 0.0, "Campaign": "Gen-term_EX_WG_LP", "Interaction Rate": 35.29, "Advertising Channel": "Search", "Video played to 50%": 0.0, "Date": "2017-08-04", "End date": "", "CTR": 35.29, "Video played to 25%": 0.0, "Engagements": 0, "Invalid clicks": 0, "Clicks": 6, "Views": 0, "Unique cookies": ""}, {"Campaign state": "paused", "Interaction Types": ["Clicks"], "Campaign serving status": "eligible", "Cost": 5.9, "Interactions": 104, "Avg. CPM": 3.352273, "Bid Strategy Type": "cpc", "Video played to 100%": 0.0, "Avg. CPE": 0.0, "Mapping": false, "Start date": "2017-07-24", "View rate": 0.0, "Account ID": "2789627019", "Avg. CPC": 0.056731, "Conversions": 10.0, "Video played to 75%": 0.0, "Impressions": 1760, "Avg. position": 1.9, "Advertising Sub Channel": "", "Campaign ID": 892452440, "Avg. Cost": 0.056731, "Avg. CPV": 0.0, "Campaign": "Gen-term_BM_Game_LP", "Interaction Rate": 5.91, "Advertising Channel": "Search", "Video played to 50%": 0.0, "Date": "2017-08-04", "End date": "", "CTR": 5.91, "Video played to 25%": 0.0, "Engagements": 0, "Invalid clicks": 4, "Clicks": 104, "Views": 0, "Unique cookies": ""}, {"Campaign state": "paused", "Interaction Types": ["Clicks"], "Campaign serving status": "eligible", "Cost": 0.05, "Interactions": 1, "Avg. CPM": 0.757576, "Bid Strategy Type": "cpc", "Video played to 100%": 0.0, "Avg. CPE": 0.0, "Mapping": false, "Start date": "2017-07-24", "View rate": 0.0, "Account ID": "2789627019", "Avg. CPC": 0.05, "Conversions": 0.0, "Video played to 75%": 0.0, "Impressions": 66, "Avg. position": 4.1, "Advertising Sub Channel": "", "Campaign ID": 892452446, "Avg. Cost": 0.05, "Avg. CPV": 0.0, "Campaign": "Gen-term_BM_GO_MP", "Interaction Rate": 1.52, "Advertising Channel": "Search", "Video played to 50%": 0.0, "Date": "2017-08-04", "End date": "", "CTR": 1.52, "Video played to 25%": 0.0, "Engagements": 0, "Invalid clicks": 0, "Clicks": 1, "Views": 0, "Unique cookies": ""}, {"Campaign state": "paused", "Interaction Types": ["Clicks"], "Campaign serving status": "eligible", "Cost": 0.2, "Interactions": 7, "Avg. CPM": 6.060606, "Bid Strategy Type": "cpc", "Video played to 100%": 0.0, "Avg. CPE": 0.0, "Mapping": false, "Start date": "2017-07-24", "View rate": 0.0, "Account ID": "2789627019", "Avg. CPC": 0.028571, "Conversions": 3.0, "Video played to 75%": 0.0, "Impressions": 33, "Avg. position": 1.0, "Advertising Sub Channel": "", "Campaign ID": 892452629, "Avg. Cost": 0.028571, "Avg. CPV": 0.0, "Campaign": "Gen-term_EX_Other_MP", "Interaction Rate": 21.21, "Advertising Channel": "Search", "Video played to 50%": 0.0, "Date": "2017-08-04", "End date": "", "CTR": 21.21, "Video played to 25%": 0.0, "Engagements": 0, "Invalid clicks": 0, "Clicks": 7, "Views": 0, "Unique cookies": ""}, {"Campaign state": "paused", "Interaction Types": ["Clicks"], "Campaign serving status": "eligible", "Cost": 0.34, "Interactions": 6, "Avg. CPM": 1.910112, "Bid Strategy Type": "cpc", "Video played to 100%": 0.0, "Avg. CPE": 0.0, "Mapping": false, "Start date": "2017-07-24", "View rate": 0.0, "Account ID": "2789627019", "Avg. CPC": 0.056667, "Conversions": 0.0, "Video played to 75%": 0.0, "Impressions": 178, "Avg. position": 2.2, "Advertising Sub Channel": "", "Campaign ID": 892452659, "Avg. Cost": 0.056667, "Avg. CPV": 0.0, "Campaign": "Gen-term_PM_Game_LP", "Interaction Rate": 3.37, "Advertising Channel": "Search", "Video played to 50%": 0.0, "Date": "2017-08-04", "End date": "", "CTR": 3.37, "Video played to 25%": 0.0, "Engagements": 0, "Invalid clicks": 0, "Clicks": 6, "Views": 0, "Unique cookies": ""}, {"Campaign state": "paused", "Interaction Types": ["Clicks"], "Campaign serving status": "eligible", "Cost": 1.83, "Interactions": 24, "Avg. CPM": 13.555556, "Bid Strategy Type": "cpc", "Video played to 100%": 0.0, "Avg. CPE": 0.0, "Mapping": false, "Start date": "2017-07-24", "View rate": 0.0, "Account ID": "2789627019", "Avg. CPC": 0.07625, "Conversions": 8.0, "Video played to 75%": 0.0, "Impressions": 135, "Avg. position": 2.9, "Advertising Sub Channel": "", "Campaign ID": 892452458, "Avg. Cost": 0.07625, "Avg. CPV": 0.0, "Campaign": "Gen-term_BM_WG_LP", "Interaction Rate": 17.78, "Advertising Channel": "Search", "Video played to 50%": 0.0, "Date": "2017-08-04", "End date": "", "CTR": 17.78, "Video played to 25%": 0.0, "Engagements": 0, "Invalid clicks": 0, "Clicks": 24, "Views": 0, "Unique cookies": ""}, {"Campaign state": "paused", "Interaction Types": ["Clicks"], "Campaign serving status": "eligible", "Cost": 3.63, "Interactions": 57, "Avg. CPM": 2.006633, "Bid Strategy Type": "cpc", "Video played to 100%": 0.0, "Avg. CPE": 0.0, "Mapping": false, "Start date": "2017-07-24", "View rate": 0.0, "Account ID": "2789627019", "Avg. CPC": 0.063684, "Conversions": 5.0, "Video played to 75%": 0.0, "Impressions": 1809, "Avg. position": 3.5, "Advertising Sub Channel": "", "Campaign ID": 892452473, "Avg. Cost": 0.063684, "Avg. CPV": 0.0, "Campaign": "Gen-term_BM_Other_LP", "Interaction Rate": 3.15, "Advertising Channel": "Search", "Video played to 50%": 0.0, "Date": "2017-08-04", "End date": "", "CTR": 3.15, "Video played to 25%": 0.0, "Engagements": 0, "Invalid clicks": 2, "Clicks": 57, "Views": 0, "Unique cookies": ""}, {"Campaign state": "enabled", "Interaction Types": ["Clicks"], "Campaign serving status": "eligible", "Cost": 2.01, "Interactions": 101, "Avg. CPM": 13.4, "Bid Strategy Type": "cpc", "Video played to 100%": 0.0, "Avg. CPE": 0.0, "Mapping": false, "Start date": "2017-07-24", "View rate": 0.0, "Account ID": "2789627019", "Avg. CPC": 0.019901, "Conversions": 7.0, "Video played to 75%": 0.0, "Impressions": 150, "Avg. position": 1.0, "Advertising Sub Channel": "", "Campaign ID": 892452701, "Avg. Cost": 0.019901, "Avg. CPV": 0.0, "Campaign": "Brand-term_BM_hctq", "Interaction Rate": 67.33, "Advertising Channel": "Search", "Video played to 50%": 0.0, "Date": "2017-08-04", "End date": "", "CTR": 67.33, "Video played to 25%": 0.0, "Engagements": 0, "Invalid clicks": 6, "Clicks": 101, "Views": 0, "Unique cookies": ""}, {"Campaign state": "paused", "Interaction Types": ["Clicks"], "Campaign serving status": "eligible", "Cost": 1.26, "Interactions": 7, "Avg. CPM": 34.054054, "Bid Strategy Type": "cpc", "Video played to 100%": 0.0, "Avg. CPE": 0.0, "Mapping": false, "Start date": "2017-07-24", "View rate": 0.0, "Account ID": "2789627019", "Avg. CPC": 0.18, "Conversions": 0.0, "Video played to 75%": 0.0, "Impressions": 37, "Avg. position": 1.4, "Advertising Sub Channel": "", "Campaign ID": 892452602, "Avg. Cost": 0.18, "Avg. CPV": 0.0, "Campaign": "Gen-term_EX_360game_MP", "Interaction Rate": 18.92, "Advertising Channel": "Search", "Video played to 50%": 0.0, "Date": "2017-08-04", "End date": "", "CTR": 18.92, "Video played to 25%": 0.0, "Engagements": 0, "Invalid clicks": 0, "Clicks": 7, "Views": 0, "Unique cookies": ""}, {"Campaign state": "paused", "Interaction Types": ["Clicks"], "Campaign serving status": "eligible", "Cost": 0.08, "Interactions": 1, "Avg. CPM": 3.636364, "Bid Strategy Type": "cpc", "Video played to 100%": 0.0, "Avg. CPE": 0.0, "Mapping": false, "Start date": "2017-07-24", "View rate": 0.0, "Account ID": "2789627019", "Avg. CPC": 0.08, "Conversions": 1.0, "Video played to 75%": 0.0, "Impressions": 22, "Avg. position": 1.2, "Advertising Sub Channel": "", "Campaign ID": 892452608, "Avg. Cost": 0.08, "Avg. CPV": 0.0, "Campaign": "Gen-term_EX_Game_LP", "Interaction Rate": 4.55, "Advertising Channel": "Search", "Video played to 50%": 0.0, "Date": "2017-08-04", "End date": "", "CTR": 4.55, "Video played to 25%": 0.0, "Engagements": 0, "Invalid clicks": 0, "Clicks": 1, "Views": 0, "Unique cookies": ""}, {"Campaign state": "enabled", "Interaction Types": ["Clicks"], "Campaign serving status": "eligible", "Cost": 16.49, "Interactions": 1067, "Avg. CPM": 10.550224, "Bid Strategy Type": "cpc", "Video played to 100%": 0.0, "Avg. CPE": 0.0, "Mapping": false, "Start date": "2017-07-24", "View rate": 0.0, "Account ID": "2789627019", "Avg. CPC": 0.015455, "Conversions": 91.0, "Video played to 75%": 0.0, "Impressions": 1563, "Avg. position": 1.0, "Advertising Sub Channel": "", "Campaign ID": 892452707, "Avg. Cost": 0.015455, "Avg. CPV": 0.0, "Campaign": "Brand-term_BM_Huyet-chien-tam-quoc", "Interaction Rate": 68.27, "Advertising Channel": "Search", "Video played to 50%": 0.0, "Date": "2017-08-04", "End date": "", "CTR": 68.27, "Video played to 25%": 0.0, "Engagements": 0, "Invalid clicks": 86, "Clicks": 1067, "Views": 0, "Unique cookies": ""}, {"Campaign state": "paused", "Interaction Types": ["Clicks"], "Campaign serving status": "eligible", "Cost": 7.8, "Interactions": 39, "Avg. CPM": 43.820225, "Bid Strategy Type": "cpc", "Video played to 100%": 0.0, "Avg. CPE": 0.0, "Mapping": false, "Start date": "2017-07-24", "View rate": 0.0, "Account ID": "2789627019", "Avg. CPC": 0.2, "Conversions": 17.0, "Video played to 75%": 0.0, "Impressions": 178, "Avg. position": 1.2, "Advertising Sub Channel": "", "Campaign ID": 892452617, "Avg. Cost": 0.2, "Avg. CPV": 0.0, "Campaign": "Gen-term_EX_GO_LP", "Interaction Rate": 21.91, "Advertising Channel": "Search", "Video played to 50%": 0.0, "Date": "2017-08-04", "End date": "", "CTR": 21.91, "Video played to 25%": 0.0, "Engagements": 0, "Invalid clicks": 0, "Clicks": 39, "Views": 0, "Unique cookies": ""}, {"Campaign state": "enabled", "Interaction Types": ["Clicks"], "Campaign serving status": "eligible", "Cost": 8.65, "Interactions": 177, "Avg. CPM": 10.497573, "Bid Strategy Type": "cpc", "Video played to 100%": 0.0, "Avg. CPE": 0.0, "Mapping": false, "Start date": "2017-07-24", "View rate": 0.0, "Account ID": "2789627019", "Avg. CPC": 0.04887, "Conversions": 19.0, "Video played to 75%": 0.0, "Impressions": 824, "Avg. position": 1.0, "Advertising Sub Channel": "", "Campaign ID": 892452698, "Avg. Cost": 0.04887, "Avg. CPV": 0.0, "Campaign": "Brand-term_BM_Huyet-chien", "Interaction Rate": 21.48, "Advertising Channel": "Search", "Video played to 50%": 0.0, "Date": "2017-08-04", "End date": "", "CTR": 21.48, "Video played to 25%": 0.0, "Engagements": 0, "Invalid clicks": 10, "Clicks": 177, "Views": 0, "Unique cookies": ""}, {"Campaign state": "paused", "Interaction Types": ["Clicks"], "Campaign serving status": "eligible", "Cost": 0.5, "Interactions": 8, "Avg. CPM": 4.587156, "Bid Strategy Type": "cpc", "Video played to 100%": 0.0, "Avg. CPE": 0.0, "Mapping": false, "Start date": "2017-07-24", "View rate": 0.0, "Account ID": "2789627019", "Avg. CPC": 0.0625, "Conversions": 1.0, "Video played to 75%": 0.0, "Impressions": 109, "Avg. position": 2.1, "Advertising Sub Channel": "", "Campaign ID": 892452434, "Avg. Cost": 0.0625, "Avg. CPV": 0.0, "Campaign": "Gen-term_BM_Game_HP", "Interaction Rate": 7.34, "Advertising Channel": "Search", "Video played to 50%": 0.0, "Date": "2017-08-04", "End date": "", "CTR": 7.34, "Video played to 25%": 0.0, "Engagements": 0, "Invalid clicks": 0, "Clicks": 8, "Views": 0, "Unique cookies": ""}, {"Campaign state": "paused", "Interaction Types": ["Clicks"], "Campaign serving status": "eligible", "Cost": 1.38, "Interactions": 44, "Avg. CPM": 7.666667, "Bid Strategy Type": "cpc", "Video played to 100%": 0.0, "Avg. CPE": 0.0, "Mapping": false, "Start date": "2017-07-24", "View rate": 0.0, "Account ID": "2789627019", "Avg. CPC": 0.031364, "Conversions": 4.0, "Video played to 75%": 0.0, "Impressions": 180, "Avg. position": 1.0, "Advertising Sub Channel": "", "Campaign ID": 892452476, "Avg. Cost": 0.031364, "Avg. CPV": 0.0, "Campaign": "Gen-term_EX_360game_HP", "Interaction Rate": 24.44, "Advertising Channel": "Search", "Video played to 50%": 0.0, "Date": "2017-08-04", "End date": "", "CTR": 24.44, "Video played to 25%": 0.0, "Engagements": 0, "Invalid clicks": 9, "Clicks": 44, "Views": 0, "Unique cookies": ""}, {"Campaign state": "paused", "Interaction Types": ["Clicks"], "Campaign serving status": "eligible", "Cost": 0.45, "Interactions": 6, "Avg. CPM": 6.923077, "Bid Strategy Type": "cpc", "Video played to 100%": 0.0, "Avg. CPE": 0.0, "Mapping": false, "Start date": "2017-07-24", "View rate": 0.0, "Account ID": "2789627019", "Avg. CPC": 0.075, "Conversions": 2.0, "Video played to 75%": 0.0, "Impressions": 65, "Avg. position": 1.6, "Advertising Sub Channel": "", "Campaign ID": 892452662, "Avg. Cost": 0.075, "Avg. CPV": 0.0, "Campaign": "Gen-term_PM_Game_MP", "Interaction Rate": 9.23, "Advertising Channel": "Search", "Video played to 50%": 0.0, "Date": "2017-08-04", "End date": "", "CTR": 9.23, "Video played to 25%": 0.0, "Engagements": 0, "Invalid clicks": 1, "Clicks": 6, "Views": 0, "Unique cookies": ""}, {"Campaign state": "paused", "Interaction Types": ["Clicks"], "Campaign serving status": "eligible", "Cost": 0.17, "Interactions": 1, "Avg. CPM": 4.25, "Bid Strategy Type": "cpc", "Video played to 100%": 0.0, "Avg. CPE": 0.0, "Mapping": false, "Start date": "2017-07-24", "View rate": 0.0, "Account ID": "2789627019", "Avg. CPC": 0.17, "Conversions": 0.0, "Video played to 75%": 0.0, "Impressions": 40, "Avg. position": 2.5, "Advertising Sub Channel": "", "Campaign ID": 892452668, "Avg. Cost": 0.17, "Avg. CPV": 0.0, "Campaign": "Gen-term_PM_GO_LP", "Interaction Rate": 2.5, "Advertising Channel": "Search", "Video played to 50%": 0.0, "Date": "2017-08-04", "End date": "", "CTR": 2.5, "Video played to 25%": 0.0, "Engagements": 0, "Invalid clicks": 0, "Clicks": 1, "Views": 0, "Unique cookies": ""}, {"Campaign state": "paused", "Interaction Types": ["Clicks"], "Campaign serving status": "eligible", "Cost": 1.65, "Interactions": 30, "Avg. CPM": 10.714286, "Bid Strategy Type": "cpc", "Video played to 100%": 0.0, "Avg. CPE": 0.0, "Mapping": false, "Start date": "2017-07-27", "View rate": 0.0, "Account ID": "2789627019", "Avg. CPC": 0.055, "Conversions": 9.0, "Video played to 75%": 0.0, "Impressions": 154, "Avg. position": 1.6, "Advertising Sub Channel": "", "Campaign ID": 895328051, "Avg. Cost": 0.055, "Avg. CPV": 0.0, "Campaign": "Gen-term_BM_Game-Tam-Quoc", "Interaction Rate": 19.48, "Advertising Channel": "Search", "Video played to 50%": 0.0, "Date": "2017-08-04", "End date": "", "CTR": 19.48, "Video played to 25%": 0.0, "Engagements": 0, "Invalid clicks": 2, "Clicks": 30, "Views": 0, "Unique cookies": ""}, {"Campaign state": "paused", "Interaction Types": ["Clicks"], "Campaign serving status": "eligible", "Cost": 18.71, "Interactions": 247, "Avg. CPM": 3.053198, "Bid Strategy Type": "cpc", "Video played to 100%": 0.0, "Avg. CPE": 0.0, "Mapping": false, "Start date": "2017-07-24", "View rate": 0.0, "Account ID": "2789627019", "Avg. CPC": 0.075749, "Conversions": 30.0, "Video played to 75%": 0.0, "Impressions": 6128, "Avg. position": 3.3, "Advertising Sub Channel": "", "Campaign ID": 892452437, "Avg. Cost": 0.075749, "Avg. CPV": 0.0, "Campaign": "Gen-term_BM_Game_MP", "Interaction Rate": 4.03, "Advertising Channel": "Search", "Video played to 50%": 0.0, "Date": "2017-08-04", "End date": "", "CTR": 4.03, "Video played to 25%": 0.0, "Engagements": 0, "Invalid clicks": 12, "Clicks": 247, "Views": 0, "Unique cookies": ""}, {"Campaign state": "paused", "Interaction Types": ["Clicks"], "Campaign serving status": "eligible", "Cost": 2.29, "Interactions": 46, "Avg. CPM": 1.537945, "Bid Strategy Type": "cpc", "Video played to 100%": 0.0, "Avg. CPE": 0.0, "Mapping": false, "Start date": "2017-07-24", "View rate": 0.0, "Account ID": "2789627019", "Avg. CPC": 0.049783, "Conversions": 8.0, "Video played to 75%": 0.0, "Impressions": 1489, "Avg. position": 3.2, "Advertising Sub Channel": "", "Campaign ID": 892452470, "Avg. Cost": 0.049783, "Avg. CPV": 0.0, "Campaign": "Gen-term_BM_Other_MP", "Interaction Rate": 3.09, "Advertising Channel": "Search", "Video played to 50%": 0.0, "Date": "2017-08-04", "End date": "", "CTR": 3.09, "Video played to 25%": 0.0, "Engagements": 0, "Invalid clicks": 4, "Clicks": 46, "Views": 0, "Unique cookies": ""}, {"Campaign state": "paused", "Interaction Types": ["Clicks"], "Campaign serving status": "eligible", "Cost": 0.05, "Interactions": 1, "Avg. CPM": 16.666667, "Bid Strategy Type": "cpc", "Video played to 100%": 0.0, "Avg. CPE": 0.0, "Mapping": false, "Start date": "2017-07-24", "View rate": 0.0, "Account ID": "2789627019", "Avg. CPC": 0.05, "Conversions": 0.0, "Video played to 75%": 0.0, "Impressions": 3, "Avg. position": 1.7, "Advertising Sub Channel": "", "Campaign ID": 892452431, "Avg. Cost": 0.05, "Avg. CPV": 0.0, "Campaign": "Gen-term_BM_360game_LP", "Interaction Rate": 33.33, "Advertising Channel": "Search", "Video played to 50%": 0.0, "Date": "2017-08-04", "End date": "", "CTR": 33.33, "Video played to 25%": 0.0, "Engagements": 0, "Invalid clicks": 0, "Clicks": 1, "Views": 0, "Unique cookies": ""}, {"Campaign state": "paused", "Interaction Types": ["Clicks"], "Campaign serving status": "eligible", "Cost": 0.02, "Interactions": 2, "Avg. CPM": 2.5, "Bid Strategy Type": "cpc", "Video played to 100%": 0.0, "Avg. CPE": 0.0, "Mapping": false, "Start date": "2017-07-24", "View rate": 0.0, "Account ID": "2789627019", "Avg. CPC": 0.01, "Conversions": 1.0, "Video played to 75%": 0.0, "Impressions": 8, "Avg. position": 1.5, "Advertising Sub Channel": "", "Campaign ID": 892452452, "Avg. Cost": 0.01, "Avg. CPV": 0.0, "Campaign": "Gen-term_BM_WG_HP", "Interaction Rate": 25.0, "Advertising Channel": "Search", "Video played to 50%": 0.0, "Date": "2017-08-04", "End date": "", "CTR": 25.0, "Video played to 25%": 0.0, "Engagements": 0, "Invalid clicks": 0, "Clicks": 2, "Views": 0, "Unique cookies": ""}, {"Campaign state": "paused", "Interaction Types": ["Clicks"], "Campaign serving status": "eligible", "Cost": 0.07, "Interactions": 1, "Avg. CPM": 23.333333, "Bid Strategy Type": "cpc", "Video played to 100%": 0.0, "Avg. CPE": 0.0, "Mapping": false, "Start date": "2017-07-24", "View rate": 0.0, "Account ID": "2789627019", "Avg. CPC": 0.07, "Conversions": 0.0, "Video played to 75%": 0.0, "Impressions": 3, "Avg. position": 1.3, "Advertising Sub Channel": "", "Campaign ID": 892452605, "Avg. Cost": 0.07, "Avg. CPV": 0.0, "Campaign": "Gen-term_EX_Game_HP", "Interaction Rate": 33.33, "Advertising Channel": "Search", "Video played to 50%": 0.0, "Date": "2017-08-04", "End date": "", "CTR": 33.33, "Video played to 25%": 0.0, "Engagements": 0, "Invalid clicks": 0, "Clicks": 1, "Views": 0, "Unique cookies": ""}, {"Campaign state": "paused", "Interaction Types": ["Clicks"], "Campaign serving status": "eligible", "Cost": 0.18, "Interactions": 1, "Avg. CPM": 45.0, "Bid Strategy Type": "cpc", "Video played to 100%": 0.0, "Avg. CPE": 0.0, "Mapping": false, "Start date": "2017-07-24", "View rate": 0.0, "Account ID": "2789627019", "Avg. CPC": 0.18, "Conversions": 0.0, "Video played to 75%": 0.0, "Impressions": 4, "Avg. position": 1.0, "Advertising Sub Channel": "", "Campaign ID": 892452680, "Avg. Cost": 0.18, "Avg. CPV": 0.0, "Campaign": "Gen-term_PM_Other_MP", "Interaction Rate": 25.0, "Advertising Channel": "Search", "Video played to 50%": 0.0, "Date": "2017-08-04", "End date": "", "CTR": 25.0, "Video played to 25%": 0.0, "Engagements": 0, "Invalid clicks": 0, "Clicks": 1, "Views": 0, "Unique cookies": ""}, {"Campaign state": "Total", "Interaction Types": "", "Campaign serving status": "", "Cost": 96.52, "Interactions": 2252, "Avg. CPM": 3.964349, "Bid Strategy Type": "", "Video played to 100%": 0.0, "Avg. CPE": 0.0, "Mapping": false, "Start date": "", "View rate": 0.0, "Account ID": "2789627019", "Avg. CPC": 0.04286, "Conversions": 254.0, "Video played to 75%": 0.0, "Impressions": 24347, "Avg. position": 3.0, "Advertising Sub Channel": "", "Campaign ID": "", "Avg. Cost": 0.04286, "Avg. CPV": 0.0, "Campaign": "", "Interaction Rate": 9.25, "Advertising Channel": "", "Video played to 50%": 0.0, "Date": "2017-08-04", "End date": "", "CTR": 9.25, "Video played to 25%": 0.0, "Engagements": 0, "Invalid clicks": 140, "Clicks": 2252, "Views": 0, "Unique cookies": ""}]