[{"View rate": 0.0, "Campaign": "Brand-term_TLBB-Web_MOR", "Unique cookies": "", "Dept": "WPL", "Bid Strategy Type": "cpc", "Views": 0, "Video played to 50%": 0.0, "CTR": 20.22, "Conversions": 4.0, "Account ID": "8640138177", "Clicks": 18, "Interaction Rate": 20.22, "Avg. position": 1.0, "Advertising Channel": "Search", "Advertising Sub Channel": "", "Campaign ID": 318859835, "Avg. CPV": 0.0, "Campaign serving status": "eligible", "Avg. CPM": 13.483146, "Invalid clicks": 0, "End date": "", "Avg. Cost": 0.066667, "Start date": "2015-10-12", "Mapping": false, "Engagements": 0, "Avg. CPC": 0.066667, "Interactions": 18, "Date": "2017-03-02", "Video played to 100%": 0.0, "Cost": 1.2, "Interaction Types": ["Clicks"], "Video played to 75%": 0.0, "Video played to 25%": 0.0, "Campaign state": "enabled", "Avg. CPE": 0.0, "Account Name": "[W] G1 - WPL - tlbb360", "Impressions": 89}, {"View rate": 0.0, "Campaign": "Brand-term_Thien Long Bat Bo_MOR", "Unique cookies": "", "Dept": "WPL", "Bid Strategy Type": "cpc", "Views": 0, "Video played to 50%": 0.0, "CTR": 21.59, "Conversions": 11.0, "Account ID": "8640138177", "Clicks": 87, "Interaction Rate": 21.59, "Avg. position": 1.0, "Advertising Channel": "Search", "Advertising Sub Channel": "", "Campaign ID": 318858755, "Avg. CPV": 0.0, "Campaign serving status": "eligible", "Avg. CPM": 15.930521, "Invalid clicks": 4, "End date": "", "Avg. Cost": 0.073793, "Start date": "2015-10-12", "Mapping": false, "Engagements": 0, "Avg. CPC": 0.073793, "Interactions": 87, "Date": "2017-03-02", "Video played to 100%": 0.0, "Cost": 6.42, "Interaction Types": ["Clicks"], "Video played to 75%": 0.0, "Video played to 25%": 0.0, "Campaign state": "enabled", "Avg. CPE": 0.0, "Account Name": "[W] G1 - WPL - tlbb360", "Impressions": 403}, {"View rate": 0.0, "Campaign": "Brand-term_Thien Long Bat Bo-Web_EVE", "Unique cookies": "", "Dept": "WPL", "Bid Strategy Type": "cpc", "Views": 0, "Video played to 50%": 0.0, "CTR": 32.35, "Conversions": 7.0, "Account ID": "8640138177", "Clicks": 33, "Interaction Rate": 32.35, "Avg. position": 1.0, "Advertising Channel": "Search", "Advertising Sub Channel": "", "Campaign ID": 318858995, "Avg. CPV": 0.0, "Campaign serving status": "eligible", "Avg. CPM": 15.0, "Invalid clicks": 6, "End date": "", "Avg. Cost": 0.046364, "Start date": "2015-10-12", "Mapping": false, "Engagements": 0, "Avg. CPC": 0.046364, "Interactions": 33, "Date": "2017-03-02", "Video played to 100%": 0.0, "Cost": 1.53, "Interaction Types": ["Clicks"], "Video played to 75%": 0.0, "Video played to 25%": 0.0, "Campaign state": "enabled", "Avg. CPE": 0.0, "Account Name": "[W] G1 - WPL - tlbb360", "Impressions": 102}, {"View rate": 0.0, "Campaign": "Brand-term_TLBB-Web_AFT", "Unique cookies": "", "Dept": "WPL", "Bid Strategy Type": "cpc", "Views": 0, "Video played to 50%": 0.0, "CTR": 18.06, "Conversions": 3.0, "Account ID": "8640138177", "Clicks": 26, "Interaction Rate": 18.06, "Avg. position": 1.0, "Advertising Channel": "Search", "Advertising Sub Channel": "", "Campaign ID": 318859595, "Avg. CPV": 0.0, "Campaign serving status": "eligible", "Avg. CPM": 14.444444, "Invalid clicks": 2, "End date": "", "Avg. Cost": 0.08, "Start date": "2015-10-12", "Mapping": false, "Engagements": 0, "Avg. CPC": 0.08, "Interactions": 26, "Date": "2017-03-02", "Video played to 100%": 0.0, "Cost": 2.08, "Interaction Types": ["Clicks"], "Video played to 75%": 0.0, "Video played to 25%": 0.0, "Campaign state": "enabled", "Avg. CPE": 0.0, "Account Name": "[W] G1 - WPL - tlbb360", "Impressions": 144}, {"View rate": 0.0, "Campaign": "Brand-term_TLBB-Web_EVE", "Unique cookies": "", "Dept": "WPL", "Bid Strategy Type": "cpc", "Views": 0, "Video played to 50%": 0.0, "CTR": 29.59, "Conversions": 5.0, "Account ID": "8640138177", "Clicks": 29, "Interaction Rate": 29.59, "Avg. position": 1.0, "Advertising Channel": "Search", "Advertising Sub Channel": "", "Campaign ID": 318859715, "Avg. CPV": 0.0, "Campaign serving status": "eligible", "Avg. CPM": 24.387755, "Invalid clicks": 3, "End date": "", "Avg. Cost": 0.082414, "Start date": "2015-10-12", "Mapping": false, "Engagements": 0, "Avg. CPC": 0.082414, "Interactions": 29, "Date": "2017-03-02", "Video played to 100%": 0.0, "Cost": 2.39, "Interaction Types": ["Clicks"], "Video played to 75%": 0.0, "Video played to 25%": 0.0, "Campaign state": "enabled", "Avg. CPE": 0.0, "Account Name": "[W] G1 - WPL - tlbb360", "Impressions": 98}, {"View rate": 0.0, "Campaign": "Brand-term_Thien Long Bat Bo-Web_MOR", "Unique cookies": "", "Dept": "WPL", "Bid Strategy Type": "cpc", "Views": 0, "Video played to 50%": 0.0, "CTR": 29.82, "Conversions": 5.0, "Account ID": "8640138177", "Clicks": 34, "Interaction Rate": 29.82, "Avg. position": 1.0, "Advertising Channel": "Search", "Advertising Sub Channel": "", "Campaign ID": 318859115, "Avg. CPV": 0.0, "Campaign serving status": "eligible", "Avg. CPM": 11.842105, "Invalid clicks": 1, "End date": "", "Avg. Cost": 0.039706, "Start date": "2015-10-12", "Mapping": false, "Engagements": 0, "Avg. CPC": 0.039706, "Interactions": 34, "Date": "2017-03-02", "Video played to 100%": 0.0, "Cost": 1.35, "Interaction Types": ["Clicks"], "Video played to 75%": 0.0, "Video played to 25%": 0.0, "Campaign state": "enabled", "Avg. CPE": 0.0, "Account Name": "[W] G1 - WPL - tlbb360", "Impressions": 114}, {"View rate": 0.0, "Campaign": "Brand-term_Thien Long Bat Bo_AFT", "Unique cookies": "", "Dept": "WPL", "Bid Strategy Type": "cpc", "Views": 0, "Video played to 50%": 0.0, "CTR": 22.56, "Conversions": 23.0, "Account ID": "8640138177", "Clicks": 143, "Interaction Rate": 22.56, "Avg. position": 1.0, "Advertising Channel": "Search", "Advertising Sub Channel": "", "Campaign ID": 318858515, "Avg. CPV": 0.0, "Campaign serving status": "eligible", "Avg. CPM": 13.485804, "Invalid clicks": 7, "End date": "", "Avg. Cost": 0.05979, "Start date": "2015-10-12", "Mapping": false, "Engagements": 0, "Avg. CPC": 0.05979, "Interactions": 143, "Date": "2017-03-02", "Video played to 100%": 0.0, "Cost": 8.55, "Interaction Types": ["Clicks"], "Video played to 75%": 0.0, "Video played to 25%": 0.0, "Campaign state": "enabled", "Avg. CPE": 0.0, "Account Name": "[W] G1 - WPL - tlbb360", "Impressions": 634}, {"View rate": 0.0, "Campaign": "Brand-term_Thien Long Bat Bo_EVE", "Unique cookies": "", "Dept": "WPL", "Bid Strategy Type": "cpc", "Views": 0, "Video played to 50%": 0.0, "CTR": 18.97, "Conversions": 15.0, "Account ID": "8640138177", "Clicks": 85, "Interaction Rate": 18.97, "Avg. position": 1.0, "Advertising Channel": "Search", "Advertising Sub Channel": "", "Campaign ID": 318858635, "Avg. CPV": 0.0, "Campaign serving status": "eligible", "Avg. CPM": 11.272321, "Invalid clicks": 6, "End date": "", "Avg. Cost": 0.059412, "Start date": "2015-10-12", "Mapping": false, "Engagements": 0, "Avg. CPC": 0.059412, "Interactions": 85, "Date": "2017-03-02", "Video played to 100%": 0.0, "Cost": 5.05, "Interaction Types": ["Clicks"], "Video played to 75%": 0.0, "Video played to 25%": 0.0, "Campaign state": "enabled", "Avg. CPE": 0.0, "Account Name": "[W] G1 - WPL - tlbb360", "Impressions": 448}, {"View rate": 0.0, "Campaign": "Brand-term_Thien Long Bat Bo-Web_AFT", "Unique cookies": "", "Dept": "WPL", "Bid Strategy Type": "cpc", "Views": 0, "Video played to 50%": 0.0, "CTR": 31.67, "Conversions": 9.0, "Account ID": "8640138177", "Clicks": 38, "Interaction Rate": 31.67, "Avg. position": 1.0, "Advertising Channel": "Search", "Advertising Sub Channel": "", "Campaign ID": 318858875, "Avg. CPV": 0.0, "Campaign serving status": "eligible", "Avg. CPM": 10.666667, "Invalid clicks": 2, "End date": "", "Avg. Cost": 0.033684, "Start date": "2015-10-12", "Mapping": false, "Engagements": 0, "Avg. CPC": 0.033684, "Interactions": 38, "Date": "2017-03-02", "Video played to 100%": 0.0, "Cost": 1.28, "Interaction Types": ["Clicks"], "Video played to 75%": 0.0, "Video played to 25%": 0.0, "Campaign state": "enabled", "Avg. CPE": 0.0, "Account Name": "[W] G1 - WPL - tlbb360", "Impressions": 120}, {"View rate": 0.0, "Campaign": "", "Unique cookies": "", "Dept": "WPL", "Bid Strategy Type": "", "Views": 0, "Video played to 50%": 0.0, "CTR": 22.91, "Conversions": 82.0, "Account ID": "8640138177", "Clicks": 493, "Interaction Rate": 22.91, "Avg. position": 1.0, "Advertising Channel": "", "Advertising Sub Channel": "", "Campaign ID": "", "Avg. CPV": 0.0, "Campaign serving status": "", "Avg. CPM": 13.870818, "Invalid clicks": 31, "End date": "", "Avg. Cost": 0.060548, "Start date": "", "Mapping": false, "Engagements": 0, "Avg. CPC": 0.060548, "Interactions": 493, "Date": "2017-03-02", "Video played to 100%": 0.0, "Cost": 29.85, "Interaction Types": "", "Video played to 75%": 0.0, "Video played to 25%": 0.0, "Campaign state": "Total", "Avg. CPE": 0.0, "Account Name": "[W] G1 - WPL - tlbb360", "Impressions": 2152}]