[{"Campaign serving status": "eligible", "Advertising Channel": "Search", "Views": 0, "Avg. CPC": 0.066667, "Video played to 75%": 0.0, "Campaign state": "enabled", "Video played to 50%": 0.0, "Interaction Rate": 20.22, "Mapping": false, "Account ID": "8640138177", "Start date": "2015-10-12", "Avg. CPE": 0.0, "Account Name": "[W] G1 - WPL - tlbb360", "Impressions": 89, "Video played to 25%": 0.0, "Engagements": 0, "Conversions": 4.0, "Video played to 100%": 0.0, "Avg. Cost": 0.066667, "Interactions": 18, "Clicks": 18, "Avg. CPV": 0.0, "Unique cookies": "", "Invalid clicks": 0, "Advertising Sub Channel": "", "Interaction Types": ["Clicks"], "Avg. position": 1.0, "Date": "2017-03-02", "CTR": 20.22, "Dept": "WPL", "View rate": 0.0, "Bid Strategy Type": "cpc", "Cost": 1.2, "Campaign ID": "318859835", "Avg. CPM": 13.483146, "Campaign": "Brand-term_TLBB-Web_MOR", "End date": ""}, {"Campaign serving status": "eligible", "Advertising Channel": "Search", "Views": 0, "Avg. CPC": 0.073793, "Video played to 75%": 0.0, "Campaign state": "enabled", "Video played to 50%": 0.0, "Interaction Rate": 21.59, "Mapping": false, "Account ID": "8640138177", "Start date": "2015-10-12", "Avg. CPE": 0.0, "Account Name": "[W] G1 - WPL - tlbb360", "Impressions": 403, "Video played to 25%": 0.0, "Engagements": 0, "Conversions": 11.0, "Video played to 100%": 0.0, "Avg. Cost": 0.073793, "Interactions": 87, "Clicks": 87, "Avg. CPV": 0.0, "Unique cookies": "", "Invalid clicks": 4, "Advertising Sub Channel": "", "Interaction Types": ["Clicks"], "Avg. position": 1.0, "Date": "2017-03-02", "CTR": 21.59, "Dept": "WPL", "View rate": 0.0, "Bid Strategy Type": "cpc", "Cost": 6.42, "Campaign ID": "318858755", "Avg. CPM": 15.930521, "Campaign": "Brand-term_Thien Long Bat Bo_MOR", "End date": ""}, {"Campaign serving status": "eligible", "Advertising Channel": "Search", "Views": 0, "Avg. CPC": 0.046364, "Video played to 75%": 0.0, "Campaign state": "enabled", "Video played to 50%": 0.0, "Interaction Rate": 32.35, "Mapping": false, "Account ID": "8640138177", "Start date": "2015-10-12", "Avg. CPE": 0.0, "Account Name": "[W] G1 - WPL - tlbb360", "Impressions": 102, "Video played to 25%": 0.0, "Engagements": 0, "Conversions": 7.0, "Video played to 100%": 0.0, "Avg. Cost": 0.046364, "Interactions": 33, "Clicks": 33, "Avg. CPV": 0.0, "Unique cookies": "", "Invalid clicks": 6, "Advertising Sub Channel": "", "Interaction Types": ["Clicks"], "Avg. position": 1.0, "Date": "2017-03-02", "CTR": 32.35, "Dept": "WPL", "View rate": 0.0, "Bid Strategy Type": "cpc", "Cost": 1.53, "Campaign ID": "318858995", "Avg. CPM": 15.0, "Campaign": "Brand-term_Thien Long Bat Bo-Web_EVE", "End date": ""}, {"Campaign serving status": "eligible", "Advertising Channel": "Search", "Views": 0, "Avg. CPC": 0.08, "Video played to 75%": 0.0, "Campaign state": "enabled", "Video played to 50%": 0.0, "Interaction Rate": 18.06, "Mapping": false, "Account ID": "8640138177", "Start date": "2015-10-12", "Avg. CPE": 0.0, "Account Name": "[W] G1 - WPL - tlbb360", "Impressions": 144, "Video played to 25%": 0.0, "Engagements": 0, "Conversions": 3.0, "Video played to 100%": 0.0, "Avg. Cost": 0.08, "Interactions": 26, "Clicks": 26, "Avg. CPV": 0.0, "Unique cookies": "", "Invalid clicks": 2, "Advertising Sub Channel": "", "Interaction Types": ["Clicks"], "Avg. position": 1.0, "Date": "2017-03-02", "CTR": 18.06, "Dept": "WPL", "View rate": 0.0, "Bid Strategy Type": "cpc", "Cost": 2.08, "Campaign ID": "318859595", "Avg. CPM": 14.444444, "Campaign": "Brand-term_TLBB-Web_AFT", "End date": ""}, {"Campaign serving status": "eligible", "Advertising Channel": "Search", "Views": 0, "Avg. CPC": 0.082414, "Video played to 75%": 0.0, "Campaign state": "enabled", "Video played to 50%": 0.0, "Interaction Rate": 29.59, "Mapping": false, "Account ID": "8640138177", "Start date": "2015-10-12", "Avg. CPE": 0.0, "Account Name": "[W] G1 - WPL - tlbb360", "Impressions": 98, "Video played to 25%": 0.0, "Engagements": 0, "Conversions": 5.0, "Video played to 100%": 0.0, "Avg. Cost": 0.082414, "Interactions": 29, "Clicks": 29, "Avg. CPV": 0.0, "Unique cookies": "", "Invalid clicks": 3, "Advertising Sub Channel": "", "Interaction Types": ["Clicks"], "Avg. position": 1.0, "Date": "2017-03-02", "CTR": 29.59, "Dept": "WPL", "View rate": 0.0, "Bid Strategy Type": "cpc", "Cost": 2.39, "Campaign ID": "318859715", "Avg. CPM": 24.387755, "Campaign": "Brand-term_TLBB-Web_EVE", "End date": ""}, {"Campaign serving status": "eligible", "Advertising Channel": "Search", "Views": 0, "Avg. CPC": 0.039706, "Video played to 75%": 0.0, "Campaign state": "enabled", "Video played to 50%": 0.0, "Interaction Rate": 29.82, "Mapping": false, "Account ID": "8640138177", "Start date": "2015-10-12", "Avg. CPE": 0.0, "Account Name": "[W] G1 - WPL - tlbb360", "Impressions": 114, "Video played to 25%": 0.0, "Engagements": 0, "Conversions": 5.0, "Video played to 100%": 0.0, "Avg. Cost": 0.039706, "Interactions": 34, "Clicks": 34, "Avg. CPV": 0.0, "Unique cookies": "", "Invalid clicks": 1, "Advertising Sub Channel": "", "Interaction Types": ["Clicks"], "Avg. position": 1.0, "Date": "2017-03-02", "CTR": 29.82, "Dept": "WPL", "View rate": 0.0, "Bid Strategy Type": "cpc", "Cost": 1.35, "Campaign ID": "318859115", "Avg. CPM": 11.842105, "Campaign": "Brand-term_Thien Long Bat Bo-Web_MOR", "End date": ""}, {"Campaign serving status": "eligible", "Advertising Channel": "Search", "Views": 0, "Avg. CPC": 0.05979, "Video played to 75%": 0.0, "Campaign state": "enabled", "Video played to 50%": 0.0, "Interaction Rate": 22.56, "Mapping": false, "Account ID": "8640138177", "Start date": "2015-10-12", "Avg. CPE": 0.0, "Account Name": "[W] G1 - WPL - tlbb360", "Impressions": 634, "Video played to 25%": 0.0, "Engagements": 0, "Conversions": 23.0, "Video played to 100%": 0.0, "Avg. Cost": 0.05979, "Interactions": 143, "Clicks": 143, "Avg. CPV": 0.0, "Unique cookies": "", "Invalid clicks": 7, "Advertising Sub Channel": "", "Interaction Types": ["Clicks"], "Avg. position": 1.0, "Date": "2017-03-02", "CTR": 22.56, "Dept": "WPL", "View rate": 0.0, "Bid Strategy Type": "cpc", "Cost": 8.55, "Campaign ID": "318858515", "Avg. CPM": 13.485804, "Campaign": "Brand-term_Thien Long Bat Bo_AFT", "End date": ""}, {"Campaign serving status": "eligible", "Advertising Channel": "Search", "Views": 0, "Avg. CPC": 0.059412, "Video played to 75%": 0.0, "Campaign state": "enabled", "Video played to 50%": 0.0, "Interaction Rate": 18.97, "Mapping": false, "Account ID": "8640138177", "Start date": "2015-10-12", "Avg. CPE": 0.0, "Account Name": "[W] G1 - WPL - tlbb360", "Impressions": 448, "Video played to 25%": 0.0, "Engagements": 0, "Conversions": 15.0, "Video played to 100%": 0.0, "Avg. Cost": 0.059412, "Interactions": 85, "Clicks": 85, "Avg. CPV": 0.0, "Unique cookies": "", "Invalid clicks": 6, "Advertising Sub Channel": "", "Interaction Types": ["Clicks"], "Avg. position": 1.0, "Date": "2017-03-02", "CTR": 18.97, "Dept": "WPL", "View rate": 0.0, "Bid Strategy Type": "cpc", "Cost": 5.05, "Campaign ID": "318858635", "Avg. CPM": 11.272321, "Campaign": "Brand-term_Thien Long Bat Bo_EVE", "End date": ""}, {"Campaign serving status": "eligible", "Advertising Channel": "Search", "Views": 0, "Avg. CPC": 0.033684, "Video played to 75%": 0.0, "Campaign state": "enabled", "Video played to 50%": 0.0, "Interaction Rate": 31.67, "Mapping": false, "Account ID": "8640138177", "Start date": "2015-10-12", "Avg. CPE": 0.0, "Account Name": "[W] G1 - WPL - tlbb360", "Impressions": 120, "Video played to 25%": 0.0, "Engagements": 0, "Conversions": 9.0, "Video played to 100%": 0.0, "Avg. Cost": 0.033684, "Interactions": 38, "Clicks": 38, "Avg. CPV": 0.0, "Unique cookies": "", "Invalid clicks": 2, "Advertising Sub Channel": "", "Interaction Types": ["Clicks"], "Avg. position": 1.0, "Date": "2017-03-02", "CTR": 31.67, "Dept": "WPL", "View rate": 0.0, "Bid Strategy Type": "cpc", "Cost": 1.28, "Campaign ID": "318858875", "Avg. CPM": 10.666667, "Campaign": "Brand-term_Thien Long Bat Bo-Web_AFT", "End date": ""}, {"Campaign serving status": "", "Advertising Channel": "", "Views": 0, "Avg. CPC": 0.060548, "Video played to 75%": 0.0, "Campaign state": "Total", "Video played to 50%": 0.0, "Interaction Rate": 22.91, "Mapping": false, "Account ID": "8640138177", "Start date": "", "Avg. CPE": 0.0, "Account Name": "[W] G1 - WPL - tlbb360", "Impressions": 2152, "Video played to 25%": 0.0, "Engagements": 0, "Conversions": 82.0, "Video played to 100%": 0.0, "Avg. Cost": 0.060548, "Interactions": 493, "Clicks": 493, "Avg. CPV": 0.0, "Unique cookies": "", "Invalid clicks": 31, "Advertising Sub Channel": "", "Interaction Types": "", "Avg. position": 1.0, "Date": "2017-03-02", "CTR": 22.91, "Dept": "WPL", "View rate": 0.0, "Bid Strategy Type": "", "Cost": 29.85, "Campaign ID": "", "Avg. CPM": 13.870818, "Campaign": "", "End date": ""}]