[{"Bid Strategy Type": "cpc", "Account Name": "[W] G1 - WPL - hkh360", "End date": "", "Advertising Channel": "Search", "Mapping": false, "Campaign": "Brand-term_Hi\u1ec7p Kh\u00e1ch H\u00e0nh-ip", "Date": "2017-05-04", "Avg. CPE": 0.0, "Video played to 50%": 0.0, "Clicks": 47, "Cost": 1.96, "Video played to 25%": 0.0, "Interaction Types": ["Clicks"], "Campaign state": "paused", "Avg. position": 1.2, "Interactions": 47, "View rate": 0.0, "Campaign serving status": "eligible", "Engagements": 0, "Avg. Cost": 0.041702, "Conversions": 7.0, "Avg. CPV": 0.0, "Invalid clicks": 10, "Unique cookies": "", "Campaign ID": 690772052, "Views": 0, "Interaction Rate": 19.83, "Advertising Sub Channel": "", "Account ID": "7539462658", "Video played to 100%": 0.0, "CTR": 19.83, "Start date": "2016-11-01", "Avg. CPC": 0.041702, "Video played to 75%": 0.0, "Impressions": 237, "Avg. CPM": 8.270042}, {"Bid Strategy Type": "cpc", "Account Name": "[W] G1 - WPL - hkh360", "End date": "", "Advertising Channel": "Search", "Mapping": false, "Campaign": "Brand-term_Hi\u1ec7p Kh\u00e1ch H\u00e0nh-MOR", "Date": "2017-05-04", "Avg. CPE": 0.0, "Video played to 50%": 0.0, "Clicks": 574, "Cost": 32.65, "Video played to 25%": 0.0, "Interaction Types": ["Clicks"], "Campaign state": "enabled", "Avg. position": 1.0, "Interactions": 574, "View rate": 0.0, "Campaign serving status": "eligible", "Engagements": 0, "Avg. Cost": 0.056882, "Conversions": 29.0, "Avg. CPV": 0.0, "Invalid clicks": 29, "Unique cookies": "", "Campaign ID": 690772046, "Views": 0, "Interaction Rate": 40.0, "Advertising Sub Channel": "", "Account ID": "7539462658", "Video played to 100%": 0.0, "CTR": 40.0, "Start date": "2016-11-01", "Avg. CPC": 0.056882, "Video played to 75%": 0.0, "Impressions": 1435, "Avg. CPM": 22.752613}, {"Bid Strategy Type": "cpc", "Account Name": "[W] G1 - WPL - hkh360", "End date": "", "Advertising Channel": "Search", "Mapping": false, "Campaign": "Brand-term_hkh-MOR", "Date": "2017-05-04", "Avg. CPE": 0.0, "Video played to 50%": 0.0, "Clicks": 153, "Cost": 2.14, "Video played to 25%": 0.0, "Interaction Types": ["Clicks"], "Campaign state": "enabled", "Avg. position": 1.0, "Interactions": 153, "View rate": 0.0, "Campaign serving status": "eligible", "Engagements": 0, "Avg. Cost": 0.013987, "Conversions": 1.0, "Avg. CPV": 0.0, "Invalid clicks": 14, "Unique cookies": "", "Campaign ID": 690772049, "Views": 0, "Interaction Rate": 60.96, "Advertising Sub Channel": "", "Account ID": "7539462658", "Video played to 100%": 0.0, "CTR": 60.96, "Start date": "2016-11-01", "Avg. CPC": 0.013987, "Video played to 75%": 0.0, "Impressions": 251, "Avg. CPM": 8.525896}, {"Bid Strategy Type": "", "Account Name": "[W] G1 - WPL - hkh360", "End date": "", "Advertising Channel": "", "Mapping": false, "Campaign": "", "Date": "2017-05-04", "Avg. CPE": 0.0, "Video played to 50%": 0.0, "Clicks": 774, "Cost": 36.75, "Video played to 25%": 0.0, "Interaction Types": "", "Campaign state": "Total", "Avg. position": 1.0, "Interactions": 774, "View rate": 0.0, "Campaign serving status": "", "Engagements": 0, "Avg. Cost": 0.047481, "Conversions": 37.0, "Avg. CPV": 0.0, "Invalid clicks": 53, "Unique cookies": "", "Campaign ID": "", "Views": 0, "Interaction Rate": 40.25, "Advertising Sub Channel": "", "Account ID": "7539462658", "Video played to 100%": 0.0, "CTR": 40.25, "Start date": "", "Avg. CPC": 0.047481, "Video played to 75%": 0.0, "Impressions": 1923, "Avg. CPM": 19.110764}]