[{"Account ID": "9963010276", "Avg. CPM": 8.0, "Advertising Channel": "Search", "Avg. CPV": 0.0, "Avg. Cost": 0.025, "Cost": 0.2, "Campaign state": "enabled", "Video played to 50%": 0.0, "Start date": "2017-07-20", "Video played to 100%": 0.0, "Interaction Rate": 32.0, "View rate": 0.0, "Advertising Sub Channel": "Search Mobile App", "Unique cookies": "", "Interaction Types": ["Clicks"], "Campaign serving status": "eligible", "Mapping": false, "Video played to 75%": 0.0, "Conversions": 5.0, "Impressions": 25, "Interactions": 8, "Date": "2017-08-03", "Avg. CPE": 0.0, "Invalid clicks": 1, "Avg. position": 1.0, "End date": "", "Engagements": 0, "Views": 0, "Campaign": "TNUH|261|1707096|AND|SEM| Brand Keywords - Exact | 18h - 0h", "Clicks": 8, "CTR": 32.0, "Video played to 25%": 0.0, "Campaign ID": 887230681, "Bid Strategy Type": "cpc", "Avg. CPC": 0.025}, {"Account ID": "9963010276", "Avg. CPM": 8.409091, "Advertising Channel": "Search", "Avg. CPV": 0.0, "Avg. Cost": 0.0925, "Cost": 0.74, "Campaign state": "enabled", "Video played to 50%": 0.0, "Start date": "2017-07-20", "Video played to 100%": 0.0, "Interaction Rate": 9.09, "View rate": 0.0, "Advertising Sub Channel": "Search Mobile App", "Unique cookies": "", "Interaction Types": ["Clicks"], "Campaign serving status": "eligible", "Mapping": false, "Video played to 75%": 0.0, "Conversions": 0.0, "Impressions": 88, "Interactions": 8, "Date": "2017-08-03", "Avg. CPE": 0.0, "Invalid clicks": 0, "Avg. position": 1.0, "End date": "", "Engagements": 0, "Views": 0, "Campaign": "TNUH|261|1707096|IOS|SEM| Brand Keywords - broad | 12h - 18h", "Clicks": 8, "CTR": 9.09, "Video played to 25%": 0.0, "Campaign ID": 888832791, "Bid Strategy Type": "cpc", "Avg. CPC": 0.0925}, {"Account ID": "9963010276", "Avg. CPM": 3.962264, "Advertising Channel": "Search", "Avg. CPV": 0.0, "Avg. Cost": 0.019091, "Cost": 0.21, "Campaign state": "enabled", "Video played to 50%": 0.0, "Start date": "2017-07-20", "Video played to 100%": 0.0, "Interaction Rate": 20.75, "View rate": 0.0, "Advertising Sub Channel": "Search Mobile App", "Unique cookies": "", "Interaction Types": ["Clicks"], "Campaign serving status": "eligible", "Mapping": false, "Video played to 75%": 0.0, "Conversions": 4.0, "Impressions": 53, "Interactions": 11, "Date": "2017-08-03", "Avg. CPE": 0.0, "Invalid clicks": 4, "Avg. position": 1.0, "End date": "", "Engagements": 0, "Views": 0, "Campaign": "TNUH|261|1707096|AND|SEM|Brand Keywords - Exact | 12h - 18h", "Clicks": 11, "CTR": 20.75, "Video played to 25%": 0.0, "Campaign ID": 887893433, "Bid Strategy Type": "cpc", "Avg. CPC": 0.019091}, {"Account ID": "9963010276", "Avg. CPM": 15.868545, "Advertising Channel": "Search", "Avg. CPV": 0.0, "Avg. Cost": 0.112667, "Cost": 3.38, "Campaign state": "enabled", "Video played to 50%": 0.0, "Start date": "2017-07-22", "Video played to 100%": 0.0, "Interaction Rate": 14.08, "View rate": 0.0, "Advertising Sub Channel": "Search Mobile App", "Unique cookies": "", "Interaction Types": ["Clicks"], "Campaign serving status": "eligible", "Mapping": false, "Video played to 75%": 0.0, "Conversions": 10.0, "Impressions": 213, "Interactions": 30, "Date": "2017-08-03", "Avg. CPE": 0.0, "Invalid clicks": 0, "Avg. position": 1.0, "End date": "", "Engagements": 0, "Views": 0, "Campaign": "\"TNUH|261|1707096|AND|SEM|Brand Keywords - broad | 18h - 0h \"\"\u0110\u1ed5i ads\"\"\"", "Clicks": 30, "CTR": 14.08, "Video played to 25%": 0.0, "Campaign ID": 892135187, "Bid Strategy Type": "cpc", "Avg. CPC": 0.112667}, {"Account ID": "9963010276", "Avg. CPM": 10.0, "Advertising Channel": "Search", "Avg. CPV": 0.0, "Avg. Cost": 0.02, "Cost": 0.06, "Campaign state": "enabled", "Video played to 50%": 0.0, "Start date": "2017-07-26", "Video played to 100%": 0.0, "Interaction Rate": 50.0, "View rate": 0.0, "Advertising Sub Channel": "Search Mobile App", "Unique cookies": "", "Interaction Types": ["Clicks"], "Campaign serving status": "eligible", "Mapping": false, "Video played to 75%": 0.0, "Conversions": 1.0, "Impressions": 6, "Interactions": 3, "Date": "2017-08-03", "Avg. CPE": 0.0, "Invalid clicks": 0, "Avg. position": 1.0, "End date": "", "Engagements": 0, "Views": 0, "Campaign": "\"TNUH|261|1707096|AND|SEM|Brand Keywords - Exact | 12h - 18h \"\"\u0110\u1ed5i Ads\"\" \"\"\u0110\u1ed5i c\u00e1ch set ads\"\"\"", "Clicks": 3, "CTR": 50.0, "Video played to 25%": 0.0, "Campaign ID": 894912879, "Bid Strategy Type": "Target search page location", "Avg. CPC": 0.02}, {"Account ID": "9963010276", "Avg. CPM": 20.330579, "Advertising Channel": "Search", "Avg. CPV": 0.0, "Avg. Cost": 0.175714, "Cost": 4.92, "Campaign state": "enabled", "Video played to 50%": 0.0, "Start date": "2017-07-20", "Video played to 100%": 0.0, "Interaction Rate": 11.57, "View rate": 0.0, "Advertising Sub Channel": "Search Mobile App", "Unique cookies": "", "Interaction Types": ["Clicks"], "Campaign serving status": "eligible", "Mapping": false, "Video played to 75%": 0.0, "Conversions": 9.0, "Impressions": 242, "Interactions": 28, "Date": "2017-08-03", "Avg. CPE": 0.0, "Invalid clicks": 3, "Avg. position": 1.0, "End date": "", "Engagements": 0, "Views": 0, "Campaign": "TNUH|261|1707096|AND|SEM| Brand Keywords - broad | 18h - 0h", "Clicks": 28, "CTR": 11.57, "Video played to 25%": 0.0, "Campaign ID": 888228471, "Bid Strategy Type": "cpc", "Avg. CPC": 0.175714}, {"Account ID": "9963010276", "Avg. CPM": 19.351852, "Advertising Channel": "Search", "Avg. CPV": 0.0, "Avg. Cost": 0.418, "Cost": 2.09, "Campaign state": "enabled", "Video played to 50%": 0.0, "Start date": "2017-07-20", "Video played to 100%": 0.0, "Interaction Rate": 4.63, "View rate": 0.0, "Advertising Sub Channel": "Search Mobile App", "Unique cookies": "", "Interaction Types": ["Clicks"], "Campaign serving status": "eligible", "Mapping": false, "Video played to 75%": 0.0, "Conversions": 0.0, "Impressions": 108, "Interactions": 5, "Date": "2017-08-03", "Avg. CPE": 0.0, "Invalid clicks": 0, "Avg. position": 1.0, "End date": "", "Engagements": 0, "Views": 0, "Campaign": "TNUH|261|1707096|IOS|SEM| Brand Keywords - broad | 18h - 0h", "Clicks": 5, "CTR": 4.63, "Video played to 25%": 0.0, "Campaign ID": 888508463, "Bid Strategy Type": "cpc", "Avg. CPC": 0.418}, {"Account ID": "9963010276", "Avg. CPM": 0.454545, "Advertising Channel": "Search", "Avg. CPV": 0.0, "Avg. Cost": 0.01, "Cost": 0.01, "Campaign state": "enabled", "Video played to 50%": 0.0, "Start date": "2017-07-20", "Video played to 100%": 0.0, "Interaction Rate": 4.55, "View rate": 0.0, "Advertising Sub Channel": "Search Mobile App", "Unique cookies": "", "Interaction Types": ["Clicks"], "Campaign serving status": "eligible", "Mapping": false, "Video played to 75%": 0.0, "Conversions": 0.0, "Impressions": 22, "Interactions": 1, "Date": "2017-08-03", "Avg. CPE": 0.0, "Invalid clicks": 1, "Avg. position": 1.0, "End date": "", "Engagements": 0, "Views": 0, "Campaign": "TNUH|261|1707096|IOS|IN|SEM - Brand Keywords - Exact | 18h - 0h", "Clicks": 1, "CTR": 4.55, "Video played to 25%": 0.0, "Campaign ID": 888832512, "Bid Strategy Type": "cpc", "Avg. CPC": 0.01}, {"Account ID": "9963010276", "Avg. CPM": 7.906977, "Advertising Channel": "Search", "Avg. CPV": 0.0, "Avg. Cost": 0.085, "Cost": 0.34, "Campaign state": "enabled", "Video played to 50%": 0.0, "Start date": "2017-07-22", "Video played to 100%": 0.0, "Interaction Rate": 9.3, "View rate": 0.0, "Advertising Sub Channel": "Search Mobile App", "Unique cookies": "", "Interaction Types": ["Clicks"], "Campaign serving status": "eligible", "Mapping": false, "Video played to 75%": 0.0, "Conversions": 1.0, "Impressions": 43, "Interactions": 4, "Date": "2017-08-03", "Avg. CPE": 0.0, "Invalid clicks": 0, "Avg. position": 1.0, "End date": "", "Engagements": 0, "Views": 0, "Campaign": "\"TNUH|261|1707096|AND|SEM| Brand Keywords - broad | 0h - 6h \"\"\u0110\u1ed5i ads\"\"\"", "Clicks": 4, "CTR": 9.3, "Video played to 25%": 0.0, "Campaign ID": 891464140, "Bid Strategy Type": "cpc", "Avg. CPC": 0.085}, {"Account ID": "9963010276", "Avg. CPM": 13.333333, "Advertising Channel": "Search", "Avg. CPV": 0.0, "Avg. Cost": 0.116, "Cost": 1.16, "Campaign state": "enabled", "Video played to 50%": 0.0, "Start date": "2017-07-22", "Video played to 100%": 0.0, "Interaction Rate": 11.49, "View rate": 0.0, "Advertising Sub Channel": "Search Mobile App", "Unique cookies": "", "Interaction Types": ["Clicks"], "Campaign serving status": "eligible", "Mapping": false, "Video played to 75%": 0.0, "Conversions": 0.0, "Impressions": 87, "Interactions": 10, "Date": "2017-08-03", "Avg. CPE": 0.0, "Invalid clicks": 1, "Avg. position": 1.0, "End date": "", "Engagements": 0, "Views": 0, "Campaign": "\"TNUH|261|1707096|IOS|SEM| Brand Keywords - broad | 18h - 0h \"\"\u0110\u1ed5i ads\"\"\"", "Clicks": 10, "CTR": 11.49, "Video played to 25%": 0.0, "Campaign ID": 891527716, "Bid Strategy Type": "cpc", "Avg. CPC": 0.116}, {"Account ID": "9963010276", "Avg. CPM": 0.769231, "Advertising Channel": "Search", "Avg. CPV": 0.0, "Avg. Cost": 0.01, "Cost": 0.01, "Campaign state": "enabled", "Video played to 50%": 0.0, "Start date": "2017-07-22", "Video played to 100%": 0.0, "Interaction Rate": 7.69, "View rate": 0.0, "Advertising Sub Channel": "Search Mobile App", "Unique cookies": "", "Interaction Types": ["Clicks"], "Campaign serving status": "eligible", "Mapping": false, "Video played to 75%": 0.0, "Conversions": 0.0, "Impressions": 13, "Interactions": 1, "Date": "2017-08-03", "Avg. CPE": 0.0, "Invalid clicks": 0, "Avg. position": 1.0, "End date": "", "Engagements": 0, "Views": 0, "Campaign": "\"TNUH|261|1707096|IOS|IN|SEM - Brand Keywords - Exact | 18h - 0h \"\"\u0110\u1ed5i ads\"\"\"", "Clicks": 1, "CTR": 7.69, "Video played to 25%": 0.0, "Campaign ID": 891528874, "Bid Strategy Type": "cpc", "Avg. CPC": 0.01}, {"Account ID": "9963010276", "Avg. CPM": 11.176471, "Advertising Channel": "Search", "Avg. CPV": 0.0, "Avg. Cost": 0.095, "Cost": 0.19, "Campaign state": "enabled", "Video played to 50%": 0.0, "Start date": "2017-07-20", "Video played to 100%": 0.0, "Interaction Rate": 11.76, "View rate": 0.0, "Advertising Sub Channel": "Search Mobile App", "Unique cookies": "", "Interaction Types": ["Clicks"], "Campaign serving status": "eligible", "Mapping": false, "Video played to 75%": 0.0, "Conversions": 0.0, "Impressions": 17, "Interactions": 2, "Date": "2017-08-03", "Avg. CPE": 0.0, "Invalid clicks": 0, "Avg. position": 1.0, "End date": "", "Engagements": 0, "Views": 0, "Campaign": "TNUH|261|1707096|IOS|IN|SEM - Brand Keywords - Exact | 12h - 18h", "Clicks": 2, "CTR": 11.76, "Video played to 25%": 0.0, "Campaign ID": 888508010, "Bid Strategy Type": "cpc", "Avg. CPC": 0.095}, {"Account ID": "9963010276", "Avg. CPM": 8.103448, "Advertising Channel": "Search", "Avg. CPV": 0.0, "Avg. Cost": 0.1175, "Cost": 0.94, "Campaign state": "enabled", "Video played to 50%": 0.0, "Start date": "2017-07-22", "Video played to 100%": 0.0, "Interaction Rate": 6.9, "View rate": 0.0, "Advertising Sub Channel": "Search Mobile App", "Unique cookies": "", "Interaction Types": ["Clicks"], "Campaign serving status": "eligible", "Mapping": false, "Video played to 75%": 0.0, "Conversions": 2.0, "Impressions": 116, "Interactions": 8, "Date": "2017-08-03", "Avg. CPE": 0.0, "Invalid clicks": 0, "Avg. position": 1.0, "End date": "", "Engagements": 0, "Views": 0, "Campaign": "\"TNUH|261|1707096|AND|SEM| Brand Keywords - broad | 12h - 18h \"\"\u0110\u1ed5i ads\"\"\"", "Clicks": 8, "CTR": 6.9, "Video played to 25%": 0.0, "Campaign ID": 892134905, "Bid Strategy Type": "cpc", "Avg. CPC": 0.1175}, {"Account ID": "9963010276", "Avg. CPM": 3.548387, "Advertising Channel": "Search", "Avg. CPV": 0.0, "Avg. Cost": 0.066, "Cost": 0.33, "Campaign state": "enabled", "Video played to 50%": 0.0, "Start date": "2017-07-22", "Video played to 100%": 0.0, "Interaction Rate": 5.38, "View rate": 0.0, "Advertising Sub Channel": "Search Mobile App", "Unique cookies": "", "Interaction Types": ["Clicks"], "Campaign serving status": "eligible", "Mapping": false, "Video played to 75%": 0.0, "Conversions": 0.0, "Impressions": 93, "Interactions": 5, "Date": "2017-08-03", "Avg. CPE": 0.0, "Invalid clicks": 2, "Avg. position": 1.0, "End date": "", "Engagements": 0, "Views": 0, "Campaign": "\"TNUH|261|1707096|IOS|SEM| Brand Keywords - broad | 12h - 18h \"\"\u0110\u1ed5i ads\"\"\"", "Clicks": 5, "CTR": 5.38, "Video played to 25%": 0.0, "Campaign ID": 891528139, "Bid Strategy Type": "cpc", "Avg. CPC": 0.066}, {"Account ID": "9963010276", "Avg. CPM": 7.5, "Advertising Channel": "Search", "Avg. CPV": 0.0, "Avg. Cost": 0.03, "Cost": 0.03, "Campaign state": "enabled", "Video played to 50%": 0.0, "Start date": "2017-07-22", "Video played to 100%": 0.0, "Interaction Rate": 25.0, "View rate": 0.0, "Advertising Sub Channel": "Search Mobile App", "Unique cookies": "", "Interaction Types": ["Clicks"], "Campaign serving status": "eligible", "Mapping": false, "Video played to 75%": 0.0, "Conversions": 1.0, "Impressions": 4, "Interactions": 1, "Date": "2017-08-03", "Avg. CPE": 0.0, "Invalid clicks": 0, "Avg. position": 1.0, "End date": "", "Engagements": 0, "Views": 0, "Campaign": "\"TNUH|261|1707096|AND|SEM| Brand Keywords - Exact | 0h - 6h \"\"\u0110\u1ed5i Ads\"\"\"", "Clicks": 1, "CTR": 25.0, "Video played to 25%": 0.0, "Campaign ID": 892014161, "Bid Strategy Type": "cpc", "Avg. CPC": 0.03}, {"Account ID": "9963010276", "Avg. CPM": 18.333333, "Advertising Channel": "Search", "Avg. CPV": 0.0, "Avg. Cost": 0.0275, "Cost": 0.11, "Campaign state": "enabled", "Video played to 50%": 0.0, "Start date": "2017-07-22", "Video played to 100%": 0.0, "Interaction Rate": 66.67, "View rate": 0.0, "Advertising Sub Channel": "Search Mobile App", "Unique cookies": "", "Interaction Types": ["Clicks"], "Campaign serving status": "eligible", "Mapping": false, "Video played to 75%": 0.0, "Conversions": 0.0, "Impressions": 6, "Interactions": 4, "Date": "2017-08-03", "Avg. CPE": 0.0, "Invalid clicks": 0, "Avg. position": 1.0, "End date": "", "Engagements": 0, "Views": 0, "Campaign": "\"TNUH|261|1707096|IOS|IN|SEM - Brand Keywords - Exact | 6h - 12h \"\"\u0110\u1ed5i ads\"\"\"", "Clicks": 4, "CTR": 66.67, "Video played to 25%": 0.0, "Campaign ID": 892470447, "Bid Strategy Type": "cpc", "Avg. CPC": 0.0275}, {"Account ID": "9963010276", "Avg. CPM": 11.214286, "Advertising Channel": "Search", "Avg. CPV": 0.0, "Avg. Cost": 0.120769, "Cost": 1.57, "Campaign state": "enabled", "Video played to 50%": 0.0, "Start date": "2017-07-17", "Video played to 100%": 0.0, "Interaction Rate": 9.29, "View rate": 0.0, "Advertising Sub Channel": "Search Mobile App", "Unique cookies": "", "Interaction Types": ["Clicks"], "Campaign serving status": "eligible", "Mapping": false, "Video played to 75%": 0.0, "Conversions": 4.0, "Impressions": 140, "Interactions": 13, "Date": "2017-08-03", "Avg. CPE": 0.0, "Invalid clicks": 8, "Avg. position": 1.0, "End date": "", "Engagements": 0, "Views": 0, "Campaign": "TNUH|261|1707096|AND|SEM|Brand Keywords - broad | 6h - 12h", "Clicks": 13, "CTR": 9.29, "Video played to 25%": 0.0, "Campaign ID": 884305604, "Bid Strategy Type": "cpc", "Avg. CPC": 0.120769}, {"Account ID": "9963010276", "Avg. CPM": 0.192308, "Advertising Channel": "Search", "Avg. CPV": 0.0, "Avg. Cost": 0.01, "Cost": 0.01, "Campaign state": "enabled", "Video played to 50%": 0.0, "Start date": "2017-07-20", "Video played to 100%": 0.0, "Interaction Rate": 1.92, "View rate": 0.0, "Advertising Sub Channel": "Search Mobile App", "Unique cookies": "", "Interaction Types": ["Clicks"], "Campaign serving status": "eligible", "Mapping": false, "Video played to 75%": 0.0, "Conversions": 0.0, "Impressions": 52, "Interactions": 1, "Date": "2017-08-03", "Avg. CPE": 0.0, "Invalid clicks": 0, "Avg. position": 1.0, "End date": "", "Engagements": 0, "Views": 0, "Campaign": "TNUH|261|1707096|IOS|SEM|Brand Keywords - broad | 6h - 12h", "Clicks": 1, "CTR": 1.92, "Video played to 25%": 0.0, "Campaign ID": 887847028, "Bid Strategy Type": "cpc", "Avg. CPC": 0.01}, {"Account ID": "9963010276", "Avg. CPM": 5.0, "Advertising Channel": "Search", "Avg. CPV": 0.0, "Avg. Cost": 0.025, "Cost": 0.05, "Campaign state": "enabled", "Video played to 50%": 0.0, "Start date": "2017-07-20", "Video played to 100%": 0.0, "Interaction Rate": 20.0, "View rate": 0.0, "Advertising Sub Channel": "Search Mobile App", "Unique cookies": "", "Interaction Types": ["Clicks"], "Campaign serving status": "eligible", "Mapping": false, "Video played to 75%": 0.0, "Conversions": 0.0, "Impressions": 10, "Interactions": 2, "Date": "2017-08-03", "Avg. CPE": 0.0, "Invalid clicks": 0, "Avg. position": 1.0, "End date": "", "Engagements": 0, "Views": 0, "Campaign": "TNUH|261|1707096|IOS|IN|SEM - Brand Keywords - Exact | 6h - 12h", "Clicks": 2, "CTR": 20.0, "Video played to 25%": 0.0, "Campaign ID": 887847058, "Bid Strategy Type": "cpc", "Avg. CPC": 0.025}, {"Account ID": "9963010276", "Avg. CPM": 15.0, "Advertising Channel": "Search", "Avg. CPV": 0.0, "Avg. Cost": 0.0375, "Cost": 0.15, "Campaign state": "enabled", "Video played to 50%": 0.0, "Start date": "2017-07-20", "Video played to 100%": 0.0, "Interaction Rate": 40.0, "View rate": 0.0, "Advertising Sub Channel": "Search Mobile App", "Unique cookies": "", "Interaction Types": ["Clicks"], "Campaign serving status": "eligible", "Mapping": false, "Video played to 75%": 0.0, "Conversions": 0.0, "Impressions": 10, "Interactions": 4, "Date": "2017-08-03", "Avg. CPE": 0.0, "Invalid clicks": 0, "Avg. position": 1.0, "End date": "", "Engagements": 0, "Views": 0, "Campaign": "TNUH|261|1707096|AND|SEM|Brand Keywords - Exact | 0h - 6h", "Clicks": 4, "CTR": 40.0, "Video played to 25%": 0.0, "Campaign ID": 887891477, "Bid Strategy Type": "cpc", "Avg. CPC": 0.0375}, {"Account ID": "9963010276", "Avg. CPM": 20.763359, "Advertising Channel": "Search", "Avg. CPV": 0.0, "Avg. Cost": 0.17, "Cost": 5.44, "Campaign state": "enabled", "Video played to 50%": 0.0, "Start date": "2017-07-20", "Video played to 100%": 0.0, "Interaction Rate": 12.21, "View rate": 0.0, "Advertising Sub Channel": "Search Mobile App", "Unique cookies": "", "Interaction Types": ["Clicks"], "Campaign serving status": "eligible", "Mapping": false, "Video played to 75%": 0.0, "Conversions": 5.0, "Impressions": 262, "Interactions": 32, "Date": "2017-08-03", "Avg. CPE": 0.0, "Invalid clicks": 3, "Avg. position": 1.0, "End date": "", "Engagements": 0, "Views": 0, "Campaign": "TNUH|261|1707096|AND|SEM| Brand Keywords - broad | 12h - 18h", "Clicks": 32, "CTR": 12.21, "Video played to 25%": 0.0, "Campaign ID": 887895359, "Bid Strategy Type": "cpc", "Avg. CPC": 0.17}, {"Account ID": "9963010276", "Avg. CPM": 1.034483, "Advertising Channel": "Search", "Avg. CPV": 0.0, "Avg. Cost": 0.03, "Cost": 0.03, "Campaign state": "enabled", "Video played to 50%": 0.0, "Start date": "2017-07-22", "Video played to 100%": 0.0, "Interaction Rate": 3.45, "View rate": 0.0, "Advertising Sub Channel": "Search Mobile App", "Unique cookies": "", "Interaction Types": ["Clicks"], "Campaign serving status": "eligible", "Mapping": false, "Video played to 75%": 0.0, "Conversions": 0.0, "Impressions": 29, "Interactions": 1, "Date": "2017-08-03", "Avg. CPE": 0.0, "Invalid clicks": 0, "Avg. position": 1.0, "End date": "", "Engagements": 0, "Views": 0, "Campaign": "\"TNUH|261|1707096|IOS|SEM| Brand Keywords - broad | 0h - 6h \"\"\u0110\u1ed5i ads\"\"\"", "Clicks": 1, "CTR": 3.45, "Video played to 25%": 0.0, "Campaign ID": 891526774, "Bid Strategy Type": "cpc", "Avg. CPC": 0.03}, {"Account ID": "9963010276", "Avg. CPM": 11.25, "Advertising Channel": "Search", "Avg. CPV": 0.0, "Avg. Cost": 0.03, "Cost": 0.09, "Campaign state": "enabled", "Video played to 50%": 0.0, "Start date": "2017-07-22", "Video played to 100%": 0.0, "Interaction Rate": 37.5, "View rate": 0.0, "Advertising Sub Channel": "Search Mobile App", "Unique cookies": "", "Interaction Types": ["Clicks"], "Campaign serving status": "eligible", "Mapping": false, "Video played to 75%": 0.0, "Conversions": 0.0, "Impressions": 8, "Interactions": 3, "Date": "2017-08-03", "Avg. CPE": 0.0, "Invalid clicks": 0, "Avg. position": 1.0, "End date": "", "Engagements": 0, "Views": 0, "Campaign": "\"TNUH|261|1707096|IOS|IN|SEM - Brand Keywords - Exact | 12h - 18h \"\"\u0110\u1ed5i ads\"\"\"", "Clicks": 3, "CTR": 37.5, "Video played to 25%": 0.0, "Campaign ID": 891529132, "Bid Strategy Type": "cpc", "Avg. CPC": 0.03}, {"Account ID": "9963010276", "Avg. CPM": 11.52381, "Advertising Channel": "Search", "Avg. CPV": 0.0, "Avg. Cost": 0.057619, "Cost": 1.21, "Campaign state": "enabled", "Video played to 50%": 0.0, "Start date": "2017-07-22", "Video played to 100%": 0.0, "Interaction Rate": 20.0, "View rate": 0.0, "Advertising Sub Channel": "Search Mobile App", "Unique cookies": "", "Interaction Types": ["Clicks"], "Campaign serving status": "eligible", "Mapping": false, "Video played to 75%": 0.0, "Conversions": 4.0, "Impressions": 105, "Interactions": 21, "Date": "2017-08-03", "Avg. CPE": 0.0, "Invalid clicks": 5, "Avg. position": 1.0, "End date": "", "Engagements": 0, "Views": 0, "Campaign": "\"TNUH|261|1707096|AND|SEM|Brand Keywords - broad | 6h - 12h \"\"\u0110\u1ed5i ads\"\"\"", "Clicks": 21, "CTR": 20.0, "Video played to 25%": 0.0, "Campaign ID": 892134671, "Bid Strategy Type": "cpc", "Avg. CPC": 0.057619}, {"Account ID": "9963010276", "Avg. CPM": 7.833333, "Advertising Channel": "Search", "Avg. CPV": 0.0, "Avg. Cost": 0.1175, "Cost": 0.47, "Campaign state": "enabled", "Video played to 50%": 0.0, "Start date": "2017-07-22", "Video played to 100%": 0.0, "Interaction Rate": 6.67, "View rate": 0.0, "Advertising Sub Channel": "Search Mobile App", "Unique cookies": "", "Interaction Types": ["Clicks"], "Campaign serving status": "eligible", "Mapping": false, "Video played to 75%": 0.0, "Conversions": 0.0, "Impressions": 60, "Interactions": 4, "Date": "2017-08-03", "Avg. CPE": 0.0, "Invalid clicks": 0, "Avg. position": 1.0, "End date": "", "Engagements": 0, "Views": 0, "Campaign": "\"TNUH|261|1707096|IOS|SEM|Brand Keywords - broad |6h - 12h \"\"\u0110\u1ed5i ads\"\"\"", "Clicks": 4, "CTR": 6.67, "Video played to 25%": 0.0, "Campaign ID": 892140152, "Bid Strategy Type": "cpc", "Avg. CPC": 0.1175}, {"Account ID": "9963010276", "Avg. CPM": 13.4375, "Advertising Channel": "Search", "Avg. CPV": 0.0, "Avg. Cost": 0.061429, "Cost": 0.43, "Campaign state": "enabled", "Video played to 50%": 0.0, "Start date": "2017-07-17", "Video played to 100%": 0.0, "Interaction Rate": 21.88, "View rate": 0.0, "Advertising Sub Channel": "Search Mobile App", "Unique cookies": "", "Interaction Types": ["Clicks"], "Campaign serving status": "eligible", "Mapping": false, "Video played to 75%": 0.0, "Conversions": 2.0, "Impressions": 32, "Interactions": 7, "Date": "2017-08-03", "Avg. CPE": 0.0, "Invalid clicks": 0, "Avg. position": 1.0, "End date": "", "Engagements": 0, "Views": 0, "Campaign": "TNUH|261|1707096|AND|SEM| Brand Keywords - Exact | 6h - 12h", "Clicks": 7, "CTR": 21.88, "Video played to 25%": 0.0, "Campaign ID": 884691537, "Bid Strategy Type": "cpc", "Avg. CPC": 0.061429}, {"Account ID": "9963010276", "Avg. CPM": 14.827586, "Advertising Channel": "Search", "Avg. CPV": 0.0, "Avg. Cost": 0.215, "Cost": 0.43, "Campaign state": "enabled", "Video played to 50%": 0.0, "Start date": "2017-07-20", "Video played to 100%": 0.0, "Interaction Rate": 6.9, "View rate": 0.0, "Advertising Sub Channel": "Search Mobile App", "Unique cookies": "", "Interaction Types": ["Clicks"], "Campaign serving status": "eligible", "Mapping": false, "Video played to 75%": 0.0, "Conversions": 0.0, "Impressions": 29, "Interactions": 2, "Date": "2017-08-03", "Avg. CPE": 0.0, "Invalid clicks": 0, "Avg. position": 1.0, "End date": "", "Engagements": 0, "Views": 0, "Campaign": "TNUH|261|1707096|AND|SEM|Brand Keywords - broad | 0h - 6h", "Clicks": 2, "CTR": 6.9, "Video played to 25%": 0.0, "Campaign ID": 887233330, "Bid Strategy Type": "cpc", "Avg. CPC": 0.215}, {"Account ID": "9963010276", "Avg. CPM": 8.0, "Advertising Channel": "Search", "Avg. CPV": 0.0, "Avg. Cost": 0.04, "Cost": 0.08, "Campaign state": "enabled", "Video played to 50%": 0.0, "Start date": "2017-07-22", "Video played to 100%": 0.0, "Interaction Rate": 20.0, "View rate": 0.0, "Advertising Sub Channel": "Search Mobile App", "Unique cookies": "", "Interaction Types": ["Clicks"], "Campaign serving status": "eligible", "Mapping": false, "Video played to 75%": 0.0, "Conversions": 0.0, "Impressions": 10, "Interactions": 2, "Date": "2017-08-03", "Avg. CPE": 0.0, "Invalid clicks": 1, "Avg. position": 1.0, "End date": "", "Engagements": 0, "Views": 0, "Campaign": "\"TNUH|261|1707096|AND|SEM| Brand Keywords - Exact | 12h - 18h \"\"\u0110\u1ed5i Ads\"\"\"", "Clicks": 2, "CTR": 20.0, "Video played to 25%": 0.0, "Campaign ID": 891379918, "Bid Strategy Type": "cpc", "Avg. CPC": 0.04}, {"Account ID": "9963010276", "Avg. CPM": 5.625, "Advertising Channel": "Search", "Avg. CPV": 0.0, "Avg. Cost": 0.0225, "Cost": 0.09, "Campaign state": "enabled", "Video played to 50%": 0.0, "Start date": "2017-07-22", "Video played to 100%": 0.0, "Interaction Rate": 25.0, "View rate": 0.0, "Advertising Sub Channel": "Search Mobile App", "Unique cookies": "", "Interaction Types": ["Clicks"], "Campaign serving status": "eligible", "Mapping": false, "Video played to 75%": 0.0, "Conversions": 3.0, "Impressions": 16, "Interactions": 4, "Date": "2017-08-03", "Avg. CPE": 0.0, "Invalid clicks": 0, "Avg. position": 1.0, "End date": "", "Engagements": 0, "Views": 0, "Campaign": "\"TNUH|261|1707096|AND|SEM| Brand Keywords - Exact | 18h - 0h \"\"\u0110\u1ed5i Ads\"\"\"", "Clicks": 4, "CTR": 25.0, "Video played to 25%": 0.0, "Campaign ID": 891500851, "Bid Strategy Type": "cpc", "Avg. CPC": 0.0225}, {"Account ID": "9963010276", "Avg. CPM": 12.834197, "Advertising Channel": "", "Avg. CPV": 0.0, "Avg. Cost": 0.110089, "Cost": 24.77, "Campaign state": "Total", "Video played to 50%": 0.0, "Start date": "", "Video played to 100%": 0.0, "Interaction Rate": 11.66, "View rate": 0.0, "Advertising Sub Channel": "", "Unique cookies": "", "Interaction Types": "", "Campaign serving status": "", "Mapping": false, "Video played to 75%": 0.0, "Conversions": 51.0, "Impressions": 1930, "Interactions": 225, "Date": "2017-08-03", "Avg. CPE": 0.0, "Invalid clicks": 29, "Avg. position": 1.0, "End date": "", "Engagements": 0, "Views": 0, "Campaign": "", "Clicks": 225, "CTR": 11.66, "Video played to 25%": 0.0, "Campaign ID": "", "Bid Strategy Type": "", "Avg. CPC": 0.110089}]