[{"View rate": 0.0, "Campaign": "Brand-term_Thien Long Bat Bo-Web_MOR", "Unique cookies": "", "Dept": "WPL", "Bid Strategy Type": "cpc", "Views": 0, "Video played to 50%": 0.0, "CTR": 20.95, "Conversions": 3.0, "Account ID": "8640138177", "Clicks": 22, "Interaction Rate": 20.95, "Avg. position": 1.0, "Advertising Channel": "Search", "Advertising Sub Channel": "", "Campaign ID": 318859115, "Avg. CPV": 0.0, "Campaign serving status": "eligible", "Avg. CPM": 7.238095, "Invalid clicks": 1, "End date": "", "Avg. Cost": 0.034545, "Start date": "2015-10-12", "Mapping": false, "Engagements": 0, "Avg. CPC": 0.034545, "Interactions": 22, "Date": "2017-03-03", "Video played to 100%": 0.0, "Cost": 0.76, "Interaction Types": ["Clicks"], "Video played to 75%": 0.0, "Video played to 25%": 0.0, "Campaign state": "enabled", "Avg. CPE": 0.0, "Account Name": "[W] G1 - WPL - tlbb360", "Impressions": 105}, {"View rate": 0.0, "Campaign": "Brand-term_TLBB-Web_MOR", "Unique cookies": "", "Dept": "WPL", "Bid Strategy Type": "cpc", "Views": 0, "Video played to 50%": 0.0, "CTR": 17.0, "Conversions": 2.0, "Account ID": "8640138177", "Clicks": 17, "Interaction Rate": 17.0, "Avg. position": 1.1, "Advertising Channel": "Search", "Advertising Sub Channel": "", "Campaign ID": 318859835, "Avg. CPV": 0.0, "Campaign serving status": "eligible", "Avg. CPM": 13.1, "Invalid clicks": 1, "End date": "", "Avg. Cost": 0.077059, "Start date": "2015-10-12", "Mapping": false, "Engagements": 0, "Avg. CPC": 0.077059, "Interactions": 17, "Date": "2017-03-03", "Video played to 100%": 0.0, "Cost": 1.31, "Interaction Types": ["Clicks"], "Video played to 75%": 0.0, "Video played to 25%": 0.0, "Campaign state": "enabled", "Avg. CPE": 0.0, "Account Name": "[W] G1 - WPL - tlbb360", "Impressions": 100}, {"View rate": 0.0, "Campaign": "Brand-term_Thien Long Bat Bo_AFT", "Unique cookies": "", "Dept": "WPL", "Bid Strategy Type": "cpc", "Views": 0, "Video played to 50%": 0.0, "CTR": 22.57, "Conversions": 32.0, "Account ID": "8640138177", "Clicks": 137, "Interaction Rate": 22.57, "Avg. position": 1.0, "Advertising Channel": "Search", "Advertising Sub Channel": "", "Campaign ID": 318858515, "Avg. CPV": 0.0, "Campaign serving status": "eligible", "Avg. CPM": 16.507414, "Invalid clicks": 22, "End date": "", "Avg. Cost": 0.073139, "Start date": "2015-10-12", "Mapping": false, "Engagements": 0, "Avg. CPC": 0.073139, "Interactions": 137, "Date": "2017-03-03", "Video played to 100%": 0.0, "Cost": 10.02, "Interaction Types": ["Clicks"], "Video played to 75%": 0.0, "Video played to 25%": 0.0, "Campaign state": "enabled", "Avg. CPE": 0.0, "Account Name": "[W] G1 - WPL - tlbb360", "Impressions": 607}, {"View rate": 0.0, "Campaign": "Brand-term_Thien Long Bat Bo_EVE", "Unique cookies": "", "Dept": "WPL", "Bid Strategy Type": "cpc", "Views": 0, "Video played to 50%": 0.0, "CTR": 24.13, "Conversions": 16.0, "Account ID": "8640138177", "Clicks": 111, "Interaction Rate": 24.13, "Avg. position": 1.0, "Advertising Channel": "Search", "Advertising Sub Channel": "", "Campaign ID": 318858635, "Avg. CPV": 0.0, "Campaign serving status": "eligible", "Avg. CPM": 16.413043, "Invalid clicks": 20, "End date": "", "Avg. Cost": 0.068018, "Start date": "2015-10-12", "Mapping": false, "Engagements": 0, "Avg. CPC": 0.068018, "Interactions": 111, "Date": "2017-03-03", "Video played to 100%": 0.0, "Cost": 7.55, "Interaction Types": ["Clicks"], "Video played to 75%": 0.0, "Video played to 25%": 0.0, "Campaign state": "enabled", "Avg. CPE": 0.0, "Account Name": "[W] G1 - WPL - tlbb360", "Impressions": 460}, {"View rate": 0.0, "Campaign": "Brand-term_TLBB-Web_EVE", "Unique cookies": "", "Dept": "WPL", "Bid Strategy Type": "cpc", "Views": 0, "Video played to 50%": 0.0, "CTR": 17.65, "Conversions": 4.0, "Account ID": "8640138177", "Clicks": 21, "Interaction Rate": 17.65, "Avg. position": 1.0, "Advertising Channel": "Search", "Advertising Sub Channel": "", "Campaign ID": 318859715, "Avg. CPV": 0.0, "Campaign serving status": "eligible", "Avg. CPM": 11.680672, "Invalid clicks": 0, "End date": "", "Avg. Cost": 0.06619, "Start date": "2015-10-12", "Mapping": false, "Engagements": 0, "Avg. CPC": 0.06619, "Interactions": 21, "Date": "2017-03-03", "Video played to 100%": 0.0, "Cost": 1.39, "Interaction Types": ["Clicks"], "Video played to 75%": 0.0, "Video played to 25%": 0.0, "Campaign state": "enabled", "Avg. CPE": 0.0, "Account Name": "[W] G1 - WPL - tlbb360", "Impressions": 119}, {"View rate": 0.0, "Campaign": "Brand-term_Thien Long Bat Bo_MOR", "Unique cookies": "", "Dept": "WPL", "Bid Strategy Type": "cpc", "Views": 0, "Video played to 50%": 0.0, "CTR": 24.08, "Conversions": 14.0, "Account ID": "8640138177", "Clicks": 98, "Interaction Rate": 24.08, "Avg. position": 1.0, "Advertising Channel": "Search", "Advertising Sub Channel": "", "Campaign ID": 318858755, "Avg. CPV": 0.0, "Campaign serving status": "eligible", "Avg. CPM": 20.17199, "Invalid clicks": 11, "End date": "", "Avg. Cost": 0.083776, "Start date": "2015-10-12", "Mapping": false, "Engagements": 0, "Avg. CPC": 0.083776, "Interactions": 98, "Date": "2017-03-03", "Video played to 100%": 0.0, "Cost": 8.21, "Interaction Types": ["Clicks"], "Video played to 75%": 0.0, "Video played to 25%": 0.0, "Campaign state": "enabled", "Avg. CPE": 0.0, "Account Name": "[W] G1 - WPL - tlbb360", "Impressions": 407}, {"View rate": 0.0, "Campaign": "Brand-term_Thien Long Bat Bo-Web_AFT", "Unique cookies": "", "Dept": "WPL", "Bid Strategy Type": "cpc", "Views": 0, "Video played to 50%": 0.0, "CTR": 36.75, "Conversions": 4.0, "Account ID": "8640138177", "Clicks": 43, "Interaction Rate": 36.75, "Avg. position": 1.0, "Advertising Channel": "Search", "Advertising Sub Channel": "", "Campaign ID": 318858875, "Avg. CPV": 0.0, "Campaign serving status": "eligible", "Avg. CPM": 3.931624, "Invalid clicks": 3, "End date": "", "Avg. Cost": 0.010698, "Start date": "2015-10-12", "Mapping": false, "Engagements": 0, "Avg. CPC": 0.010698, "Interactions": 43, "Date": "2017-03-03", "Video played to 100%": 0.0, "Cost": 0.46, "Interaction Types": ["Clicks"], "Video played to 75%": 0.0, "Video played to 25%": 0.0, "Campaign state": "enabled", "Avg. CPE": 0.0, "Account Name": "[W] G1 - WPL - tlbb360", "Impressions": 117}, {"View rate": 0.0, "Campaign": "Brand-term_Thien Long Bat Bo-Web_EVE", "Unique cookies": "", "Dept": "WPL", "Bid Strategy Type": "cpc", "Views": 0, "Video played to 50%": 0.0, "CTR": 30.62, "Conversions": 11.0, "Account ID": "8640138177", "Clicks": 49, "Interaction Rate": 30.62, "Avg. position": 1.0, "Advertising Channel": "Search", "Advertising Sub Channel": "", "Campaign ID": 318858995, "Avg. CPV": 0.0, "Campaign serving status": "eligible", "Avg. CPM": 9.75, "Invalid clicks": 4, "End date": "", "Avg. Cost": 0.031837, "Start date": "2015-10-12", "Mapping": false, "Engagements": 0, "Avg. CPC": 0.031837, "Interactions": 49, "Date": "2017-03-03", "Video played to 100%": 0.0, "Cost": 1.56, "Interaction Types": ["Clicks"], "Video played to 75%": 0.0, "Video played to 25%": 0.0, "Campaign state": "enabled", "Avg. CPE": 0.0, "Account Name": "[W] G1 - WPL - tlbb360", "Impressions": 160}, {"View rate": 0.0, "Campaign": "Brand-term_TLBB-Web_AFT", "Unique cookies": "", "Dept": "WPL", "Bid Strategy Type": "cpc", "Views": 0, "Video played to 50%": 0.0, "CTR": 23.66, "Conversions": 3.0, "Account ID": "8640138177", "Clicks": 31, "Interaction Rate": 23.66, "Avg. position": 1.0, "Advertising Channel": "Search", "Advertising Sub Channel": "", "Campaign ID": 318859595, "Avg. CPV": 0.0, "Campaign serving status": "eligible", "Avg. CPM": 20.076336, "Invalid clicks": 2, "End date": "", "Avg. Cost": 0.084839, "Start date": "2015-10-12", "Mapping": false, "Engagements": 0, "Avg. CPC": 0.084839, "Interactions": 31, "Date": "2017-03-03", "Video played to 100%": 0.0, "Cost": 2.63, "Interaction Types": ["Clicks"], "Video played to 75%": 0.0, "Video played to 25%": 0.0, "Campaign state": "enabled", "Avg. CPE": 0.0, "Account Name": "[W] G1 - WPL - tlbb360", "Impressions": 131}, {"View rate": 0.0, "Campaign": "", "Unique cookies": "", "Dept": "WPL", "Bid Strategy Type": "", "Views": 0, "Video played to 50%": 0.0, "CTR": 23.98, "Conversions": 89.0, "Account ID": "8640138177", "Clicks": 529, "Interaction Rate": 23.98, "Avg. position": 1.0, "Advertising Channel": "", "Advertising Sub Channel": "", "Campaign ID": "", "Avg. CPV": 0.0, "Campaign serving status": "", "Avg. CPM": 15.362647, "Invalid clicks": 64, "End date": "", "Avg. Cost": 0.064064, "Start date": "", "Mapping": false, "Engagements": 0, "Avg. CPC": 0.064064, "Interactions": 529, "Date": "2017-03-03", "Video played to 100%": 0.0, "Cost": 33.89, "Interaction Types": "", "Video played to 75%": 0.0, "Video played to 25%": 0.0, "Campaign state": "Total", "Avg. CPE": 0.0, "Account Name": "[W] G1 - WPL - tlbb360", "Impressions": 2206}]