[{"Account ID": "8135096980", "Avg. CPM": 20.0, "Advertising Channel": "Search", "Avg. CPV": 0.0, "Avg. Cost": 0.06, "Cost": 0.06, "Campaign state": "enabled", "Video played to 50%": 0.0, "Start date": "2017-07-12", "Video played to 100%": 0.0, "Interaction Rate": 33.33, "View rate": 0.0, "Advertising Sub Channel": "Search Mobile App", "Unique cookies": "", "Interaction Types": ["Clicks"], "Campaign serving status": "eligible", "Mapping": false, "Video played to 75%": 0.0, "Conversions": 0.0, "Impressions": 3, "Interactions": 1, "Date": "2017-08-04", "Avg. CPE": 0.0, "Invalid clicks": 0, "Avg. position": 1.0, "End date": "", "Engagements": 0, "Views": 0, "Campaign": "TNUH|261|1707096|AND|SEM| Brand Keywords - Exact 12h00AM - 6h00AM", "Clicks": 1, "CTR": 33.33, "Video played to 25%": 0.0, "Campaign ID": 880807646, "Bid Strategy Type": "cpc", "Avg. CPC": 0.06}, {"Account ID": "8135096980", "Avg. CPM": 34.0, "Advertising Channel": "Search", "Avg. CPV": 0.0, "Avg. Cost": 0.17, "Cost": 0.68, "Campaign state": "enabled", "Video played to 50%": 0.0, "Start date": "2017-07-13", "Video played to 100%": 0.0, "Interaction Rate": 20.0, "View rate": 0.0, "Advertising Sub Channel": "Search Mobile App", "Unique cookies": "", "Interaction Types": ["Clicks"], "Campaign serving status": "eligible", "Mapping": false, "Video played to 75%": 0.0, "Conversions": 1.0, "Impressions": 20, "Interactions": 4, "Date": "2017-08-04", "Avg. CPE": 0.0, "Invalid clicks": 0, "Avg. position": 1.0, "End date": "", "Engagements": 0, "Views": 0, "Campaign": "TNUH|261|1707096|AND|SEM| Brand Keywords - broad 0h00 - 6h00AM", "Clicks": 4, "CTR": 20.0, "Video played to 25%": 0.0, "Campaign ID": 881587607, "Bid Strategy Type": "cpc", "Avg. CPC": 0.17}, {"Account ID": "8135096980", "Avg. CPM": 20.0, "Advertising Channel": "Search", "Avg. CPV": 0.0, "Avg. Cost": 0.08, "Cost": 0.08, "Campaign state": "enabled", "Video played to 50%": 0.0, "Start date": "2017-07-13", "Video played to 100%": 0.0, "Interaction Rate": 25.0, "View rate": 0.0, "Advertising Sub Channel": "Search Mobile App", "Unique cookies": "", "Interaction Types": ["Clicks"], "Campaign serving status": "eligible", "Mapping": false, "Video played to 75%": 0.0, "Conversions": 1.0, "Impressions": 4, "Interactions": 1, "Date": "2017-08-04", "Avg. CPE": 0.0, "Invalid clicks": 0, "Avg. position": 1.0, "End date": "", "Engagements": 0, "Views": 0, "Campaign": "TNUH|261|1707096|AND|SEM| Open Brand Keywords - Exact", "Clicks": 1, "CTR": 25.0, "Video played to 25%": 0.0, "Campaign ID": 882030843, "Bid Strategy Type": "cpc", "Avg. CPC": 0.08}, {"Account ID": "8135096980", "Avg. CPM": 40.0, "Advertising Channel": "Search", "Avg. CPV": 0.0, "Avg. Cost": 0.2, "Cost": 0.2, "Campaign state": "paused", "Video played to 50%": 0.0, "Start date": "2017-07-13", "Video played to 100%": 0.0, "Interaction Rate": 20.0, "View rate": 0.0, "Advertising Sub Channel": "Search Mobile App", "Unique cookies": "", "Interaction Types": ["Clicks"], "Campaign serving status": "eligible", "Mapping": false, "Video played to 75%": 0.0, "Conversions": 1.0, "Impressions": 5, "Interactions": 1, "Date": "2017-08-04", "Avg. CPE": 0.0, "Invalid clicks": 0, "Avg. position": 1.0, "End date": "", "Engagements": 0, "Views": 0, "Campaign": "TNUH|261|1707096|AND|SEM|Generic Keywords 1 - broad", "Clicks": 1, "CTR": 20.0, "Video played to 25%": 0.0, "Campaign ID": 882177309, "Bid Strategy Type": "cpc", "Avg. CPC": 0.2}, {"Account ID": "8135096980", "Avg. CPM": 95.0, "Advertising Channel": "Search", "Avg. CPV": 0.0, "Avg. Cost": 0.19, "Cost": 0.38, "Campaign state": "paused", "Video played to 50%": 0.0, "Start date": "2017-07-13", "Video played to 100%": 0.0, "Interaction Rate": 50.0, "View rate": 0.0, "Advertising Sub Channel": "Search Mobile App", "Unique cookies": "", "Interaction Types": ["Clicks"], "Campaign serving status": "eligible", "Mapping": false, "Video played to 75%": 0.0, "Conversions": 1.0, "Impressions": 4, "Interactions": 2, "Date": "2017-08-04", "Avg. CPE": 0.0, "Invalid clicks": 0, "Avg. position": 1.0, "End date": "", "Engagements": 0, "Views": 0, "Campaign": "TNUH|261|1707096|AND|SEM| Generic Keywords 2 - Broad", "Clicks": 2, "CTR": 50.0, "Video played to 25%": 0.0, "Campaign ID": 882268050, "Bid Strategy Type": "cpc", "Avg. CPC": 0.19}, {"Account ID": "8135096980", "Avg. CPM": 59.285714, "Advertising Channel": "Search", "Avg. CPV": 0.0, "Avg. Cost": 0.150909, "Cost": 1.66, "Campaign state": "enabled", "Video played to 50%": 0.0, "Start date": "2017-07-22", "Video played to 100%": 0.0, "Interaction Rate": 39.29, "View rate": 0.0, "Advertising Sub Channel": "Search Mobile App", "Unique cookies": "", "Interaction Types": ["Clicks"], "Campaign serving status": "eligible", "Mapping": false, "Video played to 75%": 0.0, "Conversions": 4.0, "Impressions": 28, "Interactions": 11, "Date": "2017-08-04", "Avg. CPE": 0.0, "Invalid clicks": 1, "Avg. position": 1.0, "End date": "", "Engagements": 0, "Views": 0, "Campaign": "\"TNUH|261|1707096|AND|SEM|Brand Keywords - broad 6h00AM - 12h00PM \"\"\u0110\u1ed5i ads\"\"\"", "Clicks": 11, "CTR": 39.29, "Video played to 25%": 0.0, "Campaign ID": 892144487, "Bid Strategy Type": "cpc", "Avg. CPC": 0.150909}, {"Account ID": "8135096980", "Avg. CPM": 60.0, "Advertising Channel": "Search", "Avg. CPV": 0.0, "Avg. Cost": 0.06, "Cost": 0.06, "Campaign state": "enabled", "Video played to 50%": 0.0, "Start date": "2017-07-22", "Video played to 100%": 0.0, "Interaction Rate": 100.0, "View rate": 0.0, "Advertising Sub Channel": "Search Mobile App", "Unique cookies": "", "Interaction Types": ["Clicks"], "Campaign serving status": "eligible", "Mapping": false, "Video played to 75%": 0.0, "Conversions": 0.0, "Impressions": 1, "Interactions": 1, "Date": "2017-08-04", "Avg. CPE": 0.0, "Invalid clicks": 0, "Avg. position": 1.0, "End date": "", "Engagements": 0, "Views": 0, "Campaign": "\"TNUH|261|1707096|AND|SEM| Brand Keywords - Exact 6h00AM - 12h00PM \"\"\u0110\u00f4i ads\"\"\"", "Clicks": 1, "CTR": 100.0, "Video played to 25%": 0.0, "Campaign ID": 892473972, "Bid Strategy Type": "cpc", "Avg. CPC": 0.06}, {"Account ID": "8135096980", "Avg. CPM": 11.0, "Advertising Channel": "Search", "Avg. CPV": 0.0, "Avg. Cost": 0.062857, "Cost": 0.44, "Campaign state": "enabled", "Video played to 50%": 0.0, "Start date": "2017-07-20", "Video played to 100%": 0.0, "Interaction Rate": 17.5, "View rate": 0.0, "Advertising Sub Channel": "Search Mobile App", "Unique cookies": "", "Interaction Types": ["Clicks"], "Campaign serving status": "eligible", "Mapping": false, "Video played to 75%": 0.0, "Conversions": 2.0, "Impressions": 40, "Interactions": 7, "Date": "2017-08-04", "Avg. CPE": 0.0, "Invalid clicks": 2, "Avg. position": 1.0, "End date": "", "Engagements": 0, "Views": 0, "Campaign": "TNUH|261|1707096|AND|SEM| Brand Keywords - broad 6h00AM - 12h00PM", "Clicks": 7, "CTR": 17.5, "Video played to 25%": 0.0, "Campaign ID": 887229091, "Bid Strategy Type": "cpc", "Avg. CPC": 0.062857}, {"Account ID": "8135096980", "Avg. CPM": 28.48, "Advertising Channel": "", "Avg. CPV": 0.0, "Avg. Cost": 0.127143, "Cost": 3.56, "Campaign state": "Total", "Video played to 50%": 0.0, "Start date": "", "Video played to 100%": 0.0, "Interaction Rate": 22.4, "View rate": 0.0, "Advertising Sub Channel": "", "Unique cookies": "", "Interaction Types": "", "Campaign serving status": "", "Mapping": false, "Video played to 75%": 0.0, "Conversions": 10.0, "Impressions": 125, "Interactions": 28, "Date": "2017-08-04", "Avg. CPE": 0.0, "Invalid clicks": 5, "Avg. position": 1.1, "End date": "", "Engagements": 0, "Views": 0, "Campaign": "", "Clicks": 28, "CTR": 22.4, "Video played to 25%": 0.0, "Campaign ID": "", "Bid Strategy Type": "", "Avg. CPC": 0.127143}]