[{"Account ID": "6360800174", "Avg. CPM": 1.847092, "Advertising Channel": "Multi Channel", "Avg. CPV": 0.010817, "Avg. Cost": 0.070899, "Cost": 42.25593, "Campaign state": "enabled", "Video played to 50%": 17.51, "Start date": "2017-07-15", "Video played to 100%": 14.03, "Interaction Rate": 2.61, "View rate": 11.99, "Advertising Sub Channel": "Universal App Campaign", "Unique cookies": "", "Interaction Types": ["Clicks", "Engagements", "Views"], "Campaign serving status": "eligible", "Mapping": false, "Video played to 75%": 15.35, "Conversions": 151.0, "Impressions": 22877, "Interactions": 596, "Date": "2017-08-03", "Avg. CPE": 0.01488, "Invalid clicks": 28, "Avg. position": 2.0, "End date": "", "Engagements": 34, "Views": 44, "Campaign": "TNUH|261|1707096|AND|IN|Admob_UAC Ingame", "Clicks": 539, "CTR": 2.36, "Video played to 25%": 24.61, "Campaign ID": 884071395, "Bid Strategy Type": "Target CPA", "Avg. CPC": 0.078397}, {"Account ID": "6360800174", "Avg. CPM": 2.873844, "Advertising Channel": "Multi Channel", "Avg. CPV": 0.0, "Avg. Cost": 0.07644, "Cost": 111.60286, "Campaign state": "enabled", "Video played to 50%": 43.69, "Start date": "2017-07-19", "Video played to 100%": 41.75, "Interaction Rate": 3.76, "View rate": 0.0, "Advertising Sub Channel": "Universal App Campaign", "Unique cookies": "", "Interaction Types": ["Clicks", "Engag"], "Campaign serving status": "eligible", "Mapping": false, "Video played to 75%": 43.69, "Conversions": 321.0, "Impressions": 38834, "Interactions": 1460, "Date": "2017-08-03", "Avg. CPE": 0.01286, "Invalid clicks": 69, "Avg. position": 2.2, "End date": "", "Engagements": 1, "Views": 0, "Campaign": "TNUH|261|1707096|AND|IN|Admob_UAC 6 ph\u00e1i", "Clicks": 1459, "CTR": 3.76, "Video played to 25%": 49.51, "Campaign ID": 887293890, "Bid Strategy Type": "Target CPA", "Avg. CPC": 0.076493}, {"Account ID": "6360800174", "Avg. CPM": 1.709832, "Advertising Channel": "Multi Channel", "Avg. CPV": 0.009831, "Avg. Cost": 0.062007, "Cost": 30.44527, "Campaign state": "enabled", "Video played to 50%": 14.23, "Start date": "2017-07-15", "Video played to 100%": 13.81, "Interaction Rate": 2.76, "View rate": 17.5, "Advertising Sub Channel": "Universal App Campaign", "Unique cookies": "", "Interaction Types": ["Clicks", "Engagements", "Views"], "Campaign serving status": "eligible", "Mapping": false, "Video played to 75%": 12.41, "Conversions": 102.0, "Impressions": 17806, "Interactions": 491, "Date": "2017-08-03", "Avg. CPE": 0.025934, "Invalid clicks": 24, "Avg. position": 1.5, "End date": "", "Engagements": 11, "Views": 28, "Campaign": "TNUH|261|1707096|AND|IN|Admob_UAC CGI", "Clicks": 464, "CTR": 2.61, "Video played to 25%": 18.64, "Campaign ID": 884073093, "Bid Strategy Type": "Target CPA", "Avg. CPC": 0.065615}, {"Account ID": "6360800174", "Avg. CPM": 2.317794, "Advertising Channel": "", "Avg. CPV": 0.010612, "Avg. Cost": 0.072361, "Cost": 184.30406, "Campaign state": "Total", "Video played to 50%": 17.02, "Start date": "", "Video played to 100%": 14.36, "Interaction Rate": 3.2, "View rate": 13.38, "Advertising Sub Channel": "", "Unique cookies": "", "Interaction Types": "", "Campaign serving status": "", "Mapping": false, "Video played to 75%": 14.97, "Conversions": 574.0, "Impressions": 79517, "Interactions": 2547, "Date": "2017-08-03", "Avg. CPE": 0.01748, "Invalid clicks": 121, "Avg. position": 2.0, "End date": "", "Engagements": 46, "Views": 72, "Campaign": "", "Clicks": 2462, "CTR": 3.1, "Video played to 25%": 23.39, "Campaign ID": "", "Bid Strategy Type": "", "Avg. CPC": 0.074859}]