[{"End date": "", "Invalid clicks": 1086, "Unique cookies": 275350, "Cost": 238.63, "Avg. CPC": 0.017218, "Account ID": "5008396449", "Account Name": "VNG - PG1 - JXM", "Advertising Sub Channel": "", "Campaign state": "paused", "Video played to 100%": 0.0, "Interaction Types": ["Clicks"], "Campaign serving status": "eligible", "Date": "2017-06-03", "Interaction Rate": 1.83, "CTR": 1.83, "View rate": 0.0, "Avg. CPV": 0.0, "Avg. CPM": 0.315603, "Engagements": 0, "Avg. Cost": 0.017218, "Clicks": 13859, "Views": 0, "Avg. CPE": 0.0, "Video played to 25%": 0.0, "Bid Strategy Type": "Maximize clicks", "Impressions": 756109, "Advertising Channel": "Display", "Mapping": false, "Avg. position": 1.0, "Start date": "2017-05-26", "Video played to 50%": 0.0, "Video played to 75%": 0.0, "Campaign": "JXM | 1705015 1706010 1707028 | Branding GDN - iOS", "Conversions": 75.0, "Campaign ID": 837910039, "Interactions": 13859}, {"End date": "", "Invalid clicks": 176, "Unique cookies": "", "Cost": 423.4325, "Avg. CPC": 0.154594, "Account ID": "5008396449", "Account Name": "VNG - PG1 - JXM", "Advertising Sub Channel": "Universal App Campaign", "Campaign state": "enabled", "Video played to 100%": 6.07, "Interaction Types": ["Clicks", "Engagements", "Views"], "Campaign serving status": "eligible", "Date": "2017-06-03", "Interaction Rate": 6.02, "CTR": 0.65, "View rate": 15.12, "Avg. CPV": 0.013738, "Avg. CPM": 1.002264, "Engagements": 4720, "Avg. Cost": 0.01664, "Clicks": 2739, "Views": 20350, "Avg. CPE": 0.05924, "Video played to 25%": 18.43, "Bid Strategy Type": "Target CPA", "Impressions": 422476, "Advertising Channel": "Multi Channel", "Mapping": false, "Avg. position": 1.0, "Start date": "2016-12-28", "Video played to 50%": 10.38, "Video played to 75%": 8.33, "Campaign": "JXM | 1610105 1611013 1611026 1611062 1703048 1704016 1706008 1707026 1709039 | UAC App Store - iOS", "Conversions": 389.0, "Campaign ID": 726209660, "Interactions": 25446}, {"End date": "", "Invalid clicks": 1449, "Unique cookies": "", "Cost": 607.06572, "Avg. CPC": 0.060652, "Account ID": "5008396449", "Account Name": "VNG - PG1 - JXM", "Advertising Sub Channel": "Universal App Campaign", "Campaign state": "enabled", "Video played to 100%": 8.56, "Interaction Types": ["Clicks", "Engagements", "Views"], "Campaign serving status": "eligible", "Date": "2017-06-03", "Interaction Rate": 5.05, "CTR": 1.38, "View rate": 15.78, "Avg. CPV": 0.01389, "Avg. CPM": 0.834735, "Engagements": 11627, "Avg. Cost": 0.016535, "Clicks": 10009, "Views": 20531, "Avg. CPE": 0.02453, "Video played to 25%": 23.43, "Bid Strategy Type": "Target CPA", "Impressions": 727256, "Advertising Channel": "Multi Channel", "Mapping": false, "Avg. position": 1.0, "Start date": "2016-11-15", "Video played to 50%": 14.06, "Video played to 75%": 10.95, "Campaign": "JXM | 1610105 1611013 1611026 1611062 1703048 1706008 1707026 1709039 | UAC GMG Android", "Conversions": 1323.0, "Campaign ID": 699351990, "Interactions": 36715}, {"End date": "", "Invalid clicks": 1743, "Unique cookies": 216478, "Cost": 134.44, "Avg. CPC": 0.01702, "Account ID": "5008396449", "Account Name": "VNG - PG1 - JXM", "Advertising Sub Channel": "", "Campaign state": "paused", "Video played to 100%": 0.0, "Interaction Types": ["Clicks"], "Campaign serving status": "eligible", "Date": "2017-06-03", "Interaction Rate": 1.62, "CTR": 1.62, "View rate": 0.0, "Avg. CPV": 0.0, "Avg. CPM": 0.27598, "Engagements": 0, "Avg. Cost": 0.01702, "Clicks": 7899, "Views": 0, "Avg. CPE": 0.0, "Video played to 25%": 0.0, "Bid Strategy Type": "Maximize clicks", "Impressions": 487136, "Advertising Channel": "Display", "Mapping": false, "Avg. position": 1.0, "Start date": "2017-06-02", "Video played to 50%": 0.0, "Video played to 75%": 0.0, "Campaign": "JXM | 1705015 1706010 1707028 | Branding GDN - Android", "Conversions": 60.0, "Campaign ID": 843945598, "Interactions": 7899}, {"End date": "", "Invalid clicks": 88, "Unique cookies": "", "Cost": 24.65, "Avg. CPC": 0.012812, "Account ID": "5008396449", "Account Name": "VNG - PG1 - JXM", "Advertising Sub Channel": "", "Campaign state": "enabled", "Video played to 100%": 0.0, "Interaction Types": ["Clicks"], "Campaign serving status": "eligible", "Date": "2017-06-03", "Interaction Rate": 70.19, "CTR": 70.19, "View rate": 0.0, "Avg. CPV": 0.0, "Avg. CPM": 8.993068, "Engagements": 0, "Avg. Cost": 0.012812, "Clicks": 1924, "Views": 0, "Avg. CPE": 0.0, "Video played to 25%": 0.0, "Bid Strategy Type": "Maximize clicks", "Impressions": 2741, "Advertising Channel": "Search", "Mapping": false, "Avg. position": 1.0, "Start date": "2016-10-16", "Video played to 50%": 0.0, "Video played to 75%": 0.0, "Campaign": "JXM | 1610105 1611013 1611026 1611062 1703048 1704017 1705015 1706010 1707028 1709054 | Search Desktop Only", "Conversions": 0.0, "Campaign ID": 682542681, "Interactions": 1924}, {"End date": "", "Invalid clicks": 489, "Unique cookies": "", "Cost": 404.95, "Avg. CPC": 0.126428, "Account ID": "5008396449", "Account Name": "VNG - PG1 - JXM", "Advertising Sub Channel": "Search Mobile App", "Campaign state": "enabled", "Video played to 100%": 0.0, "Interaction Types": ["Clicks"], "Campaign serving status": "eligible", "Date": "2017-06-03", "Interaction Rate": 12.62, "CTR": 12.62, "View rate": 0.0, "Avg. CPV": 0.0, "Avg. CPM": 15.958621, "Engagements": 0, "Avg. Cost": 0.126428, "Clicks": 3203, "Views": 0, "Avg. CPE": 0.0, "Video played to 25%": 0.0, "Bid Strategy Type": "Target CPA", "Impressions": 25375, "Advertising Channel": "Search", "Mapping": false, "Avg. position": 1.3, "Start date": "2016-10-16", "Video played to 50%": 0.0, "Video played to 75%": 0.0, "Campaign": "JXM | 1610105 1611013 1611026 1611062 1703048 1704016 1706008 1707026 1709039 | Search Google Play Store", "Conversions": 1026.0, "Campaign ID": 682545537, "Interactions": 3203}, {"End date": "", "Invalid clicks": 5031, "Unique cookies": "", "Cost": 1833.16822, "Avg. CPC": 0.046254, "Account ID": "5008396449", "Account Name": "VNG - PG1 - JXM", "Advertising Sub Channel": "", "Campaign state": "Total", "Video played to 100%": 7.25, "Interaction Types": "", "Campaign serving status": "", "Date": "2017-06-03", "Interaction Rate": 3.68, "CTR": 1.64, "View rate": 15.44, "Avg. CPV": 0.013814, "Avg. CPM": 0.757166, "Engagements": 16347, "Avg. Cost": 0.020587, "Clicks": 39633, "Views": 40881, "Avg. CPE": 0.034552, "Video played to 25%": 20.8, "Bid Strategy Type": "", "Impressions": 2421093, "Advertising Channel": "", "Mapping": false, "Avg. position": 1.0, "Start date": "", "Video played to 50%": 12.13, "Video played to 75%": 9.57, "Campaign": "", "Conversions": 2873.0, "Campaign ID": "", "Interactions": 89046}]