[{"Campaign state": "enabled", "Interaction Types": ["Clicks"], "Campaign serving status": "eligible", "Cost": 2.06, "Interactions": 186, "Avg. CPM": 5.322997, "Bid Strategy Type": "cpc", "Video played to 100%": 0.0, "Avg. CPE": 0.0, "Mapping": false, "Start date": "2016-11-01", "View rate": 0.0, "Account ID": "7539462658", "Avg. CPC": 0.011075, "Conversions": 8.0, "Video played to 75%": 0.0, "Impressions": 387, "Avg. position": 1.0, "Advertising Sub Channel": "", "Campaign ID": 690772046, "Avg. Cost": 0.011075, "Avg. CPV": 0.0, "Campaign": "Brand-term_Hi\u1ec7p Kh\u00e1ch H\u00e0nh-MOR", "Interaction Rate": 48.06, "Advertising Channel": "Search", "Video played to 50%": 0.0, "Date": "2017-08-03", "End date": "", "CTR": 48.06, "Video played to 25%": 0.0, "Engagements": 0, "Invalid clicks": 9, "Clicks": 186, "Views": 0, "Unique cookies": ""}, {"Campaign state": "enabled", "Interaction Types": ["Clicks"], "Campaign serving status": "eligible", "Cost": 0.49, "Interactions": 49, "Avg. CPM": 5.157895, "Bid Strategy Type": "cpc", "Video played to 100%": 0.0, "Avg. CPE": 0.0, "Mapping": false, "Start date": "2016-11-01", "View rate": 0.0, "Account ID": "7539462658", "Avg. CPC": 0.01, "Conversions": 4.0, "Video played to 75%": 0.0, "Impressions": 95, "Avg. position": 1.0, "Advertising Sub Channel": "", "Campaign ID": 690772049, "Avg. Cost": 0.01, "Avg. CPV": 0.0, "Campaign": "Brand-term_hkh-MOR", "Interaction Rate": 51.58, "Advertising Channel": "Search", "Video played to 50%": 0.0, "Date": "2017-08-03", "End date": "", "CTR": 51.58, "Video played to 25%": 0.0, "Engagements": 0, "Invalid clicks": 4, "Clicks": 49, "Views": 0, "Unique cookies": ""}, {"Campaign state": "Total", "Interaction Types": "", "Campaign serving status": "", "Cost": 2.55, "Interactions": 235, "Avg. CPM": 5.290456, "Bid Strategy Type": "", "Video played to 100%": 0.0, "Avg. CPE": 0.0, "Mapping": false, "Start date": "", "View rate": 0.0, "Account ID": "7539462658", "Avg. CPC": 0.010851, "Conversions": 12.0, "Video played to 75%": 0.0, "Impressions": 482, "Avg. position": 1.0, "Advertising Sub Channel": "", "Campaign ID": "", "Avg. Cost": 0.010851, "Avg. CPV": 0.0, "Campaign": "", "Interaction Rate": 48.76, "Advertising Channel": "", "Video played to 50%": 0.0, "Date": "2017-08-03", "End date": "", "CTR": 48.76, "Video played to 25%": 0.0, "Engagements": 0, "Invalid clicks": 13, "Clicks": 235, "Views": 0, "Unique cookies": ""}]