[{"Account ID": "9001610198", "Avg. CPM": 7.2103, "Advertising Channel": "Search", "Avg. CPV": 0.0, "Avg. Cost": 0.028475, "Cost": 1.68, "Campaign state": "paused", "Video played to 50%": 0.0, "Start date": "2017-07-22", "Video played to 100%": 0.0, "Interaction Rate": 25.32, "View rate": 0.0, "Advertising Sub Channel": "", "Unique cookies": "", "Interaction Types": ["Clicks"], "Campaign serving status": "eligible", "Mapping": false, "Video played to 75%": 0.0, "Conversions": 0.0, "Impressions": 233, "Interactions": 59, "Date": "2017-08-01", "Avg. CPE": 0.0, "Invalid clicks": 1, "Avg. position": 1.4, "End date": "", "Engagements": 0, "Views": 0, "Campaign": "\"TNUH|261|1707095 1707055|ALL|SEM| General Keywords \"\"\u0110\u1ed5i Ads\"\"\"", "Clicks": 59, "CTR": 25.32, "Video played to 25%": 0.0, "Campaign ID": 891540622, "Bid Strategy Type": "cpc", "Avg. CPC": 0.028475}, {"Account ID": "9001610198", "Avg. CPM": 5.151515, "Advertising Channel": "Search", "Avg. CPV": 0.0, "Avg. Cost": 0.034, "Cost": 0.17, "Campaign state": "paused", "Video played to 50%": 0.0, "Start date": "2017-07-22", "Video played to 100%": 0.0, "Interaction Rate": 15.15, "View rate": 0.0, "Advertising Sub Channel": "", "Unique cookies": "", "Interaction Types": ["Clicks"], "Campaign serving status": "eligible", "Mapping": false, "Video played to 75%": 0.0, "Conversions": 0.0, "Impressions": 33, "Interactions": 5, "Date": "2017-08-01", "Avg. CPE": 0.0, "Invalid clicks": 0, "Avg. position": 1.2, "End date": "", "Engagements": 0, "Views": 0, "Campaign": "\"TNUH|261|1707095 1707055|ALL|SEM| Action Keywords + \"\"exact match\"\" \"\"\u0110\u1ed5i Ads\"\"\"", "Clicks": 5, "CTR": 15.15, "Video played to 25%": 0.0, "Campaign ID": 892480959, "Bid Strategy Type": "cpc", "Avg. CPC": 0.034}, {"Account ID": "9001610198", "Avg. CPM": 6.923077, "Advertising Channel": "Search", "Avg. CPV": 0.0, "Avg. Cost": 0.01125, "Cost": 0.09, "Campaign state": "paused", "Video played to 50%": 0.0, "Start date": "2017-07-22", "Video played to 100%": 0.0, "Interaction Rate": 61.54, "View rate": 0.0, "Advertising Sub Channel": "", "Unique cookies": "", "Interaction Types": ["Clicks"], "Campaign serving status": "eligible", "Mapping": false, "Video played to 75%": 0.0, "Conversions": 0.0, "Impressions": 13, "Interactions": 8, "Date": "2017-08-01", "Avg. CPE": 0.0, "Invalid clicks": 0, "Avg. position": 1.2, "End date": "", "Engagements": 0, "Views": 0, "Campaign": "\"TNUH|261|1707095 1707055|ALL||SEM| Mobile Keywords + \"\"exact match\"\" \"\"\u0110\u1ed5i Ads\"\"\"", "Clicks": 8, "CTR": 61.54, "Video played to 25%": 0.0, "Campaign ID": 891540628, "Bid Strategy Type": "cpc", "Avg. CPC": 0.01125}, {"Account ID": "9001610198", "Avg. CPM": 7.391304, "Advertising Channel": "Search", "Avg. CPV": 0.0, "Avg. Cost": 0.024286, "Cost": 0.17, "Campaign state": "paused", "Video played to 50%": 0.0, "Start date": "2017-07-22", "Video played to 100%": 0.0, "Interaction Rate": 30.43, "View rate": 0.0, "Advertising Sub Channel": "", "Unique cookies": "", "Interaction Types": ["Clicks"], "Campaign serving status": "eligible", "Mapping": false, "Video played to 75%": 0.0, "Conversions": 0.0, "Impressions": 23, "Interactions": 7, "Date": "2017-08-01", "Avg. CPE": 0.0, "Invalid clicks": 0, "Avg. position": 1.5, "End date": "", "Engagements": 0, "Views": 0, "Campaign": "\"TNUH|261|1707095 1707055|ALL|SEM| Action Keywords + \"\"Broad match\"\" \"\"\u0110\u1ed5i Ads\"\"\"", "Clicks": 7, "CTR": 30.43, "Video played to 25%": 0.0, "Campaign ID": 891540619, "Bid Strategy Type": "cpc", "Avg. CPC": 0.024286}, {"Account ID": "9001610198", "Avg. CPM": 3.75, "Advertising Channel": "Search", "Avg. CPV": 0.0, "Avg. Cost": 0.016667, "Cost": 0.15, "Campaign state": "paused", "Video played to 50%": 0.0, "Start date": "2017-07-22", "Video played to 100%": 0.0, "Interaction Rate": 22.5, "View rate": 0.0, "Advertising Sub Channel": "", "Unique cookies": "", "Interaction Types": ["Clicks"], "Campaign serving status": "eligible", "Mapping": false, "Video played to 75%": 0.0, "Conversions": 0.0, "Impressions": 40, "Interactions": 9, "Date": "2017-08-01", "Avg. CPE": 0.0, "Invalid clicks": 0, "Avg. position": 1.2, "End date": "", "Engagements": 0, "Views": 0, "Campaign": "\"TNUH|261|1707095 1707055|ALL|SEM| N\u1ea1p Th\u1ebb \"\"\u0110\u1ed5i Ads\"\"\"", "Clicks": 9, "CTR": 22.5, "Video played to 25%": 0.0, "Campaign ID": 891540610, "Bid Strategy Type": "cpc", "Avg. CPC": 0.016667}, {"Account ID": "9001610198", "Avg. CPM": 6.363636, "Advertising Channel": "Search", "Avg. CPV": 0.0, "Avg. Cost": 0.012727, "Cost": 0.14, "Campaign state": "paused", "Video played to 50%": 0.0, "Start date": "2017-07-22", "Video played to 100%": 0.0, "Interaction Rate": 50.0, "View rate": 0.0, "Advertising Sub Channel": "", "Unique cookies": "", "Interaction Types": ["Clicks"], "Campaign serving status": "eligible", "Mapping": false, "Video played to 75%": 0.0, "Conversions": 0.0, "Impressions": 22, "Interactions": 11, "Date": "2017-08-01", "Avg. CPE": 0.0, "Invalid clicks": 0, "Avg. position": 1.3, "End date": "", "Engagements": 0, "Views": 0, "Campaign": "\"TNUH|261|1707095 1707055|ALL|SEM| Branding \"\"\u0110\u1ed5i Ads\"\"\"", "Clicks": 11, "CTR": 50.0, "Video played to 25%": 0.0, "Campaign ID": 891540613, "Bid Strategy Type": "cpc", "Avg. CPC": 0.012727}, {"Account ID": "9001610198", "Avg. CPM": 5.445975, "Advertising Channel": "Search", "Avg. CPV": 0.0, "Avg. Cost": 0.020919, "Cost": 7.51, "Campaign state": "paused", "Video played to 50%": 0.0, "Start date": "2017-07-22", "Video played to 100%": 0.0, "Interaction Rate": 26.03, "View rate": 0.0, "Advertising Sub Channel": "", "Unique cookies": "", "Interaction Types": ["Clicks"], "Campaign serving status": "eligible", "Mapping": false, "Video played to 75%": 0.0, "Conversions": 0.0, "Impressions": 1379, "Interactions": 359, "Date": "2017-08-01", "Avg. CPE": 0.0, "Invalid clicks": 5, "Avg. position": 1.4, "End date": "", "Engagements": 0, "Views": 0, "Campaign": "\"TNUH|261|1707095 1707055|ALL|SEM| Mobile Keywords + \"\"Broad match\"\" \"\"\u0110\u1ed5i Ads\"\"\"", "Clicks": 359, "CTR": 26.03, "Video played to 25%": 0.0, "Campaign ID": 892480926, "Bid Strategy Type": "cpc", "Avg. CPC": 0.020919}, {"Account ID": "9001610198", "Avg. CPM": 5.6856, "Advertising Channel": "", "Avg. CPV": 0.0, "Avg. Cost": 0.021638, "Cost": 9.91, "Campaign state": "Total", "Video played to 50%": 0.0, "Start date": "", "Video played to 100%": 0.0, "Interaction Rate": 26.28, "View rate": 0.0, "Advertising Sub Channel": "", "Unique cookies": "", "Interaction Types": "", "Campaign serving status": "", "Mapping": false, "Video played to 75%": 0.0, "Conversions": 0.0, "Impressions": 1743, "Interactions": 458, "Date": "2017-08-01", "Avg. CPE": 0.0, "Invalid clicks": 6, "Avg. position": 1.4, "End date": "", "Engagements": 0, "Views": 0, "Campaign": "", "Clicks": 458, "CTR": 26.28, "Video played to 25%": 0.0, "Campaign ID": "", "Bid Strategy Type": "", "Avg. CPC": 0.021638}]