[{"Campaign state": "enabled", "Interaction Types": ["Clicks"], "Campaign serving status": "eligible", "Cost": 19.51, "Interactions": 168, "Avg. CPM": 20.601901, "Bid Strategy Type": "cpc", "Video played to 100%": 0.0, "Avg. CPE": 0.0, "Mapping": false, "Start date": "2015-06-08", "View rate": 0.0, "Account ID": "1033505012", "Avg. CPC": 0.116131, "Conversions": 28.0, "Video played to 75%": 0.0, "Impressions": 947, "Avg. position": 1.7, "Advertising Sub Channel": "", "Campaign ID": 260084084, "Avg. Cost": 0.116131, "Avg. CPV": 0.0, "Campaign": "Gen-term_FH-Game-Phrase-MOR", "Interaction Rate": 17.74, "Advertising Channel": "Search", "Video played to 50%": 0.0, "Date": "2017-08-03", "End date": "", "CTR": 17.74, "Video played to 25%": 0.0, "Engagements": 0, "Invalid clicks": 12, "Clicks": 168, "Views": 0, "Unique cookies": ""}, {"Campaign state": "enabled", "Interaction Types": ["Clicks"], "Campaign serving status": "eligible", "Cost": 15.29, "Interactions": 97, "Avg. CPM": 30.702811, "Bid Strategy Type": "cpc", "Video played to 100%": 0.0, "Avg. CPE": 0.0, "Mapping": false, "Start date": "2015-06-08", "View rate": 0.0, "Account ID": "1033505012", "Avg. CPC": 0.157629, "Conversions": 33.0, "Video played to 75%": 0.0, "Impressions": 498, "Avg. position": 1.4, "Advertising Sub Channel": "", "Campaign ID": 260086124, "Avg. Cost": 0.157629, "Avg. CPV": 0.0, "Campaign": "Gen-term_MT-Game-Exact-MOR", "Interaction Rate": 19.48, "Advertising Channel": "Search", "Video played to 50%": 0.0, "Date": "2017-08-03", "End date": "", "CTR": 19.48, "Video played to 25%": 0.0, "Engagements": 0, "Invalid clicks": 7, "Clicks": 97, "Views": 0, "Unique cookies": ""}, {"Campaign state": "enabled", "Interaction Types": ["Clicks"], "Campaign serving status": "eligible", "Cost": 1.26, "Interactions": 8, "Avg. CPM": 28.0, "Bid Strategy Type": "cpc", "Video played to 100%": 0.0, "Avg. CPE": 0.0, "Mapping": false, "Start date": "2015-06-08", "View rate": 0.0, "Account ID": "1033505012", "Avg. CPC": 0.1575, "Conversions": 3.0, "Video played to 75%": 0.0, "Impressions": 45, "Avg. position": 1.8, "Advertising Sub Channel": "", "Campaign ID": 260088764, "Avg. Cost": 0.1575, "Avg. CPV": 0.0, "Campaign": "Gen-term_MT-GO-Exact-MOR", "Interaction Rate": 17.78, "Advertising Channel": "Search", "Video played to 50%": 0.0, "Date": "2017-08-03", "End date": "", "CTR": 17.78, "Video played to 25%": 0.0, "Engagements": 0, "Invalid clicks": 0, "Clicks": 8, "Views": 0, "Unique cookies": ""}, {"Campaign state": "enabled", "Interaction Types": ["Clicks"], "Campaign serving status": "eligible", "Cost": 0.62, "Interactions": 4, "Avg. CPM": 17.222222, "Bid Strategy Type": "cpc", "Video played to 100%": 0.0, "Avg. CPE": 0.0, "Mapping": false, "Start date": "2015-06-08", "View rate": 0.0, "Account ID": "1033505012", "Avg. CPC": 0.155, "Conversions": 1.0, "Video played to 75%": 0.0, "Impressions": 36, "Avg. position": 1.9, "Advertising Sub Channel": "", "Campaign ID": 260114804, "Avg. Cost": 0.155, "Avg. CPV": 0.0, "Campaign": "Gen-term_MT-WG-Exact-MOR", "Interaction Rate": 11.11, "Advertising Channel": "Search", "Video played to 50%": 0.0, "Date": "2017-08-03", "End date": "", "CTR": 11.11, "Video played to 25%": 0.0, "Engagements": 0, "Invalid clicks": 0, "Clicks": 4, "Views": 0, "Unique cookies": ""}, {"Campaign state": "enabled", "Interaction Types": ["Clicks"], "Campaign serving status": "eligible", "Cost": 0.53, "Interactions": 15, "Avg. CPM": 7.361111, "Bid Strategy Type": "cpc", "Video played to 100%": 0.0, "Avg. CPE": 0.0, "Mapping": false, "Start date": "2017-07-10", "View rate": 0.0, "Account ID": "1033505012", "Avg. CPC": 0.035333, "Conversions": 3.0, "Video played to 75%": 0.0, "Impressions": 72, "Avg. position": 1.8, "Advertising Sub Channel": "", "Campaign ID": 877338628, "Avg. Cost": 0.035333, "Avg. CPV": 0.0, "Campaign": "Brand-term_Chinh-do", "Interaction Rate": 20.83, "Advertising Channel": "Search", "Video played to 50%": 0.0, "Date": "2017-08-03", "End date": "", "CTR": 20.83, "Video played to 25%": 0.0, "Engagements": 0, "Invalid clicks": 2, "Clicks": 15, "Views": 0, "Unique cookies": ""}, {"Campaign state": "enabled", "Interaction Types": ["Clicks"], "Campaign serving status": "eligible", "Cost": 1.62, "Interactions": 18, "Avg. CPM": 16.530612, "Bid Strategy Type": "cpc", "Video played to 100%": 0.0, "Avg. CPE": 0.0, "Mapping": false, "Start date": "2015-06-08", "View rate": 0.0, "Account ID": "1033505012", "Avg. CPC": 0.09, "Conversions": 5.0, "Video played to 75%": 0.0, "Impressions": 98, "Avg. position": 1.1, "Advertising Sub Channel": "", "Campaign ID": 260085644, "Avg. Cost": 0.09, "Avg. CPV": 0.0, "Campaign": "Gen-term_FH-GO-Phrase-MOR", "Interaction Rate": 18.37, "Advertising Channel": "Search", "Video played to 50%": 0.0, "Date": "2017-08-03", "End date": "", "CTR": 18.37, "Video played to 25%": 0.0, "Engagements": 0, "Invalid clicks": 4, "Clicks": 18, "Views": 0, "Unique cookies": ""}, {"Campaign state": "enabled", "Interaction Types": ["Clicks"], "Campaign serving status": "eligible", "Cost": 0.23, "Interactions": 2, "Avg. CPM": 57.5, "Bid Strategy Type": "cpc", "Video played to 100%": 0.0, "Avg. CPE": 0.0, "Mapping": false, "Start date": "2015-06-08", "View rate": 0.0, "Account ID": "1033505012", "Avg. CPC": 0.115, "Conversions": 1.0, "Video played to 75%": 0.0, "Impressions": 4, "Avg. position": 2.0, "Advertising Sub Channel": "", "Campaign ID": 260087684, "Avg. Cost": 0.115, "Avg. CPV": 0.0, "Campaign": "Gen-term_LT-GO-Exact-MOR", "Interaction Rate": 50.0, "Advertising Channel": "Search", "Video played to 50%": 0.0, "Date": "2017-08-03", "End date": "", "CTR": 50.0, "Video played to 25%": 0.0, "Engagements": 0, "Invalid clicks": 0, "Clicks": 2, "Views": 0, "Unique cookies": ""}, {"Campaign state": "enabled", "Interaction Types": ["Clicks"], "Campaign serving status": "eligible", "Cost": 1.53, "Interactions": 8, "Avg. CPM": 23.90625, "Bid Strategy Type": "cpc", "Video played to 100%": 0.0, "Avg. CPE": 0.0, "Mapping": false, "Start date": "2015-06-08", "View rate": 0.0, "Account ID": "1033505012", "Avg. CPC": 0.19125, "Conversions": 1.0, "Video played to 75%": 0.0, "Impressions": 64, "Avg. position": 1.7, "Advertising Sub Channel": "", "Campaign ID": 260089124, "Avg. Cost": 0.19125, "Avg. CPV": 0.0, "Campaign": "Gen-term_FH-GTT-Exact-MOR", "Interaction Rate": 12.5, "Advertising Channel": "Search", "Video played to 50%": 0.0, "Date": "2017-08-03", "End date": "", "CTR": 12.5, "Video played to 25%": 0.0, "Engagements": 0, "Invalid clicks": 0, "Clicks": 8, "Views": 0, "Unique cookies": ""}, {"Campaign state": "enabled", "Interaction Types": ["Clicks"], "Campaign serving status": "eligible", "Cost": 0.45, "Interactions": 3, "Avg. CPM": 16.666667, "Bid Strategy Type": "cpc", "Video played to 100%": 0.0, "Avg. CPE": 0.0, "Mapping": false, "Start date": "2015-06-08", "View rate": 0.0, "Account ID": "1033505012", "Avg. CPC": 0.15, "Conversions": 2.0, "Video played to 75%": 0.0, "Impressions": 27, "Avg. position": 1.7, "Advertising Sub Channel": "", "Campaign ID": 260112764, "Avg. Cost": 0.15, "Avg. CPV": 0.0, "Campaign": "Gen-term_FH-WG-Phrase-MOR", "Interaction Rate": 11.11, "Advertising Channel": "Search", "Video played to 50%": 0.0, "Date": "2017-08-03", "End date": "", "CTR": 11.11, "Video played to 25%": 0.0, "Engagements": 0, "Invalid clicks": 0, "Clicks": 3, "Views": 0, "Unique cookies": ""}, {"Campaign state": "enabled", "Interaction Types": ["Clicks"], "Campaign serving status": "eligible", "Cost": 120.93, "Interactions": 1289, "Avg. CPM": 18.242571, "Bid Strategy Type": "cpc", "Video played to 100%": 0.0, "Avg. CPE": 0.0, "Mapping": false, "Start date": "2015-06-08", "View rate": 0.0, "Account ID": "1033505012", "Avg. CPC": 0.093817, "Conversions": 195.0, "Video played to 75%": 0.0, "Impressions": 6629, "Avg. position": 1.4, "Advertising Sub Channel": "", "Campaign ID": 260112884, "Avg. Cost": 0.093817, "Avg. CPV": 0.0, "Campaign": "Gen-term_FH-WG-BM-MOR", "Interaction Rate": 19.44, "Advertising Channel": "Search", "Video played to 50%": 0.0, "Date": "2017-08-03", "End date": "", "CTR": 19.44, "Video played to 25%": 0.0, "Engagements": 0, "Invalid clicks": 113, "Clicks": 1289, "Views": 0, "Unique cookies": ""}, {"Campaign state": "enabled", "Interaction Types": ["Clicks"], "Campaign serving status": "eligible", "Cost": 16.22, "Interactions": 120, "Avg. CPM": 26.546645, "Bid Strategy Type": "cpc", "Video played to 100%": 0.0, "Avg. CPE": 0.0, "Mapping": false, "Start date": "2015-06-08", "View rate": 0.0, "Account ID": "1033505012", "Avg. CPC": 0.135167, "Conversions": 36.0, "Video played to 75%": 0.0, "Impressions": 611, "Avg. position": 1.5, "Advertising Sub Channel": "", "Campaign ID": 260113484, "Avg. Cost": 0.135167, "Avg. CPV": 0.0, "Campaign": "Gen-term_FH-WG-BMM-MOR", "Interaction Rate": 19.64, "Advertising Channel": "Search", "Video played to 50%": 0.0, "Date": "2017-08-03", "End date": "", "CTR": 19.64, "Video played to 25%": 0.0, "Engagements": 0, "Invalid clicks": 10, "Clicks": 120, "Views": 0, "Unique cookies": ""}, {"Campaign state": "enabled", "Interaction Types": ["Clicks"], "Campaign serving status": "eligible", "Cost": 5.9, "Interactions": 105, "Avg. CPM": 11.411992, "Bid Strategy Type": "cpc", "Video played to 100%": 0.0, "Avg. CPE": 0.0, "Mapping": false, "Start date": "2016-08-04", "View rate": 0.0, "Account ID": "1033505012", "Avg. CPC": 0.05619, "Conversions": 21.0, "Video played to 75%": 0.0, "Impressions": 517, "Avg. position": 1.4, "Advertising Sub Channel": "", "Campaign ID": 637556576, "Avg. Cost": 0.05619, "Avg. CPV": 0.0, "Campaign": "Brand-term_Kiem-Vu", "Interaction Rate": 20.31, "Advertising Channel": "Search", "Video played to 50%": 0.0, "Date": "2017-08-03", "End date": "", "CTR": 20.31, "Video played to 25%": 0.0, "Engagements": 0, "Invalid clicks": 10, "Clicks": 105, "Views": 0, "Unique cookies": ""}, {"Campaign state": "enabled", "Interaction Types": ["Clicks"], "Campaign serving status": "eligible", "Cost": 28.14, "Interactions": 325, "Avg. CPM": 20.465455, "Bid Strategy Type": "cpc", "Video played to 100%": 0.0, "Avg. CPE": 0.0, "Mapping": false, "Start date": "2016-08-30", "View rate": 0.0, "Account ID": "1033505012", "Avg. CPC": 0.086585, "Conversions": 72.0, "Video played to 75%": 0.0, "Impressions": 1375, "Avg. position": 1.1, "Advertising Sub Channel": "", "Campaign ID": 651551927, "Avg. Cost": 0.086585, "Avg. CPV": 0.0, "Campaign": "Brand-term_MUdts", "Interaction Rate": 23.64, "Advertising Channel": "Search", "Video played to 50%": 0.0, "Date": "2017-08-03", "End date": "", "CTR": 23.64, "Video played to 25%": 0.0, "Engagements": 0, "Invalid clicks": 21, "Clicks": 325, "Views": 0, "Unique cookies": ""}, {"Campaign state": "enabled", "Interaction Types": ["Clicks"], "Campaign serving status": "eligible", "Cost": 10.46, "Interactions": 81, "Avg. CPM": 28.975069, "Bid Strategy Type": "cpc", "Video played to 100%": 0.0, "Avg. CPE": 0.0, "Mapping": false, "Start date": "2015-06-08", "View rate": 0.0, "Account ID": "1033505012", "Avg. CPC": 0.129136, "Conversions": 32.0, "Video played to 75%": 0.0, "Impressions": 361, "Avg. position": 1.3, "Advertising Sub Channel": "", "Campaign ID": 260112164, "Avg. Cost": 0.129136, "Avg. CPV": 0.0, "Campaign": "Gen-term_FH-WG-Exact-MOR", "Interaction Rate": 22.44, "Advertising Channel": "Search", "Video played to 50%": 0.0, "Date": "2017-08-03", "End date": "", "CTR": 22.44, "Video played to 25%": 0.0, "Engagements": 0, "Invalid clicks": 4, "Clicks": 81, "Views": 0, "Unique cookies": ""}, {"Campaign state": "enabled", "Interaction Types": ["Clicks"], "Campaign serving status": "eligible", "Cost": 201.11, "Interactions": 7327, "Avg. CPM": 10.448358, "Bid Strategy Type": "cpc", "Video played to 100%": 0.0, "Avg. CPE": 0.0, "Mapping": false, "Start date": "2017-03-31", "View rate": 0.0, "Account ID": "1033505012", "Avg. CPC": 0.027448, "Conversions": 956.0, "Video played to 75%": 0.0, "Impressions": 19248, "Avg. position": 1.0, "Advertising Sub Channel": "", "Campaign ID": 792716395, "Avg. Cost": 0.027448, "Avg. CPV": 0.0, "Campaign": "Brand-term_Gunny", "Interaction Rate": 38.07, "Advertising Channel": "Search", "Video played to 50%": 0.0, "Date": "2017-08-03", "End date": "", "CTR": 38.07, "Video played to 25%": 0.0, "Engagements": 0, "Invalid clicks": 1435, "Clicks": 7327, "Views": 0, "Unique cookies": ""}, {"Campaign state": "enabled", "Interaction Types": ["Clicks"], "Campaign serving status": "eligible", "Cost": 160.37, "Interactions": 2522, "Avg. CPM": 17.708701, "Bid Strategy Type": "cpc", "Video played to 100%": 0.0, "Avg. CPE": 0.0, "Mapping": false, "Start date": "2017-06-26", "View rate": 0.0, "Account ID": "1033505012", "Avg. CPC": 0.063588, "Conversions": 167.0, "Video played to 75%": 0.0, "Impressions": 9056, "Avg. position": 1.0, "Advertising Sub Channel": "", "Campaign ID": 868336773, "Avg. Cost": 0.063588, "Avg. CPV": 0.0, "Campaign": "Brand-term_Thoi-loan", "Interaction Rate": 27.85, "Advertising Channel": "Search", "Video played to 50%": 0.0, "Date": "2017-08-03", "End date": "", "CTR": 27.85, "Video played to 25%": 0.0, "Engagements": 0, "Invalid clicks": 520, "Clicks": 2522, "Views": 0, "Unique cookies": ""}, {"Campaign state": "enabled", "Interaction Types": ["Clicks"], "Campaign serving status": "eligible", "Cost": 12.9, "Interactions": 358, "Avg. CPM": 11.305872, "Bid Strategy Type": "cpc", "Video played to 100%": 0.0, "Avg. CPE": 0.0, "Mapping": false, "Start date": "2017-07-11", "View rate": 0.0, "Account ID": "1033505012", "Avg. CPC": 0.036034, "Conversions": 51.0, "Video played to 75%": 0.0, "Impressions": 1141, "Avg. position": 1.0, "Advertising Sub Channel": "", "Campaign ID": 879391568, "Avg. Cost": 0.036034, "Avg. CPV": 0.0, "Campaign": "Brand-term_Ngoa-Long", "Interaction Rate": 31.38, "Advertising Channel": "Search", "Video played to 50%": 0.0, "Date": "2017-08-03", "End date": "", "CTR": 31.38, "Video played to 25%": 0.0, "Engagements": 0, "Invalid clicks": 9, "Clicks": 358, "Views": 0, "Unique cookies": ""}, {"Campaign state": "enabled", "Interaction Types": ["Clicks"], "Campaign serving status": "eligible", "Cost": 23.19, "Interactions": 201, "Avg. CPM": 15.949106, "Bid Strategy Type": "cpc", "Video played to 100%": 0.0, "Avg. CPE": 0.0, "Mapping": false, "Start date": "2015-06-08", "View rate": 0.0, "Account ID": "1033505012", "Avg. CPC": 0.115373, "Conversions": 46.0, "Video played to 75%": 0.0, "Impressions": 1454, "Avg. position": 1.8, "Advertising Sub Channel": "", "Campaign ID": 260083484, "Avg. Cost": 0.115373, "Avg. CPV": 0.0, "Campaign": "Gen-term_FH-Game-Exact-MOR", "Interaction Rate": 13.82, "Advertising Channel": "Search", "Video played to 50%": 0.0, "Date": "2017-08-03", "End date": "", "CTR": 13.82, "Video played to 25%": 0.0, "Engagements": 0, "Invalid clicks": 12, "Clicks": 201, "Views": 0, "Unique cookies": ""}, {"Campaign state": "enabled", "Interaction Types": ["Clicks"], "Campaign serving status": "eligible", "Cost": 0.25, "Interactions": 4, "Avg. CPM": 20.833333, "Bid Strategy Type": "cpc", "Video played to 100%": 0.0, "Avg. CPE": 0.0, "Mapping": false, "Start date": "2015-06-08", "View rate": 0.0, "Account ID": "1033505012", "Avg. CPC": 0.0625, "Conversions": 0.0, "Video played to 75%": 0.0, "Impressions": 12, "Avg. position": 2.4, "Advertising Sub Channel": "", "Campaign ID": 260089844, "Avg. Cost": 0.0625, "Avg. CPV": 0.0, "Campaign": "Gen-term_FH-GTT-BM-MOR", "Interaction Rate": 33.33, "Advertising Channel": "Search", "Video played to 50%": 0.0, "Date": "2017-08-03", "End date": "", "CTR": 33.33, "Video played to 25%": 0.0, "Engagements": 0, "Invalid clicks": 0, "Clicks": 4, "Views": 0, "Unique cookies": ""}, {"Campaign state": "enabled", "Interaction Types": ["Clicks"], "Campaign serving status": "eligible", "Cost": 4.06, "Interactions": 133, "Avg. CPM": 11.032609, "Bid Strategy Type": "cpc", "Video played to 100%": 0.0, "Avg. CPE": 0.0, "Mapping": false, "Start date": "2016-08-04", "View rate": 0.0, "Account ID": "1033505012", "Avg. CPC": 0.030526, "Conversions": 16.0, "Video played to 75%": 0.0, "Impressions": 368, "Avg. position": 1.0, "Advertising Sub Channel": "", "Campaign ID": 637694769, "Avg. Cost": 0.030526, "Avg. CPV": 0.0, "Campaign": "Brand-term_Thien-Long-Bat-Bo", "Interaction Rate": 36.14, "Advertising Channel": "Search", "Video played to 50%": 0.0, "Date": "2017-08-03", "End date": "", "CTR": 36.14, "Video played to 25%": 0.0, "Engagements": 0, "Invalid clicks": 5, "Clicks": 133, "Views": 0, "Unique cookies": ""}, {"Campaign state": "enabled", "Interaction Types": ["Clicks"], "Campaign serving status": "eligible", "Cost": 0.91, "Interactions": 59, "Avg. CPM": 8.053097, "Bid Strategy Type": "cpc", "Video played to 100%": 0.0, "Avg. CPE": 0.0, "Mapping": false, "Start date": "2017-06-26", "View rate": 0.0, "Account ID": "1033505012", "Avg. CPC": 0.015424, "Conversions": 11.0, "Video played to 75%": 0.0, "Impressions": 113, "Avg. position": 1.0, "Advertising Sub Channel": "", "Campaign ID": 867418735, "Avg. Cost": 0.015424, "Avg. CPV": 0.0, "Campaign": "Brand-term_Hiep-Khach-Hanh", "Interaction Rate": 52.21, "Advertising Channel": "Search", "Video played to 50%": 0.0, "Date": "2017-08-03", "End date": "", "CTR": 52.21, "Video played to 25%": 0.0, "Engagements": 0, "Invalid clicks": 3, "Clicks": 59, "Views": 0, "Unique cookies": ""}, {"Campaign state": "enabled", "Interaction Types": ["Clicks"], "Campaign serving status": "eligible", "Cost": 93.19, "Interactions": 851, "Avg. CPM": 17.263801, "Bid Strategy Type": "cpc", "Video played to 100%": 0.0, "Avg. CPE": 0.0, "Mapping": false, "Start date": "2015-06-08", "View rate": 0.0, "Account ID": "1033505012", "Avg. CPC": 0.109506, "Conversions": 139.0, "Video played to 75%": 0.0, "Impressions": 5398, "Avg. position": 1.5, "Advertising Sub Channel": "", "Campaign ID": 260084204, "Avg. Cost": 0.109506, "Avg. CPV": 0.0, "Campaign": "Gen-term_FH-Game-BM-MOR", "Interaction Rate": 15.77, "Advertising Channel": "Search", "Video played to 50%": 0.0, "Date": "2017-08-03", "End date": "", "CTR": 15.77, "Video played to 25%": 0.0, "Engagements": 0, "Invalid clicks": 104, "Clicks": 851, "Views": 0, "Unique cookies": ""}, {"Campaign state": "enabled", "Interaction Types": ["Clicks"], "Campaign serving status": "eligible", "Cost": 19.82, "Interactions": 162, "Avg. CPM": 23.262911, "Bid Strategy Type": "cpc", "Video played to 100%": 0.0, "Avg. CPE": 0.0, "Mapping": false, "Start date": "2015-06-08", "View rate": 0.0, "Account ID": "1033505012", "Avg. CPC": 0.122346, "Conversions": 46.0, "Video played to 75%": 0.0, "Impressions": 852, "Avg. position": 1.1, "Advertising Sub Channel": "", "Campaign ID": 260085044, "Avg. Cost": 0.122346, "Avg. CPV": 0.0, "Campaign": "Gen-term_FH-GO-Exact-MOR", "Interaction Rate": 19.01, "Advertising Channel": "Search", "Video played to 50%": 0.0, "Date": "2017-08-03", "End date": "", "CTR": 19.01, "Video played to 25%": 0.0, "Engagements": 0, "Invalid clicks": 17, "Clicks": 162, "Views": 0, "Unique cookies": ""}, {"Campaign state": "enabled", "Interaction Types": ["Clicks"], "Campaign serving status": "eligible", "Cost": 0.35, "Interactions": 3, "Avg. CPM": 25.0, "Bid Strategy Type": "cpc", "Video played to 100%": 0.0, "Avg. CPE": 0.0, "Mapping": false, "Start date": "2015-06-08", "View rate": 0.0, "Account ID": "1033505012", "Avg. CPC": 0.116667, "Conversions": 0.0, "Video played to 75%": 0.0, "Impressions": 14, "Avg. position": 1.9, "Advertising Sub Channel": "", "Campaign ID": 260099204, "Avg. Cost": 0.116667, "Avg. CPV": 0.0, "Campaign": "Gen-term_FH-PCG-BM-MOR", "Interaction Rate": 21.43, "Advertising Channel": "Search", "Video played to 50%": 0.0, "Date": "2017-08-03", "End date": "", "CTR": 21.43, "Video played to 25%": 0.0, "Engagements": 0, "Invalid clicks": 1, "Clicks": 3, "Views": 0, "Unique cookies": ""}, {"Campaign state": "enabled", "Interaction Types": ["Clicks"], "Campaign serving status": "eligible", "Cost": 354.82, "Interactions": 7271, "Avg. CPM": 6.118325, "Bid Strategy Type": "cpc", "Video played to 100%": 0.0, "Avg. CPE": 0.0, "Mapping": false, "Start date": "2016-08-18", "View rate": 0.0, "Account ID": "1033505012", "Avg. CPC": 0.048799, "Conversions": 1048.0, "Video played to 75%": 0.0, "Impressions": 57993, "Avg. position": 2.4, "Advertising Sub Channel": "", "Campaign ID": 645195815, "Avg. Cost": 0.048799, "Avg. CPV": 0.0, "Campaign": "Brand-term_360Game", "Interaction Rate": 12.54, "Advertising Channel": "Search", "Video played to 50%": 0.0, "Date": "2017-08-03", "End date": "", "CTR": 12.54, "Video played to 25%": 0.0, "Engagements": 0, "Invalid clicks": 378, "Clicks": 7271, "Views": 0, "Unique cookies": ""}, {"Campaign state": "enabled", "Interaction Types": ["Clicks"], "Campaign serving status": "eligible", "Cost": 6.37, "Interactions": 66, "Avg. CPM": 10.723906, "Bid Strategy Type": "cpc", "Video played to 100%": 0.0, "Avg. CPE": 0.0, "Mapping": false, "Start date": "2015-06-08", "View rate": 0.0, "Account ID": "1033505012", "Avg. CPC": 0.096515, "Conversions": 9.0, "Video played to 75%": 0.0, "Impressions": 594, "Avg. position": 1.9, "Advertising Sub Channel": "", "Campaign ID": 260085404, "Avg. Cost": 0.096515, "Avg. CPV": 0.0, "Campaign": "Gen-term_FH-GO-BMM-MOR", "Interaction Rate": 11.11, "Advertising Channel": "Search", "Video played to 50%": 0.0, "Date": "2017-08-03", "End date": "", "CTR": 11.11, "Video played to 25%": 0.0, "Engagements": 0, "Invalid clicks": 6, "Clicks": 66, "Views": 0, "Unique cookies": ""}, {"Campaign state": "enabled", "Interaction Types": ["Clicks"], "Campaign serving status": "eligible", "Cost": 4.21, "Interactions": 27, "Avg. CPM": 43.854167, "Bid Strategy Type": "cpc", "Video played to 100%": 0.0, "Avg. CPE": 0.0, "Mapping": false, "Start date": "2015-06-08", "View rate": 0.0, "Account ID": "1033505012", "Avg. CPC": 0.155926, "Conversions": 14.0, "Video played to 75%": 0.0, "Impressions": 96, "Avg. position": 1.5, "Advertising Sub Channel": "", "Campaign ID": 260086724, "Avg. Cost": 0.155926, "Avg. CPV": 0.0, "Campaign": "Gen-term_MT-Game-Phrase-MOR", "Interaction Rate": 28.12, "Advertising Channel": "Search", "Video played to 50%": 0.0, "Date": "2017-08-03", "End date": "", "CTR": 28.12, "Video played to 25%": 0.0, "Engagements": 0, "Invalid clicks": 1, "Clicks": 27, "Views": 0, "Unique cookies": ""}, {"Campaign state": "enabled", "Interaction Types": ["Clicks"], "Campaign serving status": "eligible", "Cost": 4.55, "Interactions": 24, "Avg. CPM": 82.727273, "Bid Strategy Type": "cpc", "Video played to 100%": 0.0, "Avg. CPE": 0.0, "Mapping": false, "Start date": "2015-06-08", "View rate": 0.0, "Account ID": "1033505012", "Avg. CPC": 0.189583, "Conversions": 0.0, "Video played to 75%": 0.0, "Impressions": 55, "Avg. position": 1.1, "Advertising Sub Channel": "", "Campaign ID": 260101724, "Avg. Cost": 0.189583, "Avg. CPV": 0.0, "Campaign": "Gen-term_FH-PCG-BMM-MOR", "Interaction Rate": 43.64, "Advertising Channel": "Search", "Video played to 50%": 0.0, "Date": "2017-08-03", "End date": "", "CTR": 43.64, "Video played to 25%": 0.0, "Engagements": 0, "Invalid clicks": 0, "Clicks": 24, "Views": 0, "Unique cookies": ""}, {"Campaign state": "enabled", "Interaction Types": ["Clicks"], "Campaign serving status": "eligible", "Cost": 4.1, "Interactions": 85, "Avg. CPM": 12.852665, "Bid Strategy Type": "cpc", "Video played to 100%": 0.0, "Avg. CPE": 0.0, "Mapping": false, "Start date": "2015-06-08", "View rate": 0.0, "Account ID": "1033505012", "Avg. CPC": 0.048235, "Conversions": 13.0, "Video played to 75%": 0.0, "Impressions": 319, "Avg. position": 1.4, "Advertising Sub Channel": "", "Campaign ID": 260083724, "Avg. Cost": 0.048235, "Avg. CPV": 0.0, "Campaign": "Gen-term_MT-Game-BMM-MOR", "Interaction Rate": 26.65, "Advertising Channel": "Search", "Video played to 50%": 0.0, "Date": "2017-08-03", "End date": "", "CTR": 26.65, "Video played to 25%": 0.0, "Engagements": 0, "Invalid clicks": 20, "Clicks": 85, "Views": 0, "Unique cookies": ""}, {"Campaign state": "enabled", "Interaction Types": ["Clicks"], "Campaign serving status": "eligible", "Cost": 7.52, "Interactions": 58, "Avg. CPM": 21.609195, "Bid Strategy Type": "cpc", "Video played to 100%": 0.0, "Avg. CPE": 0.0, "Mapping": false, "Start date": "2015-06-08", "View rate": 0.0, "Account ID": "1033505012", "Avg. CPC": 0.129655, "Conversions": 17.0, "Video played to 75%": 0.0, "Impressions": 348, "Avg. position": 1.6, "Advertising Sub Channel": "", "Campaign ID": 260084684, "Avg. Cost": 0.129655, "Avg. CPV": 0.0, "Campaign": "Gen-term_FH-Game-BMM-MOR", "Interaction Rate": 16.67, "Advertising Channel": "Search", "Video played to 50%": 0.0, "Date": "2017-08-03", "End date": "", "CTR": 16.67, "Video played to 25%": 0.0, "Engagements": 0, "Invalid clicks": 5, "Clicks": 58, "Views": 0, "Unique cookies": ""}, {"Campaign state": "enabled", "Interaction Types": ["Clicks"], "Campaign serving status": "eligible", "Cost": 0.2, "Interactions": 3, "Avg. CPM": 16.666667, "Bid Strategy Type": "cpc", "Video played to 100%": 0.0, "Avg. CPE": 0.0, "Mapping": false, "Start date": "2015-06-08", "View rate": 0.0, "Account ID": "1033505012", "Avg. CPC": 0.066667, "Conversions": 1.0, "Video played to 75%": 0.0, "Impressions": 12, "Avg. position": 1.0, "Advertising Sub Channel": "", "Campaign ID": 260088164, "Avg. Cost": 0.066667, "Avg. CPV": 0.0, "Campaign": "Gen-term_MT-GO-BMM-MOR", "Interaction Rate": 25.0, "Advertising Channel": "Search", "Video played to 50%": 0.0, "Date": "2017-08-03", "End date": "", "CTR": 25.0, "Video played to 25%": 0.0, "Engagements": 0, "Invalid clicks": 0, "Clicks": 3, "Views": 0, "Unique cookies": ""}, {"Campaign state": "enabled", "Interaction Types": ["Clicks"], "Campaign serving status": "eligible", "Cost": 1.7, "Interactions": 98, "Avg. CPM": 10.559006, "Bid Strategy Type": "cpc", "Video played to 100%": 0.0, "Avg. CPE": 0.0, "Mapping": false, "Start date": "2016-08-12", "View rate": 0.0, "Account ID": "1033505012", "Avg. CPC": 0.017347, "Conversions": 15.0, "Video played to 75%": 0.0, "Impressions": 161, "Avg. position": 1.0, "Advertising Sub Channel": "", "Campaign ID": 642570944, "Avg. Cost": 0.017347, "Avg. CPV": 0.0, "Campaign": "Brand-term_TTTD-ex", "Interaction Rate": 60.87, "Advertising Channel": "Search", "Video played to 50%": 0.0, "Date": "2017-08-03", "End date": "", "CTR": 60.87, "Video played to 25%": 0.0, "Engagements": 0, "Invalid clicks": 7, "Clicks": 98, "Views": 0, "Unique cookies": ""}, {"Campaign state": "enabled", "Interaction Types": ["Clicks"], "Campaign serving status": "eligible", "Cost": 0.4, "Interactions": 2, "Avg. CPM": 50.0, "Bid Strategy Type": "cpc", "Video played to 100%": 0.0, "Avg. CPE": 0.0, "Mapping": false, "Start date": "2015-06-08", "View rate": 0.0, "Account ID": "1033505012", "Avg. CPC": 0.2, "Conversions": 1.0, "Video played to 75%": 0.0, "Impressions": 8, "Avg. position": 2.4, "Advertising Sub Channel": "", "Campaign ID": 260112404, "Avg. Cost": 0.2, "Avg. CPV": 0.0, "Campaign": "Gen-term_MT-WG-BMM-MOR", "Interaction Rate": 25.0, "Advertising Channel": "Search", "Video played to 50%": 0.0, "Date": "2017-08-03", "End date": "", "CTR": 25.0, "Video played to 25%": 0.0, "Engagements": 0, "Invalid clicks": 0, "Clicks": 2, "Views": 0, "Unique cookies": ""}, {"Campaign state": "enabled", "Interaction Types": ["Clicks"], "Campaign serving status": "eligible", "Cost": 4.54, "Interactions": 73, "Avg. CPM": 21.018519, "Bid Strategy Type": "cpc", "Video played to 100%": 0.0, "Avg. CPE": 0.0, "Mapping": false, "Start date": "2016-08-04", "View rate": 0.0, "Account ID": "1033505012", "Avg. CPC": 0.062192, "Conversions": 11.0, "Video played to 75%": 0.0, "Impressions": 216, "Avg. position": 1.0, "Advertising Sub Channel": "", "Campaign ID": 637694772, "Avg. Cost": 0.062192, "Avg. CPV": 0.0, "Campaign": "Brand-term_Phong-Van", "Interaction Rate": 33.8, "Advertising Channel": "Search", "Video played to 50%": 0.0, "Date": "2017-08-03", "End date": "", "CTR": 33.8, "Video played to 25%": 0.0, "Engagements": 0, "Invalid clicks": 12, "Clicks": 73, "Views": 0, "Unique cookies": ""}, {"Campaign state": "enabled", "Interaction Types": ["Clicks"], "Campaign serving status": "eligible", "Cost": 1.59, "Interactions": 66, "Avg. CPM": 11.041667, "Bid Strategy Type": "cpc", "Video played to 100%": 0.0, "Avg. CPE": 0.0, "Mapping": false, "Start date": "2017-05-05", "View rate": 0.0, "Account ID": "1033505012", "Avg. CPC": 0.024091, "Conversions": 4.0, "Video played to 75%": 0.0, "Impressions": 144, "Avg. position": 1.0, "Advertising Sub Channel": "", "Campaign ID": 819387541, "Avg. Cost": 0.024091, "Avg. CPV": 0.0, "Campaign": "Brand-term_Thanh-Van-Chi", "Interaction Rate": 45.83, "Advertising Channel": "Search", "Video played to 50%": 0.0, "Date": "2017-08-03", "End date": "", "CTR": 45.83, "Video played to 25%": 0.0, "Engagements": 0, "Invalid clicks": 2, "Clicks": 66, "Views": 0, "Unique cookies": ""}, {"Campaign state": "enabled", "Interaction Types": ["Clicks"], "Campaign serving status": "eligible", "Cost": 0.51, "Interactions": 2, "Avg. CPM": 51.0, "Bid Strategy Type": "cpc", "Video played to 100%": 0.0, "Avg. CPE": 0.0, "Mapping": false, "Start date": "2015-06-08", "View rate": 0.0, "Account ID": "1033505012", "Avg. CPC": 0.255, "Conversions": 1.0, "Video played to 75%": 0.0, "Impressions": 10, "Avg. position": 1.5, "Advertising Sub Channel": "", "Campaign ID": 260098244, "Avg. Cost": 0.255, "Avg. CPV": 0.0, "Campaign": "Gen-term_FH-GPC-Exact-MOR", "Interaction Rate": 20.0, "Advertising Channel": "Search", "Video played to 50%": 0.0, "Date": "2017-08-03", "End date": "", "CTR": 20.0, "Video played to 25%": 0.0, "Engagements": 0, "Invalid clicks": 0, "Clicks": 2, "Views": 0, "Unique cookies": ""}, {"Campaign state": "enabled", "Interaction Types": ["Clicks"], "Campaign serving status": "eligible", "Cost": 38.98, "Interactions": 1019, "Avg. CPM": 15.407115, "Bid Strategy Type": "cpc", "Video played to 100%": 0.0, "Avg. CPE": 0.0, "Mapping": false, "Start date": "2016-08-04", "View rate": 0.0, "Account ID": "1033505012", "Avg. CPC": 0.038253, "Conversions": 113.0, "Video played to 75%": 0.0, "Impressions": 2530, "Avg. position": 1.0, "Advertising Sub Channel": "", "Campaign ID": 637694601, "Avg. Cost": 0.038253, "Avg. CPV": 0.0, "Campaign": "Brand-term_Vo-Lam-Chi-Mong", "Interaction Rate": 40.28, "Advertising Channel": "Search", "Video played to 50%": 0.0, "Date": "2017-08-03", "End date": "", "CTR": 40.28, "Video played to 25%": 0.0, "Engagements": 0, "Invalid clicks": 49, "Clicks": 1019, "Views": 0, "Unique cookies": ""}, {"Campaign state": "Total", "Interaction Types": "", "Campaign serving status": "", "Cost": 1168.33, "Interactions": 22657, "Avg. CPM": 10.484408, "Bid Strategy Type": "", "Video played to 100%": 0.0, "Avg. CPE": 0.0, "Mapping": false, "Start date": "", "View rate": 0.0, "Account ID": "1033505012", "Avg. CPC": 0.051566, "Conversions": 3112.0, "Video played to 75%": 0.0, "Impressions": 111435, "Avg. position": 1.8, "Advertising Sub Channel": "", "Campaign ID": "", "Avg. Cost": 0.051566, "Avg. CPV": 0.0, "Campaign": "", "Interaction Rate": 20.33, "Advertising Channel": "", "Video played to 50%": 0.0, "Date": "2017-08-03", "End date": "", "CTR": 20.33, "Video played to 25%": 0.0, "Engagements": 0, "Invalid clicks": 2769, "Clicks": 22657, "Views": 0, "Unique cookies": ""}]