[{"Start date": "2015-06-08", "Avg. CPC": 0.116131, "Interactions": 168, "Avg. position": 1.7, "Campaign serving status": "eligible", "Campaign ID": 260084084, "Invalid clicks": 12, "Impressions": 947, "Video played to 50%": 0.0, "Account ID": "1033505012", "Conversions": 28.0, "Views": 0, "Engagements": 0, "Avg. CPE": 0.0, "Advertising Sub Channel": "", "Account Name": "[W] G1 - WPL - 360Game", "End date": "", "Video played to 100%": 0.0, "Clicks": 168, "Avg. Cost": 0.116131, "Interaction Types": ["Clicks"], "Video played to 25%": 0.0, "View rate": 0.0, "Video played to 75%": 0.0, "Avg. CPM": 20.601901, "CTR": 17.74, "Campaign state": "enabled", "Unique cookies": "", "Advertising Channel": "Search", "Interaction Rate": 17.74, "Bid Strategy Type": "cpc", "Date": "2017-08-03", "Mapping": false, "Campaign": "Gen-term_FH-Game-Phrase-MOR", "Avg. CPV": 0.0, "Cost": 19.51}, {"Start date": "2015-06-08", "Avg. CPC": 0.157629, "Interactions": 97, "Avg. position": 1.4, "Campaign serving status": "eligible", "Campaign ID": 260086124, "Invalid clicks": 7, "Impressions": 498, "Video played to 50%": 0.0, "Account ID": "1033505012", "Conversions": 33.0, "Views": 0, "Engagements": 0, "Avg. CPE": 0.0, "Advertising Sub Channel": "", "Account Name": "[W] G1 - WPL - 360Game", "End date": "", "Video played to 100%": 0.0, "Clicks": 97, "Avg. Cost": 0.157629, "Interaction Types": ["Clicks"], "Video played to 25%": 0.0, "View rate": 0.0, "Video played to 75%": 0.0, "Avg. CPM": 30.702811, "CTR": 19.48, "Campaign state": "enabled", "Unique cookies": "", "Advertising Channel": "Search", "Interaction Rate": 19.48, "Bid Strategy Type": "cpc", "Date": "2017-08-03", "Mapping": false, "Campaign": "Gen-term_MT-Game-Exact-MOR", "Avg. CPV": 0.0, "Cost": 15.29}, {"Start date": "2015-06-08", "Avg. CPC": 0.1575, "Interactions": 8, "Avg. position": 1.8, "Campaign serving status": "eligible", "Campaign ID": 260088764, "Invalid clicks": 0, "Impressions": 45, "Video played to 50%": 0.0, "Account ID": "1033505012", "Conversions": 3.0, "Views": 0, "Engagements": 0, "Avg. CPE": 0.0, "Advertising Sub Channel": "", "Account Name": "[W] G1 - WPL - 360Game", "End date": "", "Video played to 100%": 0.0, "Clicks": 8, "Avg. Cost": 0.1575, "Interaction Types": ["Clicks"], "Video played to 25%": 0.0, "View rate": 0.0, "Video played to 75%": 0.0, "Avg. CPM": 28.0, "CTR": 17.78, "Campaign state": "enabled", "Unique cookies": "", "Advertising Channel": "Search", "Interaction Rate": 17.78, "Bid Strategy Type": "cpc", "Date": "2017-08-03", "Mapping": false, "Campaign": "Gen-term_MT-GO-Exact-MOR", "Avg. CPV": 0.0, "Cost": 1.26}, {"Start date": "2015-06-08", "Avg. CPC": 0.155, "Interactions": 4, "Avg. position": 1.9, "Campaign serving status": "eligible", "Campaign ID": 260114804, "Invalid clicks": 0, "Impressions": 36, "Video played to 50%": 0.0, "Account ID": "1033505012", "Conversions": 1.0, "Views": 0, "Engagements": 0, "Avg. CPE": 0.0, "Advertising Sub Channel": "", "Account Name": "[W] G1 - WPL - 360Game", "End date": "", "Video played to 100%": 0.0, "Clicks": 4, "Avg. Cost": 0.155, "Interaction Types": ["Clicks"], "Video played to 25%": 0.0, "View rate": 0.0, "Video played to 75%": 0.0, "Avg. CPM": 17.222222, "CTR": 11.11, "Campaign state": "enabled", "Unique cookies": "", "Advertising Channel": "Search", "Interaction Rate": 11.11, "Bid Strategy Type": "cpc", "Date": "2017-08-03", "Mapping": false, "Campaign": "Gen-term_MT-WG-Exact-MOR", "Avg. CPV": 0.0, "Cost": 0.62}, {"Start date": "2017-07-10", "Avg. CPC": 0.035333, "Interactions": 15, "Avg. position": 1.8, "Campaign serving status": "eligible", "Campaign ID": 877338628, "Invalid clicks": 2, "Impressions": 72, "Video played to 50%": 0.0, "Account ID": "1033505012", "Conversions": 3.0, "Views": 0, "Engagements": 0, "Avg. CPE": 0.0, "Advertising Sub Channel": "", "Account Name": "[W] G1 - WPL - 360Game", "End date": "", "Video played to 100%": 0.0, "Clicks": 15, "Avg. Cost": 0.035333, "Interaction Types": ["Clicks"], "Video played to 25%": 0.0, "View rate": 0.0, "Video played to 75%": 0.0, "Avg. CPM": 7.361111, "CTR": 20.83, "Campaign state": "enabled", "Unique cookies": "", "Advertising Channel": "Search", "Interaction Rate": 20.83, "Bid Strategy Type": "cpc", "Date": "2017-08-03", "Mapping": false, "Campaign": "Brand-term_Chinh-do", "Avg. CPV": 0.0, "Cost": 0.53}, {"Start date": "2015-06-08", "Avg. CPC": 0.09, "Interactions": 18, "Avg. position": 1.1, "Campaign serving status": "eligible", "Campaign ID": 260085644, "Invalid clicks": 4, "Impressions": 98, "Video played to 50%": 0.0, "Account ID": "1033505012", "Conversions": 5.0, "Views": 0, "Engagements": 0, "Avg. CPE": 0.0, "Advertising Sub Channel": "", "Account Name": "[W] G1 - WPL - 360Game", "End date": "", "Video played to 100%": 0.0, "Clicks": 18, "Avg. Cost": 0.09, "Interaction Types": ["Clicks"], "Video played to 25%": 0.0, "View rate": 0.0, "Video played to 75%": 0.0, "Avg. CPM": 16.530612, "CTR": 18.37, "Campaign state": "enabled", "Unique cookies": "", "Advertising Channel": "Search", "Interaction Rate": 18.37, "Bid Strategy Type": "cpc", "Date": "2017-08-03", "Mapping": false, "Campaign": "Gen-term_FH-GO-Phrase-MOR", "Avg. CPV": 0.0, "Cost": 1.62}, {"Start date": "2015-06-08", "Avg. CPC": 0.115, "Interactions": 2, "Avg. position": 2.0, "Campaign serving status": "eligible", "Campaign ID": 260087684, "Invalid clicks": 0, "Impressions": 4, "Video played to 50%": 0.0, "Account ID": "1033505012", "Conversions": 1.0, "Views": 0, "Engagements": 0, "Avg. CPE": 0.0, "Advertising Sub Channel": "", "Account Name": "[W] G1 - WPL - 360Game", "End date": "", "Video played to 100%": 0.0, "Clicks": 2, "Avg. Cost": 0.115, "Interaction Types": ["Clicks"], "Video played to 25%": 0.0, "View rate": 0.0, "Video played to 75%": 0.0, "Avg. CPM": 57.5, "CTR": 50.0, "Campaign state": "enabled", "Unique cookies": "", "Advertising Channel": "Search", "Interaction Rate": 50.0, "Bid Strategy Type": "cpc", "Date": "2017-08-03", "Mapping": false, "Campaign": "Gen-term_LT-GO-Exact-MOR", "Avg. CPV": 0.0, "Cost": 0.23}, {"Start date": "2015-06-08", "Avg. CPC": 0.19125, "Interactions": 8, "Avg. position": 1.7, "Campaign serving status": "eligible", "Campaign ID": 260089124, "Invalid clicks": 0, "Impressions": 64, "Video played to 50%": 0.0, "Account ID": "1033505012", "Conversions": 1.0, "Views": 0, "Engagements": 0, "Avg. CPE": 0.0, "Advertising Sub Channel": "", "Account Name": "[W] G1 - WPL - 360Game", "End date": "", "Video played to 100%": 0.0, "Clicks": 8, "Avg. Cost": 0.19125, "Interaction Types": ["Clicks"], "Video played to 25%": 0.0, "View rate": 0.0, "Video played to 75%": 0.0, "Avg. CPM": 23.90625, "CTR": 12.5, "Campaign state": "enabled", "Unique cookies": "", "Advertising Channel": "Search", "Interaction Rate": 12.5, "Bid Strategy Type": "cpc", "Date": "2017-08-03", "Mapping": false, "Campaign": "Gen-term_FH-GTT-Exact-MOR", "Avg. CPV": 0.0, "Cost": 1.53}, {"Start date": "2015-06-08", "Avg. CPC": 0.15, "Interactions": 3, "Avg. position": 1.7, "Campaign serving status": "eligible", "Campaign ID": 260112764, "Invalid clicks": 0, "Impressions": 27, "Video played to 50%": 0.0, "Account ID": "1033505012", "Conversions": 2.0, "Views": 0, "Engagements": 0, "Avg. CPE": 0.0, "Advertising Sub Channel": "", "Account Name": "[W] G1 - WPL - 360Game", "End date": "", "Video played to 100%": 0.0, "Clicks": 3, "Avg. Cost": 0.15, "Interaction Types": ["Clicks"], "Video played to 25%": 0.0, "View rate": 0.0, "Video played to 75%": 0.0, "Avg. CPM": 16.666667, "CTR": 11.11, "Campaign state": "enabled", "Unique cookies": "", "Advertising Channel": "Search", "Interaction Rate": 11.11, "Bid Strategy Type": "cpc", "Date": "2017-08-03", "Mapping": false, "Campaign": "Gen-term_FH-WG-Phrase-MOR", "Avg. CPV": 0.0, "Cost": 0.45}, {"Start date": "2015-06-08", "Avg. CPC": 0.093817, "Interactions": 1289, "Avg. position": 1.4, "Campaign serving status": "eligible", "Campaign ID": 260112884, "Invalid clicks": 113, "Impressions": 6629, "Video played to 50%": 0.0, "Account ID": "1033505012", "Conversions": 195.0, "Views": 0, "Engagements": 0, "Avg. CPE": 0.0, "Advertising Sub Channel": "", "Account Name": "[W] G1 - WPL - 360Game", "End date": "", "Video played to 100%": 0.0, "Clicks": 1289, "Avg. Cost": 0.093817, "Interaction Types": ["Clicks"], "Video played to 25%": 0.0, "View rate": 0.0, "Video played to 75%": 0.0, "Avg. CPM": 18.242571, "CTR": 19.44, "Campaign state": "enabled", "Unique cookies": "", "Advertising Channel": "Search", "Interaction Rate": 19.44, "Bid Strategy Type": "cpc", "Date": "2017-08-03", "Mapping": false, "Campaign": "Gen-term_FH-WG-BM-MOR", "Avg. CPV": 0.0, "Cost": 120.93}, {"Start date": "2015-06-08", "Avg. CPC": 0.135167, "Interactions": 120, "Avg. position": 1.5, "Campaign serving status": "eligible", "Campaign ID": 260113484, "Invalid clicks": 10, "Impressions": 611, "Video played to 50%": 0.0, "Account ID": "1033505012", "Conversions": 36.0, "Views": 0, "Engagements": 0, "Avg. CPE": 0.0, "Advertising Sub Channel": "", "Account Name": "[W] G1 - WPL - 360Game", "End date": "", "Video played to 100%": 0.0, "Clicks": 120, "Avg. Cost": 0.135167, "Interaction Types": ["Clicks"], "Video played to 25%": 0.0, "View rate": 0.0, "Video played to 75%": 0.0, "Avg. CPM": 26.546645, "CTR": 19.64, "Campaign state": "enabled", "Unique cookies": "", "Advertising Channel": "Search", "Interaction Rate": 19.64, "Bid Strategy Type": "cpc", "Date": "2017-08-03", "Mapping": false, "Campaign": "Gen-term_FH-WG-BMM-MOR", "Avg. CPV": 0.0, "Cost": 16.22}, {"Start date": "2016-08-04", "Avg. CPC": 0.05619, "Interactions": 105, "Avg. position": 1.4, "Campaign serving status": "eligible", "Campaign ID": 637556576, "Invalid clicks": 10, "Impressions": 517, "Video played to 50%": 0.0, "Account ID": "1033505012", "Conversions": 21.0, "Views": 0, "Engagements": 0, "Avg. CPE": 0.0, "Advertising Sub Channel": "", "Account Name": "[W] G1 - WPL - 360Game", "End date": "", "Video played to 100%": 0.0, "Clicks": 105, "Avg. Cost": 0.05619, "Interaction Types": ["Clicks"], "Video played to 25%": 0.0, "View rate": 0.0, "Video played to 75%": 0.0, "Avg. CPM": 11.411992, "CTR": 20.31, "Campaign state": "enabled", "Unique cookies": "", "Advertising Channel": "Search", "Interaction Rate": 20.31, "Bid Strategy Type": "cpc", "Date": "2017-08-03", "Mapping": false, "Campaign": "Brand-term_Kiem-Vu", "Avg. CPV": 0.0, "Cost": 5.9}, {"Start date": "2016-08-30", "Avg. CPC": 0.086585, "Interactions": 325, "Avg. position": 1.1, "Campaign serving status": "eligible", "Campaign ID": 651551927, "Invalid clicks": 21, "Impressions": 1375, "Video played to 50%": 0.0, "Account ID": "1033505012", "Conversions": 72.0, "Views": 0, "Engagements": 0, "Avg. CPE": 0.0, "Advertising Sub Channel": "", "Account Name": "[W] G1 - WPL - 360Game", "End date": "", "Video played to 100%": 0.0, "Clicks": 325, "Avg. Cost": 0.086585, "Interaction Types": ["Clicks"], "Video played to 25%": 0.0, "View rate": 0.0, "Video played to 75%": 0.0, "Avg. CPM": 20.465455, "CTR": 23.64, "Campaign state": "enabled", "Unique cookies": "", "Advertising Channel": "Search", "Interaction Rate": 23.64, "Bid Strategy Type": "cpc", "Date": "2017-08-03", "Mapping": false, "Campaign": "Brand-term_MUdts", "Avg. CPV": 0.0, "Cost": 28.14}, {"Start date": "2015-06-08", "Avg. CPC": 0.129136, "Interactions": 81, "Avg. position": 1.3, "Campaign serving status": "eligible", "Campaign ID": 260112164, "Invalid clicks": 4, "Impressions": 361, "Video played to 50%": 0.0, "Account ID": "1033505012", "Conversions": 32.0, "Views": 0, "Engagements": 0, "Avg. CPE": 0.0, "Advertising Sub Channel": "", "Account Name": "[W] G1 - WPL - 360Game", "End date": "", "Video played to 100%": 0.0, "Clicks": 81, "Avg. Cost": 0.129136, "Interaction Types": ["Clicks"], "Video played to 25%": 0.0, "View rate": 0.0, "Video played to 75%": 0.0, "Avg. CPM": 28.975069, "CTR": 22.44, "Campaign state": "enabled", "Unique cookies": "", "Advertising Channel": "Search", "Interaction Rate": 22.44, "Bid Strategy Type": "cpc", "Date": "2017-08-03", "Mapping": false, "Campaign": "Gen-term_FH-WG-Exact-MOR", "Avg. CPV": 0.0, "Cost": 10.46}, {"Start date": "2017-03-31", "Avg. CPC": 0.027448, "Interactions": 7327, "Avg. position": 1.0, "Campaign serving status": "eligible", "Campaign ID": 792716395, "Invalid clicks": 1435, "Impressions": 19248, "Video played to 50%": 0.0, "Account ID": "1033505012", "Conversions": 956.0, "Views": 0, "Engagements": 0, "Avg. CPE": 0.0, "Advertising Sub Channel": "", "Account Name": "[W] G1 - WPL - 360Game", "End date": "", "Video played to 100%": 0.0, "Clicks": 7327, "Avg. Cost": 0.027448, "Interaction Types": ["Clicks"], "Video played to 25%": 0.0, "View rate": 0.0, "Video played to 75%": 0.0, "Avg. CPM": 10.448358, "CTR": 38.07, "Campaign state": "enabled", "Unique cookies": "", "Advertising Channel": "Search", "Interaction Rate": 38.07, "Bid Strategy Type": "cpc", "Date": "2017-08-03", "Mapping": false, "Campaign": "Brand-term_Gunny", "Avg. CPV": 0.0, "Cost": 201.11}, {"Start date": "2017-06-26", "Avg. CPC": 0.063588, "Interactions": 2522, "Avg. position": 1.0, "Campaign serving status": "eligible", "Campaign ID": 868336773, "Invalid clicks": 520, "Impressions": 9056, "Video played to 50%": 0.0, "Account ID": "1033505012", "Conversions": 167.0, "Views": 0, "Engagements": 0, "Avg. CPE": 0.0, "Advertising Sub Channel": "", "Account Name": "[W] G1 - WPL - 360Game", "End date": "", "Video played to 100%": 0.0, "Clicks": 2522, "Avg. Cost": 0.063588, "Interaction Types": ["Clicks"], "Video played to 25%": 0.0, "View rate": 0.0, "Video played to 75%": 0.0, "Avg. CPM": 17.708701, "CTR": 27.85, "Campaign state": "enabled", "Unique cookies": "", "Advertising Channel": "Search", "Interaction Rate": 27.85, "Bid Strategy Type": "cpc", "Date": "2017-08-03", "Mapping": false, "Campaign": "Brand-term_Thoi-loan", "Avg. CPV": 0.0, "Cost": 160.37}, {"Start date": "2017-07-11", "Avg. CPC": 0.036034, "Interactions": 358, "Avg. position": 1.0, "Campaign serving status": "eligible", "Campaign ID": 879391568, "Invalid clicks": 9, "Impressions": 1141, "Video played to 50%": 0.0, "Account ID": "1033505012", "Conversions": 51.0, "Views": 0, "Engagements": 0, "Avg. CPE": 0.0, "Advertising Sub Channel": "", "Account Name": "[W] G1 - WPL - 360Game", "End date": "", "Video played to 100%": 0.0, "Clicks": 358, "Avg. Cost": 0.036034, "Interaction Types": ["Clicks"], "Video played to 25%": 0.0, "View rate": 0.0, "Video played to 75%": 0.0, "Avg. CPM": 11.305872, "CTR": 31.38, "Campaign state": "enabled", "Unique cookies": "", "Advertising Channel": "Search", "Interaction Rate": 31.38, "Bid Strategy Type": "cpc", "Date": "2017-08-03", "Mapping": false, "Campaign": "Brand-term_Ngoa-Long", "Avg. CPV": 0.0, "Cost": 12.9}, {"Start date": "2015-06-08", "Avg. CPC": 0.115373, "Interactions": 201, "Avg. position": 1.8, "Campaign serving status": "eligible", "Campaign ID": 260083484, "Invalid clicks": 12, "Impressions": 1454, "Video played to 50%": 0.0, "Account ID": "1033505012", "Conversions": 46.0, "Views": 0, "Engagements": 0, "Avg. CPE": 0.0, "Advertising Sub Channel": "", "Account Name": "[W] G1 - WPL - 360Game", "End date": "", "Video played to 100%": 0.0, "Clicks": 201, "Avg. Cost": 0.115373, "Interaction Types": ["Clicks"], "Video played to 25%": 0.0, "View rate": 0.0, "Video played to 75%": 0.0, "Avg. CPM": 15.949106, "CTR": 13.82, "Campaign state": "enabled", "Unique cookies": "", "Advertising Channel": "Search", "Interaction Rate": 13.82, "Bid Strategy Type": "cpc", "Date": "2017-08-03", "Mapping": false, "Campaign": "Gen-term_FH-Game-Exact-MOR", "Avg. CPV": 0.0, "Cost": 23.19}, {"Start date": "2015-06-08", "Avg. CPC": 0.0625, "Interactions": 4, "Avg. position": 2.4, "Campaign serving status": "eligible", "Campaign ID": 260089844, "Invalid clicks": 0, "Impressions": 12, "Video played to 50%": 0.0, "Account ID": "1033505012", "Conversions": 0.0, "Views": 0, "Engagements": 0, "Avg. CPE": 0.0, "Advertising Sub Channel": "", "Account Name": "[W] G1 - WPL - 360Game", "End date": "", "Video played to 100%": 0.0, "Clicks": 4, "Avg. Cost": 0.0625, "Interaction Types": ["Clicks"], "Video played to 25%": 0.0, "View rate": 0.0, "Video played to 75%": 0.0, "Avg. CPM": 20.833333, "CTR": 33.33, "Campaign state": "enabled", "Unique cookies": "", "Advertising Channel": "Search", "Interaction Rate": 33.33, "Bid Strategy Type": "cpc", "Date": "2017-08-03", "Mapping": false, "Campaign": "Gen-term_FH-GTT-BM-MOR", "Avg. CPV": 0.0, "Cost": 0.25}, {"Start date": "2016-08-04", "Avg. CPC": 0.030526, "Interactions": 133, "Avg. position": 1.0, "Campaign serving status": "eligible", "Campaign ID": 637694769, "Invalid clicks": 5, "Impressions": 368, "Video played to 50%": 0.0, "Account ID": "1033505012", "Conversions": 16.0, "Views": 0, "Engagements": 0, "Avg. CPE": 0.0, "Advertising Sub Channel": "", "Account Name": "[W] G1 - WPL - 360Game", "End date": "", "Video played to 100%": 0.0, "Clicks": 133, "Avg. Cost": 0.030526, "Interaction Types": ["Clicks"], "Video played to 25%": 0.0, "View rate": 0.0, "Video played to 75%": 0.0, "Avg. CPM": 11.032609, "CTR": 36.14, "Campaign state": "enabled", "Unique cookies": "", "Advertising Channel": "Search", "Interaction Rate": 36.14, "Bid Strategy Type": "cpc", "Date": "2017-08-03", "Mapping": false, "Campaign": "Brand-term_Thien-Long-Bat-Bo", "Avg. CPV": 0.0, "Cost": 4.06}, {"Start date": "2017-06-26", "Avg. CPC": 0.015424, "Interactions": 59, "Avg. position": 1.0, "Campaign serving status": "eligible", "Campaign ID": 867418735, "Invalid clicks": 3, "Impressions": 113, "Video played to 50%": 0.0, "Account ID": "1033505012", "Conversions": 11.0, "Views": 0, "Engagements": 0, "Avg. CPE": 0.0, "Advertising Sub Channel": "", "Account Name": "[W] G1 - WPL - 360Game", "End date": "", "Video played to 100%": 0.0, "Clicks": 59, "Avg. Cost": 0.015424, "Interaction Types": ["Clicks"], "Video played to 25%": 0.0, "View rate": 0.0, "Video played to 75%": 0.0, "Avg. CPM": 8.053097, "CTR": 52.21, "Campaign state": "enabled", "Unique cookies": "", "Advertising Channel": "Search", "Interaction Rate": 52.21, "Bid Strategy Type": "cpc", "Date": "2017-08-03", "Mapping": false, "Campaign": "Brand-term_Hiep-Khach-Hanh", "Avg. CPV": 0.0, "Cost": 0.91}, {"Start date": "2015-06-08", "Avg. CPC": 0.109506, "Interactions": 851, "Avg. position": 1.5, "Campaign serving status": "eligible", "Campaign ID": 260084204, "Invalid clicks": 104, "Impressions": 5398, "Video played to 50%": 0.0, "Account ID": "1033505012", "Conversions": 139.0, "Views": 0, "Engagements": 0, "Avg. CPE": 0.0, "Advertising Sub Channel": "", "Account Name": "[W] G1 - WPL - 360Game", "End date": "", "Video played to 100%": 0.0, "Clicks": 851, "Avg. Cost": 0.109506, "Interaction Types": ["Clicks"], "Video played to 25%": 0.0, "View rate": 0.0, "Video played to 75%": 0.0, "Avg. CPM": 17.263801, "CTR": 15.77, "Campaign state": "enabled", "Unique cookies": "", "Advertising Channel": "Search", "Interaction Rate": 15.77, "Bid Strategy Type": "cpc", "Date": "2017-08-03", "Mapping": false, "Campaign": "Gen-term_FH-Game-BM-MOR", "Avg. CPV": 0.0, "Cost": 93.19}, {"Start date": "2015-06-08", "Avg. CPC": 0.122346, "Interactions": 162, "Avg. position": 1.1, "Campaign serving status": "eligible", "Campaign ID": 260085044, "Invalid clicks": 17, "Impressions": 852, "Video played to 50%": 0.0, "Account ID": "1033505012", "Conversions": 46.0, "Views": 0, "Engagements": 0, "Avg. CPE": 0.0, "Advertising Sub Channel": "", "Account Name": "[W] G1 - WPL - 360Game", "End date": "", "Video played to 100%": 0.0, "Clicks": 162, "Avg. Cost": 0.122346, "Interaction Types": ["Clicks"], "Video played to 25%": 0.0, "View rate": 0.0, "Video played to 75%": 0.0, "Avg. CPM": 23.262911, "CTR": 19.01, "Campaign state": "enabled", "Unique cookies": "", "Advertising Channel": "Search", "Interaction Rate": 19.01, "Bid Strategy Type": "cpc", "Date": "2017-08-03", "Mapping": false, "Campaign": "Gen-term_FH-GO-Exact-MOR", "Avg. CPV": 0.0, "Cost": 19.82}, {"Start date": "2015-06-08", "Avg. CPC": 0.116667, "Interactions": 3, "Avg. position": 1.9, "Campaign serving status": "eligible", "Campaign ID": 260099204, "Invalid clicks": 1, "Impressions": 14, "Video played to 50%": 0.0, "Account ID": "1033505012", "Conversions": 0.0, "Views": 0, "Engagements": 0, "Avg. CPE": 0.0, "Advertising Sub Channel": "", "Account Name": "[W] G1 - WPL - 360Game", "End date": "", "Video played to 100%": 0.0, "Clicks": 3, "Avg. Cost": 0.116667, "Interaction Types": ["Clicks"], "Video played to 25%": 0.0, "View rate": 0.0, "Video played to 75%": 0.0, "Avg. CPM": 25.0, "CTR": 21.43, "Campaign state": "enabled", "Unique cookies": "", "Advertising Channel": "Search", "Interaction Rate": 21.43, "Bid Strategy Type": "cpc", "Date": "2017-08-03", "Mapping": false, "Campaign": "Gen-term_FH-PCG-BM-MOR", "Avg. CPV": 0.0, "Cost": 0.35}, {"Start date": "2016-08-18", "Avg. CPC": 0.048799, "Interactions": 7271, "Avg. position": 2.4, "Campaign serving status": "eligible", "Campaign ID": 645195815, "Invalid clicks": 378, "Impressions": 57993, "Video played to 50%": 0.0, "Account ID": "1033505012", "Conversions": 1048.0, "Views": 0, "Engagements": 0, "Avg. CPE": 0.0, "Advertising Sub Channel": "", "Account Name": "[W] G1 - WPL - 360Game", "End date": "", "Video played to 100%": 0.0, "Clicks": 7271, "Avg. Cost": 0.048799, "Interaction Types": ["Clicks"], "Video played to 25%": 0.0, "View rate": 0.0, "Video played to 75%": 0.0, "Avg. CPM": 6.118325, "CTR": 12.54, "Campaign state": "enabled", "Unique cookies": "", "Advertising Channel": "Search", "Interaction Rate": 12.54, "Bid Strategy Type": "cpc", "Date": "2017-08-03", "Mapping": false, "Campaign": "Brand-term_360Game", "Avg. CPV": 0.0, "Cost": 354.82}, {"Start date": "2015-06-08", "Avg. CPC": 0.096515, "Interactions": 66, "Avg. position": 1.9, "Campaign serving status": "eligible", "Campaign ID": 260085404, "Invalid clicks": 6, "Impressions": 594, "Video played to 50%": 0.0, "Account ID": "1033505012", "Conversions": 9.0, "Views": 0, "Engagements": 0, "Avg. CPE": 0.0, "Advertising Sub Channel": "", "Account Name": "[W] G1 - WPL - 360Game", "End date": "", "Video played to 100%": 0.0, "Clicks": 66, "Avg. Cost": 0.096515, "Interaction Types": ["Clicks"], "Video played to 25%": 0.0, "View rate": 0.0, "Video played to 75%": 0.0, "Avg. CPM": 10.723906, "CTR": 11.11, "Campaign state": "enabled", "Unique cookies": "", "Advertising Channel": "Search", "Interaction Rate": 11.11, "Bid Strategy Type": "cpc", "Date": "2017-08-03", "Mapping": false, "Campaign": "Gen-term_FH-GO-BMM-MOR", "Avg. CPV": 0.0, "Cost": 6.37}, {"Start date": "2015-06-08", "Avg. CPC": 0.155926, "Interactions": 27, "Avg. position": 1.5, "Campaign serving status": "eligible", "Campaign ID": 260086724, "Invalid clicks": 1, "Impressions": 96, "Video played to 50%": 0.0, "Account ID": "1033505012", "Conversions": 14.0, "Views": 0, "Engagements": 0, "Avg. CPE": 0.0, "Advertising Sub Channel": "", "Account Name": "[W] G1 - WPL - 360Game", "End date": "", "Video played to 100%": 0.0, "Clicks": 27, "Avg. Cost": 0.155926, "Interaction Types": ["Clicks"], "Video played to 25%": 0.0, "View rate": 0.0, "Video played to 75%": 0.0, "Avg. CPM": 43.854167, "CTR": 28.12, "Campaign state": "enabled", "Unique cookies": "", "Advertising Channel": "Search", "Interaction Rate": 28.12, "Bid Strategy Type": "cpc", "Date": "2017-08-03", "Mapping": false, "Campaign": "Gen-term_MT-Game-Phrase-MOR", "Avg. CPV": 0.0, "Cost": 4.21}, {"Start date": "2015-06-08", "Avg. CPC": 0.189583, "Interactions": 24, "Avg. position": 1.1, "Campaign serving status": "eligible", "Campaign ID": 260101724, "Invalid clicks": 0, "Impressions": 55, "Video played to 50%": 0.0, "Account ID": "1033505012", "Conversions": 0.0, "Views": 0, "Engagements": 0, "Avg. CPE": 0.0, "Advertising Sub Channel": "", "Account Name": "[W] G1 - WPL - 360Game", "End date": "", "Video played to 100%": 0.0, "Clicks": 24, "Avg. Cost": 0.189583, "Interaction Types": ["Clicks"], "Video played to 25%": 0.0, "View rate": 0.0, "Video played to 75%": 0.0, "Avg. CPM": 82.727273, "CTR": 43.64, "Campaign state": "enabled", "Unique cookies": "", "Advertising Channel": "Search", "Interaction Rate": 43.64, "Bid Strategy Type": "cpc", "Date": "2017-08-03", "Mapping": false, "Campaign": "Gen-term_FH-PCG-BMM-MOR", "Avg. CPV": 0.0, "Cost": 4.55}, {"Start date": "2015-06-08", "Avg. CPC": 0.048235, "Interactions": 85, "Avg. position": 1.4, "Campaign serving status": "eligible", "Campaign ID": 260083724, "Invalid clicks": 20, "Impressions": 319, "Video played to 50%": 0.0, "Account ID": "1033505012", "Conversions": 13.0, "Views": 0, "Engagements": 0, "Avg. CPE": 0.0, "Advertising Sub Channel": "", "Account Name": "[W] G1 - WPL - 360Game", "End date": "", "Video played to 100%": 0.0, "Clicks": 85, "Avg. Cost": 0.048235, "Interaction Types": ["Clicks"], "Video played to 25%": 0.0, "View rate": 0.0, "Video played to 75%": 0.0, "Avg. CPM": 12.852665, "CTR": 26.65, "Campaign state": "enabled", "Unique cookies": "", "Advertising Channel": "Search", "Interaction Rate": 26.65, "Bid Strategy Type": "cpc", "Date": "2017-08-03", "Mapping": false, "Campaign": "Gen-term_MT-Game-BMM-MOR", "Avg. CPV": 0.0, "Cost": 4.1}, {"Start date": "2015-06-08", "Avg. CPC": 0.129655, "Interactions": 58, "Avg. position": 1.6, "Campaign serving status": "eligible", "Campaign ID": 260084684, "Invalid clicks": 5, "Impressions": 348, "Video played to 50%": 0.0, "Account ID": "1033505012", "Conversions": 17.0, "Views": 0, "Engagements": 0, "Avg. CPE": 0.0, "Advertising Sub Channel": "", "Account Name": "[W] G1 - WPL - 360Game", "End date": "", "Video played to 100%": 0.0, "Clicks": 58, "Avg. Cost": 0.129655, "Interaction Types": ["Clicks"], "Video played to 25%": 0.0, "View rate": 0.0, "Video played to 75%": 0.0, "Avg. CPM": 21.609195, "CTR": 16.67, "Campaign state": "enabled", "Unique cookies": "", "Advertising Channel": "Search", "Interaction Rate": 16.67, "Bid Strategy Type": "cpc", "Date": "2017-08-03", "Mapping": false, "Campaign": "Gen-term_FH-Game-BMM-MOR", "Avg. CPV": 0.0, "Cost": 7.52}, {"Start date": "2015-06-08", "Avg. CPC": 0.066667, "Interactions": 3, "Avg. position": 1.0, "Campaign serving status": "eligible", "Campaign ID": 260088164, "Invalid clicks": 0, "Impressions": 12, "Video played to 50%": 0.0, "Account ID": "1033505012", "Conversions": 1.0, "Views": 0, "Engagements": 0, "Avg. CPE": 0.0, "Advertising Sub Channel": "", "Account Name": "[W] G1 - WPL - 360Game", "End date": "", "Video played to 100%": 0.0, "Clicks": 3, "Avg. Cost": 0.066667, "Interaction Types": ["Clicks"], "Video played to 25%": 0.0, "View rate": 0.0, "Video played to 75%": 0.0, "Avg. CPM": 16.666667, "CTR": 25.0, "Campaign state": "enabled", "Unique cookies": "", "Advertising Channel": "Search", "Interaction Rate": 25.0, "Bid Strategy Type": "cpc", "Date": "2017-08-03", "Mapping": false, "Campaign": "Gen-term_MT-GO-BMM-MOR", "Avg. CPV": 0.0, "Cost": 0.2}, {"Start date": "2016-08-12", "Avg. CPC": 0.017347, "Interactions": 98, "Avg. position": 1.0, "Campaign serving status": "eligible", "Campaign ID": 642570944, "Invalid clicks": 7, "Impressions": 161, "Video played to 50%": 0.0, "Account ID": "1033505012", "Conversions": 15.0, "Views": 0, "Engagements": 0, "Avg. CPE": 0.0, "Advertising Sub Channel": "", "Account Name": "[W] G1 - WPL - 360Game", "End date": "", "Video played to 100%": 0.0, "Clicks": 98, "Avg. Cost": 0.017347, "Interaction Types": ["Clicks"], "Video played to 25%": 0.0, "View rate": 0.0, "Video played to 75%": 0.0, "Avg. CPM": 10.559006, "CTR": 60.87, "Campaign state": "enabled", "Unique cookies": "", "Advertising Channel": "Search", "Interaction Rate": 60.87, "Bid Strategy Type": "cpc", "Date": "2017-08-03", "Mapping": false, "Campaign": "Brand-term_TTTD-ex", "Avg. CPV": 0.0, "Cost": 1.7}, {"Start date": "2015-06-08", "Avg. CPC": 0.2, "Interactions": 2, "Avg. position": 2.4, "Campaign serving status": "eligible", "Campaign ID": 260112404, "Invalid clicks": 0, "Impressions": 8, "Video played to 50%": 0.0, "Account ID": "1033505012", "Conversions": 1.0, "Views": 0, "Engagements": 0, "Avg. CPE": 0.0, "Advertising Sub Channel": "", "Account Name": "[W] G1 - WPL - 360Game", "End date": "", "Video played to 100%": 0.0, "Clicks": 2, "Avg. Cost": 0.2, "Interaction Types": ["Clicks"], "Video played to 25%": 0.0, "View rate": 0.0, "Video played to 75%": 0.0, "Avg. CPM": 50.0, "CTR": 25.0, "Campaign state": "enabled", "Unique cookies": "", "Advertising Channel": "Search", "Interaction Rate": 25.0, "Bid Strategy Type": "cpc", "Date": "2017-08-03", "Mapping": false, "Campaign": "Gen-term_MT-WG-BMM-MOR", "Avg. CPV": 0.0, "Cost": 0.4}, {"Start date": "2016-08-04", "Avg. CPC": 0.062192, "Interactions": 73, "Avg. position": 1.0, "Campaign serving status": "eligible", "Campaign ID": 637694772, "Invalid clicks": 12, "Impressions": 216, "Video played to 50%": 0.0, "Account ID": "1033505012", "Conversions": 11.0, "Views": 0, "Engagements": 0, "Avg. CPE": 0.0, "Advertising Sub Channel": "", "Account Name": "[W] G1 - WPL - 360Game", "End date": "", "Video played to 100%": 0.0, "Clicks": 73, "Avg. Cost": 0.062192, "Interaction Types": ["Clicks"], "Video played to 25%": 0.0, "View rate": 0.0, "Video played to 75%": 0.0, "Avg. CPM": 21.018519, "CTR": 33.8, "Campaign state": "enabled", "Unique cookies": "", "Advertising Channel": "Search", "Interaction Rate": 33.8, "Bid Strategy Type": "cpc", "Date": "2017-08-03", "Mapping": false, "Campaign": "Brand-term_Phong-Van", "Avg. CPV": 0.0, "Cost": 4.54}, {"Start date": "2017-05-05", "Avg. CPC": 0.024091, "Interactions": 66, "Avg. position": 1.0, "Campaign serving status": "eligible", "Campaign ID": 819387541, "Invalid clicks": 2, "Impressions": 144, "Video played to 50%": 0.0, "Account ID": "1033505012", "Conversions": 4.0, "Views": 0, "Engagements": 0, "Avg. CPE": 0.0, "Advertising Sub Channel": "", "Account Name": "[W] G1 - WPL - 360Game", "End date": "", "Video played to 100%": 0.0, "Clicks": 66, "Avg. Cost": 0.024091, "Interaction Types": ["Clicks"], "Video played to 25%": 0.0, "View rate": 0.0, "Video played to 75%": 0.0, "Avg. CPM": 11.041667, "CTR": 45.83, "Campaign state": "enabled", "Unique cookies": "", "Advertising Channel": "Search", "Interaction Rate": 45.83, "Bid Strategy Type": "cpc", "Date": "2017-08-03", "Mapping": false, "Campaign": "Brand-term_Thanh-Van-Chi", "Avg. CPV": 0.0, "Cost": 1.59}, {"Start date": "2015-06-08", "Avg. CPC": 0.255, "Interactions": 2, "Avg. position": 1.5, "Campaign serving status": "eligible", "Campaign ID": 260098244, "Invalid clicks": 0, "Impressions": 10, "Video played to 50%": 0.0, "Account ID": "1033505012", "Conversions": 1.0, "Views": 0, "Engagements": 0, "Avg. CPE": 0.0, "Advertising Sub Channel": "", "Account Name": "[W] G1 - WPL - 360Game", "End date": "", "Video played to 100%": 0.0, "Clicks": 2, "Avg. Cost": 0.255, "Interaction Types": ["Clicks"], "Video played to 25%": 0.0, "View rate": 0.0, "Video played to 75%": 0.0, "Avg. CPM": 51.0, "CTR": 20.0, "Campaign state": "enabled", "Unique cookies": "", "Advertising Channel": "Search", "Interaction Rate": 20.0, "Bid Strategy Type": "cpc", "Date": "2017-08-03", "Mapping": false, "Campaign": "Gen-term_FH-GPC-Exact-MOR", "Avg. CPV": 0.0, "Cost": 0.51}, {"Start date": "2016-08-04", "Avg. CPC": 0.038253, "Interactions": 1019, "Avg. position": 1.0, "Campaign serving status": "eligible", "Campaign ID": 637694601, "Invalid clicks": 49, "Impressions": 2530, "Video played to 50%": 0.0, "Account ID": "1033505012", "Conversions": 113.0, "Views": 0, "Engagements": 0, "Avg. CPE": 0.0, "Advertising Sub Channel": "", "Account Name": "[W] G1 - WPL - 360Game", "End date": "", "Video played to 100%": 0.0, "Clicks": 1019, "Avg. Cost": 0.038253, "Interaction Types": ["Clicks"], "Video played to 25%": 0.0, "View rate": 0.0, "Video played to 75%": 0.0, "Avg. CPM": 15.407115, "CTR": 40.28, "Campaign state": "enabled", "Unique cookies": "", "Advertising Channel": "Search", "Interaction Rate": 40.28, "Bid Strategy Type": "cpc", "Date": "2017-08-03", "Mapping": false, "Campaign": "Brand-term_Vo-Lam-Chi-Mong", "Avg. CPV": 0.0, "Cost": 38.98}, {"Start date": "", "Avg. CPC": 0.051566, "Interactions": 22657, "Avg. position": 1.8, "Campaign serving status": "", "Campaign ID": "", "Invalid clicks": 2769, "Impressions": 111435, "Video played to 50%": 0.0, "Account ID": "1033505012", "Conversions": 3112.0, "Views": 0, "Engagements": 0, "Avg. CPE": 0.0, "Advertising Sub Channel": "", "Account Name": "[W] G1 - WPL - 360Game", "End date": "", "Video played to 100%": 0.0, "Clicks": 22657, "Avg. Cost": 0.051566, "Interaction Types": "", "Video played to 25%": 0.0, "View rate": 0.0, "Video played to 75%": 0.0, "Avg. CPM": 10.484408, "CTR": 20.33, "Campaign state": "Total", "Unique cookies": "", "Advertising Channel": "", "Interaction Rate": 20.33, "Bid Strategy Type": "", "Date": "2017-08-03", "Mapping": false, "Campaign": "", "Avg. CPV": 0.0, "Cost": 1168.33}]