[{"View rate": 0.0, "Campaign": "Brand-term_TTTD-ex-AFT", "Unique cookies": "", "Dept": "WPL", "Bid Strategy Type": "cpc", "Views": 0, "Video played to 50%": 0.0, "CTR": 78.67, "Conversions": 23.0, "Account ID": "5243164713", "Clicks": 439, "Interaction Rate": 78.67, "Avg. position": 1.0, "Advertising Channel": "Search", "Advertising Sub Channel": "", "Campaign ID": 639844270, "Avg. CPV": 0.0, "Campaign serving status": "eligible", "Avg. CPM": 8.315412, "Invalid clicks": 33, "End date": "", "Avg. Cost": 0.010569, "Start date": "2016-08-09", "Mapping": false, "Engagements": 0, "Avg. CPC": 0.010569, "Interactions": 439, "Date": "2017-03-04", "Video played to 100%": 0.0, "Cost": 4.64, "Interaction Types": ["Clicks"], "Video played to 75%": 0.0, "Video played to 25%": 0.0, "Campaign state": "enabled", "Avg. CPE": 0.0, "Account Name": "[W] G1 - WPL - td360", "Impressions": 558}, {"View rate": 0.0, "Campaign": "Brand-term_TTTD-phr-EVE", "Unique cookies": "", "Dept": "WPL", "Bid Strategy Type": "cpc", "Views": 0, "Video played to 50%": 0.0, "CTR": 46.67, "Conversions": 3.0, "Account ID": "5243164713", "Clicks": 21, "Interaction Rate": 46.67, "Avg. position": 1.0, "Advertising Channel": "Search", "Advertising Sub Channel": "", "Campaign ID": 639844282, "Avg. CPV": 0.0, "Campaign serving status": "eligible", "Avg. CPM": 5.111111, "Invalid clicks": 2, "End date": "", "Avg. Cost": 0.010952, "Start date": "2016-08-09", "Mapping": false, "Engagements": 0, "Avg. CPC": 0.010952, "Interactions": 21, "Date": "2017-03-04", "Video played to 100%": 0.0, "Cost": 0.23, "Interaction Types": ["Clicks"], "Video played to 75%": 0.0, "Video played to 25%": 0.0, "Campaign state": "paused", "Avg. CPE": 0.0, "Account Name": "[W] G1 - WPL - td360", "Impressions": 45}, {"View rate": 0.0, "Campaign": "Brand-term_TayDuKy-EVE", "Unique cookies": "", "Dept": "WPL", "Bid Strategy Type": "cpc", "Views": 0, "Video played to 50%": 0.0, "CTR": 34.81, "Conversions": 10.0, "Account ID": "5243164713", "Clicks": 47, "Interaction Rate": 34.81, "Avg. position": 1.0, "Advertising Channel": "Search", "Advertising Sub Channel": "", "Campaign ID": 639844291, "Avg. CPV": 0.0, "Campaign serving status": "eligible", "Avg. CPM": 7.703704, "Invalid clicks": 1, "End date": "", "Avg. Cost": 0.022128, "Start date": "2016-08-09", "Mapping": false, "Engagements": 0, "Avg. CPC": 0.022128, "Interactions": 47, "Date": "2017-03-04", "Video played to 100%": 0.0, "Cost": 1.04, "Interaction Types": ["Clicks"], "Video played to 75%": 0.0, "Video played to 25%": 0.0, "Campaign state": "paused", "Avg. CPE": 0.0, "Account Name": "[W] G1 - WPL - td360", "Impressions": 135}, {"View rate": 0.0, "Campaign": "Gen-term_Game_Broad_EVE", "Unique cookies": "", "Dept": "WPL", "Bid Strategy Type": "cpc", "Views": 0, "Video played to 50%": 0.0, "CTR": 5.88, "Conversions": 0.0, "Account ID": "5243164713", "Clicks": 2, "Interaction Rate": 5.88, "Avg. position": 1.5, "Advertising Channel": "Search", "Advertising Sub Channel": "", "Campaign ID": 641798332, "Avg. CPV": 0.0, "Campaign serving status": "eligible", "Avg. CPM": 2.352941, "Invalid clicks": 0, "End date": "", "Avg. Cost": 0.04, "Start date": "2016-08-11", "Mapping": false, "Engagements": 0, "Avg. CPC": 0.04, "Interactions": 2, "Date": "2017-03-04", "Video played to 100%": 0.0, "Cost": 0.08, "Interaction Types": ["Clicks"], "Video played to 75%": 0.0, "Video played to 25%": 0.0, "Campaign state": "paused", "Avg. CPE": 0.0, "Account Name": "[W] G1 - WPL - td360", "Impressions": 34}, {"View rate": 0.0, "Campaign": "Brand-term_TTTD-br-MOR", "Unique cookies": "", "Dept": "WPL", "Bid Strategy Type": "cpc", "Views": 0, "Video played to 50%": 0.0, "CTR": 70.58, "Conversions": 22.0, "Account ID": "5243164713", "Clicks": 367, "Interaction Rate": 70.58, "Avg. position": 1.0, "Advertising Channel": "Search", "Advertising Sub Channel": "", "Campaign ID": 639844267, "Avg. CPV": 0.0, "Campaign serving status": "eligible", "Avg. CPM": 9.25, "Invalid clicks": 53, "End date": "", "Avg. Cost": 0.013106, "Start date": "2016-08-09", "Mapping": false, "Engagements": 0, "Avg. CPC": 0.013106, "Interactions": 367, "Date": "2017-03-04", "Video played to 100%": 0.0, "Cost": 4.81, "Interaction Types": ["Clicks"], "Video played to 75%": 0.0, "Video played to 25%": 0.0, "Campaign state": "paused", "Avg. CPE": 0.0, "Account Name": "[W] G1 - WPL - td360", "Impressions": 520}, {"View rate": 0.0, "Campaign": "Brand-term_TTTD-ex-EVE", "Unique cookies": "", "Dept": "WPL", "Bid Strategy Type": "cpc", "Views": 0, "Video played to 50%": 0.0, "CTR": 81.25, "Conversions": 13.0, "Account ID": "5243164713", "Clicks": 260, "Interaction Rate": 81.25, "Avg. position": 1.0, "Advertising Channel": "Search", "Advertising Sub Channel": "", "Campaign ID": 639844273, "Avg. CPV": 0.0, "Campaign serving status": "eligible", "Avg. CPM": 8.1875, "Invalid clicks": 13, "End date": "", "Avg. Cost": 0.010077, "Start date": "2016-08-09", "Mapping": false, "Engagements": 0, "Avg. CPC": 0.010077, "Interactions": 260, "Date": "2017-03-04", "Video played to 100%": 0.0, "Cost": 2.62, "Interaction Types": ["Clicks"], "Video played to 75%": 0.0, "Video played to 25%": 0.0, "Campaign state": "enabled", "Avg. CPE": 0.0, "Account Name": "[W] G1 - WPL - td360", "Impressions": 320}, {"View rate": 0.0, "Campaign": "Brand-term_TTTD-phr-AFT", "Unique cookies": "", "Dept": "WPL", "Bid Strategy Type": "cpc", "Views": 0, "Video played to 50%": 0.0, "CTR": 45.61, "Conversions": 1.0, "Account ID": "5243164713", "Clicks": 26, "Interaction Rate": 45.61, "Avg. position": 1.0, "Advertising Channel": "Search", "Advertising Sub Channel": "", "Campaign ID": 639844279, "Avg. CPV": 0.0, "Campaign serving status": "eligible", "Avg. CPM": 10.350877, "Invalid clicks": 1, "End date": "", "Avg. Cost": 0.022692, "Start date": "2016-08-09", "Mapping": false, "Engagements": 0, "Avg. CPC": 0.022692, "Interactions": 26, "Date": "2017-03-04", "Video played to 100%": 0.0, "Cost": 0.59, "Interaction Types": ["Clicks"], "Video played to 75%": 0.0, "Video played to 25%": 0.0, "Campaign state": "paused", "Avg. CPE": 0.0, "Account Name": "[W] G1 - WPL - td360", "Impressions": 57}, {"View rate": 0.0, "Campaign": "Gen-term_FH-WG_Broad_MOR", "Unique cookies": "", "Dept": "WPL", "Bid Strategy Type": "cpc", "Views": 0, "Video played to 50%": 0.0, "CTR": 20.0, "Conversions": 1.0, "Account ID": "5243164713", "Clicks": 3, "Interaction Rate": 20.0, "Avg. position": 2.3, "Advertising Channel": "Search", "Advertising Sub Channel": "", "Campaign ID": 641798140, "Avg. CPV": 0.0, "Campaign serving status": "eligible", "Avg. CPM": 7.333333, "Invalid clicks": 0, "End date": "", "Avg. Cost": 0.036667, "Start date": "2016-08-11", "Mapping": false, "Engagements": 0, "Avg. CPC": 0.036667, "Interactions": 3, "Date": "2017-03-04", "Video played to 100%": 0.0, "Cost": 0.11, "Interaction Types": ["Clicks"], "Video played to 75%": 0.0, "Video played to 25%": 0.0, "Campaign state": "paused", "Avg. CPE": 0.0, "Account Name": "[W] G1 - WPL - td360", "Impressions": 15}, {"View rate": 0.0, "Campaign": "Gen-term_FH-WG_Broad_AFT", "Unique cookies": "", "Dept": "WPL", "Bid Strategy Type": "cpc", "Views": 0, "Video played to 50%": 0.0, "CTR": 15.0, "Conversions": 1.0, "Account ID": "5243164713", "Clicks": 3, "Interaction Rate": 15.0, "Avg. position": 1.8, "Advertising Channel": "Search", "Advertising Sub Channel": "", "Campaign ID": 641798143, "Avg. CPV": 0.0, "Campaign serving status": "eligible", "Avg. CPM": 5.5, "Invalid clicks": 0, "End date": "", "Avg. Cost": 0.036667, "Start date": "2016-08-11", "Mapping": false, "Engagements": 0, "Avg. CPC": 0.036667, "Interactions": 3, "Date": "2017-03-04", "Video played to 100%": 0.0, "Cost": 0.11, "Interaction Types": ["Clicks"], "Video played to 75%": 0.0, "Video played to 25%": 0.0, "Campaign state": "paused", "Avg. CPE": 0.0, "Account Name": "[W] G1 - WPL - td360", "Impressions": 20}, {"View rate": 0.0, "Campaign": "Gen-term_Game_Phrase_AFT", "Unique cookies": "", "Dept": "WPL", "Bid Strategy Type": "cpc", "Views": 0, "Video played to 50%": 0.0, "CTR": 20.0, "Conversions": 1.0, "Account ID": "5243164713", "Clicks": 3, "Interaction Rate": 20.0, "Avg. position": 1.2, "Advertising Channel": "Search", "Advertising Sub Channel": "", "Campaign ID": 641798155, "Avg. CPV": 0.0, "Campaign serving status": "eligible", "Avg. CPM": 7.333333, "Invalid clicks": 0, "End date": "", "Avg. Cost": 0.036667, "Start date": "2016-08-11", "Mapping": false, "Engagements": 0, "Avg. CPC": 0.036667, "Interactions": 3, "Date": "2017-03-04", "Video played to 100%": 0.0, "Cost": 0.11, "Interaction Types": ["Clicks"], "Video played to 75%": 0.0, "Video played to 25%": 0.0, "Campaign state": "paused", "Avg. CPE": 0.0, "Account Name": "[W] G1 - WPL - td360", "Impressions": 15}, {"View rate": 0.0, "Campaign": "Brand-term_TTTD-bmm-MOR", "Unique cookies": "", "Dept": "WPL", "Bid Strategy Type": "cpc", "Views": 0, "Video played to 50%": 0.0, "CTR": 70.0, "Conversions": 1.0, "Account ID": "5243164713", "Clicks": 7, "Interaction Rate": 70.0, "Avg. position": 1.0, "Advertising Channel": "Search", "Advertising Sub Channel": "", "Campaign ID": 639844258, "Avg. CPV": 0.0, "Campaign serving status": "eligible", "Avg. CPM": 7.0, "Invalid clicks": 0, "End date": "", "Avg. Cost": 0.01, "Start date": "2016-08-09", "Mapping": false, "Engagements": 0, "Avg. CPC": 0.01, "Interactions": 7, "Date": "2017-03-04", "Video played to 100%": 0.0, "Cost": 0.07, "Interaction Types": ["Clicks"], "Video played to 75%": 0.0, "Video played to 25%": 0.0, "Campaign state": "paused", "Avg. CPE": 0.0, "Account Name": "[W] G1 - WPL - td360", "Impressions": 10}, {"View rate": 0.0, "Campaign": "Brand-term_TTTD-br-AFT", "Unique cookies": "", "Dept": "WPL", "Bid Strategy Type": "cpc", "Views": 0, "Video played to 50%": 0.0, "CTR": 76.44, "Conversions": 25.0, "Account ID": "5243164713", "Clicks": 412, "Interaction Rate": 76.44, "Avg. position": 1.0, "Advertising Channel": "Search", "Advertising Sub Channel": "", "Campaign ID": 639844261, "Avg. CPV": 0.0, "Campaign serving status": "eligible", "Avg. CPM": 8.812616, "Invalid clicks": 24, "End date": "", "Avg. Cost": 0.011529, "Start date": "2016-08-09", "Mapping": false, "Engagements": 0, "Avg. CPC": 0.011529, "Interactions": 412, "Date": "2017-03-04", "Video played to 100%": 0.0, "Cost": 4.75, "Interaction Types": ["Clicks"], "Video played to 75%": 0.0, "Video played to 25%": 0.0, "Campaign state": "paused", "Avg. CPE": 0.0, "Account Name": "[W] G1 - WPL - td360", "Impressions": 539}, {"View rate": 0.0, "Campaign": "Brand-term_TTTD-br-EVE", "Unique cookies": "", "Dept": "WPL", "Bid Strategy Type": "cpc", "Views": 0, "Video played to 50%": 0.0, "CTR": 73.45, "Conversions": 15.0, "Account ID": "5243164713", "Clicks": 249, "Interaction Rate": 73.45, "Avg. position": 1.0, "Advertising Channel": "Search", "Advertising Sub Channel": "", "Campaign ID": 639844264, "Avg. CPV": 0.0, "Campaign serving status": "eligible", "Avg. CPM": 8.702065, "Invalid clicks": 16, "End date": "", "Avg. Cost": 0.011847, "Start date": "2016-08-09", "Mapping": false, "Engagements": 0, "Avg. CPC": 0.011847, "Interactions": 249, "Date": "2017-03-04", "Video played to 100%": 0.0, "Cost": 2.95, "Interaction Types": ["Clicks"], "Video played to 75%": 0.0, "Video played to 25%": 0.0, "Campaign state": "paused", "Avg. CPE": 0.0, "Account Name": "[W] G1 - WPL - td360", "Impressions": 339}, {"View rate": 0.0, "Campaign": "Brand-term_TayDuKy-MOR", "Unique cookies": "", "Dept": "WPL", "Bid Strategy Type": "cpc", "Views": 0, "Video played to 50%": 0.0, "CTR": 35.57, "Conversions": 9.0, "Account ID": "5243164713", "Clicks": 53, "Interaction Rate": 35.57, "Avg. position": 1.0, "Advertising Channel": "Search", "Advertising Sub Channel": "", "Campaign ID": 639844294, "Avg. CPV": 0.0, "Campaign serving status": "eligible", "Avg. CPM": 9.798658, "Invalid clicks": 9, "End date": "", "Avg. Cost": 0.027547, "Start date": "2016-08-09", "Mapping": false, "Engagements": 0, "Avg. CPC": 0.027547, "Interactions": 53, "Date": "2017-03-04", "Video played to 100%": 0.0, "Cost": 1.46, "Interaction Types": ["Clicks"], "Video played to 75%": 0.0, "Video played to 25%": 0.0, "Campaign state": "paused", "Avg. CPE": 0.0, "Account Name": "[W] G1 - WPL - td360", "Impressions": 149}, {"View rate": 0.0, "Campaign": "Gen-term_Game_Phrase_MOR", "Unique cookies": "", "Dept": "WPL", "Bid Strategy Type": "cpc", "Views": 0, "Video played to 50%": 0.0, "CTR": 5.88, "Conversions": 0.0, "Account ID": "5243164713", "Clicks": 1, "Interaction Rate": 5.88, "Avg. position": 1.5, "Advertising Channel": "Search", "Advertising Sub Channel": "", "Campaign ID": 641798152, "Avg. CPV": 0.0, "Campaign serving status": "eligible", "Avg. CPM": 2.941176, "Invalid clicks": 0, "End date": "", "Avg. Cost": 0.05, "Start date": "2016-08-11", "Mapping": false, "Engagements": 0, "Avg. CPC": 0.05, "Interactions": 1, "Date": "2017-03-04", "Video played to 100%": 0.0, "Cost": 0.05, "Interaction Types": ["Clicks"], "Video played to 75%": 0.0, "Video played to 25%": 0.0, "Campaign state": "paused", "Avg. CPE": 0.0, "Account Name": "[W] G1 - WPL - td360", "Impressions": 17}, {"View rate": 0.0, "Campaign": "Brand-term_TTTD-bmm-AFT", "Unique cookies": "", "Dept": "WPL", "Bid Strategy Type": "cpc", "Views": 0, "Video played to 50%": 0.0, "CTR": 60.47, "Conversions": 5.0, "Account ID": "5243164713", "Clicks": 26, "Interaction Rate": 60.47, "Avg. position": 1.0, "Advertising Channel": "Search", "Advertising Sub Channel": "", "Campaign ID": 639844252, "Avg. CPV": 0.0, "Campaign serving status": "eligible", "Avg. CPM": 14.186047, "Invalid clicks": 7, "End date": "", "Avg. Cost": 0.023462, "Start date": "2016-08-09", "Mapping": false, "Engagements": 0, "Avg. CPC": 0.023462, "Interactions": 26, "Date": "2017-03-04", "Video played to 100%": 0.0, "Cost": 0.61, "Interaction Types": ["Clicks"], "Video played to 75%": 0.0, "Video played to 25%": 0.0, "Campaign state": "paused", "Avg. CPE": 0.0, "Account Name": "[W] G1 - WPL - td360", "Impressions": 43}, {"View rate": 0.0, "Campaign": "Brand-term_TayDuKy-AFT", "Unique cookies": "", "Dept": "WPL", "Bid Strategy Type": "cpc", "Views": 0, "Video played to 50%": 0.0, "CTR": 39.02, "Conversions": 17.0, "Account ID": "5243164713", "Clicks": 80, "Interaction Rate": 39.02, "Avg. position": 1.0, "Advertising Channel": "Search", "Advertising Sub Channel": "", "Campaign ID": 639844288, "Avg. CPV": 0.0, "Campaign serving status": "eligible", "Avg. CPM": 10.195122, "Invalid clicks": 5, "End date": "", "Avg. Cost": 0.026125, "Start date": "2016-08-09", "Mapping": false, "Engagements": 0, "Avg. CPC": 0.026125, "Interactions": 80, "Date": "2017-03-04", "Video played to 100%": 0.0, "Cost": 2.09, "Interaction Types": ["Clicks"], "Video played to 75%": 0.0, "Video played to 25%": 0.0, "Campaign state": "paused", "Avg. CPE": 0.0, "Account Name": "[W] G1 - WPL - td360", "Impressions": 205}, {"View rate": 0.0, "Campaign": "Brand-term_TTTD-bmm-EVE", "Unique cookies": "", "Dept": "WPL", "Bid Strategy Type": "cpc", "Views": 0, "Video played to 50%": 0.0, "CTR": 54.55, "Conversions": 1.0, "Account ID": "5243164713", "Clicks": 6, "Interaction Rate": 54.55, "Avg. position": 1.0, "Advertising Channel": "Search", "Advertising Sub Channel": "", "Campaign ID": 639844255, "Avg. CPV": 0.0, "Campaign serving status": "eligible", "Avg. CPM": 5.454545, "Invalid clicks": 1, "End date": "", "Avg. Cost": 0.01, "Start date": "2016-08-09", "Mapping": false, "Engagements": 0, "Avg. CPC": 0.01, "Interactions": 6, "Date": "2017-03-04", "Video played to 100%": 0.0, "Cost": 0.06, "Interaction Types": ["Clicks"], "Video played to 75%": 0.0, "Video played to 25%": 0.0, "Campaign state": "paused", "Avg. CPE": 0.0, "Account Name": "[W] G1 - WPL - td360", "Impressions": 11}, {"View rate": 0.0, "Campaign": "Brand-term_TTTD-ex-MOR", "Unique cookies": "", "Dept": "WPL", "Bid Strategy Type": "cpc", "Views": 0, "Video played to 50%": 0.0, "CTR": 78.52, "Conversions": 13.0, "Account ID": "5243164713", "Clicks": 351, "Interaction Rate": 78.52, "Avg. position": 1.0, "Advertising Channel": "Search", "Advertising Sub Channel": "", "Campaign ID": 639844276, "Avg. CPV": 0.0, "Campaign serving status": "eligible", "Avg. CPM": 8.008949, "Invalid clicks": 54, "End date": "", "Avg. Cost": 0.010199, "Start date": "2016-08-09", "Mapping": false, "Engagements": 0, "Avg. CPC": 0.010199, "Interactions": 351, "Date": "2017-03-04", "Video played to 100%": 0.0, "Cost": 3.58, "Interaction Types": ["Clicks"], "Video played to 75%": 0.0, "Video played to 25%": 0.0, "Campaign state": "enabled", "Avg. CPE": 0.0, "Account Name": "[W] G1 - WPL - td360", "Impressions": 447}, {"View rate": 0.0, "Campaign": "Gen-term_FH-GO-br-AFT", "Unique cookies": "", "Dept": "WPL", "Bid Strategy Type": "cpc", "Views": 0, "Video played to 50%": 0.0, "CTR": 16.67, "Conversions": 0.0, "Account ID": "5243164713", "Clicks": 1, "Interaction Rate": 16.67, "Avg. position": 1.3, "Advertising Channel": "Search", "Advertising Sub Channel": "", "Campaign ID": 641761196, "Avg. CPV": 0.0, "Campaign serving status": "eligible", "Avg. CPM": 5.0, "Invalid clicks": 0, "End date": "", "Avg. Cost": 0.03, "Start date": "2016-08-11", "Mapping": false, "Engagements": 0, "Avg. CPC": 0.03, "Interactions": 1, "Date": "2017-03-04", "Video played to 100%": 0.0, "Cost": 0.03, "Interaction Types": ["Clicks"], "Video played to 75%": 0.0, "Video played to 25%": 0.0, "Campaign state": "paused", "Avg. CPE": 0.0, "Account Name": "[W] G1 - WPL - td360", "Impressions": 6}, {"View rate": 0.0, "Campaign": "Gen-term_FH-WG-br-MOR", "Unique cookies": "", "Dept": "WPL", "Bid Strategy Type": "cpc", "Views": 0, "Video played to 50%": 0.0, "CTR": 25.0, "Conversions": 1.0, "Account ID": "5243164713", "Clicks": 1, "Interaction Rate": 25.0, "Avg. position": 2.3, "Advertising Channel": "Search", "Advertising Sub Channel": "", "Campaign ID": 641761352, "Avg. CPV": 0.0, "Campaign serving status": "eligible", "Avg. CPM": 12.5, "Invalid clicks": 0, "End date": "", "Avg. Cost": 0.05, "Start date": "2016-08-11", "Mapping": false, "Engagements": 0, "Avg. CPC": 0.05, "Interactions": 1, "Date": "2017-03-04", "Video played to 100%": 0.0, "Cost": 0.05, "Interaction Types": ["Clicks"], "Video played to 75%": 0.0, "Video played to 25%": 0.0, "Campaign state": "paused", "Avg. CPE": 0.0, "Account Name": "[W] G1 - WPL - td360", "Impressions": 4}, {"View rate": 0.0, "Campaign": "Gen-term_FH-GO_Broad_AFT", "Unique cookies": "", "Dept": "WPL", "Bid Strategy Type": "cpc", "Views": 0, "Video played to 50%": 0.0, "CTR": 33.33, "Conversions": 0.0, "Account ID": "5243164713", "Clicks": 2, "Interaction Rate": 33.33, "Avg. position": 2.2, "Advertising Channel": "Search", "Advertising Sub Channel": "", "Campaign ID": 641798131, "Avg. CPV": 0.0, "Campaign serving status": "eligible", "Avg. CPM": 23.333333, "Invalid clicks": 0, "End date": "", "Avg. Cost": 0.07, "Start date": "2016-08-11", "Mapping": false, "Engagements": 0, "Avg. CPC": 0.07, "Interactions": 2, "Date": "2017-03-04", "Video played to 100%": 0.0, "Cost": 0.14, "Interaction Types": ["Clicks"], "Video played to 75%": 0.0, "Video played to 25%": 0.0, "Campaign state": "paused", "Avg. CPE": 0.0, "Account Name": "[W] G1 - WPL - td360", "Impressions": 6}, {"View rate": 0.0, "Campaign": "Gen-term_Game_Broad_MOR", "Unique cookies": "", "Dept": "WPL", "Bid Strategy Type": "cpc", "Views": 0, "Video played to 50%": 0.0, "CTR": 37.5, "Conversions": 0.0, "Account ID": "5243164713", "Clicks": 6, "Interaction Rate": 37.5, "Avg. position": 1.7, "Advertising Channel": "Search", "Advertising Sub Channel": "", "Campaign ID": 641798158, "Avg. CPV": 0.0, "Campaign serving status": "eligible", "Avg. CPM": 12.5, "Invalid clicks": 1, "End date": "", "Avg. Cost": 0.033333, "Start date": "2016-08-11", "Mapping": false, "Engagements": 0, "Avg. CPC": 0.033333, "Interactions": 6, "Date": "2017-03-04", "Video played to 100%": 0.0, "Cost": 0.2, "Interaction Types": ["Clicks"], "Video played to 75%": 0.0, "Video played to 25%": 0.0, "Campaign state": "paused", "Avg. CPE": 0.0, "Account Name": "[W] G1 - WPL - td360", "Impressions": 16}, {"View rate": 0.0, "Campaign": "Brand-term_TTTD-phr-MOR", "Unique cookies": "", "Dept": "WPL", "Bid Strategy Type": "cpc", "Views": 0, "Video played to 50%": 0.0, "CTR": 51.02, "Conversions": 2.0, "Account ID": "5243164713", "Clicks": 25, "Interaction Rate": 51.02, "Avg. position": 1.0, "Advertising Channel": "Search", "Advertising Sub Channel": "", "Campaign ID": 639844285, "Avg. CPV": 0.0, "Campaign serving status": "eligible", "Avg. CPM": 13.469388, "Invalid clicks": 2, "End date": "", "Avg. Cost": 0.0264, "Start date": "2016-08-09", "Mapping": false, "Engagements": 0, "Avg. CPC": 0.0264, "Interactions": 25, "Date": "2017-03-04", "Video played to 100%": 0.0, "Cost": 0.66, "Interaction Types": ["Clicks"], "Video played to 75%": 0.0, "Video played to 25%": 0.0, "Campaign state": "paused", "Avg. CPE": 0.0, "Account Name": "[W] G1 - WPL - td360", "Impressions": 49}, {"View rate": 0.0, "Campaign": "Gen-term_FH-Game-phr-MOR", "Unique cookies": "", "Dept": "WPL", "Bid Strategy Type": "cpc", "Views": 0, "Video played to 50%": 0.0, "CTR": 50.0, "Conversions": 0.0, "Account ID": "5243164713", "Clicks": 1, "Interaction Rate": 50.0, "Avg. position": 2.0, "Advertising Channel": "Search", "Advertising Sub Channel": "", "Campaign ID": 641761181, "Avg. CPV": 0.0, "Campaign serving status": "eligible", "Avg. CPM": 25.0, "Invalid clicks": 0, "End date": "", "Avg. Cost": 0.05, "Start date": "2016-08-11", "Mapping": false, "Engagements": 0, "Avg. CPC": 0.05, "Interactions": 1, "Date": "2017-03-04", "Video played to 100%": 0.0, "Cost": 0.05, "Interaction Types": ["Clicks"], "Video played to 75%": 0.0, "Video played to 25%": 0.0, "Campaign state": "paused", "Avg. CPE": 0.0, "Account Name": "[W] G1 - WPL - td360", "Impressions": 2}, {"View rate": 0.0, "Campaign": "", "Unique cookies": "", "Dept": "WPL", "Bid Strategy Type": "", "Views": 0, "Video played to 50%": 0.0, "CTR": 65.19, "Conversions": 164.0, "Account ID": "5243164713", "Clicks": 2392, "Interaction Rate": 65.19, "Avg. position": 1.1, "Advertising Channel": "", "Advertising Sub Channel": "", "Campaign ID": "", "Avg. CPV": 0.0, "Campaign serving status": "", "Avg. CPM": 8.473699, "Invalid clicks": 222, "End date": "", "Avg. Cost": 0.012997, "Start date": "", "Mapping": false, "Engagements": 0, "Avg. CPC": 0.012997, "Interactions": 2392, "Date": "2017-03-04", "Video played to 100%": 0.0, "Cost": 31.09, "Interaction Types": "", "Video played to 75%": 0.0, "Video played to 25%": 0.0, "Campaign state": "Total", "Avg. CPE": 0.0, "Account Name": "[W] G1 - WPL - td360", "Impressions": 3669}]