[{"Account ID": "5243164713", "Conversions": 23.0, "Views": 0, "Video played to 50%": 0.0, "Advertising Sub Channel": "", "Campaign": "Brand-term_TTTD-ex-AFT", "Avg. CPE": 0.0, "Campaign serving status": "eligible", "Invalid clicks": 33, "Interaction Rate": 78.67, "Interaction Types": ["Clicks"], "Engagements": 0, "End date": "", "Avg. position": 1.0, "Video played to 100%": 0.0, "Video played to 25%": 0.0, "Video played to 75%": 0.0, "Mapping": false, "Avg. CPV": 0.0, "View rate": 0.0, "Avg. CPC": 0.010569, "Avg. Cost": 0.010569, "Avg. CPM": 8.315412, "Campaign state": "enabled", "Start date": "2016-08-09", "Account Name": "[W] G1 - WPL - td360", "Cost": 4.64, "Advertising Channel": "Search", "Campaign ID": 639844270, "Interactions": 439, "Unique cookies": "", "Clicks": 439, "CTR": 78.67, "Dept": "WPL", "Bid Strategy Type": "cpc", "Date": "2017-03-04", "Impressions": 558}, {"Account ID": "5243164713", "Conversions": 3.0, "Views": 0, "Video played to 50%": 0.0, "Advertising Sub Channel": "", "Campaign": "Brand-term_TTTD-phr-EVE", "Avg. CPE": 0.0, "Campaign serving status": "eligible", "Invalid clicks": 2, "Interaction Rate": 46.67, "Interaction Types": ["Clicks"], "Engagements": 0, "End date": "", "Avg. position": 1.0, "Video played to 100%": 0.0, "Video played to 25%": 0.0, "Video played to 75%": 0.0, "Mapping": false, "Avg. CPV": 0.0, "View rate": 0.0, "Avg. CPC": 0.010952, "Avg. Cost": 0.010952, "Avg. CPM": 5.111111, "Campaign state": "paused", "Start date": "2016-08-09", "Account Name": "[W] G1 - WPL - td360", "Cost": 0.23, "Advertising Channel": "Search", "Campaign ID": 639844282, "Interactions": 21, "Unique cookies": "", "Clicks": 21, "CTR": 46.67, "Dept": "WPL", "Bid Strategy Type": "cpc", "Date": "2017-03-04", "Impressions": 45}, {"Account ID": "5243164713", "Conversions": 10.0, "Views": 0, "Video played to 50%": 0.0, "Advertising Sub Channel": "", "Campaign": "Brand-term_TayDuKy-EVE", "Avg. CPE": 0.0, "Campaign serving status": "eligible", "Invalid clicks": 1, "Interaction Rate": 34.81, "Interaction Types": ["Clicks"], "Engagements": 0, "End date": "", "Avg. position": 1.0, "Video played to 100%": 0.0, "Video played to 25%": 0.0, "Video played to 75%": 0.0, "Mapping": false, "Avg. CPV": 0.0, "View rate": 0.0, "Avg. CPC": 0.022128, "Avg. Cost": 0.022128, "Avg. CPM": 7.703704, "Campaign state": "paused", "Start date": "2016-08-09", "Account Name": "[W] G1 - WPL - td360", "Cost": 1.04, "Advertising Channel": "Search", "Campaign ID": 639844291, "Interactions": 47, "Unique cookies": "", "Clicks": 47, "CTR": 34.81, "Dept": "WPL", "Bid Strategy Type": "cpc", "Date": "2017-03-04", "Impressions": 135}, {"Account ID": "5243164713", "Conversions": 0.0, "Views": 0, "Video played to 50%": 0.0, "Advertising Sub Channel": "", "Campaign": "Gen-term_Game_Broad_EVE", "Avg. CPE": 0.0, "Campaign serving status": "eligible", "Invalid clicks": 0, "Interaction Rate": 5.88, "Interaction Types": ["Clicks"], "Engagements": 0, "End date": "", "Avg. position": 1.5, "Video played to 100%": 0.0, "Video played to 25%": 0.0, "Video played to 75%": 0.0, "Mapping": false, "Avg. CPV": 0.0, "View rate": 0.0, "Avg. CPC": 0.04, "Avg. Cost": 0.04, "Avg. CPM": 2.352941, "Campaign state": "paused", "Start date": "2016-08-11", "Account Name": "[W] G1 - WPL - td360", "Cost": 0.08, "Advertising Channel": "Search", "Campaign ID": 641798332, "Interactions": 2, "Unique cookies": "", "Clicks": 2, "CTR": 5.88, "Dept": "WPL", "Bid Strategy Type": "cpc", "Date": "2017-03-04", "Impressions": 34}, {"Account ID": "5243164713", "Conversions": 22.0, "Views": 0, "Video played to 50%": 0.0, "Advertising Sub Channel": "", "Campaign": "Brand-term_TTTD-br-MOR", "Avg. CPE": 0.0, "Campaign serving status": "eligible", "Invalid clicks": 53, "Interaction Rate": 70.58, "Interaction Types": ["Clicks"], "Engagements": 0, "End date": "", "Avg. position": 1.0, "Video played to 100%": 0.0, "Video played to 25%": 0.0, "Video played to 75%": 0.0, "Mapping": false, "Avg. CPV": 0.0, "View rate": 0.0, "Avg. CPC": 0.013106, "Avg. Cost": 0.013106, "Avg. CPM": 9.25, "Campaign state": "paused", "Start date": "2016-08-09", "Account Name": "[W] G1 - WPL - td360", "Cost": 4.81, "Advertising Channel": "Search", "Campaign ID": 639844267, "Interactions": 367, "Unique cookies": "", "Clicks": 367, "CTR": 70.58, "Dept": "WPL", "Bid Strategy Type": "cpc", "Date": "2017-03-04", "Impressions": 520}, {"Account ID": "5243164713", "Conversions": 13.0, "Views": 0, "Video played to 50%": 0.0, "Advertising Sub Channel": "", "Campaign": "Brand-term_TTTD-ex-EVE", "Avg. CPE": 0.0, "Campaign serving status": "eligible", "Invalid clicks": 13, "Interaction Rate": 81.25, "Interaction Types": ["Clicks"], "Engagements": 0, "End date": "", "Avg. position": 1.0, "Video played to 100%": 0.0, "Video played to 25%": 0.0, "Video played to 75%": 0.0, "Mapping": false, "Avg. CPV": 0.0, "View rate": 0.0, "Avg. CPC": 0.010077, "Avg. Cost": 0.010077, "Avg. CPM": 8.1875, "Campaign state": "enabled", "Start date": "2016-08-09", "Account Name": "[W] G1 - WPL - td360", "Cost": 2.62, "Advertising Channel": "Search", "Campaign ID": 639844273, "Interactions": 260, "Unique cookies": "", "Clicks": 260, "CTR": 81.25, "Dept": "WPL", "Bid Strategy Type": "cpc", "Date": "2017-03-04", "Impressions": 320}, {"Account ID": "5243164713", "Conversions": 1.0, "Views": 0, "Video played to 50%": 0.0, "Advertising Sub Channel": "", "Campaign": "Brand-term_TTTD-phr-AFT", "Avg. CPE": 0.0, "Campaign serving status": "eligible", "Invalid clicks": 1, "Interaction Rate": 45.61, "Interaction Types": ["Clicks"], "Engagements": 0, "End date": "", "Avg. position": 1.0, "Video played to 100%": 0.0, "Video played to 25%": 0.0, "Video played to 75%": 0.0, "Mapping": false, "Avg. CPV": 0.0, "View rate": 0.0, "Avg. CPC": 0.022692, "Avg. Cost": 0.022692, "Avg. CPM": 10.350877, "Campaign state": "paused", "Start date": "2016-08-09", "Account Name": "[W] G1 - WPL - td360", "Cost": 0.59, "Advertising Channel": "Search", "Campaign ID": 639844279, "Interactions": 26, "Unique cookies": "", "Clicks": 26, "CTR": 45.61, "Dept": "WPL", "Bid Strategy Type": "cpc", "Date": "2017-03-04", "Impressions": 57}, {"Account ID": "5243164713", "Conversions": 1.0, "Views": 0, "Video played to 50%": 0.0, "Advertising Sub Channel": "", "Campaign": "Gen-term_FH-WG_Broad_MOR", "Avg. CPE": 0.0, "Campaign serving status": "eligible", "Invalid clicks": 0, "Interaction Rate": 20.0, "Interaction Types": ["Clicks"], "Engagements": 0, "End date": "", "Avg. position": 2.3, "Video played to 100%": 0.0, "Video played to 25%": 0.0, "Video played to 75%": 0.0, "Mapping": false, "Avg. CPV": 0.0, "View rate": 0.0, "Avg. CPC": 0.036667, "Avg. Cost": 0.036667, "Avg. CPM": 7.333333, "Campaign state": "paused", "Start date": "2016-08-11", "Account Name": "[W] G1 - WPL - td360", "Cost": 0.11, "Advertising Channel": "Search", "Campaign ID": 641798140, "Interactions": 3, "Unique cookies": "", "Clicks": 3, "CTR": 20.0, "Dept": "WPL", "Bid Strategy Type": "cpc", "Date": "2017-03-04", "Impressions": 15}, {"Account ID": "5243164713", "Conversions": 1.0, "Views": 0, "Video played to 50%": 0.0, "Advertising Sub Channel": "", "Campaign": "Gen-term_FH-WG_Broad_AFT", "Avg. CPE": 0.0, "Campaign serving status": "eligible", "Invalid clicks": 0, "Interaction Rate": 15.0, "Interaction Types": ["Clicks"], "Engagements": 0, "End date": "", "Avg. position": 1.8, "Video played to 100%": 0.0, "Video played to 25%": 0.0, "Video played to 75%": 0.0, "Mapping": false, "Avg. CPV": 0.0, "View rate": 0.0, "Avg. CPC": 0.036667, "Avg. Cost": 0.036667, "Avg. CPM": 5.5, "Campaign state": "paused", "Start date": "2016-08-11", "Account Name": "[W] G1 - WPL - td360", "Cost": 0.11, "Advertising Channel": "Search", "Campaign ID": 641798143, "Interactions": 3, "Unique cookies": "", "Clicks": 3, "CTR": 15.0, "Dept": "WPL", "Bid Strategy Type": "cpc", "Date": "2017-03-04", "Impressions": 20}, {"Account ID": "5243164713", "Conversions": 1.0, "Views": 0, "Video played to 50%": 0.0, "Advertising Sub Channel": "", "Campaign": "Gen-term_Game_Phrase_AFT", "Avg. CPE": 0.0, "Campaign serving status": "eligible", "Invalid clicks": 0, "Interaction Rate": 20.0, "Interaction Types": ["Clicks"], "Engagements": 0, "End date": "", "Avg. position": 1.2, "Video played to 100%": 0.0, "Video played to 25%": 0.0, "Video played to 75%": 0.0, "Mapping": false, "Avg. CPV": 0.0, "View rate": 0.0, "Avg. CPC": 0.036667, "Avg. Cost": 0.036667, "Avg. CPM": 7.333333, "Campaign state": "paused", "Start date": "2016-08-11", "Account Name": "[W] G1 - WPL - td360", "Cost": 0.11, "Advertising Channel": "Search", "Campaign ID": 641798155, "Interactions": 3, "Unique cookies": "", "Clicks": 3, "CTR": 20.0, "Dept": "WPL", "Bid Strategy Type": "cpc", "Date": "2017-03-04", "Impressions": 15}, {"Account ID": "5243164713", "Conversions": 1.0, "Views": 0, "Video played to 50%": 0.0, "Advertising Sub Channel": "", "Campaign": "Brand-term_TTTD-bmm-MOR", "Avg. CPE": 0.0, "Campaign serving status": "eligible", "Invalid clicks": 0, "Interaction Rate": 70.0, "Interaction Types": ["Clicks"], "Engagements": 0, "End date": "", "Avg. position": 1.0, "Video played to 100%": 0.0, "Video played to 25%": 0.0, "Video played to 75%": 0.0, "Mapping": false, "Avg. CPV": 0.0, "View rate": 0.0, "Avg. CPC": 0.01, "Avg. Cost": 0.01, "Avg. CPM": 7.0, "Campaign state": "paused", "Start date": "2016-08-09", "Account Name": "[W] G1 - WPL - td360", "Cost": 0.07, "Advertising Channel": "Search", "Campaign ID": 639844258, "Interactions": 7, "Unique cookies": "", "Clicks": 7, "CTR": 70.0, "Dept": "WPL", "Bid Strategy Type": "cpc", "Date": "2017-03-04", "Impressions": 10}, {"Account ID": "5243164713", "Conversions": 25.0, "Views": 0, "Video played to 50%": 0.0, "Advertising Sub Channel": "", "Campaign": "Brand-term_TTTD-br-AFT", "Avg. CPE": 0.0, "Campaign serving status": "eligible", "Invalid clicks": 24, "Interaction Rate": 76.44, "Interaction Types": ["Clicks"], "Engagements": 0, "End date": "", "Avg. position": 1.0, "Video played to 100%": 0.0, "Video played to 25%": 0.0, "Video played to 75%": 0.0, "Mapping": false, "Avg. CPV": 0.0, "View rate": 0.0, "Avg. CPC": 0.011529, "Avg. Cost": 0.011529, "Avg. CPM": 8.812616, "Campaign state": "paused", "Start date": "2016-08-09", "Account Name": "[W] G1 - WPL - td360", "Cost": 4.75, "Advertising Channel": "Search", "Campaign ID": 639844261, "Interactions": 412, "Unique cookies": "", "Clicks": 412, "CTR": 76.44, "Dept": "WPL", "Bid Strategy Type": "cpc", "Date": "2017-03-04", "Impressions": 539}, {"Account ID": "5243164713", "Conversions": 15.0, "Views": 0, "Video played to 50%": 0.0, "Advertising Sub Channel": "", "Campaign": "Brand-term_TTTD-br-EVE", "Avg. CPE": 0.0, "Campaign serving status": "eligible", "Invalid clicks": 16, "Interaction Rate": 73.45, "Interaction Types": ["Clicks"], "Engagements": 0, "End date": "", "Avg. position": 1.0, "Video played to 100%": 0.0, "Video played to 25%": 0.0, "Video played to 75%": 0.0, "Mapping": false, "Avg. CPV": 0.0, "View rate": 0.0, "Avg. CPC": 0.011847, "Avg. Cost": 0.011847, "Avg. CPM": 8.702065, "Campaign state": "paused", "Start date": "2016-08-09", "Account Name": "[W] G1 - WPL - td360", "Cost": 2.95, "Advertising Channel": "Search", "Campaign ID": 639844264, "Interactions": 249, "Unique cookies": "", "Clicks": 249, "CTR": 73.45, "Dept": "WPL", "Bid Strategy Type": "cpc", "Date": "2017-03-04", "Impressions": 339}, {"Account ID": "5243164713", "Conversions": 9.0, "Views": 0, "Video played to 50%": 0.0, "Advertising Sub Channel": "", "Campaign": "Brand-term_TayDuKy-MOR", "Avg. CPE": 0.0, "Campaign serving status": "eligible", "Invalid clicks": 9, "Interaction Rate": 35.57, "Interaction Types": ["Clicks"], "Engagements": 0, "End date": "", "Avg. position": 1.0, "Video played to 100%": 0.0, "Video played to 25%": 0.0, "Video played to 75%": 0.0, "Mapping": false, "Avg. CPV": 0.0, "View rate": 0.0, "Avg. CPC": 0.027547, "Avg. Cost": 0.027547, "Avg. CPM": 9.798658, "Campaign state": "paused", "Start date": "2016-08-09", "Account Name": "[W] G1 - WPL - td360", "Cost": 1.46, "Advertising Channel": "Search", "Campaign ID": 639844294, "Interactions": 53, "Unique cookies": "", "Clicks": 53, "CTR": 35.57, "Dept": "WPL", "Bid Strategy Type": "cpc", "Date": "2017-03-04", "Impressions": 149}, {"Account ID": "5243164713", "Conversions": 0.0, "Views": 0, "Video played to 50%": 0.0, "Advertising Sub Channel": "", "Campaign": "Gen-term_Game_Phrase_MOR", "Avg. CPE": 0.0, "Campaign serving status": "eligible", "Invalid clicks": 0, "Interaction Rate": 5.88, "Interaction Types": ["Clicks"], "Engagements": 0, "End date": "", "Avg. position": 1.5, "Video played to 100%": 0.0, "Video played to 25%": 0.0, "Video played to 75%": 0.0, "Mapping": false, "Avg. CPV": 0.0, "View rate": 0.0, "Avg. CPC": 0.05, "Avg. Cost": 0.05, "Avg. CPM": 2.941176, "Campaign state": "paused", "Start date": "2016-08-11", "Account Name": "[W] G1 - WPL - td360", "Cost": 0.05, "Advertising Channel": "Search", "Campaign ID": 641798152, "Interactions": 1, "Unique cookies": "", "Clicks": 1, "CTR": 5.88, "Dept": "WPL", "Bid Strategy Type": "cpc", "Date": "2017-03-04", "Impressions": 17}, {"Account ID": "5243164713", "Conversions": 5.0, "Views": 0, "Video played to 50%": 0.0, "Advertising Sub Channel": "", "Campaign": "Brand-term_TTTD-bmm-AFT", "Avg. CPE": 0.0, "Campaign serving status": "eligible", "Invalid clicks": 7, "Interaction Rate": 60.47, "Interaction Types": ["Clicks"], "Engagements": 0, "End date": "", "Avg. position": 1.0, "Video played to 100%": 0.0, "Video played to 25%": 0.0, "Video played to 75%": 0.0, "Mapping": false, "Avg. CPV": 0.0, "View rate": 0.0, "Avg. CPC": 0.023462, "Avg. Cost": 0.023462, "Avg. CPM": 14.186047, "Campaign state": "paused", "Start date": "2016-08-09", "Account Name": "[W] G1 - WPL - td360", "Cost": 0.61, "Advertising Channel": "Search", "Campaign ID": 639844252, "Interactions": 26, "Unique cookies": "", "Clicks": 26, "CTR": 60.47, "Dept": "WPL", "Bid Strategy Type": "cpc", "Date": "2017-03-04", "Impressions": 43}, {"Account ID": "5243164713", "Conversions": 17.0, "Views": 0, "Video played to 50%": 0.0, "Advertising Sub Channel": "", "Campaign": "Brand-term_TayDuKy-AFT", "Avg. CPE": 0.0, "Campaign serving status": "eligible", "Invalid clicks": 5, "Interaction Rate": 39.02, "Interaction Types": ["Clicks"], "Engagements": 0, "End date": "", "Avg. position": 1.0, "Video played to 100%": 0.0, "Video played to 25%": 0.0, "Video played to 75%": 0.0, "Mapping": false, "Avg. CPV": 0.0, "View rate": 0.0, "Avg. CPC": 0.026125, "Avg. Cost": 0.026125, "Avg. CPM": 10.195122, "Campaign state": "paused", "Start date": "2016-08-09", "Account Name": "[W] G1 - WPL - td360", "Cost": 2.09, "Advertising Channel": "Search", "Campaign ID": 639844288, "Interactions": 80, "Unique cookies": "", "Clicks": 80, "CTR": 39.02, "Dept": "WPL", "Bid Strategy Type": "cpc", "Date": "2017-03-04", "Impressions": 205}, {"Account ID": "5243164713", "Conversions": 1.0, "Views": 0, "Video played to 50%": 0.0, "Advertising Sub Channel": "", "Campaign": "Brand-term_TTTD-bmm-EVE", "Avg. CPE": 0.0, "Campaign serving status": "eligible", "Invalid clicks": 1, "Interaction Rate": 54.55, "Interaction Types": ["Clicks"], "Engagements": 0, "End date": "", "Avg. position": 1.0, "Video played to 100%": 0.0, "Video played to 25%": 0.0, "Video played to 75%": 0.0, "Mapping": false, "Avg. CPV": 0.0, "View rate": 0.0, "Avg. CPC": 0.01, "Avg. Cost": 0.01, "Avg. CPM": 5.454545, "Campaign state": "paused", "Start date": "2016-08-09", "Account Name": "[W] G1 - WPL - td360", "Cost": 0.06, "Advertising Channel": "Search", "Campaign ID": 639844255, "Interactions": 6, "Unique cookies": "", "Clicks": 6, "CTR": 54.55, "Dept": "WPL", "Bid Strategy Type": "cpc", "Date": "2017-03-04", "Impressions": 11}, {"Account ID": "5243164713", "Conversions": 13.0, "Views": 0, "Video played to 50%": 0.0, "Advertising Sub Channel": "", "Campaign": "Brand-term_TTTD-ex-MOR", "Avg. CPE": 0.0, "Campaign serving status": "eligible", "Invalid clicks": 54, "Interaction Rate": 78.52, "Interaction Types": ["Clicks"], "Engagements": 0, "End date": "", "Avg. position": 1.0, "Video played to 100%": 0.0, "Video played to 25%": 0.0, "Video played to 75%": 0.0, "Mapping": false, "Avg. CPV": 0.0, "View rate": 0.0, "Avg. CPC": 0.010199, "Avg. Cost": 0.010199, "Avg. CPM": 8.008949, "Campaign state": "enabled", "Start date": "2016-08-09", "Account Name": "[W] G1 - WPL - td360", "Cost": 3.58, "Advertising Channel": "Search", "Campaign ID": 639844276, "Interactions": 351, "Unique cookies": "", "Clicks": 351, "CTR": 78.52, "Dept": "WPL", "Bid Strategy Type": "cpc", "Date": "2017-03-04", "Impressions": 447}, {"Account ID": "5243164713", "Conversions": 0.0, "Views": 0, "Video played to 50%": 0.0, "Advertising Sub Channel": "", "Campaign": "Gen-term_FH-GO-br-AFT", "Avg. CPE": 0.0, "Campaign serving status": "eligible", "Invalid clicks": 0, "Interaction Rate": 16.67, "Interaction Types": ["Clicks"], "Engagements": 0, "End date": "", "Avg. position": 1.3, "Video played to 100%": 0.0, "Video played to 25%": 0.0, "Video played to 75%": 0.0, "Mapping": false, "Avg. CPV": 0.0, "View rate": 0.0, "Avg. CPC": 0.03, "Avg. Cost": 0.03, "Avg. CPM": 5.0, "Campaign state": "paused", "Start date": "2016-08-11", "Account Name": "[W] G1 - WPL - td360", "Cost": 0.03, "Advertising Channel": "Search", "Campaign ID": 641761196, "Interactions": 1, "Unique cookies": "", "Clicks": 1, "CTR": 16.67, "Dept": "WPL", "Bid Strategy Type": "cpc", "Date": "2017-03-04", "Impressions": 6}, {"Account ID": "5243164713", "Conversions": 1.0, "Views": 0, "Video played to 50%": 0.0, "Advertising Sub Channel": "", "Campaign": "Gen-term_FH-WG-br-MOR", "Avg. CPE": 0.0, "Campaign serving status": "eligible", "Invalid clicks": 0, "Interaction Rate": 25.0, "Interaction Types": ["Clicks"], "Engagements": 0, "End date": "", "Avg. position": 2.3, "Video played to 100%": 0.0, "Video played to 25%": 0.0, "Video played to 75%": 0.0, "Mapping": false, "Avg. CPV": 0.0, "View rate": 0.0, "Avg. CPC": 0.05, "Avg. Cost": 0.05, "Avg. CPM": 12.5, "Campaign state": "paused", "Start date": "2016-08-11", "Account Name": "[W] G1 - WPL - td360", "Cost": 0.05, "Advertising Channel": "Search", "Campaign ID": 641761352, "Interactions": 1, "Unique cookies": "", "Clicks": 1, "CTR": 25.0, "Dept": "WPL", "Bid Strategy Type": "cpc", "Date": "2017-03-04", "Impressions": 4}, {"Account ID": "5243164713", "Conversions": 0.0, "Views": 0, "Video played to 50%": 0.0, "Advertising Sub Channel": "", "Campaign": "Gen-term_FH-GO_Broad_AFT", "Avg. CPE": 0.0, "Campaign serving status": "eligible", "Invalid clicks": 0, "Interaction Rate": 33.33, "Interaction Types": ["Clicks"], "Engagements": 0, "End date": "", "Avg. position": 2.2, "Video played to 100%": 0.0, "Video played to 25%": 0.0, "Video played to 75%": 0.0, "Mapping": false, "Avg. CPV": 0.0, "View rate": 0.0, "Avg. CPC": 0.07, "Avg. Cost": 0.07, "Avg. CPM": 23.333333, "Campaign state": "paused", "Start date": "2016-08-11", "Account Name": "[W] G1 - WPL - td360", "Cost": 0.14, "Advertising Channel": "Search", "Campaign ID": 641798131, "Interactions": 2, "Unique cookies": "", "Clicks": 2, "CTR": 33.33, "Dept": "WPL", "Bid Strategy Type": "cpc", "Date": "2017-03-04", "Impressions": 6}, {"Account ID": "5243164713", "Conversions": 0.0, "Views": 0, "Video played to 50%": 0.0, "Advertising Sub Channel": "", "Campaign": "Gen-term_Game_Broad_MOR", "Avg. CPE": 0.0, "Campaign serving status": "eligible", "Invalid clicks": 1, "Interaction Rate": 37.5, "Interaction Types": ["Clicks"], "Engagements": 0, "End date": "", "Avg. position": 1.7, "Video played to 100%": 0.0, "Video played to 25%": 0.0, "Video played to 75%": 0.0, "Mapping": false, "Avg. CPV": 0.0, "View rate": 0.0, "Avg. CPC": 0.033333, "Avg. Cost": 0.033333, "Avg. CPM": 12.5, "Campaign state": "paused", "Start date": "2016-08-11", "Account Name": "[W] G1 - WPL - td360", "Cost": 0.2, "Advertising Channel": "Search", "Campaign ID": 641798158, "Interactions": 6, "Unique cookies": "", "Clicks": 6, "CTR": 37.5, "Dept": "WPL", "Bid Strategy Type": "cpc", "Date": "2017-03-04", "Impressions": 16}, {"Account ID": "5243164713", "Conversions": 2.0, "Views": 0, "Video played to 50%": 0.0, "Advertising Sub Channel": "", "Campaign": "Brand-term_TTTD-phr-MOR", "Avg. CPE": 0.0, "Campaign serving status": "eligible", "Invalid clicks": 2, "Interaction Rate": 51.02, "Interaction Types": ["Clicks"], "Engagements": 0, "End date": "", "Avg. position": 1.0, "Video played to 100%": 0.0, "Video played to 25%": 0.0, "Video played to 75%": 0.0, "Mapping": false, "Avg. CPV": 0.0, "View rate": 0.0, "Avg. CPC": 0.0264, "Avg. Cost": 0.0264, "Avg. CPM": 13.469388, "Campaign state": "paused", "Start date": "2016-08-09", "Account Name": "[W] G1 - WPL - td360", "Cost": 0.66, "Advertising Channel": "Search", "Campaign ID": 639844285, "Interactions": 25, "Unique cookies": "", "Clicks": 25, "CTR": 51.02, "Dept": "WPL", "Bid Strategy Type": "cpc", "Date": "2017-03-04", "Impressions": 49}, {"Account ID": "5243164713", "Conversions": 0.0, "Views": 0, "Video played to 50%": 0.0, "Advertising Sub Channel": "", "Campaign": "Gen-term_FH-Game-phr-MOR", "Avg. CPE": 0.0, "Campaign serving status": "eligible", "Invalid clicks": 0, "Interaction Rate": 50.0, "Interaction Types": ["Clicks"], "Engagements": 0, "End date": "", "Avg. position": 2.0, "Video played to 100%": 0.0, "Video played to 25%": 0.0, "Video played to 75%": 0.0, "Mapping": false, "Avg. CPV": 0.0, "View rate": 0.0, "Avg. CPC": 0.05, "Avg. Cost": 0.05, "Avg. CPM": 25.0, "Campaign state": "paused", "Start date": "2016-08-11", "Account Name": "[W] G1 - WPL - td360", "Cost": 0.05, "Advertising Channel": "Search", "Campaign ID": 641761181, "Interactions": 1, "Unique cookies": "", "Clicks": 1, "CTR": 50.0, "Dept": "WPL", "Bid Strategy Type": "cpc", "Date": "2017-03-04", "Impressions": 2}, {"Account ID": "5243164713", "Conversions": 164.0, "Views": 0, "Video played to 50%": 0.0, "Advertising Sub Channel": "", "Campaign": "", "Avg. CPE": 0.0, "Campaign serving status": "", "Invalid clicks": 222, "Interaction Rate": 65.19, "Interaction Types": "", "Engagements": 0, "End date": "", "Avg. position": 1.1, "Video played to 100%": 0.0, "Video played to 25%": 0.0, "Video played to 75%": 0.0, "Mapping": false, "Avg. CPV": 0.0, "View rate": 0.0, "Avg. CPC": 0.012997, "Avg. Cost": 0.012997, "Avg. CPM": 8.473699, "Campaign state": "Total", "Start date": "", "Account Name": "[W] G1 - WPL - td360", "Cost": 31.09, "Advertising Channel": "", "Campaign ID": "", "Interactions": 2392, "Unique cookies": "", "Clicks": 2392, "CTR": 65.19, "Dept": "WPL", "Bid Strategy Type": "", "Date": "2017-03-04", "Impressions": 3669}]