[{"Start date": "2017-07-22", "Advertising Sub Channel": "", "Impressions": 229, "Avg. position": 1.2, "Campaign serving status": "eligible", "Advertising Channel": "Search", "Invalid clicks": 1, "Interactions": 61, "Video played to 50%": 0.0, "Interaction Types": ["Clicks"], "Conversions": 0.0, "Views": 0, "Engagements": 0, "Avg. CPE": 0.0, "Account Name": "VNG-PG3-TNUH-Branding-SEM", "End date": "", "Video played to 100%": 0.0, "Clicks": 61, "Avg. Cost": 0.024098, "Account ID": "9001610198", "Video played to 25%": 0.0, "View rate": 0.0, "Avg. CPV": 0.0, "Video played to 75%": 0.0, "Avg. CPM": 6.419214, "CTR": 26.64, "Campaign state": "paused", "Campaign ID": 891540622, "Interaction Rate": 26.64, "Bid Strategy Type": "cpc", "Date": "2017-08-03", "Mapping": false, "Campaign": "\"TNUH|261|1707095 1707055|ALL|SEM| General Keywords \"\"\u0110\u1ed5i Ads\"\"\"", "Avg. CPC": 0.024098, "Unique cookies": "", "Cost": 1.47}, {"Start date": "2017-07-22", "Advertising Sub Channel": "", "Impressions": 31, "Avg. position": 1.0, "Campaign serving status": "eligible", "Advertising Channel": "Search", "Invalid clicks": 0, "Interactions": 7, "Video played to 50%": 0.0, "Interaction Types": ["Clicks"], "Conversions": 0.0, "Views": 0, "Engagements": 0, "Avg. CPE": 0.0, "Account Name": "VNG-PG3-TNUH-Branding-SEM", "End date": "", "Video played to 100%": 0.0, "Clicks": 7, "Avg. Cost": 0.018571, "Account ID": "9001610198", "Video played to 25%": 0.0, "View rate": 0.0, "Avg. CPV": 0.0, "Video played to 75%": 0.0, "Avg. CPM": 4.193548, "CTR": 22.58, "Campaign state": "paused", "Campaign ID": 892480959, "Interaction Rate": 22.58, "Bid Strategy Type": "cpc", "Date": "2017-08-03", "Mapping": false, "Campaign": "\"TNUH|261|1707095 1707055|ALL|SEM| Action Keywords + \"\"exact match\"\" \"\"\u0110\u1ed5i Ads\"\"\"", "Avg. CPC": 0.018571, "Unique cookies": "", "Cost": 0.13}, {"Start date": "2017-07-22", "Advertising Sub Channel": "", "Impressions": 20, "Avg. position": 1.1, "Campaign serving status": "eligible", "Advertising Channel": "Search", "Invalid clicks": 0, "Interactions": 6, "Video played to 50%": 0.0, "Interaction Types": ["Clicks"], "Conversions": 0.0, "Views": 0, "Engagements": 0, "Avg. CPE": 0.0, "Account Name": "VNG-PG3-TNUH-Branding-SEM", "End date": "", "Video played to 100%": 0.0, "Clicks": 6, "Avg. Cost": 0.018333, "Account ID": "9001610198", "Video played to 25%": 0.0, "View rate": 0.0, "Avg. CPV": 0.0, "Video played to 75%": 0.0, "Avg. CPM": 5.5, "CTR": 30.0, "Campaign state": "paused", "Campaign ID": 891540619, "Interaction Rate": 30.0, "Bid Strategy Type": "cpc", "Date": "2017-08-03", "Mapping": false, "Campaign": "\"TNUH|261|1707095 1707055|ALL|SEM| Action Keywords + \"\"Broad match\"\" \"\"\u0110\u1ed5i Ads\"\"\"", "Avg. CPC": 0.018333, "Unique cookies": "", "Cost": 0.11}, {"Start date": "2017-07-22", "Advertising Sub Channel": "", "Impressions": 20, "Avg. position": 1.0, "Campaign serving status": "eligible", "Advertising Channel": "Search", "Invalid clicks": 0, "Interactions": 8, "Video played to 50%": 0.0, "Interaction Types": ["Clicks"], "Conversions": 0.0, "Views": 0, "Engagements": 0, "Avg. CPE": 0.0, "Account Name": "VNG-PG3-TNUH-Branding-SEM", "End date": "", "Video played to 100%": 0.0, "Clicks": 8, "Avg. Cost": 0.01875, "Account ID": "9001610198", "Video played to 25%": 0.0, "View rate": 0.0, "Avg. CPV": 0.0, "Video played to 75%": 0.0, "Avg. CPM": 7.5, "CTR": 40.0, "Campaign state": "paused", "Campaign ID": 891540628, "Interaction Rate": 40.0, "Bid Strategy Type": "cpc", "Date": "2017-08-03", "Mapping": false, "Campaign": "\"TNUH|261|1707095 1707055|ALL||SEM| Mobile Keywords + \"\"exact match\"\" \"\"\u0110\u1ed5i Ads\"\"\"", "Avg. CPC": 0.01875, "Unique cookies": "", "Cost": 0.15}, {"Start date": "2017-07-22", "Advertising Sub Channel": "", "Impressions": 37, "Avg. position": 1.2, "Campaign serving status": "eligible", "Advertising Channel": "Search", "Invalid clicks": 0, "Interactions": 15, "Video played to 50%": 0.0, "Interaction Types": ["Clicks"], "Conversions": 0.0, "Views": 0, "Engagements": 0, "Avg. CPE": 0.0, "Account Name": "VNG-PG3-TNUH-Branding-SEM", "End date": "", "Video played to 100%": 0.0, "Clicks": 15, "Avg. Cost": 0.018667, "Account ID": "9001610198", "Video played to 25%": 0.0, "View rate": 0.0, "Avg. CPV": 0.0, "Video played to 75%": 0.0, "Avg. CPM": 7.567568, "CTR": 40.54, "Campaign state": "paused", "Campaign ID": 891540610, "Interaction Rate": 40.54, "Bid Strategy Type": "cpc", "Date": "2017-08-03", "Mapping": false, "Campaign": "\"TNUH|261|1707095 1707055|ALL|SEM| N\u1ea1p Th\u1ebb \"\"\u0110\u1ed5i Ads\"\"\"", "Avg. CPC": 0.018667, "Unique cookies": "", "Cost": 0.28}, {"Start date": "2017-07-22", "Advertising Sub Channel": "", "Impressions": 29, "Avg. position": 1.0, "Campaign serving status": "eligible", "Advertising Channel": "Search", "Invalid clicks": 0, "Interactions": 11, "Video played to 50%": 0.0, "Interaction Types": ["Clicks"], "Conversions": 0.0, "Views": 0, "Engagements": 0, "Avg. CPE": 0.0, "Account Name": "VNG-PG3-TNUH-Branding-SEM", "End date": "", "Video played to 100%": 0.0, "Clicks": 11, "Avg. Cost": 0.012727, "Account ID": "9001610198", "Video played to 25%": 0.0, "View rate": 0.0, "Avg. CPV": 0.0, "Video played to 75%": 0.0, "Avg. CPM": 4.827586, "CTR": 37.93, "Campaign state": "paused", "Campaign ID": 891540613, "Interaction Rate": 37.93, "Bid Strategy Type": "cpc", "Date": "2017-08-03", "Mapping": false, "Campaign": "\"TNUH|261|1707095 1707055|ALL|SEM| Branding \"\"\u0110\u1ed5i Ads\"\"\"", "Avg. CPC": 0.012727, "Unique cookies": "", "Cost": 0.14}, {"Start date": "2017-07-22", "Advertising Sub Channel": "", "Impressions": 1220, "Avg. position": 1.1, "Campaign serving status": "eligible", "Advertising Channel": "Search", "Invalid clicks": 18, "Interactions": 316, "Video played to 50%": 0.0, "Interaction Types": ["Clicks"], "Conversions": 0.0, "Views": 0, "Engagements": 0, "Avg. CPE": 0.0, "Account Name": "VNG-PG3-TNUH-Branding-SEM", "End date": "", "Video played to 100%": 0.0, "Clicks": 316, "Avg. Cost": 0.021392, "Account ID": "9001610198", "Video played to 25%": 0.0, "View rate": 0.0, "Avg. CPV": 0.0, "Video played to 75%": 0.0, "Avg. CPM": 5.540984, "CTR": 25.9, "Campaign state": "paused", "Campaign ID": 892480926, "Interaction Rate": 25.9, "Bid Strategy Type": "cpc", "Date": "2017-08-03", "Mapping": false, "Campaign": "\"TNUH|261|1707095 1707055|ALL|SEM| Mobile Keywords + \"\"Broad match\"\" \"\"\u0110\u1ed5i Ads\"\"\"", "Avg. CPC": 0.021392, "Unique cookies": "", "Cost": 6.76}, {"Start date": "", "Advertising Sub Channel": "", "Impressions": 1586, "Avg. position": 1.1, "Campaign serving status": "", "Advertising Channel": "", "Invalid clicks": 19, "Interactions": 424, "Video played to 50%": 0.0, "Interaction Types": "", "Conversions": 0.0, "Views": 0, "Engagements": 0, "Avg. CPE": 0.0, "Account Name": "VNG-PG3-TNUH-Branding-SEM", "End date": "", "Video played to 100%": 0.0, "Clicks": 424, "Avg. Cost": 0.021321, "Account ID": "9001610198", "Video played to 25%": 0.0, "View rate": 0.0, "Avg. CPV": 0.0, "Video played to 75%": 0.0, "Avg. CPM": 5.699874, "CTR": 26.73, "Campaign state": "Total", "Campaign ID": "", "Interaction Rate": 26.73, "Bid Strategy Type": "", "Date": "2017-08-03", "Mapping": false, "Campaign": "", "Avg. CPC": 0.021321, "Unique cookies": "", "Cost": 9.04}]