[{"Bid Strategy Type": "cpc", "Account Name": "[paused] G1 - WPL - vlcm2360", "End date": "", "Advertising Channel": "Search", "Mapping": false, "Campaign": "Brand-term_GameVoLamChiMong2", "Date": "2017-05-02", "Avg. CPE": 0.0, "Video played to 50%": 0.0, "Clicks": 3, "Cost": 0.03, "Video played to 25%": 0.0, "Interaction Types": ["Clicks"], "Campaign state": "paused", "Avg. position": 1.0, "Interactions": 3, "View rate": 0.0, "Campaign serving status": "eligible", "Engagements": 0, "Avg. Cost": 0.01, "Conversions": 0.0, "Avg. CPV": 0.0, "Invalid clicks": 0, "Unique cookies": "", "Campaign ID": 256105517, "Views": 0, "Interaction Rate": 50.0, "Advertising Sub Channel": "", "Account ID": "8559396163", "Video played to 100%": 0.0, "CTR": 50.0, "Start date": "2015-01-15", "Avg. CPC": 0.01, "Video played to 75%": 0.0, "Impressions": 6, "Avg. CPM": 5.0}, {"Bid Strategy Type": "cpc", "Account Name": "[paused] G1 - WPL - vlcm2360", "End date": "", "Advertising Channel": "Search", "Mapping": false, "Campaign": "Brand-term_VoLamChiMong2", "Date": "2017-05-02", "Avg. CPE": 0.0, "Video played to 50%": 0.0, "Clicks": 446, "Cost": 5.18, "Video played to 25%": 0.0, "Interaction Types": ["Clicks"], "Campaign state": "paused", "Avg. position": 1.0, "Interactions": 446, "View rate": 0.0, "Campaign serving status": "eligible", "Engagements": 0, "Avg. Cost": 0.011614, "Conversions": 64.0, "Avg. CPV": 0.0, "Invalid clicks": 21, "Unique cookies": "", "Campaign ID": 256105637, "Views": 0, "Interaction Rate": 58.0, "Advertising Sub Channel": "", "Account ID": "8559396163", "Video played to 100%": 0.0, "CTR": 58.0, "Start date": "2015-01-15", "Avg. CPC": 0.011614, "Video played to 75%": 0.0, "Impressions": 769, "Avg. CPM": 6.736021}, {"Bid Strategy Type": "", "Account Name": "[paused] G1 - WPL - vlcm2360", "End date": "", "Advertising Channel": "", "Mapping": false, "Campaign": "", "Date": "2017-05-02", "Avg. CPE": 0.0, "Video played to 50%": 0.0, "Clicks": 449, "Cost": 5.21, "Video played to 25%": 0.0, "Interaction Types": "", "Campaign state": "Total", "Avg. position": 1.0, "Interactions": 449, "View rate": 0.0, "Campaign serving status": "", "Engagements": 0, "Avg. Cost": 0.011604, "Conversions": 64.0, "Avg. CPV": 0.0, "Invalid clicks": 21, "Unique cookies": "", "Campaign ID": "", "Views": 0, "Interaction Rate": 57.94, "Advertising Sub Channel": "", "Account ID": "8559396163", "Video played to 100%": 0.0, "CTR": 57.94, "Start date": "", "Avg. CPC": 0.011604, "Video played to 75%": 0.0, "Impressions": 775, "Avg. CPM": 6.722581}]