[{"End date": "", "Invalid clicks": 62, "Unique cookies": "", "Cost": 21.73, "Avg. CPC": 0.01279, "Account ID": "5008396449", "Account Name": "VNG - PG1 - JXM", "Advertising Sub Channel": "", "Campaign state": "enabled", "Video played to 100%": 0.0, "Interaction Types": ["Clicks"], "Campaign serving status": "eligible", "Date": "2017-06-13", "Interaction Rate": 69.29, "CTR": 69.29, "View rate": 0.0, "Avg. CPV": 0.0, "Avg. CPM": 8.862153, "Engagements": 0, "Avg. Cost": 0.01279, "Clicks": 1699, "Views": 0, "Avg. CPE": 0.0, "Video played to 25%": 0.0, "Bid Strategy Type": "Maximize clicks", "Impressions": 2452, "Advertising Channel": "Search", "Mapping": false, "Avg. position": 1.0, "Start date": "2016-10-16", "Video played to 50%": 0.0, "Video played to 75%": 0.0, "Campaign": "JXM | 1610105 1611013 1611026 1611062 1703048 1704017 1705015 1706010 1707028 1709054 | Search Desktop Only", "Conversions": 0.0, "Campaign ID": 682542681, "Interactions": 1699}, {"End date": "", "Invalid clicks": 421, "Unique cookies": "", "Cost": 423.89, "Avg. CPC": 0.129235, "Account ID": "5008396449", "Account Name": "VNG - PG1 - JXM", "Advertising Sub Channel": "Search Mobile App", "Campaign state": "enabled", "Video played to 100%": 0.0, "Interaction Types": ["Clicks"], "Campaign serving status": "eligible", "Date": "2017-06-13", "Interaction Rate": 11.08, "CTR": 11.08, "View rate": 0.0, "Avg. CPV": 0.0, "Avg. CPM": 14.321092, "Engagements": 0, "Avg. Cost": 0.129235, "Clicks": 3280, "Views": 0, "Avg. CPE": 0.0, "Video played to 25%": 0.0, "Bid Strategy Type": "Target CPA", "Impressions": 29599, "Advertising Channel": "Search", "Mapping": false, "Avg. position": 1.5, "Start date": "2016-10-16", "Video played to 50%": 0.0, "Video played to 75%": 0.0, "Campaign": "JXM | 1610105 1611013 1611026 1611062 1703048 1704016 1706008 1707026 1709039 | Search Google Play Store", "Conversions": 1058.0, "Campaign ID": 682545537, "Interactions": 3280}, {"End date": "", "Invalid clicks": 614, "Unique cookies": "", "Cost": 636.11302, "Avg. CPC": 0.112407, "Account ID": "5008396449", "Account Name": "VNG - PG1 - JXM", "Advertising Sub Channel": "Universal App Campaign", "Campaign state": "enabled", "Video played to 100%": 6.52, "Interaction Types": ["Clicks", "Engagements", "Views"], "Campaign serving status": "eligible", "Date": "2017-06-13", "Interaction Rate": 7.83, "CTR": 1.2, "View rate": 14.97, "Avg. CPV": 0.017862, "Avg. CPM": 1.353452, "Engagements": 10098, "Avg. Cost": 0.017281, "Clicks": 5659, "Views": 27239, "Avg. CPE": 0.048187, "Video played to 25%": 18.3, "Bid Strategy Type": "Target CPA", "Impressions": 469993, "Advertising Channel": "Multi Channel", "Mapping": false, "Avg. position": 1.1, "Start date": "2016-11-15", "Video played to 50%": 10.87, "Video played to 75%": 8.46, "Campaign": "JXM | 1610105 1611013 1611026 1611062 1703048 1706008 1707026 1709039 | UAC GMG Android", "Conversions": 961.0, "Campaign ID": 699351990, "Interactions": 36810}, {"End date": "", "Invalid clicks": 244, "Unique cookies": "", "Cost": 532.81943, "Avg. CPC": 0.138, "Account ID": "5008396449", "Account Name": "VNG - PG1 - JXM", "Advertising Sub Channel": "Universal App Campaign", "Campaign state": "enabled", "Video played to 100%": 7.35, "Interaction Types": ["Clicks", "Engagements", "Views"], "Campaign serving status": "eligible", "Date": "2017-06-13", "Interaction Rate": 5.98, "CTR": 0.67, "View rate": 15.43, "Avg. CPV": 0.013585, "Avg. CPM": 0.92297, "Engagements": 7113, "Avg. Cost": 0.015438, "Clicks": 3861, "Views": 27485, "Avg. CPE": 0.052494, "Video played to 25%": 23.08, "Bid Strategy Type": "Target CPA", "Impressions": 577288, "Advertising Channel": "Multi Channel", "Mapping": false, "Avg. position": 1.0, "Start date": "2016-12-28", "Video played to 50%": 12.73, "Video played to 75%": 10.04, "Campaign": "JXM | 1610105 1611013 1611026 1611062 1703048 1704016 1706008 1707026 1709039 | UAC App Store - iOS", "Conversions": 466.0, "Campaign ID": 726209660, "Interactions": 34514}, {"End date": "", "Invalid clicks": 25, "Unique cookies": 1557, "Cost": 0.78, "Avg. CPC": 0.01, "Account ID": "5008396449", "Account Name": "VNG - PG1 - JXM", "Advertising Sub Channel": "", "Campaign state": "paused", "Video played to 100%": 0.0, "Interaction Types": ["Clicks"], "Campaign serving status": "eligible", "Date": "2017-06-13", "Interaction Rate": 2.78, "CTR": 2.78, "View rate": 0.0, "Avg. CPV": 0.0, "Avg. CPM": 0.278472, "Engagements": 0, "Avg. Cost": 0.01, "Clicks": 78, "Views": 0, "Avg. CPE": 0.0, "Video played to 25%": 0.0, "Bid Strategy Type": "Maximize clicks", "Impressions": 2801, "Advertising Channel": "Display", "Mapping": false, "Avg. position": 1.0, "Start date": "2017-06-02", "Video played to 50%": 0.0, "Video played to 75%": 0.0, "Campaign": "JXM | 1705015 1706010 1707028 | Branding GDN - Android", "Conversions": 3.0, "Campaign ID": 843945598, "Interactions": 78}, {"End date": "", "Invalid clicks": 821, "Unique cookies": 173990, "Cost": 136.77, "Avg. CPC": 0.016421, "Account ID": "5008396449", "Account Name": "VNG - PG1 - JXM", "Advertising Sub Channel": "", "Campaign state": "paused", "Video played to 100%": 0.0, "Interaction Types": ["Clicks"], "Campaign serving status": "eligible", "Date": "2017-06-13", "Interaction Rate": 1.73, "CTR": 1.73, "View rate": 0.0, "Avg. CPV": 0.0, "Avg. CPM": 0.284696, "Engagements": 0, "Avg. Cost": 0.016421, "Clicks": 8329, "Views": 0, "Avg. CPE": 0.0, "Video played to 25%": 0.0, "Bid Strategy Type": "Maximize clicks", "Impressions": 480407, "Advertising Channel": "Display", "Mapping": false, "Avg. position": 1.0, "Start date": "2017-05-26", "Video played to 50%": 0.0, "Video played to 75%": 0.0, "Campaign": "JXM | 1705015 1706010 1707028 | Branding GDN - iOS", "Conversions": 45.0, "Campaign ID": 837910039, "Interactions": 8329}, {"End date": "", "Invalid clicks": 2187, "Unique cookies": "", "Cost": 1752.10245, "Avg. CPC": 0.076491, "Account ID": "5008396449", "Account Name": "VNG - PG1 - JXM", "Advertising Sub Channel": "", "Campaign state": "Total", "Video played to 100%": 6.94, "Interaction Types": "", "Campaign serving status": "", "Date": "2017-06-13", "Interaction Rate": 5.42, "CTR": 1.47, "View rate": 15.2, "Avg. CPV": 0.015714, "Avg. CPM": 1.121317, "Engagements": 17211, "Avg. Cost": 0.020684, "Clicks": 22906, "Views": 54724, "Avg. CPE": 0.049967, "Video played to 25%": 20.69, "Bid Strategy Type": "", "Impressions": 1562540, "Advertising Channel": "", "Mapping": false, "Avg. position": 1.0, "Start date": "", "Video played to 50%": 11.8, "Video played to 75%": 9.25, "Campaign": "", "Conversions": 2533.0, "Campaign ID": "", "Interactions": 84710}]