[{"Account ID": "2861959872", "Avg. CPM": 0.859243, "Advertising Channel": "Display", "Avg. CPV": 0.0, "Avg. Cost": 0.080688, "Cost": 42.2, "Campaign state": "enabled", "Video played to 50%": 2.19, "Start date": "2017-05-09", "Video played to 100%": 0.73, "Interaction Rate": 1.06, "View rate": 0.0, "Advertising Sub Channel": "Display Mobile App", "Unique cookies": 36741, "Interaction Types": ["Clicks", "Engag"], "Campaign serving status": "eligible", "Mapping": false, "Video played to 75%": 1.25, "Conversions": 127.0, "Impressions": 49113, "Interactions": 523, "Date": "2017-08-04", "Avg. CPE": 0.011786, "Invalid clicks": 56, "Avg. position": 1.0, "End date": "", "Engagements": 28, "Views": 0, "Campaign": "Android_CT-02_TA5-02_DE-04", "Clicks": 497, "CTR": 1.01, "Video played to 25%": 4.92, "Campaign ID": 821727493, "Bid Strategy Type": "Target CPA", "Avg. CPC": 0.084909}, {"Account ID": "2861959872", "Avg. CPM": 0.454092, "Advertising Channel": "Multi Channel", "Avg. CPV": 0.012815, "Avg. Cost": 0.022584, "Cost": 207.45577, "Campaign state": "paused", "Video played to 50%": 8.15, "Start date": "2017-07-31", "Video played to 100%": 5.15, "Interaction Rate": 2.01, "View rate": 14.21, "Advertising Sub Channel": "Universal App Campaign", "Unique cookies": "", "Interaction Types": ["Clicks", "Engagements", "Views"], "Campaign serving status": "eligible", "Mapping": false, "Video played to 75%": 6.56, "Conversions": 446.0, "Impressions": 456858, "Interactions": 9186, "Date": "2017-08-04", "Avg. CPE": 0.046429, "Invalid clicks": 487, "Avg. position": 1.0, "End date": "", "Engagements": 102, "Views": 368, "Campaign": "Android_CT-04_TA0-00_DE-04_4", "Clicks": 8793, "CTR": 1.92, "Video played to 25%": 12.61, "Campaign ID": 897330383, "Bid Strategy Type": "Target CPA", "Avg. CPC": 0.023593}, {"Account ID": "2861959872", "Avg. CPM": 6.89463, "Advertising Channel": "Search", "Avg. CPV": 0.0, "Avg. Cost": 0.061306, "Cost": 13.61, "Campaign state": "enabled", "Video played to 50%": 0.0, "Start date": "2017-05-03", "Video played to 100%": 0.0, "Interaction Rate": 11.25, "View rate": 0.0, "Advertising Sub Channel": "Search Mobile App", "Unique cookies": "", "Interaction Types": ["Clicks"], "Campaign serving status": "eligible", "Mapping": false, "Video played to 75%": 0.0, "Conversions": 16.0, "Impressions": 1974, "Interactions": 222, "Date": "2017-08-04", "Avg. CPE": 0.0, "Invalid clicks": 12, "Avg. position": 1.1, "End date": "", "Engagements": 0, "Views": 0, "Campaign": "Android_CT-01_Generic", "Clicks": 222, "CTR": 11.25, "Video played to 25%": 0.0, "Campaign ID": 817689773, "Bid Strategy Type": "cpc", "Avg. CPC": 0.061306}, {"Account ID": "2861959872", "Avg. CPM": 0.853767, "Advertising Channel": "Multi Channel", "Avg. CPV": 0.013739, "Avg. Cost": 0.034784, "Cost": 341.2984, "Campaign state": "enabled", "Video played to 50%": 11.54, "Start date": "2017-05-03", "Video played to 100%": 8.39, "Interaction Rate": 2.45, "View rate": 15.27, "Advertising Sub Channel": "Universal App Campaign", "Unique cookies": "", "Interaction Types": ["Clicks", "Engagements", "Views"], "Campaign serving status": "eligible", "Mapping": false, "Video played to 75%": 9.95, "Conversions": 855.0, "Impressions": 399756, "Interactions": 9812, "Date": "2017-08-04", "Avg. CPE": 0.01161, "Invalid clicks": 632, "Avg. position": 1.1, "End date": "", "Engagements": 701, "Views": 505, "Campaign": "Android_CT-04_TA0-00_DE-04", "Clicks": 8873, "CTR": 2.22, "Video played to 25%": 16.36, "Campaign ID": 817874583, "Bid Strategy Type": "Target CPA", "Avg. CPC": 0.038465}, {"Account ID": "2861959872", "Avg. CPM": 0.938495, "Advertising Channel": "Display", "Avg. CPV": 0.0, "Avg. Cost": 0.086667, "Cost": 13.26, "Campaign state": "enabled", "Video played to 50%": 5.17, "Start date": "2017-05-18", "Video played to 100%": 2.2, "Interaction Rate": 1.08, "View rate": 0.0, "Advertising Sub Channel": "Display Mobile App", "Unique cookies": 9713, "Interaction Types": ["Clicks", "Engag"], "Campaign serving status": "eligible", "Mapping": false, "Video played to 75%": 3.54, "Conversions": 25.0, "Impressions": 14129, "Interactions": 153, "Date": "2017-08-04", "Avg. CPE": 0.011667, "Invalid clicks": 25, "Avg. position": 1.0, "End date": "", "Engagements": 12, "Views": 0, "Campaign": "Android_CT-02_TA2-02_DE-04", "Clicks": 143, "CTR": 1.01, "Video played to 25%": 8.77, "Campaign ID": 830877563, "Bid Strategy Type": "Target CPA", "Avg. CPC": 0.092727}, {"Account ID": "2861959872", "Avg. CPM": 13.312883, "Advertising Channel": "Search", "Avg. CPV": 0.0, "Avg. Cost": 0.074188, "Cost": 8.68, "Campaign state": "paused", "Video played to 50%": 0.0, "Start date": "2017-05-03", "Video played to 100%": 0.0, "Interaction Rate": 17.94, "View rate": 0.0, "Advertising Sub Channel": "Search Mobile App", "Unique cookies": "", "Interaction Types": ["Clicks"], "Campaign serving status": "eligible", "Mapping": false, "Video played to 75%": 0.0, "Conversions": 9.0, "Impressions": 652, "Interactions": 117, "Date": "2017-08-04", "Avg. CPE": 0.0, "Invalid clicks": 9, "Avg. position": 1.4, "End date": "", "Engagements": 0, "Views": 0, "Campaign": "Android_CT-01_Competitor", "Clicks": 117, "CTR": 17.94, "Video played to 25%": 0.0, "Campaign ID": 817085686, "Bid Strategy Type": "cpc", "Avg. CPC": 0.074188}, {"Account ID": "2861959872", "Avg. CPM": 0.94709, "Advertising Channel": "Display", "Avg. CPV": 0.0, "Avg. Cost": 0.085482, "Cost": 59.41, "Campaign state": "enabled", "Video played to 50%": 3.36, "Start date": "2017-05-09", "Video played to 100%": 1.03, "Interaction Rate": 1.11, "View rate": 0.0, "Advertising Sub Channel": "Display Mobile App", "Unique cookies": 46368, "Interaction Types": ["Clicks", "Engag"], "Campaign serving status": "eligible", "Mapping": false, "Video played to 75%": 1.83, "Conversions": 126.0, "Impressions": 62729, "Interactions": 695, "Date": "2017-08-04", "Avg. CPE": 0.01193, "Invalid clicks": 103, "Avg. position": 1.0, "End date": "", "Engagements": 57, "Views": 0, "Campaign": "Android_CT-02_TA5-07_DE-04", "Clicks": 644, "CTR": 1.03, "Video played to 25%": 6.57, "Campaign ID": 822225770, "Bid Strategy Type": "Target CPA", "Avg. CPC": 0.092252}, {"Account ID": "2861959872", "Avg. CPM": 5.675676, "Advertising Channel": "Search", "Avg. CPV": 0.0, "Avg. Cost": 0.093333, "Cost": 0.84, "Campaign state": "enabled", "Video played to 50%": 0.0, "Start date": "2017-05-03", "Video played to 100%": 0.0, "Interaction Rate": 6.08, "View rate": 0.0, "Advertising Sub Channel": "Search Mobile App", "Unique cookies": "", "Interaction Types": ["Clicks"], "Campaign serving status": "eligible", "Mapping": false, "Video played to 75%": 0.0, "Conversions": 2.0, "Impressions": 148, "Interactions": 9, "Date": "2017-08-04", "Avg. CPE": 0.0, "Invalid clicks": 0, "Avg. position": 1.0, "End date": "", "Engagements": 0, "Views": 0, "Campaign": "Android_CT-01_Brand_CF", "Clicks": 9, "CTR": 6.08, "Video played to 25%": 0.0, "Campaign ID": 817079983, "Bid Strategy Type": "cpc", "Avg. CPC": 0.093333}, {"Account ID": "2861959872", "Avg. CPM": 0.990768, "Advertising Channel": "Display", "Avg. CPV": 0.0, "Avg. Cost": 0.084204, "Cost": 64.5, "Campaign state": "enabled", "Video played to 50%": 2.15, "Start date": "2017-05-03", "Video played to 100%": 0.6, "Interaction Rate": 1.18, "View rate": 0.0, "Advertising Sub Channel": "Display Mobile App", "Unique cookies": 52560, "Interaction Types": ["Clicks", "Engag"], "Campaign serving status": "eligible", "Mapping": false, "Video played to 75%": 1.16, "Conversions": 183.0, "Impressions": 65101, "Interactions": 766, "Date": "2017-08-04", "Avg. CPE": 0.011905, "Invalid clicks": 71, "Avg. position": 1.0, "End date": "", "Engagements": 42, "Views": 0, "Campaign": "Android_CT-02_TA2-09_DE-04", "Clicks": 725, "CTR": 1.11, "Video played to 25%": 5.07, "Campaign ID": 818148636, "Bid Strategy Type": "Target CPA", "Avg. CPC": 0.088966}, {"Account ID": "2861959872", "Avg. CPM": 18.424242, "Advertising Channel": "Search", "Avg. CPV": 0.0, "Avg. Cost": 0.093538, "Cost": 6.08, "Campaign state": "enabled", "Video played to 50%": 0.0, "Start date": "2017-05-03", "Video played to 100%": 0.0, "Interaction Rate": 19.7, "View rate": 0.0, "Advertising Sub Channel": "Search Mobile App", "Unique cookies": "", "Interaction Types": ["Clicks"], "Campaign serving status": "eligible", "Mapping": false, "Video played to 75%": 0.0, "Conversions": 18.0, "Impressions": 330, "Interactions": 65, "Date": "2017-08-04", "Avg. CPE": 0.0, "Invalid clicks": 10, "Avg. position": 1.0, "End date": "", "Engagements": 0, "Views": 0, "Campaign": "Android_CT-01_Brand_Crossfire", "Clicks": 65, "CTR": 19.7, "Video played to 25%": 0.0, "Campaign ID": 816981118, "Bid Strategy Type": "Target CPA", "Avg. CPC": 0.093538}, {"Account ID": "2861959872", "Avg. CPM": 1.28869, "Advertising Channel": "Display", "Avg. CPV": 0.0, "Avg. Cost": 0.091826, "Cost": 60.33, "Campaign state": "enabled", "Video played to 50%": 1.69, "Start date": "2017-05-09", "Video played to 100%": 0.83, "Interaction Rate": 1.4, "View rate": 0.0, "Advertising Sub Channel": "Display Mobile App", "Unique cookies": 38790, "Interaction Types": ["Clicks", "Engag"], "Campaign serving status": "eligible", "Mapping": false, "Video played to 75%": 1.05, "Conversions": 139.0, "Impressions": 46815, "Interactions": 657, "Date": "2017-08-04", "Avg. CPE": 0.011346, "Invalid clicks": 92, "Avg. position": 1.0, "End date": "", "Engagements": 52, "Views": 0, "Campaign": "Android_CT-02_TA5-09_DE-04", "Clicks": 609, "CTR": 1.3, "Video played to 25%": 3.96, "Campaign ID": 822226997, "Bid Strategy Type": "Target CPA", "Avg. CPC": 0.099064}, {"Account ID": "2861959872", "Avg. CPM": 7.442271, "Advertising Channel": "Search", "Avg. CPV": 0.0, "Avg. Cost": 0.055313, "Cost": 219.48, "Campaign state": "enabled", "Video played to 50%": 0.0, "Start date": "2017-05-03", "Video played to 100%": 0.0, "Interaction Rate": 13.45, "View rate": 0.0, "Advertising Sub Channel": "Search Mobile App", "Unique cookies": "", "Interaction Types": ["Clicks"], "Campaign serving status": "eligible", "Mapping": false, "Video played to 75%": 0.0, "Conversions": 318.0, "Impressions": 29491, "Interactions": 3968, "Date": "2017-08-04", "Avg. CPE": 0.0, "Invalid clicks": 386, "Avg. position": 1.3, "End date": "", "Engagements": 0, "Views": 0, "Campaign": "Android_CT-01_Generic_FPS", "Clicks": 3968, "CTR": 13.45, "Video played to 25%": 0.0, "Campaign ID": 817730522, "Bid Strategy Type": "cpc", "Avg. CPC": 0.055313}, {"Account ID": "2861959872", "Avg. CPM": 0.920191, "Advertising Channel": "", "Avg. CPV": 0.01335, "Avg. Cost": 0.039626, "Cost": 1037.14417, "Campaign state": "Total", "Video played to 50%": 6.47, "Start date": "", "Video played to 100%": 4.13, "Interaction Rate": 2.32, "View rate": 14.81, "Advertising Sub Channel": "", "Unique cookies": "", "Interaction Types": "", "Campaign serving status": "", "Mapping": false, "Video played to 75%": 5.15, "Conversions": 2264.0, "Impressions": 1127097, "Interactions": 26173, "Date": "2017-08-04", "Avg. CPE": 0.015205, "Invalid clicks": 1883, "Avg. position": 1.0, "End date": "", "Engagements": 994, "Views": 873, "Campaign": "", "Clicks": 24665, "CTR": 2.19, "Video played to 25%": 10.2, "Campaign ID": "", "Bid Strategy Type": "", "Avg. CPC": 0.042049}]