[{"Bid Strategy Type": "cpv", "Account Name": "[W] G1 - WPL - vltkw360", "End date": "", "Advertising Channel": "Video", "Mapping": false, "Campaign": "Video-ads_In-stream", "Date": "2017-05-03", "Avg. CPE": 0.0, "Video played to 50%": 10.74, "Clicks": 55, "Cost": 24.39, "Video played to 25%": 18.95, "Interaction Types": ["Views"], "Campaign state": "paused", "Avg. position": 1.0, "Interactions": 2439, "View rate": 11.2, "Campaign serving status": "eligible", "Engagements": 0, "Avg. Cost": 0.01, "Conversions": 0.0, "Avg. CPV": 0.01, "Invalid clicks": 0, "Unique cookies": 18018, "Campaign ID": 815780384, "Views": 2439, "Interaction Rate": 11.2, "Advertising Sub Channel": "", "Account ID": "5993679244", "Video played to 100%": 5.1, "CTR": 0.25, "Start date": "2017-05-01", "Avg. CPC": 0.443455, "Video played to 75%": 7.77, "Impressions": 21770, "Avg. CPM": 1.120349}, {"Bid Strategy Type": "cpc", "Account Name": "[W] G1 - WPL - vltkw360", "End date": "", "Advertising Channel": "Display", "Mapping": false, "Campaign": "GDN -Retarget", "Date": "2017-05-03", "Avg. CPE": 0.0, "Video played to 50%": 84.53, "Clicks": 3675, "Cost": 205.99, "Video played to 25%": 91.3, "Interaction Types": ["Clicks"], "Campaign state": "paused", "Avg. position": 1.0, "Interactions": 3675, "View rate": 0.0, "Campaign serving status": "eligible", "Engagements": 0, "Avg. Cost": 0.056052, "Conversions": 0.0, "Avg. CPV": 0.0, "Invalid clicks": 413, "Unique cookies": 173481, "Campaign ID": 814343940, "Views": 0, "Interaction Rate": 0.3, "Advertising Sub Channel": "", "Account ID": "5993679244", "Video played to 100%": 71.99, "CTR": 0.3, "Start date": "2017-04-28", "Avg. CPC": 0.056052, "Video played to 75%": 80.59, "Impressions": 1211180, "Avg. CPM": 0.170074}, {"Bid Strategy Type": "cpc", "Account Name": "[W] G1 - WPL - vltkw360", "End date": "", "Advertising Channel": "Search", "Mapping": false, "Campaign": "JXW | 1704069 | Search Desktop Only", "Date": "2017-05-03", "Avg. CPE": 0.0, "Video played to 50%": 0.0, "Clicks": 5096, "Cost": 271.02, "Video played to 25%": 0.0, "Interaction Types": ["Clicks"], "Campaign state": "paused", "Avg. position": 2.8, "Interactions": 5096, "View rate": 0.0, "Campaign serving status": "eligible", "Engagements": 0, "Avg. Cost": 0.053183, "Conversions": 0.0, "Avg. CPV": 0.0, "Invalid clicks": 210, "Unique cookies": "", "Campaign ID": 810723516, "Views": 0, "Interaction Rate": 6.35, "Advertising Sub Channel": "", "Account ID": "5993679244", "Video played to 100%": 0.0, "CTR": 6.35, "Start date": "2017-04-24", "Avg. CPC": 0.053183, "Video played to 75%": 0.0, "Impressions": 80292, "Avg. CPM": 3.37543}, {"Bid Strategy Type": "", "Account Name": "[W] G1 - WPL - vltkw360", "End date": "", "Advertising Channel": "", "Mapping": false, "Campaign": "", "Date": "2017-05-03", "Avg. CPE": 0.0, "Video played to 50%": 13.94, "Clicks": 8826, "Cost": 501.4, "Video played to 25%": 22.09, "Interaction Types": "", "Campaign state": "Total", "Avg. position": 1.1, "Interactions": 11210, "View rate": 10.72, "Campaign serving status": "", "Engagements": 0, "Avg. Cost": 0.044728, "Conversions": 0.0, "Avg. CPV": 0.010681, "Invalid clicks": 623, "Unique cookies": "", "Campaign ID": "", "Views": 2439, "Interaction Rate": 0.85, "Advertising Sub Channel": "", "Account ID": "5993679244", "Video played to 100%": 8.01, "CTR": 0.67, "Start date": "", "Avg. CPC": 0.056809, "Video played to 75%": 10.93, "Impressions": 1313242, "Avg. CPM": 0.381803}]