[{"Start date": "2017-05-30", "Avg. CPC": 0.069111, "Interactions": 45, "Avg. position": 2.6, "Campaign serving status": "eligible", "Campaign ID": 839638231, "Invalid clicks": 1, "Impressions": 636, "Video played to 50%": 0.0, "Account ID": "3959508668", "Conversions": 14.0, "Views": 0, "Engagements": 0, "Avg. CPE": 0.0, "Advertising Sub Channel": "", "Account Name": "[W] G1 - WPL - dkv360", "End date": "", "Video played to 100%": 0.0, "Clicks": 45, "Avg. Cost": 0.069111, "Interaction Types": ["Clicks"], "Video played to 25%": 0.0, "View rate": 0.0, "Video played to 75%": 0.0, "Avg. CPM": 4.889937, "CTR": 7.08, "Campaign state": "paused", "Unique cookies": "", "Advertising Channel": "Search", "Interaction Rate": 7.08, "Bid Strategy Type": "cpc", "Date": "2017-08-04", "Mapping": false, "Campaign": "Gen-term_BM_GO_LP", "Avg. CPV": 0.0, "Cost": 3.11}, {"Start date": "2017-05-30", "Avg. CPC": 0.07, "Interactions": 3, "Avg. position": 1.3, "Campaign serving status": "eligible", "Campaign ID": 839638273, "Invalid clicks": 0, "Impressions": 16, "Video played to 50%": 0.0, "Account ID": "3959508668", "Conversions": 1.0, "Views": 0, "Engagements": 0, "Avg. CPE": 0.0, "Advertising Sub Channel": "", "Account Name": "[W] G1 - WPL - dkv360", "End date": "", "Video played to 100%": 0.0, "Clicks": 3, "Avg. Cost": 0.07, "Interaction Types": ["Clicks"], "Video played to 25%": 0.0, "View rate": 0.0, "Video played to 75%": 0.0, "Avg. CPM": 13.125, "CTR": 18.75, "Campaign state": "paused", "Unique cookies": "", "Advertising Channel": "Search", "Interaction Rate": 18.75, "Bid Strategy Type": "cpc", "Date": "2017-08-04", "Mapping": false, "Campaign": "Gen-term_EX_Game_MP", "Avg. CPV": 0.0, "Cost": 0.21}, {"Start date": "2017-05-30", "Avg. CPC": 0.02, "Interactions": 1, "Avg. position": 1.0, "Campaign serving status": "eligible", "Campaign ID": 839638309, "Invalid clicks": 0, "Impressions": 4, "Video played to 50%": 0.0, "Account ID": "3959508668", "Conversions": 1.0, "Views": 0, "Engagements": 0, "Avg. CPE": 0.0, "Advertising Sub Channel": "", "Account Name": "[W] G1 - WPL - dkv360", "End date": "", "Video played to 100%": 0.0, "Clicks": 1, "Avg. Cost": 0.02, "Interaction Types": ["Clicks"], "Video played to 25%": 0.0, "View rate": 0.0, "Video played to 75%": 0.0, "Avg. CPM": 5.0, "CTR": 25.0, "Campaign state": "paused", "Unique cookies": "", "Advertising Channel": "Search", "Interaction Rate": 25.0, "Bid Strategy Type": "cpc", "Date": "2017-08-04", "Mapping": false, "Campaign": "Gen-term_PM_360game_HP", "Avg. CPV": 0.0, "Cost": 0.02}, {"Start date": "2017-05-30", "Avg. CPC": 0.0275, "Interactions": 4, "Avg. position": 1.1, "Campaign serving status": "eligible", "Campaign ID": 839638207, "Invalid clicks": 0, "Impressions": 13, "Video played to 50%": 0.0, "Account ID": "3959508668", "Conversions": 1.0, "Views": 0, "Engagements": 0, "Avg. CPE": 0.0, "Advertising Sub Channel": "", "Account Name": "[W] G1 - WPL - dkv360", "End date": "", "Video played to 100%": 0.0, "Clicks": 4, "Avg. Cost": 0.0275, "Interaction Types": ["Clicks"], "Video played to 25%": 0.0, "View rate": 0.0, "Video played to 75%": 0.0, "Avg. CPM": 8.461538, "CTR": 30.77, "Campaign state": "paused", "Unique cookies": "", "Advertising Channel": "Search", "Interaction Rate": 30.77, "Bid Strategy Type": "cpc", "Date": "2017-08-04", "Mapping": false, "Campaign": "Gen-term_BM_360game_HP", "Avg. CPV": 0.0, "Cost": 0.11}, {"Start date": "2017-05-30", "Avg. CPC": 0.052308, "Interactions": 13, "Avg. position": 2.2, "Campaign serving status": "eligible", "Campaign ID": 839638216, "Invalid clicks": 0, "Impressions": 174, "Video played to 50%": 0.0, "Account ID": "3959508668", "Conversions": 5.0, "Views": 0, "Engagements": 0, "Avg. CPE": 0.0, "Advertising Sub Channel": "", "Account Name": "[W] G1 - WPL - dkv360", "End date": "", "Video played to 100%": 0.0, "Clicks": 13, "Avg. Cost": 0.052308, "Interaction Types": ["Clicks"], "Video played to 25%": 0.0, "View rate": 0.0, "Video played to 75%": 0.0, "Avg. CPM": 3.908046, "CTR": 7.47, "Campaign state": "paused", "Unique cookies": "", "Advertising Channel": "Search", "Interaction Rate": 7.47, "Bid Strategy Type": "cpc", "Date": "2017-08-04", "Mapping": false, "Campaign": "Gen-term_BM_Game_HP", "Avg. CPV": 0.0, "Cost": 0.68}, {"Start date": "2017-05-30", "Avg. CPC": 0.035316, "Interactions": 190, "Avg. position": 2.8, "Campaign serving status": "eligible", "Campaign ID": 839638219, "Invalid clicks": 15, "Impressions": 1472, "Video played to 50%": 0.0, "Account ID": "3959508668", "Conversions": 102.0, "Views": 0, "Engagements": 0, "Avg. CPE": 0.0, "Advertising Sub Channel": "", "Account Name": "[W] G1 - WPL - dkv360", "End date": "", "Video played to 100%": 0.0, "Clicks": 190, "Avg. Cost": 0.035316, "Interaction Types": ["Clicks"], "Video played to 25%": 0.0, "View rate": 0.0, "Video played to 75%": 0.0, "Avg. CPM": 4.558424, "CTR": 12.91, "Campaign state": "paused", "Unique cookies": "", "Advertising Channel": "Search", "Interaction Rate": 12.91, "Bid Strategy Type": "cpc", "Date": "2017-08-04", "Mapping": false, "Campaign": "Gen-term_BM_Game_MP", "Avg. CPV": 0.0, "Cost": 6.71}, {"Start date": "2017-05-30", "Avg. CPC": 0.06434, "Interactions": 53, "Avg. position": 2.7, "Campaign serving status": "eligible", "Campaign ID": 839638222, "Invalid clicks": 7, "Impressions": 1180, "Video played to 50%": 0.0, "Account ID": "3959508668", "Conversions": 7.0, "Views": 0, "Engagements": 0, "Avg. CPE": 0.0, "Advertising Sub Channel": "", "Account Name": "[W] G1 - WPL - dkv360", "End date": "", "Video played to 100%": 0.0, "Clicks": 53, "Avg. Cost": 0.06434, "Interaction Types": ["Clicks"], "Video played to 25%": 0.0, "View rate": 0.0, "Video played to 75%": 0.0, "Avg. CPM": 2.889831, "CTR": 4.49, "Campaign state": "paused", "Unique cookies": "", "Advertising Channel": "Search", "Interaction Rate": 4.49, "Bid Strategy Type": "cpc", "Date": "2017-08-04", "Mapping": false, "Campaign": "Gen-term_BM_Game_LP", "Avg. CPV": 0.0, "Cost": 3.41}, {"Start date": "2017-05-30", "Avg. CPC": 0.067705, "Interactions": 61, "Avg. position": 4.2, "Campaign serving status": "eligible", "Campaign ID": 839638225, "Invalid clicks": 1, "Impressions": 1740, "Video played to 50%": 0.0, "Account ID": "3959508668", "Conversions": 15.0, "Views": 0, "Engagements": 0, "Avg. CPE": 0.0, "Advertising Sub Channel": "", "Account Name": "[W] G1 - WPL - dkv360", "End date": "", "Video played to 100%": 0.0, "Clicks": 61, "Avg. Cost": 0.067705, "Interaction Types": ["Clicks"], "Video played to 25%": 0.0, "View rate": 0.0, "Video played to 75%": 0.0, "Avg. CPM": 2.373563, "CTR": 3.51, "Campaign state": "paused", "Unique cookies": "", "Advertising Channel": "Search", "Interaction Rate": 3.51, "Bid Strategy Type": "cpc", "Date": "2017-08-04", "Mapping": false, "Campaign": "Gen-term_BM_GO_HP", "Avg. CPV": 0.0, "Cost": 4.13}, {"Start date": "2017-05-30", "Avg. CPC": 0.2, "Interactions": 1, "Avg. position": 1.0, "Campaign serving status": "eligible", "Campaign ID": 839638258, "Invalid clicks": 0, "Impressions": 6, "Video played to 50%": 0.0, "Account ID": "3959508668", "Conversions": 0.0, "Views": 0, "Engagements": 0, "Avg. CPE": 0.0, "Advertising Sub Channel": "", "Account Name": "[W] G1 - WPL - dkv360", "End date": "", "Video played to 100%": 0.0, "Clicks": 1, "Avg. Cost": 0.2, "Interaction Types": ["Clicks"], "Video played to 25%": 0.0, "View rate": 0.0, "Video played to 75%": 0.0, "Avg. CPM": 33.333333, "CTR": 16.67, "Campaign state": "paused", "Unique cookies": "", "Advertising Channel": "Search", "Interaction Rate": 16.67, "Bid Strategy Type": "cpc", "Date": "2017-08-04", "Mapping": false, "Campaign": "Gen-term_EX_360game_HP", "Avg. CPV": 0.0, "Cost": 0.2}, {"Start date": "2017-05-30", "Avg. CPC": 0.108333, "Interactions": 6, "Avg. position": 1.1, "Campaign serving status": "eligible", "Campaign ID": 839638300, "Invalid clicks": 0, "Impressions": 37, "Video played to 50%": 0.0, "Account ID": "3959508668", "Conversions": 4.0, "Views": 0, "Engagements": 0, "Avg. CPE": 0.0, "Advertising Sub Channel": "", "Account Name": "[W] G1 - WPL - dkv360", "End date": "", "Video played to 100%": 0.0, "Clicks": 6, "Avg. Cost": 0.108333, "Interaction Types": ["Clicks"], "Video played to 25%": 0.0, "View rate": 0.0, "Video played to 75%": 0.0, "Avg. CPM": 17.567568, "CTR": 16.22, "Campaign state": "paused", "Unique cookies": "", "Advertising Channel": "Search", "Interaction Rate": 16.22, "Bid Strategy Type": "cpc", "Date": "2017-08-04", "Mapping": false, "Campaign": "Gen-term_EX_WG_MP", "Avg. CPV": 0.0, "Cost": 0.65}, {"Start date": "2017-05-30", "Avg. CPC": 0.14, "Interactions": 1, "Avg. position": 1.0, "Campaign serving status": "eligible", "Campaign ID": 839638312, "Invalid clicks": 0, "Impressions": 1, "Video played to 50%": 0.0, "Account ID": "3959508668", "Conversions": 1.0, "Views": 0, "Engagements": 0, "Avg. CPE": 0.0, "Advertising Sub Channel": "", "Account Name": "[W] G1 - WPL - dkv360", "End date": "", "Video played to 100%": 0.0, "Clicks": 1, "Avg. Cost": 0.14, "Interaction Types": ["Clicks"], "Video played to 25%": 0.0, "View rate": 0.0, "Video played to 75%": 0.0, "Avg. CPM": 140.0, "CTR": 100.0, "Campaign state": "paused", "Unique cookies": "", "Advertising Channel": "Search", "Interaction Rate": 100.0, "Bid Strategy Type": "cpc", "Date": "2017-08-04", "Mapping": false, "Campaign": "Gen-term_PM_360game_LP", "Avg. CPV": 0.0, "Cost": 0.14}, {"Start date": "2017-05-30", "Avg. CPC": 0.083, "Interactions": 10, "Avg. position": 3.3, "Campaign serving status": "eligible", "Campaign ID": 839638318, "Invalid clicks": 0, "Impressions": 157, "Video played to 50%": 0.0, "Account ID": "3959508668", "Conversions": 3.0, "Views": 0, "Engagements": 0, "Avg. CPE": 0.0, "Advertising Sub Channel": "", "Account Name": "[W] G1 - WPL - dkv360", "End date": "", "Video played to 100%": 0.0, "Clicks": 10, "Avg. Cost": 0.083, "Interaction Types": ["Clicks"], "Video played to 25%": 0.0, "View rate": 0.0, "Video played to 75%": 0.0, "Avg. CPM": 5.286624, "CTR": 6.37, "Campaign state": "paused", "Unique cookies": "", "Advertising Channel": "Search", "Interaction Rate": 6.37, "Bid Strategy Type": "cpc", "Date": "2017-08-04", "Mapping": false, "Campaign": "Gen-term_PM_Game_HP", "Avg. CPV": 0.0, "Cost": 0.83}, {"Start date": "2017-05-30", "Avg. CPC": 0.1175, "Interactions": 4, "Avg. position": 1.3, "Campaign serving status": "eligible", "Campaign ID": 839638447, "Invalid clicks": 0, "Impressions": 7, "Video played to 50%": 0.0, "Account ID": "3959508668", "Conversions": 3.0, "Views": 0, "Engagements": 0, "Avg. CPE": 0.0, "Advertising Sub Channel": "", "Account Name": "[W] G1 - WPL - dkv360", "End date": "", "Video played to 100%": 0.0, "Clicks": 4, "Avg. Cost": 0.1175, "Interaction Types": ["Clicks"], "Video played to 25%": 0.0, "View rate": 0.0, "Video played to 75%": 0.0, "Avg. CPM": 67.142857, "CTR": 57.14, "Campaign state": "paused", "Unique cookies": "", "Advertising Channel": "Search", "Interaction Rate": 57.14, "Bid Strategy Type": "cpc", "Date": "2017-08-04", "Mapping": false, "Campaign": "Gen-term_PM_GO_HP", "Avg. CPV": 0.0, "Cost": 0.47}, {"Start date": "2017-05-30", "Avg. CPC": 0.033077, "Interactions": 26, "Avg. position": 1.8, "Campaign serving status": "eligible", "Campaign ID": 839638240, "Invalid clicks": 1, "Impressions": 80, "Video played to 50%": 0.0, "Account ID": "3959508668", "Conversions": 13.0, "Views": 0, "Engagements": 0, "Avg. CPE": 0.0, "Advertising Sub Channel": "", "Account Name": "[W] G1 - WPL - dkv360", "End date": "", "Video played to 100%": 0.0, "Clicks": 26, "Avg. Cost": 0.033077, "Interaction Types": ["Clicks"], "Video played to 25%": 0.0, "View rate": 0.0, "Video played to 75%": 0.0, "Avg. CPM": 10.75, "CTR": 32.5, "Campaign state": "paused", "Unique cookies": "", "Advertising Channel": "Search", "Interaction Rate": 32.5, "Bid Strategy Type": "cpc", "Date": "2017-08-04", "Mapping": false, "Campaign": "Gen-term_BM_WG_LP", "Avg. CPV": 0.0, "Cost": 0.86}, {"Start date": "2017-05-30", "Avg. CPC": 0.07, "Interactions": 3, "Avg. position": 1.1, "Campaign serving status": "eligible", "Campaign ID": 839638243, "Invalid clicks": 2, "Impressions": 14, "Video played to 50%": 0.0, "Account ID": "3959508668", "Conversions": 1.0, "Views": 0, "Engagements": 0, "Avg. CPE": 0.0, "Advertising Sub Channel": "", "Account Name": "[W] G1 - WPL - dkv360", "End date": "", "Video played to 100%": 0.0, "Clicks": 3, "Avg. Cost": 0.07, "Interaction Types": ["Clicks"], "Video played to 25%": 0.0, "View rate": 0.0, "Video played to 75%": 0.0, "Avg. CPM": 15.0, "CTR": 21.43, "Campaign state": "paused", "Unique cookies": "", "Advertising Channel": "Search", "Interaction Rate": 21.43, "Bid Strategy Type": "cpc", "Date": "2017-08-04", "Mapping": false, "Campaign": "Gen-term_BM_Zing_MP", "Avg. CPV": 0.0, "Cost": 0.21}, {"Start date": "2017-05-30", "Avg. CPC": 0.062917, "Interactions": 24, "Avg. position": 2.7, "Campaign serving status": "eligible", "Campaign ID": 839638441, "Invalid clicks": 1, "Impressions": 624, "Video played to 50%": 0.0, "Account ID": "3959508668", "Conversions": 1.0, "Views": 0, "Engagements": 0, "Avg. CPE": 0.0, "Advertising Sub Channel": "", "Account Name": "[W] G1 - WPL - dkv360", "End date": "", "Video played to 100%": 0.0, "Clicks": 24, "Avg. Cost": 0.062917, "Interaction Types": ["Clicks"], "Video played to 25%": 0.0, "View rate": 0.0, "Video played to 75%": 0.0, "Avg. CPM": 2.419872, "CTR": 3.85, "Campaign state": "paused", "Unique cookies": "", "Advertising Channel": "Search", "Interaction Rate": 3.85, "Bid Strategy Type": "cpc", "Date": "2017-08-04", "Mapping": false, "Campaign": "Gen-term_PM_Game_LP", "Avg. CPV": 0.0, "Cost": 1.51}, {"Start date": "2017-05-30", "Avg. CPC": 0.063041, "Interactions": 148, "Avg. position": 1.4, "Campaign serving status": "eligible", "Campaign ID": 839638444, "Invalid clicks": 14, "Impressions": 1317, "Video played to 50%": 0.0, "Account ID": "3959508668", "Conversions": 40.0, "Views": 0, "Engagements": 0, "Avg. CPE": 0.0, "Advertising Sub Channel": "", "Account Name": "[W] G1 - WPL - dkv360", "End date": "", "Video played to 100%": 0.0, "Clicks": 148, "Avg. Cost": 0.063041, "Interaction Types": ["Clicks"], "Video played to 25%": 0.0, "View rate": 0.0, "Video played to 75%": 0.0, "Avg. CPM": 7.084282, "CTR": 11.24, "Campaign state": "paused", "Unique cookies": "", "Advertising Channel": "Search", "Interaction Rate": 11.24, "Bid Strategy Type": "cpc", "Date": "2017-08-04", "Mapping": false, "Campaign": "Gen-term_PM_Game_MP", "Avg. CPV": 0.0, "Cost": 9.33}, {"Start date": "2017-05-30", "Avg. CPC": 0.125, "Interactions": 2, "Avg. position": 1.9, "Campaign serving status": "eligible", "Campaign ID": 839638453, "Invalid clicks": 0, "Impressions": 14, "Video played to 50%": 0.0, "Account ID": "3959508668", "Conversions": 0.0, "Views": 0, "Engagements": 0, "Avg. CPE": 0.0, "Advertising Sub Channel": "", "Account Name": "[W] G1 - WPL - dkv360", "End date": "", "Video played to 100%": 0.0, "Clicks": 2, "Avg. Cost": 0.125, "Interaction Types": ["Clicks"], "Video played to 25%": 0.0, "View rate": 0.0, "Video played to 75%": 0.0, "Avg. CPM": 17.857143, "CTR": 14.29, "Campaign state": "paused", "Unique cookies": "", "Advertising Channel": "Search", "Interaction Rate": 14.29, "Bid Strategy Type": "cpc", "Date": "2017-08-04", "Mapping": false, "Campaign": "Gen-term_PM_GO_MP", "Avg. CPV": 0.0, "Cost": 0.25}, {"Start date": "2017-05-30", "Avg. CPC": 0.108889, "Interactions": 9, "Avg. position": 1.7, "Campaign serving status": "eligible", "Campaign ID": 839638468, "Invalid clicks": 0, "Impressions": 51, "Video played to 50%": 0.0, "Account ID": "3959508668", "Conversions": 3.0, "Views": 0, "Engagements": 0, "Avg. CPE": 0.0, "Advertising Sub Channel": "", "Account Name": "[W] G1 - WPL - dkv360", "End date": "", "Video played to 100%": 0.0, "Clicks": 9, "Avg. Cost": 0.108889, "Interaction Types": ["Clicks"], "Video played to 25%": 0.0, "View rate": 0.0, "Video played to 75%": 0.0, "Avg. CPM": 19.215686, "CTR": 17.65, "Campaign state": "paused", "Unique cookies": "", "Advertising Channel": "Search", "Interaction Rate": 17.65, "Bid Strategy Type": "cpc", "Date": "2017-08-04", "Mapping": false, "Campaign": "Gen-term_PM_WG_LP", "Avg. CPV": 0.0, "Cost": 0.98}, {"Start date": "2017-05-30", "Avg. CPC": 0.1925, "Interactions": 4, "Avg. position": 1.3, "Campaign serving status": "eligible", "Campaign ID": 839638282, "Invalid clicks": 0, "Impressions": 29, "Video played to 50%": 0.0, "Account ID": "3959508668", "Conversions": 4.0, "Views": 0, "Engagements": 0, "Avg. CPE": 0.0, "Advertising Sub Channel": "", "Account Name": "[W] G1 - WPL - dkv360", "End date": "", "Video played to 100%": 0.0, "Clicks": 4, "Avg. Cost": 0.1925, "Interaction Types": ["Clicks"], "Video played to 25%": 0.0, "View rate": 0.0, "Video played to 75%": 0.0, "Avg. CPM": 26.551724, "CTR": 13.79, "Campaign state": "paused", "Unique cookies": "", "Advertising Channel": "Search", "Interaction Rate": 13.79, "Bid Strategy Type": "cpc", "Date": "2017-08-04", "Mapping": false, "Campaign": "Gen-term_EX_GO_MP", "Avg. CPV": 0.0, "Cost": 0.77}, {"Start date": "2017-05-30", "Avg. CPC": 0.010488, "Interactions": 7483, "Avg. position": 1.0, "Campaign serving status": "eligible", "Campaign ID": 839638480, "Invalid clicks": 509, "Impressions": 9410, "Video played to 50%": 0.0, "Account ID": "3959508668", "Conversions": 6820.0, "Views": 0, "Engagements": 0, "Avg. CPE": 0.0, "Advertising Sub Channel": "", "Account Name": "[W] G1 - WPL - dkv360", "End date": "", "Video played to 100%": 0.0, "Clicks": 7483, "Avg. Cost": 0.010488, "Interaction Types": ["Clicks"], "Video played to 25%": 0.0, "View rate": 0.0, "Video played to 75%": 0.0, "Avg. CPM": 8.340064, "CTR": 79.52, "Campaign state": "enabled", "Unique cookies": "", "Advertising Channel": "Search", "Interaction Rate": 79.52, "Bid Strategy Type": "cpc", "Date": "2017-08-04", "Mapping": false, "Campaign": "Brand-term_BM_Dai-Kiem-Vuong", "Avg. CPV": 0.0, "Cost": 78.48}, {"Start date": "2017-05-30", "Avg. CPC": 0.0475, "Interactions": 4, "Avg. position": 2.5, "Campaign serving status": "eligible", "Campaign ID": 839638234, "Invalid clicks": 1, "Impressions": 22, "Video played to 50%": 0.0, "Account ID": "3959508668", "Conversions": 4.0, "Views": 0, "Engagements": 0, "Avg. CPE": 0.0, "Advertising Sub Channel": "", "Account Name": "[W] G1 - WPL - dkv360", "End date": "", "Video played to 100%": 0.0, "Clicks": 4, "Avg. Cost": 0.0475, "Interaction Types": ["Clicks"], "Video played to 25%": 0.0, "View rate": 0.0, "Video played to 75%": 0.0, "Avg. CPM": 8.636364, "CTR": 18.18, "Campaign state": "paused", "Unique cookies": "", "Advertising Channel": "Search", "Interaction Rate": 18.18, "Bid Strategy Type": "cpc", "Date": "2017-08-04", "Mapping": false, "Campaign": "Gen-term_BM_WG_HP", "Avg. CPV": 0.0, "Cost": 0.19}, {"Start date": "2017-05-30", "Avg. CPC": 0.145556, "Interactions": 9, "Avg. position": 1.3, "Campaign serving status": "eligible", "Campaign ID": 839638270, "Invalid clicks": 1, "Impressions": 106, "Video played to 50%": 0.0, "Account ID": "3959508668", "Conversions": 3.0, "Views": 0, "Engagements": 0, "Avg. CPE": 0.0, "Advertising Sub Channel": "", "Account Name": "[W] G1 - WPL - dkv360", "End date": "", "Video played to 100%": 0.0, "Clicks": 9, "Avg. Cost": 0.145556, "Interaction Types": ["Clicks"], "Video played to 25%": 0.0, "View rate": 0.0, "Video played to 75%": 0.0, "Avg. CPM": 12.358491, "CTR": 8.49, "Campaign state": "paused", "Unique cookies": "", "Advertising Channel": "Search", "Interaction Rate": 8.49, "Bid Strategy Type": "cpc", "Date": "2017-08-04", "Mapping": false, "Campaign": "Gen-term_EX_Game_LP", "Avg. CPV": 0.0, "Cost": 1.31}, {"Start date": "2017-05-30", "Avg. CPC": 0.153333, "Interactions": 3, "Avg. position": 2.0, "Campaign serving status": "eligible", "Campaign ID": 839638291, "Invalid clicks": 1, "Impressions": 43, "Video played to 50%": 0.0, "Account ID": "3959508668", "Conversions": 0.0, "Views": 0, "Engagements": 0, "Avg. CPE": 0.0, "Advertising Sub Channel": "", "Account Name": "[W] G1 - WPL - dkv360", "End date": "", "Video played to 100%": 0.0, "Clicks": 3, "Avg. Cost": 0.153333, "Interaction Types": ["Clicks"], "Video played to 25%": 0.0, "View rate": 0.0, "Video played to 75%": 0.0, "Avg. CPM": 10.697674, "CTR": 6.98, "Campaign state": "paused", "Unique cookies": "", "Advertising Channel": "Search", "Interaction Rate": 6.98, "Bid Strategy Type": "cpc", "Date": "2017-08-04", "Mapping": false, "Campaign": "Gen-term_EX_Other_MP", "Avg. CPV": 0.0, "Cost": 0.46}, {"Start date": "2017-05-30", "Avg. CPC": 0.113333, "Interactions": 6, "Avg. position": 1.0, "Campaign serving status": "eligible", "Campaign ID": 839638315, "Invalid clicks": 1, "Impressions": 62, "Video played to 50%": 0.0, "Account ID": "3959508668", "Conversions": 2.0, "Views": 0, "Engagements": 0, "Avg. CPE": 0.0, "Advertising Sub Channel": "", "Account Name": "[W] G1 - WPL - dkv360", "End date": "", "Video played to 100%": 0.0, "Clicks": 6, "Avg. Cost": 0.113333, "Interaction Types": ["Clicks"], "Video played to 25%": 0.0, "View rate": 0.0, "Video played to 75%": 0.0, "Avg. CPM": 10.967742, "CTR": 9.68, "Campaign state": "paused", "Unique cookies": "", "Advertising Channel": "Search", "Interaction Rate": 9.68, "Bid Strategy Type": "cpc", "Date": "2017-08-04", "Mapping": false, "Campaign": "Gen-term_PM_360game_MP", "Avg. CPV": 0.0, "Cost": 0.68}, {"Start date": "2017-05-30", "Avg. CPC": 0.1125, "Interactions": 8, "Avg. position": 2.5, "Campaign serving status": "eligible", "Campaign ID": 839638459, "Invalid clicks": 1, "Impressions": 45, "Video played to 50%": 0.0, "Account ID": "3959508668", "Conversions": 0.0, "Views": 0, "Engagements": 0, "Avg. CPE": 0.0, "Advertising Sub Channel": "", "Account Name": "[W] G1 - WPL - dkv360", "End date": "", "Video played to 100%": 0.0, "Clicks": 8, "Avg. Cost": 0.1125, "Interaction Types": ["Clicks"], "Video played to 25%": 0.0, "View rate": 0.0, "Video played to 75%": 0.0, "Avg. CPM": 20.0, "CTR": 17.78, "Campaign state": "paused", "Unique cookies": "", "Advertising Channel": "Search", "Interaction Rate": 17.78, "Bid Strategy Type": "cpc", "Date": "2017-08-04", "Mapping": false, "Campaign": "Gen-term_PM_Other_LP", "Avg. CPV": 0.0, "Cost": 0.9}, {"Start date": "2017-05-30", "Avg. CPC": 0.033333, "Interactions": 3, "Avg. position": 2.9, "Campaign serving status": "eligible", "Campaign ID": 839638246, "Invalid clicks": 0, "Impressions": 19, "Video played to 50%": 0.0, "Account ID": "3959508668", "Conversions": 0.0, "Views": 0, "Engagements": 0, "Avg. CPE": 0.0, "Advertising Sub Channel": "", "Account Name": "[W] G1 - WPL - dkv360", "End date": "", "Video played to 100%": 0.0, "Clicks": 3, "Avg. Cost": 0.033333, "Interaction Types": ["Clicks"], "Video played to 25%": 0.0, "View rate": 0.0, "Video played to 75%": 0.0, "Avg. CPM": 5.263158, "CTR": 15.79, "Campaign state": "paused", "Unique cookies": "", "Advertising Channel": "Search", "Interaction Rate": 15.79, "Bid Strategy Type": "cpc", "Date": "2017-08-04", "Mapping": false, "Campaign": "Gen-term_BM_Zing_LP", "Avg. CPV": 0.0, "Cost": 0.1}, {"Start date": "2017-05-30", "Avg. CPC": 0.01, "Interactions": 1, "Avg. position": 1.0, "Campaign serving status": "eligible", "Campaign ID": 839638306, "Invalid clicks": 0, "Impressions": 3, "Video played to 50%": 0.0, "Account ID": "3959508668", "Conversions": 0.0, "Views": 0, "Engagements": 0, "Avg. CPE": 0.0, "Advertising Sub Channel": "", "Account Name": "[W] G1 - WPL - dkv360", "End date": "", "Video played to 100%": 0.0, "Clicks": 1, "Avg. Cost": 0.01, "Interaction Types": ["Clicks"], "Video played to 25%": 0.0, "View rate": 0.0, "Video played to 75%": 0.0, "Avg. CPM": 3.333333, "CTR": 33.33, "Campaign state": "paused", "Unique cookies": "", "Advertising Channel": "Search", "Interaction Rate": 33.33, "Bid Strategy Type": "cpc", "Date": "2017-08-04", "Mapping": false, "Campaign": "Gen-term_EX_Zing_MP", "Avg. CPV": 0.0, "Cost": 0.01}, {"Start date": "2017-05-30", "Avg. CPC": 0.106154, "Interactions": 13, "Avg. position": 2.3, "Campaign serving status": "eligible", "Campaign ID": 839638450, "Invalid clicks": 0, "Impressions": 156, "Video played to 50%": 0.0, "Account ID": "3959508668", "Conversions": 3.0, "Views": 0, "Engagements": 0, "Avg. CPE": 0.0, "Advertising Sub Channel": "", "Account Name": "[W] G1 - WPL - dkv360", "End date": "", "Video played to 100%": 0.0, "Clicks": 13, "Avg. Cost": 0.106154, "Interaction Types": ["Clicks"], "Video played to 25%": 0.0, "View rate": 0.0, "Video played to 75%": 0.0, "Avg. CPM": 8.846154, "CTR": 8.33, "Campaign state": "paused", "Unique cookies": "", "Advertising Channel": "Search", "Interaction Rate": 8.33, "Bid Strategy Type": "cpc", "Date": "2017-08-04", "Mapping": false, "Campaign": "Gen-term_PM_GO_LP", "Avg. CPV": 0.0, "Cost": 1.38}, {"Start date": "2017-05-30", "Avg. CPC": 0.088936, "Interactions": 94, "Avg. position": 1.2, "Campaign serving status": "eligible", "Campaign ID": 839638210, "Invalid clicks": 4, "Impressions": 480, "Video played to 50%": 0.0, "Account ID": "3959508668", "Conversions": 49.0, "Views": 0, "Engagements": 0, "Avg. CPE": 0.0, "Advertising Sub Channel": "", "Account Name": "[W] G1 - WPL - dkv360", "End date": "", "Video played to 100%": 0.0, "Clicks": 94, "Avg. Cost": 0.088936, "Interaction Types": ["Clicks"], "Video played to 25%": 0.0, "View rate": 0.0, "Video played to 75%": 0.0, "Avg. CPM": 17.416667, "CTR": 19.58, "Campaign state": "paused", "Unique cookies": "", "Advertising Channel": "Search", "Interaction Rate": 19.58, "Bid Strategy Type": "cpc", "Date": "2017-08-04", "Mapping": false, "Campaign": "Gen-term_BM_360game_MP", "Avg. CPV": 0.0, "Cost": 8.36}, {"Start date": "2017-05-30", "Avg. CPC": 0.050435, "Interactions": 23, "Avg. position": 3.4, "Campaign serving status": "eligible", "Campaign ID": 839638228, "Invalid clicks": 1, "Impressions": 308, "Video played to 50%": 0.0, "Account ID": "3959508668", "Conversions": 10.0, "Views": 0, "Engagements": 0, "Avg. CPE": 0.0, "Advertising Sub Channel": "", "Account Name": "[W] G1 - WPL - dkv360", "End date": "", "Video played to 100%": 0.0, "Clicks": 23, "Avg. Cost": 0.050435, "Interaction Types": ["Clicks"], "Video played to 25%": 0.0, "View rate": 0.0, "Video played to 75%": 0.0, "Avg. CPM": 3.766234, "CTR": 7.47, "Campaign state": "paused", "Unique cookies": "", "Advertising Channel": "Search", "Interaction Rate": 7.47, "Bid Strategy Type": "cpc", "Date": "2017-08-04", "Mapping": false, "Campaign": "Gen-term_BM_GO_MP", "Avg. CPV": 0.0, "Cost": 1.16}, {"Start date": "2017-05-30", "Avg. CPC": 0.07, "Interactions": 2, "Avg. position": 2.0, "Campaign serving status": "eligible", "Campaign ID": 839638237, "Invalid clicks": 0, "Impressions": 10, "Video played to 50%": 0.0, "Account ID": "3959508668", "Conversions": 0.0, "Views": 0, "Engagements": 0, "Avg. CPE": 0.0, "Advertising Sub Channel": "", "Account Name": "[W] G1 - WPL - dkv360", "End date": "", "Video played to 100%": 0.0, "Clicks": 2, "Avg. Cost": 0.07, "Interaction Types": ["Clicks"], "Video played to 25%": 0.0, "View rate": 0.0, "Video played to 75%": 0.0, "Avg. CPM": 14.0, "CTR": 20.0, "Campaign state": "paused", "Unique cookies": "", "Advertising Channel": "Search", "Interaction Rate": 20.0, "Bid Strategy Type": "cpc", "Date": "2017-08-04", "Mapping": false, "Campaign": "Gen-term_BM_WG_MP", "Avg. CPV": 0.0, "Cost": 0.14}, {"Start date": "2017-05-30", "Avg. CPC": 0.031505, "Interactions": 93, "Avg. position": 3.7, "Campaign serving status": "eligible", "Campaign ID": 839638252, "Invalid clicks": 6, "Impressions": 1513, "Video played to 50%": 0.0, "Account ID": "3959508668", "Conversions": 54.0, "Views": 0, "Engagements": 0, "Avg. CPE": 0.0, "Advertising Sub Channel": "", "Account Name": "[W] G1 - WPL - dkv360", "End date": "", "Video played to 100%": 0.0, "Clicks": 93, "Avg. Cost": 0.031505, "Interaction Types": ["Clicks"], "Video played to 25%": 0.0, "View rate": 0.0, "Video played to 75%": 0.0, "Avg. CPM": 1.93655, "CTR": 6.15, "Campaign state": "paused", "Unique cookies": "", "Advertising Channel": "Search", "Interaction Rate": 6.15, "Bid Strategy Type": "cpc", "Date": "2017-08-04", "Mapping": false, "Campaign": "Gen-term_BM_Other_MP", "Avg. CPV": 0.0, "Cost": 2.93}, {"Start date": "2017-05-30", "Avg. CPC": 0.06367, "Interactions": 109, "Avg. position": 4.1, "Campaign serving status": "eligible", "Campaign ID": 839638255, "Invalid clicks": 7, "Impressions": 3154, "Video played to 50%": 0.0, "Account ID": "3959508668", "Conversions": 7.0, "Views": 0, "Engagements": 0, "Avg. CPE": 0.0, "Advertising Sub Channel": "", "Account Name": "[W] G1 - WPL - dkv360", "End date": "", "Video played to 100%": 0.0, "Clicks": 109, "Avg. Cost": 0.06367, "Interaction Types": ["Clicks"], "Video played to 25%": 0.0, "View rate": 0.0, "Video played to 75%": 0.0, "Avg. CPM": 2.20038, "CTR": 3.46, "Campaign state": "paused", "Unique cookies": "", "Advertising Channel": "Search", "Interaction Rate": 3.46, "Bid Strategy Type": "cpc", "Date": "2017-08-04", "Mapping": false, "Campaign": "Gen-term_BM_Other_LP", "Avg. CPV": 0.0, "Cost": 6.94}, {"Start date": "2017-05-30", "Avg. CPC": 0.03625, "Interactions": 8, "Avg. position": 1.0, "Campaign serving status": "eligible", "Campaign ID": 839638264, "Invalid clicks": 0, "Impressions": 29, "Video played to 50%": 0.0, "Account ID": "3959508668", "Conversions": 4.0, "Views": 0, "Engagements": 0, "Avg. CPE": 0.0, "Advertising Sub Channel": "", "Account Name": "[W] G1 - WPL - dkv360", "End date": "", "Video played to 100%": 0.0, "Clicks": 8, "Avg. Cost": 0.03625, "Interaction Types": ["Clicks"], "Video played to 25%": 0.0, "View rate": 0.0, "Video played to 75%": 0.0, "Avg. CPM": 10.0, "CTR": 27.59, "Campaign state": "paused", "Unique cookies": "", "Advertising Channel": "Search", "Interaction Rate": 27.59, "Bid Strategy Type": "cpc", "Date": "2017-08-04", "Mapping": false, "Campaign": "Gen-term_EX_360game_MP", "Avg. CPV": 0.0, "Cost": 0.29}, {"Start date": "2017-05-30", "Avg. CPC": 0.073333, "Interactions": 3, "Avg. position": 1.1, "Campaign serving status": "eligible", "Campaign ID": 839638267, "Invalid clicks": 0, "Impressions": 16, "Video played to 50%": 0.0, "Account ID": "3959508668", "Conversions": 1.0, "Views": 0, "Engagements": 0, "Avg. CPE": 0.0, "Advertising Sub Channel": "", "Account Name": "[W] G1 - WPL - dkv360", "End date": "", "Video played to 100%": 0.0, "Clicks": 3, "Avg. Cost": 0.073333, "Interaction Types": ["Clicks"], "Video played to 25%": 0.0, "View rate": 0.0, "Video played to 75%": 0.0, "Avg. CPM": 13.75, "CTR": 18.75, "Campaign state": "paused", "Unique cookies": "", "Advertising Channel": "Search", "Interaction Rate": 18.75, "Bid Strategy Type": "cpc", "Date": "2017-08-04", "Mapping": false, "Campaign": "Gen-term_EX_Game_HP", "Avg. CPV": 0.0, "Cost": 0.22}, {"Start date": "2017-05-30", "Avg. CPC": 0.094706, "Interactions": 17, "Avg. position": 1.0, "Campaign serving status": "eligible", "Campaign ID": 839638294, "Invalid clicks": 0, "Impressions": 67, "Video played to 50%": 0.0, "Account ID": "3959508668", "Conversions": 7.0, "Views": 0, "Engagements": 0, "Avg. CPE": 0.0, "Advertising Sub Channel": "", "Account Name": "[W] G1 - WPL - dkv360", "End date": "", "Video played to 100%": 0.0, "Clicks": 17, "Avg. Cost": 0.094706, "Interaction Types": ["Clicks"], "Video played to 25%": 0.0, "View rate": 0.0, "Video played to 75%": 0.0, "Avg. CPM": 24.029851, "CTR": 25.37, "Campaign state": "paused", "Unique cookies": "", "Advertising Channel": "Search", "Interaction Rate": 25.37, "Bid Strategy Type": "cpc", "Date": "2017-08-04", "Mapping": false, "Campaign": "Gen-term_EX_WG_HP", "Avg. CPV": 0.0, "Cost": 1.61}, {"Start date": "2017-05-30", "Avg. CPC": 0.125, "Interactions": 8, "Avg. position": 1.2, "Campaign serving status": "eligible", "Campaign ID": 839638297, "Invalid clicks": 0, "Impressions": 25, "Video played to 50%": 0.0, "Account ID": "3959508668", "Conversions": 1.0, "Views": 0, "Engagements": 0, "Avg. CPE": 0.0, "Advertising Sub Channel": "", "Account Name": "[W] G1 - WPL - dkv360", "End date": "", "Video played to 100%": 0.0, "Clicks": 8, "Avg. Cost": 0.125, "Interaction Types": ["Clicks"], "Video played to 25%": 0.0, "View rate": 0.0, "Video played to 75%": 0.0, "Avg. CPM": 40.0, "CTR": 32.0, "Campaign state": "paused", "Unique cookies": "", "Advertising Channel": "Search", "Interaction Rate": 32.0, "Bid Strategy Type": "cpc", "Date": "2017-08-04", "Mapping": false, "Campaign": "Gen-term_EX_WG_LP", "Avg. CPV": 0.0, "Cost": 1.0}, {"Start date": "2017-05-30", "Avg. CPC": 0.027742, "Interactions": 62, "Avg. position": 1.1, "Campaign serving status": "eligible", "Campaign ID": 839638462, "Invalid clicks": 3, "Impressions": 141, "Video played to 50%": 0.0, "Account ID": "3959508668", "Conversions": 54.0, "Views": 0, "Engagements": 0, "Avg. CPE": 0.0, "Advertising Sub Channel": "", "Account Name": "[W] G1 - WPL - dkv360", "End date": "", "Video played to 100%": 0.0, "Clicks": 62, "Avg. Cost": 0.027742, "Interaction Types": ["Clicks"], "Video played to 25%": 0.0, "View rate": 0.0, "Video played to 75%": 0.0, "Avg. CPM": 12.198582, "CTR": 43.97, "Campaign state": "paused", "Unique cookies": "", "Advertising Channel": "Search", "Interaction Rate": 43.97, "Bid Strategy Type": "cpc", "Date": "2017-08-04", "Mapping": false, "Campaign": "Gen-term_PM_Other_MP", "Avg. CPV": 0.0, "Cost": 1.72}, {"Start date": "2017-05-30", "Avg. CPC": 0.121667, "Interactions": 6, "Avg. position": 1.4, "Campaign serving status": "eligible", "Campaign ID": 839638465, "Invalid clicks": 0, "Impressions": 28, "Video played to 50%": 0.0, "Account ID": "3959508668", "Conversions": 3.0, "Views": 0, "Engagements": 0, "Avg. CPE": 0.0, "Advertising Sub Channel": "", "Account Name": "[W] G1 - WPL - dkv360", "End date": "", "Video played to 100%": 0.0, "Clicks": 6, "Avg. Cost": 0.121667, "Interaction Types": ["Clicks"], "Video played to 25%": 0.0, "View rate": 0.0, "Video played to 75%": 0.0, "Avg. CPM": 26.071429, "CTR": 21.43, "Campaign state": "paused", "Unique cookies": "", "Advertising Channel": "Search", "Interaction Rate": 21.43, "Bid Strategy Type": "cpc", "Date": "2017-08-04", "Mapping": false, "Campaign": "Gen-term_PM_WG_HP", "Avg. CPV": 0.0, "Cost": 0.73}, {"Start date": "", "Avg. CPC": 0.016722, "Interactions": 8563, "Avg. position": 2.2, "Campaign serving status": "", "Campaign ID": "", "Invalid clicks": 577, "Impressions": 23263, "Video played to 50%": 0.0, "Account ID": "3959508668", "Conversions": 7241.0, "Views": 0, "Engagements": 0, "Avg. CPE": 0.0, "Advertising Sub Channel": "", "Account Name": "[W] G1 - WPL - dkv360", "End date": "", "Video played to 100%": 0.0, "Clicks": 8563, "Avg. Cost": 0.016722, "Interaction Types": "", "Video played to 25%": 0.0, "View rate": 0.0, "Video played to 75%": 0.0, "Avg. CPM": 6.155268, "CTR": 36.81, "Campaign state": "Total", "Unique cookies": "", "Advertising Channel": "", "Interaction Rate": 36.81, "Bid Strategy Type": "", "Date": "2017-08-04", "Mapping": false, "Campaign": "", "Avg. CPV": 0.0, "Cost": 143.19}]