[{"Campaign state": "enabled", "Interaction Types": ["Clicks"], "Campaign serving status": "eligible", "Cost": 2.6, "Interactions": 202, "Avg. CPM": 6.032483, "Bid Strategy Type": "cpc", "Video played to 100%": 0.0, "Avg. CPE": 0.0, "Mapping": false, "Start date": "2016-11-01", "View rate": 0.0, "Account ID": "7539462658", "Avg. CPC": 0.012871, "Conversions": 13.0, "Video played to 75%": 0.0, "Impressions": 431, "Avg. position": 1.0, "Advertising Sub Channel": "", "Campaign ID": 690772046, "Avg. Cost": 0.012871, "Avg. CPV": 0.0, "Campaign": "Brand-term_Hi\u1ec7p Kh\u00e1ch H\u00e0nh-MOR", "Interaction Rate": 46.87, "Advertising Channel": "Search", "Video played to 50%": 0.0, "Date": "2017-08-01", "End date": "", "CTR": 46.87, "Video played to 25%": 0.0, "Engagements": 0, "Invalid clicks": 8, "Clicks": 202, "Views": 0, "Unique cookies": ""}, {"Campaign state": "enabled", "Interaction Types": ["Clicks"], "Campaign serving status": "eligible", "Cost": 0.74, "Interactions": 70, "Avg. CPM": 7.474747, "Bid Strategy Type": "cpc", "Video played to 100%": 0.0, "Avg. CPE": 0.0, "Mapping": false, "Start date": "2016-11-01", "View rate": 0.0, "Account ID": "7539462658", "Avg. CPC": 0.010571, "Conversions": 3.0, "Video played to 75%": 0.0, "Impressions": 99, "Avg. position": 1.0, "Advertising Sub Channel": "", "Campaign ID": 690772049, "Avg. Cost": 0.010571, "Avg. CPV": 0.0, "Campaign": "Brand-term_hkh-MOR", "Interaction Rate": 70.71, "Advertising Channel": "Search", "Video played to 50%": 0.0, "Date": "2017-08-01", "End date": "", "CTR": 70.71, "Video played to 25%": 0.0, "Engagements": 0, "Invalid clicks": 1, "Clicks": 70, "Views": 0, "Unique cookies": ""}, {"Campaign state": "Total", "Interaction Types": "", "Campaign serving status": "", "Cost": 3.34, "Interactions": 272, "Avg. CPM": 6.301887, "Bid Strategy Type": "", "Video played to 100%": 0.0, "Avg. CPE": 0.0, "Mapping": false, "Start date": "", "View rate": 0.0, "Account ID": "7539462658", "Avg. CPC": 0.012279, "Conversions": 16.0, "Video played to 75%": 0.0, "Impressions": 530, "Avg. position": 1.0, "Advertising Sub Channel": "", "Campaign ID": "", "Avg. Cost": 0.012279, "Avg. CPV": 0.0, "Campaign": "", "Interaction Rate": 51.32, "Advertising Channel": "", "Video played to 50%": 0.0, "Date": "2017-08-01", "End date": "", "CTR": 51.32, "Video played to 25%": 0.0, "Engagements": 0, "Invalid clicks": 9, "Clicks": 272, "Views": 0, "Unique cookies": ""}]