[{"Account ID": "9392975361", "Conversions": 0.0, "Views": 0, "Video played to 50%": 0.0, "Advertising Sub Channel": "", "Campaign": "Gen-term_FH-G-NEW_game moi nhat-ex", "Avg. CPE": 0.0, "Campaign serving status": "eligible", "Invalid clicks": 0, "Interaction Rate": 100.0, "Interaction Types": ["Clicks"], "Engagements": 0, "End date": "", "Avg. position": 1.5, "Video played to 100%": 0.0, "Video played to 25%": 0.0, "Video played to 75%": 0.0, "Mapping": false, "Avg. CPV": 0.0, "View rate": 0.0, "Avg. CPC": 0.045, "Avg. Cost": 0.045, "Avg. CPM": 45.0, "Campaign state": "paused", "Start date": "2016-12-22", "Account Name": "[paused] G1 - WPL - vc360-4", "Cost": 0.09, "Advertising Channel": "Search", "Campaign ID": 723874537, "Interactions": 2, "Unique cookies": "", "Clicks": 2, "CTR": 100.0, "Dept": "WPL", "Bid Strategy Type": "cpc", "Date": "2017-03-02", "Impressions": 2}, {"Account ID": "9392975361", "Conversions": 0.0, "Views": 0, "Video played to 50%": 0.0, "Advertising Sub Channel": "", "Campaign": "Gen-term_MT-G-G16_game 2016 hay-bmm", "Avg. CPE": 0.0, "Campaign serving status": "eligible", "Invalid clicks": 0, "Interaction Rate": 100.0, "Interaction Types": ["Clicks"], "Engagements": 0, "End date": "", "Avg. position": 1.0, "Video played to 100%": 0.0, "Video played to 25%": 0.0, "Video played to 75%": 0.0, "Mapping": false, "Avg. CPV": 0.0, "View rate": 0.0, "Avg. CPC": 0.07, "Avg. Cost": 0.07, "Avg. CPM": 70.0, "Campaign state": "paused", "Start date": "2016-12-22", "Account Name": "[paused] G1 - WPL - vc360-4", "Cost": 0.07, "Advertising Channel": "Search", "Campaign ID": 723874258, "Interactions": 1, "Unique cookies": "", "Clicks": 1, "CTR": 100.0, "Dept": "WPL", "Bid Strategy Type": "cpc", "Date": "2017-03-02", "Impressions": 1}, {"Account ID": "9392975361", "Conversions": 0.0, "Views": 0, "Video played to 50%": 0.0, "Advertising Sub Channel": "", "Campaign": "Gen-term_MT-G-PC_game pc hay-bmm", "Avg. CPE": 0.0, "Campaign serving status": "eligible", "Invalid clicks": 0, "Interaction Rate": 50.0, "Interaction Types": ["Clicks"], "Engagements": 0, "End date": "", "Avg. position": 1.0, "Video played to 100%": 0.0, "Video played to 25%": 0.0, "Video played to 75%": 0.0, "Mapping": false, "Avg. CPV": 0.0, "View rate": 0.0, "Avg. CPC": 0.09, "Avg. Cost": 0.09, "Avg. CPM": 45.0, "Campaign state": "paused", "Start date": "2016-12-22", "Account Name": "[paused] G1 - WPL - vc360-4", "Cost": 0.09, "Advertising Channel": "Search", "Campaign ID": 724127027, "Interactions": 1, "Unique cookies": "", "Clicks": 1, "CTR": 50.0, "Dept": "WPL", "Bid Strategy Type": "cpc", "Date": "2017-03-02", "Impressions": 2}, {"Account ID": "9392975361", "Conversions": 0.0, "Views": 0, "Video played to 50%": 0.0, "Advertising Sub Channel": "", "Campaign": "Gen-term_FH-G-HAY_game hay nh\u1ea5t-phr", "Avg. CPE": 0.0, "Campaign serving status": "eligible", "Invalid clicks": 0, "Interaction Rate": 25.0, "Interaction Types": ["Clicks"], "Engagements": 0, "End date": "", "Avg. position": 2.3, "Video played to 100%": 0.0, "Video played to 25%": 0.0, "Video played to 75%": 0.0, "Mapping": false, "Avg. CPV": 0.0, "View rate": 0.0, "Avg. CPC": 0.06, "Avg. Cost": 0.06, "Avg. CPM": 15.0, "Campaign state": "paused", "Start date": "2016-12-22", "Account Name": "[paused] G1 - WPL - vc360-4", "Cost": 0.06, "Advertising Channel": "Search", "Campaign ID": 724234227, "Interactions": 1, "Unique cookies": "", "Clicks": 1, "CTR": 25.0, "Dept": "WPL", "Bid Strategy Type": "cpc", "Date": "2017-03-02", "Impressions": 4}, {"Account ID": "9392975361", "Conversions": 0.0, "Views": 0, "Video played to 50%": 0.0, "Advertising Sub Channel": "", "Campaign": "Gen-term_MT-G-GO_game online hay-ex", "Avg. CPE": 0.0, "Campaign serving status": "eligible", "Invalid clicks": 0, "Interaction Rate": 33.33, "Interaction Types": ["Clicks"], "Engagements": 0, "End date": "", "Avg. position": 1.0, "Video played to 100%": 0.0, "Video played to 25%": 0.0, "Video played to 75%": 0.0, "Mapping": false, "Avg. CPV": 0.0, "View rate": 0.0, "Avg. CPC": 0.04, "Avg. Cost": 0.04, "Avg. CPM": 13.333333, "Campaign state": "paused", "Start date": "2016-12-22", "Account Name": "[paused] G1 - WPL - vc360-4", "Cost": 0.04, "Advertising Channel": "Search", "Campaign ID": 724123562, "Interactions": 1, "Unique cookies": "", "Clicks": 1, "CTR": 33.33, "Dept": "WPL", "Bid Strategy Type": "cpc", "Date": "2017-03-02", "Impressions": 3}, {"Account ID": "9392975361", "Conversions": 0.0, "Views": 0, "Video played to 50%": 0.0, "Advertising Sub Channel": "", "Campaign": "Gen-term_MT-G-3D_game 3d moi nhat-ex", "Avg. CPE": 0.0, "Campaign serving status": "eligible", "Invalid clicks": 0, "Interaction Rate": 33.33, "Interaction Types": ["Clicks"], "Engagements": 0, "End date": "", "Avg. position": 1.7, "Video played to 100%": 0.0, "Video played to 25%": 0.0, "Video played to 75%": 0.0, "Mapping": false, "Avg. CPV": 0.0, "View rate": 0.0, "Avg. CPC": 0.09, "Avg. Cost": 0.09, "Avg. CPM": 30.0, "Campaign state": "paused", "Start date": "2016-12-22", "Account Name": "[paused] G1 - WPL - vc360-4", "Cost": 0.09, "Advertising Channel": "Search", "Campaign ID": 724239828, "Interactions": 1, "Unique cookies": "", "Clicks": 1, "CTR": 33.33, "Dept": "WPL", "Bid Strategy Type": "cpc", "Date": "2017-03-02", "Impressions": 3}, {"Account ID": "9392975361", "Conversions": 0.0, "Views": 0, "Video played to 50%": 0.0, "Advertising Sub Channel": "", "Campaign": "Gen-term_FH-G-HAY_game hay nhat-phr", "Avg. CPE": 0.0, "Campaign serving status": "eligible", "Invalid clicks": 0, "Interaction Rate": 50.0, "Interaction Types": ["Clicks"], "Engagements": 0, "End date": "", "Avg. position": 1.0, "Video played to 100%": 0.0, "Video played to 25%": 0.0, "Video played to 75%": 0.0, "Mapping": false, "Avg. CPV": 0.0, "View rate": 0.0, "Avg. CPC": 0.04, "Avg. Cost": 0.04, "Avg. CPM": 20.0, "Campaign state": "paused", "Start date": "2016-12-22", "Account Name": "[paused] G1 - WPL - vc360-4", "Cost": 0.04, "Advertising Channel": "Search", "Campaign ID": 724234230, "Interactions": 1, "Unique cookies": "", "Clicks": 1, "CTR": 50.0, "Dept": "WPL", "Bid Strategy Type": "cpc", "Date": "2017-03-02", "Impressions": 2}, {"Account ID": "9392975361", "Conversions": 0.0, "Views": 0, "Video played to 50%": 0.0, "Advertising Sub Channel": "", "Campaign": "Gen-term_MT-WG-BMM-MOR", "Avg. CPE": 0.0, "Campaign serving status": "eligible", "Invalid clicks": 0, "Interaction Rate": 100.0, "Interaction Types": ["Clicks"], "Engagements": 0, "End date": "", "Avg. position": 2.0, "Video played to 100%": 0.0, "Video played to 25%": 0.0, "Video played to 75%": 0.0, "Mapping": false, "Avg. CPV": 0.0, "View rate": 0.0, "Avg. CPC": 0.05, "Avg. Cost": 0.05, "Avg. CPM": 50.0, "Campaign state": "paused", "Start date": "2016-12-22", "Account Name": "[paused] G1 - WPL - vc360-4", "Cost": 0.05, "Advertising Channel": "Search", "Campaign ID": 724244589, "Interactions": 1, "Unique cookies": "", "Clicks": 1, "CTR": 100.0, "Dept": "WPL", "Bid Strategy Type": "cpc", "Date": "2017-03-02", "Impressions": 1}, {"Account ID": "9392975361", "Conversions": 0.0, "Views": 0, "Video played to 50%": 0.0, "Advertising Sub Channel": "", "Campaign": "", "Avg. CPE": 0.0, "Campaign serving status": "", "Invalid clicks": 0, "Interaction Rate": 25.0, "Interaction Types": "", "Engagements": 0, "End date": "", "Avg. position": 1.9, "Video played to 100%": 0.0, "Video played to 25%": 0.0, "Video played to 75%": 0.0, "Mapping": false, "Avg. CPV": 0.0, "View rate": 0.0, "Avg. CPC": 0.058889, "Avg. Cost": 0.058889, "Avg. CPM": 14.722222, "Campaign state": "Total", "Start date": "", "Account Name": "[paused] G1 - WPL - vc360-4", "Cost": 0.53, "Advertising Channel": "", "Campaign ID": "", "Interactions": 9, "Unique cookies": "", "Clicks": 9, "CTR": 25.0, "Dept": "WPL", "Bid Strategy Type": "", "Date": "2017-03-02", "Impressions": 36}]