[{"View rate": 0.0, "Campaign": "Gen-term_FH-G-NEW_game moi nhat-ex", "Unique cookies": "", "Dept": "WPL", "Bid Strategy Type": "cpc", "Views": 0, "Video played to 50%": 0.0, "CTR": 100.0, "Conversions": 0.0, "Account ID": "9392975361", "Clicks": 2, "Interaction Rate": 100.0, "Avg. position": 1.5, "Advertising Channel": "Search", "Advertising Sub Channel": "", "Campaign ID": 723874537, "Avg. CPV": 0.0, "Campaign serving status": "eligible", "Avg. CPM": 45.0, "Invalid clicks": 0, "End date": "", "Avg. Cost": 0.045, "Start date": "2016-12-22", "Mapping": false, "Engagements": 0, "Avg. CPC": 0.045, "Interactions": 2, "Date": "2017-03-02", "Video played to 100%": 0.0, "Cost": 0.09, "Interaction Types": ["Clicks"], "Video played to 75%": 0.0, "Video played to 25%": 0.0, "Campaign state": "paused", "Avg. CPE": 0.0, "Account Name": "[paused] G1 - WPL - vc360-4", "Impressions": 2}, {"View rate": 0.0, "Campaign": "Gen-term_MT-G-G16_game 2016 hay-bmm", "Unique cookies": "", "Dept": "WPL", "Bid Strategy Type": "cpc", "Views": 0, "Video played to 50%": 0.0, "CTR": 100.0, "Conversions": 0.0, "Account ID": "9392975361", "Clicks": 1, "Interaction Rate": 100.0, "Avg. position": 1.0, "Advertising Channel": "Search", "Advertising Sub Channel": "", "Campaign ID": 723874258, "Avg. CPV": 0.0, "Campaign serving status": "eligible", "Avg. CPM": 70.0, "Invalid clicks": 0, "End date": "", "Avg. Cost": 0.07, "Start date": "2016-12-22", "Mapping": false, "Engagements": 0, "Avg. CPC": 0.07, "Interactions": 1, "Date": "2017-03-02", "Video played to 100%": 0.0, "Cost": 0.07, "Interaction Types": ["Clicks"], "Video played to 75%": 0.0, "Video played to 25%": 0.0, "Campaign state": "paused", "Avg. CPE": 0.0, "Account Name": "[paused] G1 - WPL - vc360-4", "Impressions": 1}, {"View rate": 0.0, "Campaign": "Gen-term_MT-G-PC_game pc hay-bmm", "Unique cookies": "", "Dept": "WPL", "Bid Strategy Type": "cpc", "Views": 0, "Video played to 50%": 0.0, "CTR": 50.0, "Conversions": 0.0, "Account ID": "9392975361", "Clicks": 1, "Interaction Rate": 50.0, "Avg. position": 1.0, "Advertising Channel": "Search", "Advertising Sub Channel": "", "Campaign ID": 724127027, "Avg. CPV": 0.0, "Campaign serving status": "eligible", "Avg. CPM": 45.0, "Invalid clicks": 0, "End date": "", "Avg. Cost": 0.09, "Start date": "2016-12-22", "Mapping": false, "Engagements": 0, "Avg. CPC": 0.09, "Interactions": 1, "Date": "2017-03-02", "Video played to 100%": 0.0, "Cost": 0.09, "Interaction Types": ["Clicks"], "Video played to 75%": 0.0, "Video played to 25%": 0.0, "Campaign state": "paused", "Avg. CPE": 0.0, "Account Name": "[paused] G1 - WPL - vc360-4", "Impressions": 2}, {"View rate": 0.0, "Campaign": "Gen-term_FH-G-HAY_game hay nh\u1ea5t-phr", "Unique cookies": "", "Dept": "WPL", "Bid Strategy Type": "cpc", "Views": 0, "Video played to 50%": 0.0, "CTR": 25.0, "Conversions": 0.0, "Account ID": "9392975361", "Clicks": 1, "Interaction Rate": 25.0, "Avg. position": 2.3, "Advertising Channel": "Search", "Advertising Sub Channel": "", "Campaign ID": 724234227, "Avg. CPV": 0.0, "Campaign serving status": "eligible", "Avg. CPM": 15.0, "Invalid clicks": 0, "End date": "", "Avg. Cost": 0.06, "Start date": "2016-12-22", "Mapping": false, "Engagements": 0, "Avg. CPC": 0.06, "Interactions": 1, "Date": "2017-03-02", "Video played to 100%": 0.0, "Cost": 0.06, "Interaction Types": ["Clicks"], "Video played to 75%": 0.0, "Video played to 25%": 0.0, "Campaign state": "paused", "Avg. CPE": 0.0, "Account Name": "[paused] G1 - WPL - vc360-4", "Impressions": 4}, {"View rate": 0.0, "Campaign": "Gen-term_MT-G-GO_game online hay-ex", "Unique cookies": "", "Dept": "WPL", "Bid Strategy Type": "cpc", "Views": 0, "Video played to 50%": 0.0, "CTR": 33.33, "Conversions": 0.0, "Account ID": "9392975361", "Clicks": 1, "Interaction Rate": 33.33, "Avg. position": 1.0, "Advertising Channel": "Search", "Advertising Sub Channel": "", "Campaign ID": 724123562, "Avg. CPV": 0.0, "Campaign serving status": "eligible", "Avg. CPM": 13.333333, "Invalid clicks": 0, "End date": "", "Avg. Cost": 0.04, "Start date": "2016-12-22", "Mapping": false, "Engagements": 0, "Avg. CPC": 0.04, "Interactions": 1, "Date": "2017-03-02", "Video played to 100%": 0.0, "Cost": 0.04, "Interaction Types": ["Clicks"], "Video played to 75%": 0.0, "Video played to 25%": 0.0, "Campaign state": "paused", "Avg. CPE": 0.0, "Account Name": "[paused] G1 - WPL - vc360-4", "Impressions": 3}, {"View rate": 0.0, "Campaign": "Gen-term_MT-G-3D_game 3d moi nhat-ex", "Unique cookies": "", "Dept": "WPL", "Bid Strategy Type": "cpc", "Views": 0, "Video played to 50%": 0.0, "CTR": 33.33, "Conversions": 0.0, "Account ID": "9392975361", "Clicks": 1, "Interaction Rate": 33.33, "Avg. position": 1.7, "Advertising Channel": "Search", "Advertising Sub Channel": "", "Campaign ID": 724239828, "Avg. CPV": 0.0, "Campaign serving status": "eligible", "Avg. CPM": 30.0, "Invalid clicks": 0, "End date": "", "Avg. Cost": 0.09, "Start date": "2016-12-22", "Mapping": false, "Engagements": 0, "Avg. CPC": 0.09, "Interactions": 1, "Date": "2017-03-02", "Video played to 100%": 0.0, "Cost": 0.09, "Interaction Types": ["Clicks"], "Video played to 75%": 0.0, "Video played to 25%": 0.0, "Campaign state": "paused", "Avg. CPE": 0.0, "Account Name": "[paused] G1 - WPL - vc360-4", "Impressions": 3}, {"View rate": 0.0, "Campaign": "Gen-term_FH-G-HAY_game hay nhat-phr", "Unique cookies": "", "Dept": "WPL", "Bid Strategy Type": "cpc", "Views": 0, "Video played to 50%": 0.0, "CTR": 50.0, "Conversions": 0.0, "Account ID": "9392975361", "Clicks": 1, "Interaction Rate": 50.0, "Avg. position": 1.0, "Advertising Channel": "Search", "Advertising Sub Channel": "", "Campaign ID": 724234230, "Avg. CPV": 0.0, "Campaign serving status": "eligible", "Avg. CPM": 20.0, "Invalid clicks": 0, "End date": "", "Avg. Cost": 0.04, "Start date": "2016-12-22", "Mapping": false, "Engagements": 0, "Avg. CPC": 0.04, "Interactions": 1, "Date": "2017-03-02", "Video played to 100%": 0.0, "Cost": 0.04, "Interaction Types": ["Clicks"], "Video played to 75%": 0.0, "Video played to 25%": 0.0, "Campaign state": "paused", "Avg. CPE": 0.0, "Account Name": "[paused] G1 - WPL - vc360-4", "Impressions": 2}, {"View rate": 0.0, "Campaign": "Gen-term_MT-WG-BMM-MOR", "Unique cookies": "", "Dept": "WPL", "Bid Strategy Type": "cpc", "Views": 0, "Video played to 50%": 0.0, "CTR": 100.0, "Conversions": 0.0, "Account ID": "9392975361", "Clicks": 1, "Interaction Rate": 100.0, "Avg. position": 2.0, "Advertising Channel": "Search", "Advertising Sub Channel": "", "Campaign ID": 724244589, "Avg. CPV": 0.0, "Campaign serving status": "eligible", "Avg. CPM": 50.0, "Invalid clicks": 0, "End date": "", "Avg. Cost": 0.05, "Start date": "2016-12-22", "Mapping": false, "Engagements": 0, "Avg. CPC": 0.05, "Interactions": 1, "Date": "2017-03-02", "Video played to 100%": 0.0, "Cost": 0.05, "Interaction Types": ["Clicks"], "Video played to 75%": 0.0, "Video played to 25%": 0.0, "Campaign state": "paused", "Avg. CPE": 0.0, "Account Name": "[paused] G1 - WPL - vc360-4", "Impressions": 1}, {"View rate": 0.0, "Campaign": "", "Unique cookies": "", "Dept": "WPL", "Bid Strategy Type": "", "Views": 0, "Video played to 50%": 0.0, "CTR": 25.0, "Conversions": 0.0, "Account ID": "9392975361", "Clicks": 9, "Interaction Rate": 25.0, "Avg. position": 1.9, "Advertising Channel": "", "Advertising Sub Channel": "", "Campaign ID": "", "Avg. CPV": 0.0, "Campaign serving status": "", "Avg. CPM": 14.722222, "Invalid clicks": 0, "End date": "", "Avg. Cost": 0.058889, "Start date": "", "Mapping": false, "Engagements": 0, "Avg. CPC": 0.058889, "Interactions": 9, "Date": "2017-03-02", "Video played to 100%": 0.0, "Cost": 0.53, "Interaction Types": "", "Video played to 75%": 0.0, "Video played to 25%": 0.0, "Campaign state": "Total", "Avg. CPE": 0.0, "Account Name": "[paused] G1 - WPL - vc360-4", "Impressions": 36}]