[{"Start date": "2016-08-09", "Avg. CPC": 0.011324, "Interactions": 204, "Avg. position": 1.0, "Campaign serving status": "eligible", "Campaign ID": 639844273, "Invalid clicks": 9, "Impressions": 261, "Video played to 50%": 0.0, "Account ID": "5243164713", "Conversions": 10.0, "Views": 0, "Engagements": 0, "Avg. CPE": 0.0, "Advertising Sub Channel": "", "Account Name": "[W] G1 - WPL - td360", "End date": "", "Video played to 100%": 0.0, "Clicks": 204, "Avg. Cost": 0.011324, "Interaction Types": ["Clicks"], "Video played to 25%": 0.0, "View rate": 0.0, "Video played to 75%": 0.0, "Avg. CPM": 8.850575, "CTR": 78.16, "Campaign state": "enabled", "Unique cookies": "", "Advertising Channel": "Search", "Interaction Rate": 78.16, "Bid Strategy Type": "cpc", "Date": "2017-08-04", "Mapping": false, "Campaign": "Brand-term_TTTD-ex-EVE", "Avg. CPV": 0.0, "Cost": 2.31}, {"Start date": "2016-08-09", "Avg. CPC": 0.010827, "Interactions": 254, "Avg. position": 1.0, "Campaign serving status": "eligible", "Campaign ID": 639844270, "Invalid clicks": 17, "Impressions": 362, "Video played to 50%": 0.0, "Account ID": "5243164713", "Conversions": 16.0, "Views": 0, "Engagements": 0, "Avg. CPE": 0.0, "Advertising Sub Channel": "", "Account Name": "[W] G1 - WPL - td360", "End date": "", "Video played to 100%": 0.0, "Clicks": 254, "Avg. Cost": 0.010827, "Interaction Types": ["Clicks"], "Video played to 25%": 0.0, "View rate": 0.0, "Video played to 75%": 0.0, "Avg. CPM": 7.596685, "CTR": 70.17, "Campaign state": "enabled", "Unique cookies": "", "Advertising Channel": "Search", "Interaction Rate": 70.17, "Bid Strategy Type": "cpc", "Date": "2017-08-04", "Mapping": false, "Campaign": "Brand-term_TTTD-ex-AFT", "Avg. CPV": 0.0, "Cost": 2.75}, {"Start date": "2016-08-09", "Avg. CPC": 0.012159, "Interactions": 389, "Avg. position": 1.0, "Campaign serving status": "eligible", "Campaign ID": 639844276, "Invalid clicks": 19, "Impressions": 551, "Video played to 50%": 0.0, "Account ID": "5243164713", "Conversions": 12.0, "Views": 0, "Engagements": 0, "Avg. CPE": 0.0, "Advertising Sub Channel": "", "Account Name": "[W] G1 - WPL - td360", "End date": "", "Video played to 100%": 0.0, "Clicks": 389, "Avg. Cost": 0.012159, "Interaction Types": ["Clicks"], "Video played to 25%": 0.0, "View rate": 0.0, "Video played to 75%": 0.0, "Avg. CPM": 8.584392, "CTR": 70.6, "Campaign state": "enabled", "Unique cookies": "", "Advertising Channel": "Search", "Interaction Rate": 70.6, "Bid Strategy Type": "cpc", "Date": "2017-08-04", "Mapping": false, "Campaign": "Brand-term_TTTD-ex-MOR", "Avg. CPV": 0.0, "Cost": 4.73}, {"Start date": "", "Avg. CPC": 0.011558, "Interactions": 847, "Avg. position": 1.0, "Campaign serving status": "", "Campaign ID": "", "Invalid clicks": 45, "Impressions": 1174, "Video played to 50%": 0.0, "Account ID": "5243164713", "Conversions": 38.0, "Views": 0, "Engagements": 0, "Avg. CPE": 0.0, "Advertising Sub Channel": "", "Account Name": "[W] G1 - WPL - td360", "End date": "", "Video played to 100%": 0.0, "Clicks": 847, "Avg. Cost": 0.011558, "Interaction Types": "", "Video played to 25%": 0.0, "View rate": 0.0, "Video played to 75%": 0.0, "Avg. CPM": 8.339012, "CTR": 72.15, "Campaign state": "Total", "Unique cookies": "", "Advertising Channel": "", "Interaction Rate": 72.15, "Bid Strategy Type": "", "Date": "2017-08-04", "Mapping": false, "Campaign": "", "Avg. CPV": 0.0, "Cost": 9.79}]