[{"Account ID": "5243164713", "Conversions": 22.0, "Views": 0, "Video played to 50%": 0.0, "Advertising Sub Channel": "", "Campaign": "Brand-term_TTTD-br-MOR", "Avg. CPE": 0.0, "Campaign serving status": "eligible", "Invalid clicks": 24, "Interaction Rate": 78.0, "Interaction Types": ["Clicks"], "Engagements": 0, "End date": "", "Avg. position": 1.0, "Video played to 100%": 0.0, "Video played to 25%": 0.0, "Video played to 75%": 0.0, "Mapping": false, "Avg. CPV": 0.0, "View rate": 0.0, "Avg. CPC": 0.012235, "Avg. Cost": 0.012235, "Avg. CPM": 9.542484, "Campaign state": "paused", "Start date": "2016-08-09", "Account Name": "[W] G1 - WPL - td360", "Cost": 4.38, "Advertising Channel": "Search", "Campaign ID": 639844267, "Interactions": 358, "Unique cookies": "", "Clicks": 358, "CTR": 78.0, "Dept": "WPL", "Bid Strategy Type": "cpc", "Date": "2017-03-02", "Impressions": 459}, {"Account ID": "5243164713", "Conversions": 3.0, "Views": 0, "Video played to 50%": 0.0, "Advertising Sub Channel": "", "Campaign": "Brand-term_TTTD-phr-AFT", "Avg. CPE": 0.0, "Campaign serving status": "eligible", "Invalid clicks": 0, "Interaction Rate": 43.64, "Interaction Types": ["Clicks"], "Engagements": 0, "End date": "", "Avg. position": 1.0, "Video played to 100%": 0.0, "Video played to 25%": 0.0, "Video played to 75%": 0.0, "Mapping": false, "Avg. CPV": 0.0, "View rate": 0.0, "Avg. CPC": 0.033333, "Avg. Cost": 0.033333, "Avg. CPM": 14.545455, "Campaign state": "paused", "Start date": "2016-08-09", "Account Name": "[W] G1 - WPL - td360", "Cost": 0.8, "Advertising Channel": "Search", "Campaign ID": 639844279, "Interactions": 24, "Unique cookies": "", "Clicks": 24, "CTR": 43.64, "Dept": "WPL", "Bid Strategy Type": "cpc", "Date": "2017-03-02", "Impressions": 55}, {"Account ID": "5243164713", "Conversions": 2.0, "Views": 0, "Video played to 50%": 0.0, "Advertising Sub Channel": "", "Campaign": "Brand-term_TTTD-phr-EVE", "Avg. CPE": 0.0, "Campaign serving status": "eligible", "Invalid clicks": 2, "Interaction Rate": 35.71, "Interaction Types": ["Clicks"], "Engagements": 0, "End date": "", "Avg. position": 1.0, "Video played to 100%": 0.0, "Video played to 25%": 0.0, "Video played to 75%": 0.0, "Mapping": false, "Avg. CPV": 0.0, "View rate": 0.0, "Avg. CPC": 0.016, "Avg. Cost": 0.016, "Avg. CPM": 5.714286, "Campaign state": "paused", "Start date": "2016-08-09", "Account Name": "[W] G1 - WPL - td360", "Cost": 0.4, "Advertising Channel": "Search", "Campaign ID": 639844282, "Interactions": 25, "Unique cookies": "", "Clicks": 25, "CTR": 35.71, "Dept": "WPL", "Bid Strategy Type": "cpc", "Date": "2017-03-02", "Impressions": 70}, {"Account ID": "5243164713", "Conversions": 0.0, "Views": 0, "Video played to 50%": 0.0, "Advertising Sub Channel": "", "Campaign": "Gen-term_FH-GO-br-MOR", "Avg. CPE": 0.0, "Campaign serving status": "eligible", "Invalid clicks": 0, "Interaction Rate": 33.33, "Interaction Types": ["Clicks"], "Engagements": 0, "End date": "", "Avg. position": 1.0, "Video played to 100%": 0.0, "Video played to 25%": 0.0, "Video played to 75%": 0.0, "Mapping": false, "Avg. CPV": 0.0, "View rate": 0.0, "Avg. CPC": 0.01, "Avg. Cost": 0.01, "Avg. CPM": 3.333333, "Campaign state": "paused", "Start date": "2016-08-11", "Account Name": "[W] G1 - WPL - td360", "Cost": 0.01, "Advertising Channel": "Search", "Campaign ID": 641761199, "Interactions": 1, "Unique cookies": "", "Clicks": 1, "CTR": 33.33, "Dept": "WPL", "Bid Strategy Type": "cpc", "Date": "2017-03-02", "Impressions": 3}, {"Account ID": "5243164713", "Conversions": 0.0, "Views": 0, "Video played to 50%": 0.0, "Advertising Sub Channel": "", "Campaign": "Gen-term_Game_Broad_EVE", "Avg. CPE": 0.0, "Campaign serving status": "eligible", "Invalid clicks": 0, "Interaction Rate": 1.69, "Interaction Types": ["Clicks"], "Engagements": 0, "End date": "", "Avg. position": 2.0, "Video played to 100%": 0.0, "Video played to 25%": 0.0, "Video played to 75%": 0.0, "Mapping": false, "Avg. CPV": 0.0, "View rate": 0.0, "Avg. CPC": 0.03, "Avg. Cost": 0.03, "Avg. CPM": 0.508475, "Campaign state": "paused", "Start date": "2016-08-11", "Account Name": "[W] G1 - WPL - td360", "Cost": 0.03, "Advertising Channel": "Search", "Campaign ID": 641798332, "Interactions": 1, "Unique cookies": "", "Clicks": 1, "CTR": 1.69, "Dept": "WPL", "Bid Strategy Type": "cpc", "Date": "2017-03-02", "Impressions": 59}, {"Account ID": "5243164713", "Conversions": 20.0, "Views": 0, "Video played to 50%": 0.0, "Advertising Sub Channel": "", "Campaign": "Brand-term_TTTD-ex-AFT", "Avg. CPE": 0.0, "Campaign serving status": "eligible", "Invalid clicks": 17, "Interaction Rate": 80.25, "Interaction Types": ["Clicks"], "Engagements": 0, "End date": "", "Avg. position": 1.0, "Video played to 100%": 0.0, "Video played to 25%": 0.0, "Video played to 75%": 0.0, "Mapping": false, "Avg. CPV": 0.0, "View rate": 0.0, "Avg. CPC": 0.010865, "Avg. Cost": 0.010865, "Avg. CPM": 8.719136, "Campaign state": "enabled", "Start date": "2016-08-09", "Account Name": "[W] G1 - WPL - td360", "Cost": 5.65, "Advertising Channel": "Search", "Campaign ID": 639844270, "Interactions": 520, "Unique cookies": "", "Clicks": 520, "CTR": 80.25, "Dept": "WPL", "Bid Strategy Type": "cpc", "Date": "2017-03-02", "Impressions": 648}, {"Account ID": "5243164713", "Conversions": 10.0, "Views": 0, "Video played to 50%": 0.0, "Advertising Sub Channel": "", "Campaign": "Brand-term_TTTD-ex-EVE", "Avg. CPE": 0.0, "Campaign serving status": "eligible", "Invalid clicks": 12, "Interaction Rate": 78.93, "Interaction Types": ["Clicks"], "Engagements": 0, "End date": "", "Avg. position": 1.0, "Video played to 100%": 0.0, "Video played to 25%": 0.0, "Video played to 75%": 0.0, "Mapping": false, "Avg. CPV": 0.0, "View rate": 0.0, "Avg. CPC": 0.010569, "Avg. Cost": 0.010569, "Avg. CPM": 8.342697, "Campaign state": "enabled", "Start date": "2016-08-09", "Account Name": "[W] G1 - WPL - td360", "Cost": 2.97, "Advertising Channel": "Search", "Campaign ID": 639844273, "Interactions": 281, "Unique cookies": "", "Clicks": 281, "CTR": 78.93, "Dept": "WPL", "Bid Strategy Type": "cpc", "Date": "2017-03-02", "Impressions": 356}, {"Account ID": "5243164713", "Conversions": 3.0, "Views": 0, "Video played to 50%": 0.0, "Advertising Sub Channel": "", "Campaign": "Brand-term_TayDuKy-EVE", "Avg. CPE": 0.0, "Campaign serving status": "eligible", "Invalid clicks": 4, "Interaction Rate": 25.45, "Interaction Types": ["Clicks"], "Engagements": 0, "End date": "", "Avg. position": 1.0, "Video played to 100%": 0.0, "Video played to 25%": 0.0, "Video played to 75%": 0.0, "Mapping": false, "Avg. CPV": 0.0, "View rate": 0.0, "Avg. CPC": 0.026429, "Avg. Cost": 0.026429, "Avg. CPM": 6.727273, "Campaign state": "paused", "Start date": "2016-08-09", "Account Name": "[W] G1 - WPL - td360", "Cost": 0.74, "Advertising Channel": "Search", "Campaign ID": 639844291, "Interactions": 28, "Unique cookies": "", "Clicks": 28, "CTR": 25.45, "Dept": "WPL", "Bid Strategy Type": "cpc", "Date": "2017-03-02", "Impressions": 110}, {"Account ID": "5243164713", "Conversions": 0.0, "Views": 0, "Video played to 50%": 0.0, "Advertising Sub Channel": "", "Campaign": "Gen-term_FH-WG_Broad_AFT", "Avg. CPE": 0.0, "Campaign serving status": "eligible", "Invalid clicks": 0, "Interaction Rate": 66.67, "Interaction Types": ["Clicks"], "Engagements": 0, "End date": "", "Avg. position": 1.0, "Video played to 100%": 0.0, "Video played to 25%": 0.0, "Video played to 75%": 0.0, "Mapping": false, "Avg. CPV": 0.0, "View rate": 0.0, "Avg. CPC": 0.0125, "Avg. Cost": 0.0125, "Avg. CPM": 8.333333, "Campaign state": "paused", "Start date": "2016-08-11", "Account Name": "[W] G1 - WPL - td360", "Cost": 0.05, "Advertising Channel": "Search", "Campaign ID": 641798143, "Interactions": 4, "Unique cookies": "", "Clicks": 4, "CTR": 66.67, "Dept": "WPL", "Bid Strategy Type": "cpc", "Date": "2017-03-02", "Impressions": 6}, {"Account ID": "5243164713", "Conversions": 0.0, "Views": 0, "Video played to 50%": 0.0, "Advertising Sub Channel": "", "Campaign": "Brand-term_TTTD-bmm-MOR", "Avg. CPE": 0.0, "Campaign serving status": "eligible", "Invalid clicks": 0, "Interaction Rate": 61.54, "Interaction Types": ["Clicks"], "Engagements": 0, "End date": "", "Avg. position": 1.0, "Video played to 100%": 0.0, "Video played to 25%": 0.0, "Video played to 75%": 0.0, "Mapping": false, "Avg. CPV": 0.0, "View rate": 0.0, "Avg. CPC": 0.01, "Avg. Cost": 0.01, "Avg. CPM": 6.153846, "Campaign state": "paused", "Start date": "2016-08-09", "Account Name": "[W] G1 - WPL - td360", "Cost": 0.08, "Advertising Channel": "Search", "Campaign ID": 639844258, "Interactions": 8, "Unique cookies": "", "Clicks": 8, "CTR": 61.54, "Dept": "WPL", "Bid Strategy Type": "cpc", "Date": "2017-03-02", "Impressions": 13}, {"Account ID": "5243164713", "Conversions": 23.0, "Views": 0, "Video played to 50%": 0.0, "Advertising Sub Channel": "", "Campaign": "Brand-term_TTTD-br-AFT", "Avg. CPE": 0.0, "Campaign serving status": "eligible", "Invalid clicks": 11, "Interaction Rate": 75.65, "Interaction Types": ["Clicks"], "Engagements": 0, "End date": "", "Avg. position": 1.0, "Video played to 100%": 0.0, "Video played to 25%": 0.0, "Video played to 75%": 0.0, "Mapping": false, "Avg. CPV": 0.0, "View rate": 0.0, "Avg. CPC": 0.01032, "Avg. Cost": 0.01032, "Avg. CPM": 7.806452, "Campaign state": "paused", "Start date": "2016-08-09", "Account Name": "[W] G1 - WPL - td360", "Cost": 4.84, "Advertising Channel": "Search", "Campaign ID": 639844261, "Interactions": 469, "Unique cookies": "", "Clicks": 469, "CTR": 75.65, "Dept": "WPL", "Bid Strategy Type": "cpc", "Date": "2017-03-02", "Impressions": 620}, {"Account ID": "5243164713", "Conversions": 9.0, "Views": 0, "Video played to 50%": 0.0, "Advertising Sub Channel": "", "Campaign": "Brand-term_TTTD-br-EVE", "Avg. CPE": 0.0, "Campaign serving status": "eligible", "Invalid clicks": 19, "Interaction Rate": 75.91, "Interaction Types": ["Clicks"], "Engagements": 0, "End date": "", "Avg. position": 1.0, "Video played to 100%": 0.0, "Video played to 25%": 0.0, "Video played to 75%": 0.0, "Mapping": false, "Avg. CPV": 0.0, "View rate": 0.0, "Avg. CPC": 0.01203, "Avg. Cost": 0.01203, "Avg. CPM": 9.131653, "Campaign state": "paused", "Start date": "2016-08-09", "Account Name": "[W] G1 - WPL - td360", "Cost": 3.26, "Advertising Channel": "Search", "Campaign ID": 639844264, "Interactions": 271, "Unique cookies": "", "Clicks": 271, "CTR": 75.91, "Dept": "WPL", "Bid Strategy Type": "cpc", "Date": "2017-03-02", "Impressions": 357}, {"Account ID": "5243164713", "Conversions": 7.0, "Views": 0, "Video played to 50%": 0.0, "Advertising Sub Channel": "", "Campaign": "Brand-term_TayDuKy-MOR", "Avg. CPE": 0.0, "Campaign serving status": "eligible", "Invalid clicks": 5, "Interaction Rate": 35.71, "Interaction Types": ["Clicks"], "Engagements": 0, "End date": "", "Avg. position": 1.0, "Video played to 100%": 0.0, "Video played to 25%": 0.0, "Video played to 75%": 0.0, "Mapping": false, "Avg. CPV": 0.0, "View rate": 0.0, "Avg. CPC": 0.02, "Avg. Cost": 0.02, "Avg. CPM": 7.142857, "Campaign state": "paused", "Start date": "2016-08-09", "Account Name": "[W] G1 - WPL - td360", "Cost": 0.7, "Advertising Channel": "Search", "Campaign ID": 639844294, "Interactions": 35, "Unique cookies": "", "Clicks": 35, "CTR": 35.71, "Dept": "WPL", "Bid Strategy Type": "cpc", "Date": "2017-03-02", "Impressions": 98}, {"Account ID": "5243164713", "Conversions": 0.0, "Views": 0, "Video played to 50%": 0.0, "Advertising Sub Channel": "", "Campaign": "Gen-term_Game_Phrase_MOR", "Avg. CPE": 0.0, "Campaign serving status": "eligible", "Invalid clicks": 0, "Interaction Rate": 25.0, "Interaction Types": ["Clicks"], "Engagements": 0, "End date": "", "Avg. position": 2.0, "Video played to 100%": 0.0, "Video played to 25%": 0.0, "Video played to 75%": 0.0, "Mapping": false, "Avg. CPV": 0.0, "View rate": 0.0, "Avg. CPC": 0.02, "Avg. Cost": 0.02, "Avg. CPM": 5.0, "Campaign state": "paused", "Start date": "2016-08-11", "Account Name": "[W] G1 - WPL - td360", "Cost": 0.04, "Advertising Channel": "Search", "Campaign ID": 641798152, "Interactions": 2, "Unique cookies": "", "Clicks": 2, "CTR": 25.0, "Dept": "WPL", "Bid Strategy Type": "cpc", "Date": "2017-03-02", "Impressions": 8}, {"Account ID": "5243164713", "Conversions": 1.0, "Views": 0, "Video played to 50%": 0.0, "Advertising Sub Channel": "", "Campaign": "Brand-term_TTTD-bmm-AFT", "Avg. CPE": 0.0, "Campaign serving status": "eligible", "Invalid clicks": 0, "Interaction Rate": 43.24, "Interaction Types": ["Clicks"], "Engagements": 0, "End date": "", "Avg. position": 1.0, "Video played to 100%": 0.0, "Video played to 25%": 0.0, "Video played to 75%": 0.0, "Mapping": false, "Avg. CPV": 0.0, "View rate": 0.0, "Avg. CPC": 0.02375, "Avg. Cost": 0.02375, "Avg. CPM": 10.27027, "Campaign state": "paused", "Start date": "2016-08-09", "Account Name": "[W] G1 - WPL - td360", "Cost": 0.38, "Advertising Channel": "Search", "Campaign ID": 639844252, "Interactions": 16, "Unique cookies": "", "Clicks": 16, "CTR": 43.24, "Dept": "WPL", "Bid Strategy Type": "cpc", "Date": "2017-03-02", "Impressions": 37}, {"Account ID": "5243164713", "Conversions": 0.0, "Views": 0, "Video played to 50%": 0.0, "Advertising Sub Channel": "", "Campaign": "Brand-term_TTTD-bmm-EVE", "Avg. CPE": 0.0, "Campaign serving status": "eligible", "Invalid clicks": 0, "Interaction Rate": 50.0, "Interaction Types": ["Clicks"], "Engagements": 0, "End date": "", "Avg. position": 1.0, "Video played to 100%": 0.0, "Video played to 25%": 0.0, "Video played to 75%": 0.0, "Mapping": false, "Avg. CPV": 0.0, "View rate": 0.0, "Avg. CPC": 0.01, "Avg. Cost": 0.01, "Avg. CPM": 5.0, "Campaign state": "paused", "Start date": "2016-08-09", "Account Name": "[W] G1 - WPL - td360", "Cost": 0.03, "Advertising Channel": "Search", "Campaign ID": 639844255, "Interactions": 3, "Unique cookies": "", "Clicks": 3, "CTR": 50.0, "Dept": "WPL", "Bid Strategy Type": "cpc", "Date": "2017-03-02", "Impressions": 6}, {"Account ID": "5243164713", "Conversions": 22.0, "Views": 0, "Video played to 50%": 0.0, "Advertising Sub Channel": "", "Campaign": "Brand-term_TTTD-ex-MOR", "Avg. CPE": 0.0, "Campaign serving status": "eligible", "Invalid clicks": 23, "Interaction Rate": 75.05, "Interaction Types": ["Clicks"], "Engagements": 0, "End date": "", "Avg. position": 1.0, "Video played to 100%": 0.0, "Video played to 25%": 0.0, "Video played to 75%": 0.0, "Mapping": false, "Avg. CPV": 0.0, "View rate": 0.0, "Avg. CPC": 0.010729, "Avg. Cost": 0.010729, "Avg. CPM": 8.052516, "Campaign state": "enabled", "Start date": "2016-08-09", "Account Name": "[W] G1 - WPL - td360", "Cost": 3.68, "Advertising Channel": "Search", "Campaign ID": 639844276, "Interactions": 343, "Unique cookies": "", "Clicks": 343, "CTR": 75.05, "Dept": "WPL", "Bid Strategy Type": "cpc", "Date": "2017-03-02", "Impressions": 457}, {"Account ID": "5243164713", "Conversions": 10.0, "Views": 0, "Video played to 50%": 0.0, "Advertising Sub Channel": "", "Campaign": "Brand-term_TayDuKy-AFT", "Avg. CPE": 0.0, "Campaign serving status": "eligible", "Invalid clicks": 16, "Interaction Rate": 35.03, "Interaction Types": ["Clicks"], "Engagements": 0, "End date": "", "Avg. position": 1.0, "Video played to 100%": 0.0, "Video played to 25%": 0.0, "Video played to 75%": 0.0, "Mapping": false, "Avg. CPV": 0.0, "View rate": 0.0, "Avg. CPC": 0.023636, "Avg. Cost": 0.023636, "Avg. CPM": 8.280255, "Campaign state": "paused", "Start date": "2016-08-09", "Account Name": "[W] G1 - WPL - td360", "Cost": 1.3, "Advertising Channel": "Search", "Campaign ID": 639844288, "Interactions": 55, "Unique cookies": "", "Clicks": 55, "CTR": 35.03, "Dept": "WPL", "Bid Strategy Type": "cpc", "Date": "2017-03-02", "Impressions": 157}, {"Account ID": "5243164713", "Conversions": 0.0, "Views": 0, "Video played to 50%": 0.0, "Advertising Sub Channel": "", "Campaign": "Gen-term_FH-GO_Broad_EVE", "Avg. CPE": 0.0, "Campaign serving status": "eligible", "Invalid clicks": 0, "Interaction Rate": 20.0, "Interaction Types": ["Clicks"], "Engagements": 0, "End date": "", "Avg. position": 2.0, "Video played to 100%": 0.0, "Video played to 25%": 0.0, "Video played to 75%": 0.0, "Mapping": false, "Avg. CPV": 0.0, "View rate": 0.0, "Avg. CPC": 0.07, "Avg. Cost": 0.07, "Avg. CPM": 14.0, "Campaign state": "paused", "Start date": "2016-08-11", "Account Name": "[W] G1 - WPL - td360", "Cost": 0.07, "Advertising Channel": "Search", "Campaign ID": 641798299, "Interactions": 1, "Unique cookies": "", "Clicks": 1, "CTR": 20.0, "Dept": "WPL", "Bid Strategy Type": "cpc", "Date": "2017-03-02", "Impressions": 5}, {"Account ID": "5243164713", "Conversions": 0.0, "Views": 0, "Video played to 50%": 0.0, "Advertising Sub Channel": "", "Campaign": "Gen-term_360-ex-EVE", "Avg. CPE": 0.0, "Campaign serving status": "eligible", "Invalid clicks": 0, "Interaction Rate": 33.33, "Interaction Types": ["Clicks"], "Engagements": 0, "End date": "", "Avg. position": 1.0, "Video played to 100%": 0.0, "Video played to 25%": 0.0, "Video played to 75%": 0.0, "Mapping": false, "Avg. CPV": 0.0, "View rate": 0.0, "Avg. CPC": 0.07, "Avg. Cost": 0.07, "Avg. CPM": 23.333333, "Campaign state": "paused", "Start date": "2016-08-17", "Account Name": "[W] G1 - WPL - td360", "Cost": 0.07, "Advertising Channel": "Search", "Campaign ID": 644574872, "Interactions": 1, "Unique cookies": "", "Clicks": 1, "CTR": 33.33, "Dept": "WPL", "Bid Strategy Type": "cpc", "Date": "2017-03-02", "Impressions": 3}, {"Account ID": "5243164713", "Conversions": 0.0, "Views": 0, "Video played to 50%": 0.0, "Advertising Sub Channel": "", "Campaign": "Gen-term_Game_Broad_MOR", "Avg. CPE": 0.0, "Campaign serving status": "eligible", "Invalid clicks": 0, "Interaction Rate": 1.25, "Interaction Types": ["Clicks"], "Engagements": 0, "End date": "", "Avg. position": 2.6, "Video played to 100%": 0.0, "Video played to 25%": 0.0, "Video played to 75%": 0.0, "Mapping": false, "Avg. CPV": 0.0, "View rate": 0.0, "Avg. CPC": 0.01, "Avg. Cost": 0.01, "Avg. CPM": 0.125, "Campaign state": "paused", "Start date": "2016-08-11", "Account Name": "[W] G1 - WPL - td360", "Cost": 0.01, "Advertising Channel": "Search", "Campaign ID": 641798158, "Interactions": 1, "Unique cookies": "", "Clicks": 1, "CTR": 1.25, "Dept": "WPL", "Bid Strategy Type": "cpc", "Date": "2017-03-02", "Impressions": 80}, {"Account ID": "5243164713", "Conversions": 0.0, "Views": 0, "Video played to 50%": 0.0, "Advertising Sub Channel": "", "Campaign": "Gen-term_Game_Broad_AFT", "Avg. CPE": 0.0, "Campaign serving status": "eligible", "Invalid clicks": 0, "Interaction Rate": 7.69, "Interaction Types": ["Clicks"], "Engagements": 0, "End date": "", "Avg. position": 1.9, "Video played to 100%": 0.0, "Video played to 25%": 0.0, "Video played to 75%": 0.0, "Mapping": false, "Avg. CPV": 0.0, "View rate": 0.0, "Avg. CPC": 0.023333, "Avg. Cost": 0.023333, "Avg. CPM": 1.794872, "Campaign state": "paused", "Start date": "2016-08-11", "Account Name": "[W] G1 - WPL - td360", "Cost": 0.07, "Advertising Channel": "Search", "Campaign ID": 641798281, "Interactions": 3, "Unique cookies": "", "Clicks": 3, "CTR": 7.69, "Dept": "WPL", "Bid Strategy Type": "cpc", "Date": "2017-03-02", "Impressions": 39}, {"Account ID": "5243164713", "Conversions": 0.0, "Views": 0, "Video played to 50%": 0.0, "Advertising Sub Channel": "", "Campaign": "Gen-term_FH-WG_Broad_EVE", "Avg. CPE": 0.0, "Campaign serving status": "eligible", "Invalid clicks": 0, "Interaction Rate": 33.33, "Interaction Types": ["Clicks"], "Engagements": 0, "End date": "", "Avg. position": 1.4, "Video played to 100%": 0.0, "Video played to 25%": 0.0, "Video played to 75%": 0.0, "Mapping": false, "Avg. CPV": 0.0, "View rate": 0.0, "Avg. CPC": 0.0175, "Avg. Cost": 0.0175, "Avg. CPM": 5.833333, "Campaign state": "paused", "Start date": "2016-08-11", "Account Name": "[W] G1 - WPL - td360", "Cost": 0.07, "Advertising Channel": "Search", "Campaign ID": 641798320, "Interactions": 4, "Unique cookies": "", "Clicks": 4, "CTR": 33.33, "Dept": "WPL", "Bid Strategy Type": "cpc", "Date": "2017-03-02", "Impressions": 12}, {"Account ID": "5243164713", "Conversions": 0.0, "Views": 0, "Video played to 50%": 0.0, "Advertising Sub Channel": "", "Campaign": "Brand-term_TTTD-phr-MOR", "Avg. CPE": 0.0, "Campaign serving status": "eligible", "Invalid clicks": 3, "Interaction Rate": 57.89, "Interaction Types": ["Clicks"], "Engagements": 0, "End date": "", "Avg. position": 1.0, "Video played to 100%": 0.0, "Video played to 25%": 0.0, "Video played to 75%": 0.0, "Mapping": false, "Avg. CPV": 0.0, "View rate": 0.0, "Avg. CPC": 0.035909, "Avg. Cost": 0.035909, "Avg. CPM": 20.789474, "Campaign state": "paused", "Start date": "2016-08-09", "Account Name": "[W] G1 - WPL - td360", "Cost": 0.79, "Advertising Channel": "Search", "Campaign ID": 639844285, "Interactions": 22, "Unique cookies": "", "Clicks": 22, "CTR": 57.89, "Dept": "WPL", "Bid Strategy Type": "cpc", "Date": "2017-03-02", "Impressions": 38}, {"Account ID": "5243164713", "Conversions": 132.0, "Views": 0, "Video played to 50%": 0.0, "Advertising Sub Channel": "", "Campaign": "", "Avg. CPE": 0.0, "Campaign serving status": "", "Invalid clicks": 149, "Interaction Rate": 65.99, "Interaction Types": "", "Engagements": 0, "End date": "", "Avg. position": 1.1, "Video played to 100%": 0.0, "Video played to 25%": 0.0, "Video played to 75%": 0.0, "Mapping": false, "Avg. CPV": 0.0, "View rate": 0.0, "Avg. CPC": 0.012286, "Avg. Cost": 0.012286, "Avg. CPM": 8.107676, "Campaign state": "Total", "Start date": "", "Account Name": "[W] G1 - WPL - td360", "Cost": 30.42, "Advertising Channel": "", "Campaign ID": "", "Interactions": 2476, "Unique cookies": "", "Clicks": 2476, "CTR": 65.99, "Dept": "WPL", "Bid Strategy Type": "", "Date": "2017-03-02", "Impressions": 3752}]