[{"Campaign serving status": "eligible", "Advertising Channel": "Search", "Views": 0, "Avg. CPC": 0.012235, "Video played to 75%": 0.0, "Campaign state": "paused", "Video played to 50%": 0.0, "Interaction Rate": 78.0, "Mapping": false, "Account ID": "5243164713", "Start date": "2016-08-09", "Avg. CPE": 0.0, "Account Name": "[W] G1 - WPL - td360", "Impressions": 459, "Video played to 25%": 0.0, "Engagements": 0, "Conversions": 22.0, "Video played to 100%": 0.0, "Avg. Cost": 0.012235, "Interactions": 358, "Clicks": 358, "Avg. CPV": 0.0, "Unique cookies": "", "Invalid clicks": 24, "Advertising Sub Channel": "", "Interaction Types": ["Clicks"], "Avg. position": 1.0, "Date": "2017-03-02", "CTR": 78.0, "Dept": "WPL", "View rate": 0.0, "Bid Strategy Type": "cpc", "Cost": 4.38, "Campaign ID": "639844267", "Avg. CPM": 9.542484, "Campaign": "Brand-term_TTTD-br-MOR", "End date": ""}, {"Campaign serving status": "eligible", "Advertising Channel": "Search", "Views": 0, "Avg. CPC": 0.033333, "Video played to 75%": 0.0, "Campaign state": "paused", "Video played to 50%": 0.0, "Interaction Rate": 43.64, "Mapping": false, "Account ID": "5243164713", "Start date": "2016-08-09", "Avg. CPE": 0.0, "Account Name": "[W] G1 - WPL - td360", "Impressions": 55, "Video played to 25%": 0.0, "Engagements": 0, "Conversions": 3.0, "Video played to 100%": 0.0, "Avg. Cost": 0.033333, "Interactions": 24, "Clicks": 24, "Avg. CPV": 0.0, "Unique cookies": "", "Invalid clicks": 0, "Advertising Sub Channel": "", "Interaction Types": ["Clicks"], "Avg. position": 1.0, "Date": "2017-03-02", "CTR": 43.64, "Dept": "WPL", "View rate": 0.0, "Bid Strategy Type": "cpc", "Cost": 0.8, "Campaign ID": "639844279", "Avg. CPM": 14.545455, "Campaign": "Brand-term_TTTD-phr-AFT", "End date": ""}, {"Campaign serving status": "eligible", "Advertising Channel": "Search", "Views": 0, "Avg. CPC": 0.016, "Video played to 75%": 0.0, "Campaign state": "paused", "Video played to 50%": 0.0, "Interaction Rate": 35.71, "Mapping": false, "Account ID": "5243164713", "Start date": "2016-08-09", "Avg. CPE": 0.0, "Account Name": "[W] G1 - WPL - td360", "Impressions": 70, "Video played to 25%": 0.0, "Engagements": 0, "Conversions": 2.0, "Video played to 100%": 0.0, "Avg. Cost": 0.016, "Interactions": 25, "Clicks": 25, "Avg. CPV": 0.0, "Unique cookies": "", "Invalid clicks": 2, "Advertising Sub Channel": "", "Interaction Types": ["Clicks"], "Avg. position": 1.0, "Date": "2017-03-02", "CTR": 35.71, "Dept": "WPL", "View rate": 0.0, "Bid Strategy Type": "cpc", "Cost": 0.4, "Campaign ID": "639844282", "Avg. CPM": 5.714286, "Campaign": "Brand-term_TTTD-phr-EVE", "End date": ""}, {"Campaign serving status": "eligible", "Advertising Channel": "Search", "Views": 0, "Avg. CPC": 0.01, "Video played to 75%": 0.0, "Campaign state": "paused", "Video played to 50%": 0.0, "Interaction Rate": 33.33, "Mapping": false, "Account ID": "5243164713", "Start date": "2016-08-11", "Avg. CPE": 0.0, "Account Name": "[W] G1 - WPL - td360", "Impressions": 3, "Video played to 25%": 0.0, "Engagements": 0, "Conversions": 0.0, "Video played to 100%": 0.0, "Avg. Cost": 0.01, "Interactions": 1, "Clicks": 1, "Avg. CPV": 0.0, "Unique cookies": "", "Invalid clicks": 0, "Advertising Sub Channel": "", "Interaction Types": ["Clicks"], "Avg. position": 1.0, "Date": "2017-03-02", "CTR": 33.33, "Dept": "WPL", "View rate": 0.0, "Bid Strategy Type": "cpc", "Cost": 0.01, "Campaign ID": "641761199", "Avg. CPM": 3.333333, "Campaign": "Gen-term_FH-GO-br-MOR", "End date": ""}, {"Campaign serving status": "eligible", "Advertising Channel": "Search", "Views": 0, "Avg. CPC": 0.03, "Video played to 75%": 0.0, "Campaign state": "paused", "Video played to 50%": 0.0, "Interaction Rate": 1.69, "Mapping": false, "Account ID": "5243164713", "Start date": "2016-08-11", "Avg. CPE": 0.0, "Account Name": "[W] G1 - WPL - td360", "Impressions": 59, "Video played to 25%": 0.0, "Engagements": 0, "Conversions": 0.0, "Video played to 100%": 0.0, "Avg. Cost": 0.03, "Interactions": 1, "Clicks": 1, "Avg. CPV": 0.0, "Unique cookies": "", "Invalid clicks": 0, "Advertising Sub Channel": "", "Interaction Types": ["Clicks"], "Avg. position": 2.0, "Date": "2017-03-02", "CTR": 1.69, "Dept": "WPL", "View rate": 0.0, "Bid Strategy Type": "cpc", "Cost": 0.03, "Campaign ID": "641798332", "Avg. CPM": 0.508475, "Campaign": "Gen-term_Game_Broad_EVE", "End date": ""}, {"Campaign serving status": "eligible", "Advertising Channel": "Search", "Views": 0, "Avg. CPC": 0.010865, "Video played to 75%": 0.0, "Campaign state": "enabled", "Video played to 50%": 0.0, "Interaction Rate": 80.25, "Mapping": false, "Account ID": "5243164713", "Start date": "2016-08-09", "Avg. CPE": 0.0, "Account Name": "[W] G1 - WPL - td360", "Impressions": 648, "Video played to 25%": 0.0, "Engagements": 0, "Conversions": 20.0, "Video played to 100%": 0.0, "Avg. Cost": 0.010865, "Interactions": 520, "Clicks": 520, "Avg. CPV": 0.0, "Unique cookies": "", "Invalid clicks": 17, "Advertising Sub Channel": "", "Interaction Types": ["Clicks"], "Avg. position": 1.0, "Date": "2017-03-02", "CTR": 80.25, "Dept": "WPL", "View rate": 0.0, "Bid Strategy Type": "cpc", "Cost": 5.65, "Campaign ID": "639844270", "Avg. CPM": 8.719136, "Campaign": "Brand-term_TTTD-ex-AFT", "End date": ""}, {"Campaign serving status": "eligible", "Advertising Channel": "Search", "Views": 0, "Avg. CPC": 0.010569, "Video played to 75%": 0.0, "Campaign state": "enabled", "Video played to 50%": 0.0, "Interaction Rate": 78.93, "Mapping": false, "Account ID": "5243164713", "Start date": "2016-08-09", "Avg. CPE": 0.0, "Account Name": "[W] G1 - WPL - td360", "Impressions": 356, "Video played to 25%": 0.0, "Engagements": 0, "Conversions": 10.0, "Video played to 100%": 0.0, "Avg. Cost": 0.010569, "Interactions": 281, "Clicks": 281, "Avg. CPV": 0.0, "Unique cookies": "", "Invalid clicks": 12, "Advertising Sub Channel": "", "Interaction Types": ["Clicks"], "Avg. position": 1.0, "Date": "2017-03-02", "CTR": 78.93, "Dept": "WPL", "View rate": 0.0, "Bid Strategy Type": "cpc", "Cost": 2.97, "Campaign ID": "639844273", "Avg. CPM": 8.342697, "Campaign": "Brand-term_TTTD-ex-EVE", "End date": ""}, {"Campaign serving status": "eligible", "Advertising Channel": "Search", "Views": 0, "Avg. CPC": 0.026429, "Video played to 75%": 0.0, "Campaign state": "paused", "Video played to 50%": 0.0, "Interaction Rate": 25.45, "Mapping": false, "Account ID": "5243164713", "Start date": "2016-08-09", "Avg. CPE": 0.0, "Account Name": "[W] G1 - WPL - td360", "Impressions": 110, "Video played to 25%": 0.0, "Engagements": 0, "Conversions": 3.0, "Video played to 100%": 0.0, "Avg. Cost": 0.026429, "Interactions": 28, "Clicks": 28, "Avg. CPV": 0.0, "Unique cookies": "", "Invalid clicks": 4, "Advertising Sub Channel": "", "Interaction Types": ["Clicks"], "Avg. position": 1.0, "Date": "2017-03-02", "CTR": 25.45, "Dept": "WPL", "View rate": 0.0, "Bid Strategy Type": "cpc", "Cost": 0.74, "Campaign ID": "639844291", "Avg. CPM": 6.727273, "Campaign": "Brand-term_TayDuKy-EVE", "End date": ""}, {"Campaign serving status": "eligible", "Advertising Channel": "Search", "Views": 0, "Avg. CPC": 0.0125, "Video played to 75%": 0.0, "Campaign state": "paused", "Video played to 50%": 0.0, "Interaction Rate": 66.67, "Mapping": false, "Account ID": "5243164713", "Start date": "2016-08-11", "Avg. CPE": 0.0, "Account Name": "[W] G1 - WPL - td360", "Impressions": 6, "Video played to 25%": 0.0, "Engagements": 0, "Conversions": 0.0, "Video played to 100%": 0.0, "Avg. Cost": 0.0125, "Interactions": 4, "Clicks": 4, "Avg. CPV": 0.0, "Unique cookies": "", "Invalid clicks": 0, "Advertising Sub Channel": "", "Interaction Types": ["Clicks"], "Avg. position": 1.0, "Date": "2017-03-02", "CTR": 66.67, "Dept": "WPL", "View rate": 0.0, "Bid Strategy Type": "cpc", "Cost": 0.05, "Campaign ID": "641798143", "Avg. CPM": 8.333333, "Campaign": "Gen-term_FH-WG_Broad_AFT", "End date": ""}, {"Campaign serving status": "eligible", "Advertising Channel": "Search", "Views": 0, "Avg. CPC": 0.01, "Video played to 75%": 0.0, "Campaign state": "paused", "Video played to 50%": 0.0, "Interaction Rate": 61.54, "Mapping": false, "Account ID": "5243164713", "Start date": "2016-08-09", "Avg. CPE": 0.0, "Account Name": "[W] G1 - WPL - td360", "Impressions": 13, "Video played to 25%": 0.0, "Engagements": 0, "Conversions": 0.0, "Video played to 100%": 0.0, "Avg. Cost": 0.01, "Interactions": 8, "Clicks": 8, "Avg. CPV": 0.0, "Unique cookies": "", "Invalid clicks": 0, "Advertising Sub Channel": "", "Interaction Types": ["Clicks"], "Avg. position": 1.0, "Date": "2017-03-02", "CTR": 61.54, "Dept": "WPL", "View rate": 0.0, "Bid Strategy Type": "cpc", "Cost": 0.08, "Campaign ID": "639844258", "Avg. CPM": 6.153846, "Campaign": "Brand-term_TTTD-bmm-MOR", "End date": ""}, {"Campaign serving status": "eligible", "Advertising Channel": "Search", "Views": 0, "Avg. CPC": 0.01032, "Video played to 75%": 0.0, "Campaign state": "paused", "Video played to 50%": 0.0, "Interaction Rate": 75.65, "Mapping": false, "Account ID": "5243164713", "Start date": "2016-08-09", "Avg. CPE": 0.0, "Account Name": "[W] G1 - WPL - td360", "Impressions": 620, "Video played to 25%": 0.0, "Engagements": 0, "Conversions": 23.0, "Video played to 100%": 0.0, "Avg. Cost": 0.01032, "Interactions": 469, "Clicks": 469, "Avg. CPV": 0.0, "Unique cookies": "", "Invalid clicks": 11, "Advertising Sub Channel": "", "Interaction Types": ["Clicks"], "Avg. position": 1.0, "Date": "2017-03-02", "CTR": 75.65, "Dept": "WPL", "View rate": 0.0, "Bid Strategy Type": "cpc", "Cost": 4.84, "Campaign ID": "639844261", "Avg. CPM": 7.806452, "Campaign": "Brand-term_TTTD-br-AFT", "End date": ""}, {"Campaign serving status": "eligible", "Advertising Channel": "Search", "Views": 0, "Avg. CPC": 0.01203, "Video played to 75%": 0.0, "Campaign state": "paused", "Video played to 50%": 0.0, "Interaction Rate": 75.91, "Mapping": false, "Account ID": "5243164713", "Start date": "2016-08-09", "Avg. CPE": 0.0, "Account Name": "[W] G1 - WPL - td360", "Impressions": 357, "Video played to 25%": 0.0, "Engagements": 0, "Conversions": 9.0, "Video played to 100%": 0.0, "Avg. Cost": 0.01203, "Interactions": 271, "Clicks": 271, "Avg. CPV": 0.0, "Unique cookies": "", "Invalid clicks": 19, "Advertising Sub Channel": "", "Interaction Types": ["Clicks"], "Avg. position": 1.0, "Date": "2017-03-02", "CTR": 75.91, "Dept": "WPL", "View rate": 0.0, "Bid Strategy Type": "cpc", "Cost": 3.26, "Campaign ID": "639844264", "Avg. CPM": 9.131653, "Campaign": "Brand-term_TTTD-br-EVE", "End date": ""}, {"Campaign serving status": "eligible", "Advertising Channel": "Search", "Views": 0, "Avg. CPC": 0.02, "Video played to 75%": 0.0, "Campaign state": "paused", "Video played to 50%": 0.0, "Interaction Rate": 35.71, "Mapping": false, "Account ID": "5243164713", "Start date": "2016-08-09", "Avg. CPE": 0.0, "Account Name": "[W] G1 - WPL - td360", "Impressions": 98, "Video played to 25%": 0.0, "Engagements": 0, "Conversions": 7.0, "Video played to 100%": 0.0, "Avg. Cost": 0.02, "Interactions": 35, "Clicks": 35, "Avg. CPV": 0.0, "Unique cookies": "", "Invalid clicks": 5, "Advertising Sub Channel": "", "Interaction Types": ["Clicks"], "Avg. position": 1.0, "Date": "2017-03-02", "CTR": 35.71, "Dept": "WPL", "View rate": 0.0, "Bid Strategy Type": "cpc", "Cost": 0.7, "Campaign ID": "639844294", "Avg. CPM": 7.142857, "Campaign": "Brand-term_TayDuKy-MOR", "End date": ""}, {"Campaign serving status": "eligible", "Advertising Channel": "Search", "Views": 0, "Avg. CPC": 0.02, "Video played to 75%": 0.0, "Campaign state": "paused", "Video played to 50%": 0.0, "Interaction Rate": 25.0, "Mapping": false, "Account ID": "5243164713", "Start date": "2016-08-11", "Avg. CPE": 0.0, "Account Name": "[W] G1 - WPL - td360", "Impressions": 8, "Video played to 25%": 0.0, "Engagements": 0, "Conversions": 0.0, "Video played to 100%": 0.0, "Avg. Cost": 0.02, "Interactions": 2, "Clicks": 2, "Avg. CPV": 0.0, "Unique cookies": "", "Invalid clicks": 0, "Advertising Sub Channel": "", "Interaction Types": ["Clicks"], "Avg. position": 2.0, "Date": "2017-03-02", "CTR": 25.0, "Dept": "WPL", "View rate": 0.0, "Bid Strategy Type": "cpc", "Cost": 0.04, "Campaign ID": "641798152", "Avg. CPM": 5.0, "Campaign": "Gen-term_Game_Phrase_MOR", "End date": ""}, {"Campaign serving status": "eligible", "Advertising Channel": "Search", "Views": 0, "Avg. CPC": 0.02375, "Video played to 75%": 0.0, "Campaign state": "paused", "Video played to 50%": 0.0, "Interaction Rate": 43.24, "Mapping": false, "Account ID": "5243164713", "Start date": "2016-08-09", "Avg. CPE": 0.0, "Account Name": "[W] G1 - WPL - td360", "Impressions": 37, "Video played to 25%": 0.0, "Engagements": 0, "Conversions": 1.0, "Video played to 100%": 0.0, "Avg. Cost": 0.02375, "Interactions": 16, "Clicks": 16, "Avg. CPV": 0.0, "Unique cookies": "", "Invalid clicks": 0, "Advertising Sub Channel": "", "Interaction Types": ["Clicks"], "Avg. position": 1.0, "Date": "2017-03-02", "CTR": 43.24, "Dept": "WPL", "View rate": 0.0, "Bid Strategy Type": "cpc", "Cost": 0.38, "Campaign ID": "639844252", "Avg. CPM": 10.27027, "Campaign": "Brand-term_TTTD-bmm-AFT", "End date": ""}, {"Campaign serving status": "eligible", "Advertising Channel": "Search", "Views": 0, "Avg. CPC": 0.01, "Video played to 75%": 0.0, "Campaign state": "paused", "Video played to 50%": 0.0, "Interaction Rate": 50.0, "Mapping": false, "Account ID": "5243164713", "Start date": "2016-08-09", "Avg. CPE": 0.0, "Account Name": "[W] G1 - WPL - td360", "Impressions": 6, "Video played to 25%": 0.0, "Engagements": 0, "Conversions": 0.0, "Video played to 100%": 0.0, "Avg. Cost": 0.01, "Interactions": 3, "Clicks": 3, "Avg. CPV": 0.0, "Unique cookies": "", "Invalid clicks": 0, "Advertising Sub Channel": "", "Interaction Types": ["Clicks"], "Avg. position": 1.0, "Date": "2017-03-02", "CTR": 50.0, "Dept": "WPL", "View rate": 0.0, "Bid Strategy Type": "cpc", "Cost": 0.03, "Campaign ID": "639844255", "Avg. CPM": 5.0, "Campaign": "Brand-term_TTTD-bmm-EVE", "End date": ""}, {"Campaign serving status": "eligible", "Advertising Channel": "Search", "Views": 0, "Avg. CPC": 0.010729, "Video played to 75%": 0.0, "Campaign state": "enabled", "Video played to 50%": 0.0, "Interaction Rate": 75.05, "Mapping": false, "Account ID": "5243164713", "Start date": "2016-08-09", "Avg. CPE": 0.0, "Account Name": "[W] G1 - WPL - td360", "Impressions": 457, "Video played to 25%": 0.0, "Engagements": 0, "Conversions": 22.0, "Video played to 100%": 0.0, "Avg. Cost": 0.010729, "Interactions": 343, "Clicks": 343, "Avg. CPV": 0.0, "Unique cookies": "", "Invalid clicks": 23, "Advertising Sub Channel": "", "Interaction Types": ["Clicks"], "Avg. position": 1.0, "Date": "2017-03-02", "CTR": 75.05, "Dept": "WPL", "View rate": 0.0, "Bid Strategy Type": "cpc", "Cost": 3.68, "Campaign ID": "639844276", "Avg. CPM": 8.052516, "Campaign": "Brand-term_TTTD-ex-MOR", "End date": ""}, {"Campaign serving status": "eligible", "Advertising Channel": "Search", "Views": 0, "Avg. CPC": 0.023636, "Video played to 75%": 0.0, "Campaign state": "paused", "Video played to 50%": 0.0, "Interaction Rate": 35.03, "Mapping": false, "Account ID": "5243164713", "Start date": "2016-08-09", "Avg. CPE": 0.0, "Account Name": "[W] G1 - WPL - td360", "Impressions": 157, "Video played to 25%": 0.0, "Engagements": 0, "Conversions": 10.0, "Video played to 100%": 0.0, "Avg. Cost": 0.023636, "Interactions": 55, "Clicks": 55, "Avg. CPV": 0.0, "Unique cookies": "", "Invalid clicks": 16, "Advertising Sub Channel": "", "Interaction Types": ["Clicks"], "Avg. position": 1.0, "Date": "2017-03-02", "CTR": 35.03, "Dept": "WPL", "View rate": 0.0, "Bid Strategy Type": "cpc", "Cost": 1.3, "Campaign ID": "639844288", "Avg. CPM": 8.280255, "Campaign": "Brand-term_TayDuKy-AFT", "End date": ""}, {"Campaign serving status": "eligible", "Advertising Channel": "Search", "Views": 0, "Avg. CPC": 0.07, "Video played to 75%": 0.0, "Campaign state": "paused", "Video played to 50%": 0.0, "Interaction Rate": 20.0, "Mapping": false, "Account ID": "5243164713", "Start date": "2016-08-11", "Avg. CPE": 0.0, "Account Name": "[W] G1 - WPL - td360", "Impressions": 5, "Video played to 25%": 0.0, "Engagements": 0, "Conversions": 0.0, "Video played to 100%": 0.0, "Avg. Cost": 0.07, "Interactions": 1, "Clicks": 1, "Avg. CPV": 0.0, "Unique cookies": "", "Invalid clicks": 0, "Advertising Sub Channel": "", "Interaction Types": ["Clicks"], "Avg. position": 2.0, "Date": "2017-03-02", "CTR": 20.0, "Dept": "WPL", "View rate": 0.0, "Bid Strategy Type": "cpc", "Cost": 0.07, "Campaign ID": "641798299", "Avg. CPM": 14.0, "Campaign": "Gen-term_FH-GO_Broad_EVE", "End date": ""}, {"Campaign serving status": "eligible", "Advertising Channel": "Search", "Views": 0, "Avg. CPC": 0.07, "Video played to 75%": 0.0, "Campaign state": "paused", "Video played to 50%": 0.0, "Interaction Rate": 33.33, "Mapping": false, "Account ID": "5243164713", "Start date": "2016-08-17", "Avg. CPE": 0.0, "Account Name": "[W] G1 - WPL - td360", "Impressions": 3, "Video played to 25%": 0.0, "Engagements": 0, "Conversions": 0.0, "Video played to 100%": 0.0, "Avg. Cost": 0.07, "Interactions": 1, "Clicks": 1, "Avg. CPV": 0.0, "Unique cookies": "", "Invalid clicks": 0, "Advertising Sub Channel": "", "Interaction Types": ["Clicks"], "Avg. position": 1.0, "Date": "2017-03-02", "CTR": 33.33, "Dept": "WPL", "View rate": 0.0, "Bid Strategy Type": "cpc", "Cost": 0.07, "Campaign ID": "644574872", "Avg. CPM": 23.333333, "Campaign": "Gen-term_360-ex-EVE", "End date": ""}, {"Campaign serving status": "eligible", "Advertising Channel": "Search", "Views": 0, "Avg. CPC": 0.01, "Video played to 75%": 0.0, "Campaign state": "paused", "Video played to 50%": 0.0, "Interaction Rate": 1.25, "Mapping": false, "Account ID": "5243164713", "Start date": "2016-08-11", "Avg. CPE": 0.0, "Account Name": "[W] G1 - WPL - td360", "Impressions": 80, "Video played to 25%": 0.0, "Engagements": 0, "Conversions": 0.0, "Video played to 100%": 0.0, "Avg. Cost": 0.01, "Interactions": 1, "Clicks": 1, "Avg. CPV": 0.0, "Unique cookies": "", "Invalid clicks": 0, "Advertising Sub Channel": "", "Interaction Types": ["Clicks"], "Avg. position": 2.6, "Date": "2017-03-02", "CTR": 1.25, "Dept": "WPL", "View rate": 0.0, "Bid Strategy Type": "cpc", "Cost": 0.01, "Campaign ID": "641798158", "Avg. CPM": 0.125, "Campaign": "Gen-term_Game_Broad_MOR", "End date": ""}, {"Campaign serving status": "eligible", "Advertising Channel": "Search", "Views": 0, "Avg. CPC": 0.023333, "Video played to 75%": 0.0, "Campaign state": "paused", "Video played to 50%": 0.0, "Interaction Rate": 7.69, "Mapping": false, "Account ID": "5243164713", "Start date": "2016-08-11", "Avg. CPE": 0.0, "Account Name": "[W] G1 - WPL - td360", "Impressions": 39, "Video played to 25%": 0.0, "Engagements": 0, "Conversions": 0.0, "Video played to 100%": 0.0, "Avg. Cost": 0.023333, "Interactions": 3, "Clicks": 3, "Avg. CPV": 0.0, "Unique cookies": "", "Invalid clicks": 0, "Advertising Sub Channel": "", "Interaction Types": ["Clicks"], "Avg. position": 1.9, "Date": "2017-03-02", "CTR": 7.69, "Dept": "WPL", "View rate": 0.0, "Bid Strategy Type": "cpc", "Cost": 0.07, "Campaign ID": "641798281", "Avg. CPM": 1.794872, "Campaign": "Gen-term_Game_Broad_AFT", "End date": ""}, {"Campaign serving status": "eligible", "Advertising Channel": "Search", "Views": 0, "Avg. CPC": 0.0175, "Video played to 75%": 0.0, "Campaign state": "paused", "Video played to 50%": 0.0, "Interaction Rate": 33.33, "Mapping": false, "Account ID": "5243164713", "Start date": "2016-08-11", "Avg. CPE": 0.0, "Account Name": "[W] G1 - WPL - td360", "Impressions": 12, "Video played to 25%": 0.0, "Engagements": 0, "Conversions": 0.0, "Video played to 100%": 0.0, "Avg. Cost": 0.0175, "Interactions": 4, "Clicks": 4, "Avg. CPV": 0.0, "Unique cookies": "", "Invalid clicks": 0, "Advertising Sub Channel": "", "Interaction Types": ["Clicks"], "Avg. position": 1.4, "Date": "2017-03-02", "CTR": 33.33, "Dept": "WPL", "View rate": 0.0, "Bid Strategy Type": "cpc", "Cost": 0.07, "Campaign ID": "641798320", "Avg. CPM": 5.833333, "Campaign": "Gen-term_FH-WG_Broad_EVE", "End date": ""}, {"Campaign serving status": "eligible", "Advertising Channel": "Search", "Views": 0, "Avg. CPC": 0.035909, "Video played to 75%": 0.0, "Campaign state": "paused", "Video played to 50%": 0.0, "Interaction Rate": 57.89, "Mapping": false, "Account ID": "5243164713", "Start date": "2016-08-09", "Avg. CPE": 0.0, "Account Name": "[W] G1 - WPL - td360", "Impressions": 38, "Video played to 25%": 0.0, "Engagements": 0, "Conversions": 0.0, "Video played to 100%": 0.0, "Avg. Cost": 0.035909, "Interactions": 22, "Clicks": 22, "Avg. CPV": 0.0, "Unique cookies": "", "Invalid clicks": 3, "Advertising Sub Channel": "", "Interaction Types": ["Clicks"], "Avg. position": 1.0, "Date": "2017-03-02", "CTR": 57.89, "Dept": "WPL", "View rate": 0.0, "Bid Strategy Type": "cpc", "Cost": 0.79, "Campaign ID": "639844285", "Avg. CPM": 20.789474, "Campaign": "Brand-term_TTTD-phr-MOR", "End date": ""}, {"Campaign serving status": "", "Advertising Channel": "", "Views": 0, "Avg. CPC": 0.012286, "Video played to 75%": 0.0, "Campaign state": "Total", "Video played to 50%": 0.0, "Interaction Rate": 65.99, "Mapping": false, "Account ID": "5243164713", "Start date": "", "Avg. CPE": 0.0, "Account Name": "[W] G1 - WPL - td360", "Impressions": 3752, "Video played to 25%": 0.0, "Engagements": 0, "Conversions": 132.0, "Video played to 100%": 0.0, "Avg. Cost": 0.012286, "Interactions": 2476, "Clicks": 2476, "Avg. CPV": 0.0, "Unique cookies": "", "Invalid clicks": 149, "Advertising Sub Channel": "", "Interaction Types": "", "Avg. position": 1.1, "Date": "2017-03-02", "CTR": 65.99, "Dept": "WPL", "View rate": 0.0, "Bid Strategy Type": "", "Cost": 30.42, "Campaign ID": "", "Avg. CPM": 8.107676, "Campaign": "", "End date": ""}]