[{"Start date": "2017-01-11", "Avg. CPC": 0.020291, "Impressions": 415323, "Avg. position": 1.0, "Campaign serving status": "eligible", "Advertising Channel": "Display", "Invalid clicks": 922, "Interactions": 4627, "Video played to 50%": 12.98, "Account ID": "1066457627", "Conversions": 307.0, "Views": 0, "Engagements": 30, "Avg. CPE": 0.011, "Advertising Sub Channel": "Display Mobile App", "Account Name": "VNG - MP2 - GunPow", "Clicks": 4599, "Video played to 100%": 4.22, "End date": "", "Avg. Cost": 0.020169, "Interaction Types": ["Clicks", "Engag"], "Video played to 25%": 14.64, "View rate": 0.0, "Avg. CPV": 0.0, "Video played to 75%": 11.65, "Avg. CPM": 0.224693, "CTR": 1.11, "Campaign state": "paused", "Campaign ID": 734049572, "Interaction Rate": 1.11, "Bid Strategy Type": "Target CPA", "Date": "2017-08-03", "Mapping": false, "Campaign": "GP | 251 | 1709034 1708116 1708023 | AND | GDN", "Unique cookies": 203417, "Cost": 93.32}, {"Start date": "2016-12-13", "Avg. CPC": 0.079518, "Impressions": 35163, "Avg. position": 1.7, "Campaign serving status": "eligible", "Advertising Channel": "Search", "Invalid clicks": 406, "Interactions": 3714, "Video played to 50%": 0.0, "Account ID": "1066457627", "Conversions": 620.0, "Views": 0, "Engagements": 0, "Avg. CPE": 0.0, "Advertising Sub Channel": "Search Mobile App", "Account Name": "VNG - MP2 - GunPow", "Clicks": 3714, "Video played to 100%": 0.0, "End date": "", "Avg. Cost": 0.079518, "Interaction Types": ["Clicks"], "Video played to 25%": 0.0, "View rate": 0.0, "Avg. CPV": 0.0, "Video played to 75%": 0.0, "Avg. CPM": 8.398885, "CTR": 10.56, "Campaign state": "paused", "Campaign ID": 717789080, "Interaction Rate": 10.56, "Bid Strategy Type": "Target CPA", "Date": "2017-08-03", "Mapping": false, "Campaign": "GP | 251 | 1709034 1708116 1708023 | ALL | SEM", "Unique cookies": "", "Cost": 295.33}, {"Start date": "2017-01-11", "Avg. CPC": 0.046981, "Impressions": 563634, "Avg. position": 1.3, "Campaign serving status": "eligible", "Advertising Channel": "Multi Channel", "Invalid clicks": 591, "Interactions": 16196, "Video played to 50%": 12.02, "Account ID": "1066457627", "Conversions": 2171.0, "Views": 2659, "Engagements": 2248, "Avg. CPE": 0.010534, "Advertising Sub Channel": "Universal App Campaign", "Account Name": "VNG - MP2 - GunPow", "Clicks": 12847, "Video played to 100%": 2.24, "End date": "", "Avg. Cost": 0.037267, "Interaction Types": ["Clicks", "Engagements", "Views"], "Video played to 25%": 15.65, "View rate": 37.75, "Avg. CPV": 0.008628, "Video played to 75%": 9.07, "Avg. CPM": 1.070856, "CTR": 2.28, "Campaign state": "enabled", "Campaign ID": 734043578, "Interaction Rate": 2.87, "Bid Strategy Type": "Target CPA", "Date": "2017-08-03", "Mapping": false, "Campaign": "GP | 251 | 1709034 1708116 1708023 | ALL | UAC", "Unique cookies": "", "Cost": 603.57089}, {"Start date": "2017-01-11", "Avg. CPC": 0.162927, "Impressions": 69075, "Avg. position": 1.0, "Campaign serving status": "eligible", "Advertising Channel": "Video", "Invalid clicks": 0, "Interactions": 15964, "Video played to 50%": 18.5, "Account ID": "1066457627", "Conversions": 407.0, "Views": 13532, "Engagements": 6668, "Avg. CPE": 0.017812, "Advertising Sub Channel": "", "Account Name": "VNG - MP2 - GunPow", "Clicks": 729, "Video played to 100%": 4.06, "End date": "", "Avg. Cost": 0.00744, "Interaction Types": ["Engagements", "Views]"], "Video played to 25%": 26.22, "View rate": 19.59, "Avg. CPV": 0.008777, "Video played to 75%": 14.36, "Avg. CPM": 1.719489, "CTR": 1.06, "Campaign state": "paused", "Campaign ID": 734063969, "Interaction Rate": 23.11, "Bid Strategy Type": "Target CPA", "Date": "2017-08-03", "Mapping": false, "Campaign": "GP | 251 | 1709034 1708116 1708023 | AND I VV", "Unique cookies": 46188, "Cost": 118.77367}, {"Start date": "2017-03-09", "Avg. CPC": 0.12535, "Impressions": 75517, "Avg. position": 1.0, "Campaign serving status": "eligible", "Advertising Channel": "Video", "Invalid clicks": 0, "Interactions": 18468, "Video played to 50%": 22.36, "Account ID": "1066457627", "Conversions": 417.0, "Views": 16549, "Engagements": 6022, "Avg. CPE": 0.025041, "Advertising Sub Channel": "", "Account Name": "VNG - MP2 - GunPow", "Clicks": 1203, "Video played to 100%": 7.76, "End date": "", "Avg. Cost": 0.008165, "Interaction Types": ["Engagements", "Views]"], "Video played to 25%": 30.34, "View rate": 21.91, "Avg. CPV": 0.009112, "Video played to 75%": 18.17, "Avg. CPM": 1.996843, "CTR": 1.59, "Campaign state": "paused", "Campaign ID": 772872164, "Interaction Rate": 24.46, "Bid Strategy Type": "Target CPA", "Date": "2017-08-03", "Mapping": false, "Campaign": "GP | 251 | 1709034 1708116 1708023 | ALL | VV", "Unique cookies": 61057, "Cost": 150.79556}, {"Start date": "", "Avg. CPC": 0.054642, "Impressions": 1158712, "Avg. position": 1.2, "Campaign serving status": "", "Advertising Channel": "", "Invalid clicks": 1919, "Interactions": 58969, "Video played to 50%": 15.87, "Account ID": "1066457627", "Conversions": 3922.0, "Views": 32740, "Engagements": 14968, "Avg. CPE": 0.019614, "Advertising Sub Channel": "", "Account Name": "VNG - MP2 - GunPow", "Clicks": 23092, "Video played to 100%": 4.39, "End date": "", "Avg. Cost": 0.021398, "Interaction Types": "", "Video played to 25%": 20.69, "View rate": 21.59, "Avg. CPV": 0.008934, "Video played to 75%": 12.88, "Avg. CPM": 1.088959, "CTR": 1.99, "Campaign state": "Total", "Campaign ID": "", "Interaction Rate": 5.09, "Bid Strategy Type": "", "Date": "2017-08-03", "Mapping": false, "Campaign": "", "Unique cookies": "", "Cost": 1261.79012}]