[{"Campaign state": "enabled", "Interaction Types": ["Clicks"], "Campaign serving status": "eligible", "Cost": 83.74, "Interactions": 3204, "Avg. CPM": 11.867914, "Bid Strategy Type": "cpc", "Video played to 100%": 0.0, "Avg. CPE": 0.0, "Mapping": false, "Start date": "2014-04-07", "View rate": 0.0, "Account ID": "9019703669", "Avg. CPC": 0.026136, "Conversions": 0.0, "Video played to 75%": 0.0, "Impressions": 7056, "Avg. position": 1.0, "Advertising Sub Channel": "", "Campaign ID": 167665873, "Avg. Cost": 0.026136, "Avg. CPV": 0.0, "Campaign": "Brand-term_Vo Lam Chi Mong", "Interaction Rate": 45.41, "Advertising Channel": "Search", "Video played to 50%": 0.0, "Date": "2017-08-01", "End date": "", "CTR": 45.41, "Video played to 25%": 0.0, "Engagements": 0, "Invalid clicks": 164, "Clicks": 3204, "Views": 0, "Unique cookies": ""}, {"Campaign state": "enabled", "Interaction Types": ["Clicks"], "Campaign serving status": "eligible", "Cost": 1.13, "Interactions": 23, "Avg. CPM": 26.27907, "Bid Strategy Type": "cpc", "Video played to 100%": 0.0, "Avg. CPE": 0.0, "Mapping": false, "Start date": "2014-04-07", "View rate": 0.0, "Account ID": "9019703669", "Avg. CPC": 0.04913, "Conversions": 0.0, "Video played to 75%": 0.0, "Impressions": 43, "Avg. position": 1.0, "Advertising Sub Channel": "", "Campaign ID": 167665993, "Avg. Cost": 0.04913, "Avg. CPV": 0.0, "Campaign": "Brand-term_Game Vo Lam Chi Mong", "Interaction Rate": 53.49, "Advertising Channel": "Search", "Video played to 50%": 0.0, "Date": "2017-08-01", "End date": "", "CTR": 53.49, "Video played to 25%": 0.0, "Engagements": 0, "Invalid clicks": 1, "Clicks": 23, "Views": 0, "Unique cookies": ""}, {"Campaign state": "Total", "Interaction Types": "", "Campaign serving status": "", "Cost": 84.87, "Interactions": 3227, "Avg. CPM": 11.955205, "Bid Strategy Type": "", "Video played to 100%": 0.0, "Avg. CPE": 0.0, "Mapping": false, "Start date": "", "View rate": 0.0, "Account ID": "9019703669", "Avg. CPC": 0.0263, "Conversions": 0.0, "Video played to 75%": 0.0, "Impressions": 7099, "Avg. position": 1.0, "Advertising Sub Channel": "", "Campaign ID": "", "Avg. Cost": 0.0263, "Avg. CPV": 0.0, "Campaign": "", "Interaction Rate": 45.46, "Advertising Channel": "", "Video played to 50%": 0.0, "Date": "2017-08-01", "End date": "", "CTR": 45.46, "Video played to 25%": 0.0, "Engagements": 0, "Invalid clicks": 165, "Clicks": 3227, "Views": 0, "Unique cookies": ""}]