[{"Account ID": "1066457627", "Conversions": 8.0, "Views": 558, "Video played to 50%": 51.13, "Advertising Sub Channel": "", "Campaign": "GP | 251 | 1709034 1708116 1708023 | IOS | VV1", "Avg. CPE": 0.0, "Campaign serving status": "eligible", "Invalid clicks": 0, "Interaction Rate": 2.47, "Interaction Types": ["Views"], "Engagements": 0, "End date": "", "Avg. position": 1.0, "Video played to 100%": 16.4, "Video played to 25%": 57.23, "Video played to 75%": 45.66, "Mapping": false, "Avg. CPV": 0.012061, "View rate": 2.47, "Avg. CPC": 1.346, "Avg. Cost": 0.012061, "Avg. CPM": 0.297788, "Campaign state": "paused", "Start date": "2017-01-11", "Account Name": "VNG - MP2 - GunPow", "Cost": 6.73, "Advertising Channel": "Video", "Campaign ID": 733863589, "Interactions": 558, "Unique cookies": 9429, "Clicks": 5, "CTR": 0.02, "Dept": "MP2", "Bid Strategy Type": "Target CPA", "Date": "2017-03-01", "Impressions": 22600}, {"Account ID": "1066457627", "Conversions": 30.0, "Views": 0, "Video played to 50%": 5.17, "Advertising Sub Channel": "Display Mobile App", "Campaign": "GP| 251 | 1701087| IOS| GDN", "Avg. CPE": 0.0, "Campaign serving status": "eligible", "Invalid clicks": 225, "Interaction Rate": 0.45, "Interaction Types": ["Clicks"], "Engagements": 0, "End date": "", "Avg. position": 1.0, "Video played to 100%": 1.91, "Video played to 25%": 7.86, "Video played to 75%": 4.0, "Mapping": false, "Avg. CPV": 0.0, "View rate": 0.0, "Avg. CPC": 0.028997, "Avg. Cost": 0.028997, "Avg. CPM": 0.13144, "Campaign state": "paused", "Start date": "2017-01-11", "Account Name": "VNG - MP2 - GunPow", "Cost": 80.38, "Advertising Channel": "Display", "Campaign ID": 733826320, "Interactions": 2772, "Unique cookies": 174606, "Clicks": 2772, "CTR": 0.45, "Dept": "MP2", "Bid Strategy Type": "cpc", "Date": "2017-03-01", "Impressions": 611533}, {"Account ID": "1066457627", "Conversions": 204.0, "Views": 12401, "Video played to 50%": 11.64, "Advertising Sub Channel": "Universal App Campaign", "Campaign": "GP | 251 | 1709034 1708116 1708023 | IOS | UAC1", "Avg. CPE": 0.204681, "Campaign serving status": "eligible", "Invalid clicks": 80, "Interaction Rate": 6.2, "Interaction Types": ["Clicks", "Engagements", "Views"], "Engagements": 645, "End date": "", "Avg. position": 1.0, "Video played to 100%": 2.34, "Video played to 25%": 15.81, "Video played to 75%": 10.1, "Mapping": false, "Avg. CPV": 0.010646, "View rate": 13.48, "Avg. CPC": 0.164386, "Avg. Cost": 0.013502, "Avg. CPM": 0.837445, "Campaign state": "paused", "Start date": "2017-01-11", "Account Name": "VNG - MP2 - GunPow", "Cost": 182.13934, "Advertising Channel": "Multi Channel", "Campaign ID": 734194704, "Interactions": 13490, "Unique cookies": "", "Clicks": 1108, "CTR": 0.51, "Dept": "MP2", "Bid Strategy Type": "Target CPA", "Date": "2017-03-01", "Impressions": 217494}, {"Account ID": "1066457627", "Conversions": 242.0, "Views": 12959, "Video played to 50%": 10.18, "Advertising Sub Channel": "", "Campaign": "", "Avg. CPE": 0.215115, "Campaign serving status": "", "Invalid clicks": 305, "Interaction Rate": 1.98, "Interaction Types": "", "Engagements": 645, "End date": "", "Avg. position": 1.0, "Video played to 100%": 2.3, "Video played to 25%": 13.98, "Video played to 75%": 8.71, "Mapping": false, "Avg. CPV": 0.010707, "View rate": 11.31, "Avg. CPC": 0.069305, "Avg. Cost": 0.016008, "Avg. CPM": 0.316159, "Campaign state": "Total", "Start date": "", "Account Name": "VNG - MP2 - GunPow", "Cost": 269.24934, "Advertising Channel": "", "Campaign ID": "", "Interactions": 16820, "Unique cookies": "", "Clicks": 3885, "CTR": 0.46, "Dept": "MP2", "Bid Strategy Type": "", "Date": "2017-03-01", "Impressions": 851627}]