[{"Campaign serving status": "eligible", "Advertising Channel": "Video", "Views": 558, "Avg. CPC": 1.346, "Video played to 75%": 45.66, "Campaign state": "paused", "Video played to 50%": 51.13, "Interaction Rate": 2.47, "Mapping": false, "Account ID": "1066457627", "Start date": "2017-01-11", "Avg. CPE": 0.0, "Account Name": "VNG - MP2 - GunPow", "Impressions": 22600, "Video played to 25%": 57.23, "Engagements": 0, "Conversions": 8.0, "Video played to 100%": 16.4, "Avg. Cost": 0.012061, "Interactions": 558, "Clicks": 5, "Avg. CPV": 0.012061, "Unique cookies": 9429, "Invalid clicks": 0, "Advertising Sub Channel": "", "Interaction Types": ["Views"], "Avg. position": 1.0, "Date": "2017-03-01", "CTR": 0.02, "Dept": "MP2", "View rate": 2.47, "Bid Strategy Type": "Target CPA", "Cost": 6.73, "Campaign ID": "733863589", "Avg. CPM": 0.297788, "Campaign": "GP | 251 | 1709034 1708116 1708023 | IOS | VV1", "End date": ""}, {"Campaign serving status": "eligible", "Advertising Channel": "Display", "Views": 0, "Avg. CPC": 0.028997, "Video played to 75%": 4.0, "Campaign state": "paused", "Video played to 50%": 5.17, "Interaction Rate": 0.45, "Mapping": false, "Account ID": "1066457627", "Start date": "2017-01-11", "Avg. CPE": 0.0, "Account Name": "VNG - MP2 - GunPow", "Impressions": 611533, "Video played to 25%": 7.86, "Engagements": 0, "Conversions": 30.0, "Video played to 100%": 1.91, "Avg. Cost": 0.028997, "Interactions": 2772, "Clicks": 2772, "Avg. CPV": 0.0, "Unique cookies": 174606, "Invalid clicks": 225, "Advertising Sub Channel": "Display Mobile App", "Interaction Types": ["Clicks"], "Avg. position": 1.0, "Date": "2017-03-01", "CTR": 0.45, "Dept": "MP2", "View rate": 0.0, "Bid Strategy Type": "cpc", "Cost": 80.38, "Campaign ID": "733826320", "Avg. CPM": 0.13144, "Campaign": "GP| 251 | 1701087| IOS| GDN", "End date": ""}, {"Campaign serving status": "eligible", "Advertising Channel": "Multi Channel", "Views": 12401, "Avg. CPC": 0.164386, "Video played to 75%": 10.1, "Campaign state": "paused", "Video played to 50%": 11.64, "Interaction Rate": 6.2, "Mapping": false, "Account ID": "1066457627", "Start date": "2017-01-11", "Avg. CPE": 0.204681, "Account Name": "VNG - MP2 - GunPow", "Impressions": 217494, "Video played to 25%": 15.81, "Engagements": 645, "Conversions": 204.0, "Video played to 100%": 2.34, "Avg. Cost": 0.013502, "Interactions": 13490, "Clicks": 1108, "Avg. CPV": 0.010646, "Unique cookies": "", "Invalid clicks": 80, "Advertising Sub Channel": "Universal App Campaign", "Interaction Types": ["Clicks", "Engagements", "Views"], "Avg. position": 1.0, "Date": "2017-03-01", "CTR": 0.51, "Dept": "MP2", "View rate": 13.48, "Bid Strategy Type": "Target CPA", "Cost": 182.13934, "Campaign ID": "734194704", "Avg. CPM": 0.837445, "Campaign": "GP | 251 | 1709034 1708116 1708023 | IOS | UAC1", "End date": ""}, {"Campaign serving status": "", "Advertising Channel": "", "Views": 12959, "Avg. CPC": 0.069305, "Video played to 75%": 8.71, "Campaign state": "Total", "Video played to 50%": 10.18, "Interaction Rate": 1.98, "Mapping": false, "Account ID": "1066457627", "Start date": "", "Avg. CPE": 0.215115, "Account Name": "VNG - MP2 - GunPow", "Impressions": 851627, "Video played to 25%": 13.98, "Engagements": 645, "Conversions": 242.0, "Video played to 100%": 2.3, "Avg. Cost": 0.016008, "Interactions": 16820, "Clicks": 3885, "Avg. CPV": 0.010707, "Unique cookies": "", "Invalid clicks": 305, "Advertising Sub Channel": "", "Interaction Types": "", "Avg. position": 1.0, "Date": "2017-03-01", "CTR": 0.46, "Dept": "MP2", "View rate": 11.31, "Bid Strategy Type": "", "Cost": 269.24934, "Campaign ID": "", "Avg. CPM": 0.316159, "Campaign": "", "End date": ""}]