[{"End date": "", "Invalid clicks": 687, "Unique cookies": 268755, "Cost": 208.03, "Avg. CPC": 0.01851, "Account ID": "5008396449", "Account Name": "VNG - PG1 - JXM", "Advertising Sub Channel": "", "Campaign state": "paused", "Video played to 100%": 0.0, "Interaction Types": ["Clicks"], "Campaign serving status": "eligible", "Date": "2017-06-01", "Interaction Rate": 1.57, "CTR": 1.57, "View rate": 0.0, "Avg. CPV": 0.0, "Avg. CPM": 0.290144, "Engagements": 0, "Avg. Cost": 0.01851, "Clicks": 11239, "Views": 0, "Avg. CPE": 0.0, "Video played to 25%": 0.0, "Bid Strategy Type": "Maximize clicks", "Impressions": 716989, "Advertising Channel": "Display", "Mapping": false, "Avg. position": 1.0, "Start date": "2017-05-26", "Video played to 50%": 0.0, "Video played to 75%": 0.0, "Campaign": "JXM | 1705015 1706010 1707028 | Branding GDN - iOS", "Conversions": 61.0, "Campaign ID": 837910039, "Interactions": 11239}, {"End date": "", "Invalid clicks": 190, "Unique cookies": "", "Cost": 23.72, "Avg. CPC": 0.01278, "Account ID": "5008396449", "Account Name": "VNG - PG1 - JXM", "Advertising Sub Channel": "", "Campaign state": "enabled", "Video played to 100%": 0.0, "Interaction Types": ["Clicks"], "Campaign serving status": "eligible", "Date": "2017-06-01", "Interaction Rate": 69.15, "CTR": 69.15, "View rate": 0.0, "Avg. CPV": 0.0, "Avg. CPM": 8.837556, "Engagements": 0, "Avg. Cost": 0.01278, "Clicks": 1856, "Views": 0, "Avg. CPE": 0.0, "Video played to 25%": 0.0, "Bid Strategy Type": "Maximize clicks", "Impressions": 2684, "Advertising Channel": "Search", "Mapping": false, "Avg. position": 1.0, "Start date": "2016-10-16", "Video played to 50%": 0.0, "Video played to 75%": 0.0, "Campaign": "JXM | 1610105 1611013 1611026 1611062 1703048 1704017 1705015 1706010 1707028 1709054 | Search Desktop Only", "Conversions": 0.0, "Campaign ID": 682542681, "Interactions": 1856}, {"End date": "", "Invalid clicks": 337, "Unique cookies": "", "Cost": 417.4, "Avg. CPC": 0.164785, "Account ID": "5008396449", "Account Name": "VNG - PG1 - JXM", "Advertising Sub Channel": "Search Mobile App", "Campaign state": "enabled", "Video played to 100%": 0.0, "Interaction Types": ["Clicks"], "Campaign serving status": "eligible", "Date": "2017-06-01", "Interaction Rate": 11.24, "CTR": 11.24, "View rate": 0.0, "Avg. CPV": 0.0, "Avg. CPM": 18.522299, "Engagements": 0, "Avg. Cost": 0.164785, "Clicks": 2533, "Views": 0, "Avg. CPE": 0.0, "Video played to 25%": 0.0, "Bid Strategy Type": "Target CPA", "Impressions": 22535, "Advertising Channel": "Search", "Mapping": false, "Avg. position": 1.3, "Start date": "2016-10-16", "Video played to 50%": 0.0, "Video played to 75%": 0.0, "Campaign": "JXM | 1610105 1611013 1611026 1611062 1703048 1704016 1706008 1707026 1709039 | Search Google Play Store", "Conversions": 766.0, "Campaign ID": 682545537, "Interactions": 2533}, {"End date": "", "Invalid clicks": 1799, "Unique cookies": "", "Cost": 626.48465, "Avg. CPC": 0.060419, "Account ID": "5008396449", "Account Name": "VNG - PG1 - JXM", "Advertising Sub Channel": "Universal App Campaign", "Campaign state": "enabled", "Video played to 100%": 7.37, "Interaction Types": ["Clicks", "Engagements", "Views"], "Campaign serving status": "eligible", "Date": "2017-06-01", "Interaction Rate": 4.75, "CTR": 1.22, "View rate": 14.43, "Avg. CPV": 0.01471, "Avg. CPM": 0.737803, "Engagements": 15800, "Avg. Cost": 0.015549, "Clicks": 10369, "Views": 21481, "Avg. CPE": 0.02, "Video played to 25%": 21.11, "Bid Strategy Type": "Target CPA", "Impressions": 849122, "Advertising Channel": "Multi Channel", "Mapping": false, "Avg. position": 1.0, "Start date": "2016-11-15", "Video played to 50%": 12.42, "Video played to 75%": 9.65, "Campaign": "JXM | 1610105 1611013 1611026 1611062 1703048 1706008 1707026 1709039 | UAC GMG Android", "Conversions": 1380.0, "Campaign ID": 699351990, "Interactions": 40292}, {"End date": "", "Invalid clicks": 72, "Unique cookies": "", "Cost": 264.87206, "Avg. CPC": 0.149476, "Account ID": "5008396449", "Account Name": "VNG - PG1 - JXM", "Advertising Sub Channel": "Universal App Campaign", "Campaign state": "enabled", "Video played to 100%": 5.08, "Interaction Types": ["Clicks", "Engagements", "Views"], "Campaign serving status": "eligible", "Date": "2017-06-01", "Interaction Rate": 5.23, "CTR": 0.6, "View rate": 15.86, "Avg. CPV": 0.013509, "Avg. CPM": 0.891699, "Engagements": 2771, "Avg. Cost": 0.017048, "Clicks": 1772, "Views": 12433, "Avg. CPE": 0.060643, "Video played to 25%": 15.17, "Bid Strategy Type": "Target CPA", "Impressions": 297042, "Advertising Channel": "Multi Channel", "Mapping": false, "Avg. position": 1.0, "Start date": "2016-12-28", "Video played to 50%": 8.49, "Video played to 75%": 6.94, "Campaign": "JXM | 1610105 1611013 1611026 1611062 1703048 1704016 1706008 1707026 1709039 | UAC App Store - iOS", "Conversions": 265.0, "Campaign ID": 726209660, "Interactions": 15537}, {"End date": "", "Invalid clicks": 3085, "Unique cookies": "", "Cost": 1540.50671, "Avg. CPC": 0.055476, "Account ID": "5008396449", "Account Name": "VNG - PG1 - JXM", "Advertising Sub Channel": "", "Campaign state": "Total", "Video played to 100%": 6.41, "Interaction Types": "", "Campaign serving status": "", "Date": "2017-06-01", "Interaction Rate": 3.78, "CTR": 1.47, "View rate": 14.92, "Avg. CPV": 0.01427, "Avg. CPM": 0.815786, "Engagements": 18571, "Avg. Cost": 0.021559, "Clicks": 27769, "Views": 33914, "Avg. CPE": 0.026064, "Video played to 25%": 18.61, "Bid Strategy Type": "", "Impressions": 1888372, "Advertising Channel": "", "Mapping": false, "Avg. position": 1.0, "Start date": "", "Video played to 50%": 10.77, "Video played to 75%": 8.51, "Campaign": "", "Conversions": 2472.0, "Campaign ID": "", "Interactions": 71457}]