[{"Campaign serving status": "eligible", "Advertising Channel": "Search", "Views": 0, "Avg. CPC": 0.04, "Video played to 75%": 0.0, "Campaign state": "paused", "Video played to 50%": 0.0, "Interaction Rate": 10.69, "Mapping": false, "Account ID": "8934377519", "Start date": "2017-02-13", "Avg. CPE": 0.0, "Account Name": "Nikki Sea (Android)", "Impressions": 159, "Video played to 25%": 0.0, "Engagements": 0, "Conversions": 8.0, "Video played to 100%": 0.0, "Avg. Cost": 0.04, "Interactions": 17, "Clicks": 17, "Avg. CPV": 0.0, "Unique cookies": "", "Invalid clicks": 1, "Advertising Sub Channel": "Search Mobile App", "Interaction Types": ["Clicks"], "Avg. position": 1.0, "Date": "2017-03-04", "CTR": 10.69, "Dept": "PG2", "View rate": 0.0, "Bid Strategy Type": "Target CPA", "Cost": 0.68, "Campaign ID": "754822233", "Avg. CPM": 4.27673, "Campaign": "SG_Search_Brand_Nikki", "End date": ""}, {"Campaign serving status": "eligible", "Advertising Channel": "Search", "Views": 0, "Avg. CPC": 0.079205, "Video played to 75%": 0.0, "Campaign state": "paused", "Video played to 50%": 0.0, "Interaction Rate": 17.7, "Mapping": false, "Account ID": "8934377519", "Start date": "2017-02-13", "Avg. CPE": 0.0, "Account Name": "Nikki Sea (Android)", "Impressions": 106912, "Video played to 25%": 0.0, "Engagements": 0, "Conversions": 5977.0, "Video played to 100%": 0.0, "Avg. Cost": 0.079205, "Interactions": 18928, "Clicks": 18928, "Avg. CPV": 0.0, "Unique cookies": "", "Invalid clicks": 2263, "Advertising Sub Channel": "Search Mobile App", "Interaction Types": ["Clicks"], "Avg. position": 1.0, "Date": "2017-03-04", "CTR": 17.7, "Dept": "PG2", "View rate": 0.0, "Bid Strategy Type": "Target CPA", "Cost": 1499.2, "Campaign ID": "754816446", "Avg. CPM": 14.022748, "Campaign": "VN_Search_Brand_Nikki", "End date": ""}, {"Campaign serving status": "eligible", "Advertising Channel": "Search", "Views": 0, "Avg. CPC": 0.076635, "Video played to 75%": 0.0, "Campaign state": "paused", "Video played to 50%": 0.0, "Interaction Rate": 18.12, "Mapping": false, "Account ID": "8934377519", "Start date": "2017-02-13", "Avg. CPE": 0.0, "Account Name": "Nikki Sea (Android)", "Impressions": 574, "Video played to 25%": 0.0, "Engagements": 0, "Conversions": 42.0, "Video played to 100%": 0.0, "Avg. Cost": 0.076635, "Interactions": 104, "Clicks": 104, "Avg. CPV": 0.0, "Unique cookies": "", "Invalid clicks": 23, "Advertising Sub Channel": "Search Mobile App", "Interaction Types": ["Clicks"], "Avg. position": 1.0, "Date": "2017-03-04", "CTR": 18.12, "Dept": "PG2", "View rate": 0.0, "Bid Strategy Type": "Target CPA", "Cost": 7.97, "Campaign ID": "754687178", "Avg. CPM": 13.885017, "Campaign": "MY_Search_Brand_Nikki", "End date": ""}, {"Campaign serving status": "eligible", "Advertising Channel": "Search", "Views": 0, "Avg. CPC": 0.036471, "Video played to 75%": 0.0, "Campaign state": "paused", "Video played to 50%": 0.0, "Interaction Rate": 24.29, "Mapping": false, "Account ID": "8934377519", "Start date": "2017-02-13", "Avg. CPE": 0.0, "Account Name": "Nikki Sea (Android)", "Impressions": 70, "Video played to 25%": 0.0, "Engagements": 0, "Conversions": 5.0, "Video played to 100%": 0.0, "Avg. Cost": 0.036471, "Interactions": 17, "Clicks": 17, "Avg. CPV": 0.0, "Unique cookies": "", "Invalid clicks": 2, "Advertising Sub Channel": "Search Mobile App", "Interaction Types": ["Clicks"], "Avg. position": 1.0, "Date": "2017-03-04", "CTR": 24.29, "Dept": "PG2", "View rate": 0.0, "Bid Strategy Type": "Target CPA", "Cost": 0.62, "Campaign ID": "754691405", "Avg. CPM": 8.857143, "Campaign": "LA_Search_Brand_Nikki", "End date": ""}, {"Campaign serving status": "eligible", "Advertising Channel": "Search", "Views": 0, "Avg. CPC": 0.231389, "Video played to 75%": 0.0, "Campaign state": "paused", "Video played to 50%": 0.0, "Interaction Rate": 12.1, "Mapping": false, "Account ID": "8934377519", "Start date": "2017-02-13", "Avg. CPE": 0.0, "Account Name": "Nikki Sea (Android)", "Impressions": 3570, "Video played to 25%": 0.0, "Engagements": 0, "Conversions": 57.0, "Video played to 100%": 0.0, "Avg. Cost": 0.231389, "Interactions": 432, "Clicks": 432, "Avg. CPV": 0.0, "Unique cookies": "", "Invalid clicks": 23, "Advertising Sub Channel": "Search Mobile App", "Interaction Types": ["Clicks"], "Avg. position": 1.0, "Date": "2017-03-04", "CTR": 12.1, "Dept": "PG2", "View rate": 0.0, "Bid Strategy Type": "Target CPA", "Cost": 99.96, "Campaign ID": "754473068", "Avg. CPM": 28.0, "Campaign": "ID_Search_Brand_Nikki", "End date": ""}, {"Campaign serving status": "eligible", "Advertising Channel": "Search", "Views": 0, "Avg. CPC": 0.0214, "Video played to 75%": 0.0, "Campaign state": "paused", "Video played to 50%": 0.0, "Interaction Rate": 53.19, "Mapping": false, "Account ID": "8934377519", "Start date": "2017-02-13", "Avg. CPE": 0.0, "Account Name": "Nikki Sea (Android)", "Impressions": 94, "Video played to 25%": 0.0, "Engagements": 0, "Conversions": 20.0, "Video played to 100%": 0.0, "Avg. Cost": 0.0214, "Interactions": 50, "Clicks": 50, "Avg. CPV": 0.0, "Unique cookies": "", "Invalid clicks": 5, "Advertising Sub Channel": "Search Mobile App", "Interaction Types": ["Clicks"], "Avg. position": 1.0, "Date": "2017-03-04", "CTR": 53.19, "Dept": "PG2", "View rate": 0.0, "Bid Strategy Type": "Target CPA", "Cost": 1.07, "Campaign ID": "754494430", "Avg. CPM": 11.382979, "Campaign": "CA_Search_Brand_Nikki", "End date": ""}, {"Campaign serving status": "eligible", "Advertising Channel": "Search", "Views": 0, "Avg. CPC": 0.14453, "Video played to 75%": 0.0, "Campaign state": "paused", "Video played to 50%": 0.0, "Interaction Rate": 9.25, "Mapping": false, "Account ID": "8934377519", "Start date": "2017-02-13", "Avg. CPE": 0.0, "Account Name": "Nikki Sea (Android)", "Impressions": 7472, "Video played to 25%": 0.0, "Engagements": 0, "Conversions": 92.0, "Video played to 100%": 0.0, "Avg. Cost": 0.14453, "Interactions": 691, "Clicks": 691, "Avg. CPV": 0.0, "Unique cookies": "", "Invalid clicks": 66, "Advertising Sub Channel": "Search Mobile App", "Interaction Types": ["Clicks"], "Avg. position": 1.0, "Date": "2017-03-04", "CTR": 9.25, "Dept": "PG2", "View rate": 0.0, "Bid Strategy Type": "Target CPA", "Cost": 99.87, "Campaign ID": "754828509", "Avg. CPM": 13.365899, "Campaign": "PH_Search_Brand_Nikki", "End date": ""}, {"Campaign serving status": "", "Advertising Channel": "", "Views": 0, "Avg. CPC": 0.084459, "Video played to 75%": 0.0, "Campaign state": "Total", "Video played to 50%": 0.0, "Interaction Rate": 17.03, "Mapping": false, "Account ID": "8934377519", "Start date": "", "Avg. CPE": 0.0, "Account Name": "Nikki Sea (Android)", "Impressions": 118851, "Video played to 25%": 0.0, "Engagements": 0, "Conversions": 6201.0, "Video played to 100%": 0.0, "Avg. Cost": 0.084459, "Interactions": 20239, "Clicks": 20239, "Avg. CPV": 0.0, "Unique cookies": "", "Invalid clicks": 2383, "Advertising Sub Channel": "", "Interaction Types": "", "Avg. position": 1.0, "Date": "2017-03-04", "CTR": 17.03, "Dept": "PG2", "View rate": 0.0, "Bid Strategy Type": "", "Cost": 1709.37, "Campaign ID": "", "Avg. CPM": 14.382462, "Campaign": "", "End date": ""}]