[{"View rate": 0.0, "Campaign": "SG_Search_Brand_Nikki", "Unique cookies": "", "Dept": "PG2", "Bid Strategy Type": "Target CPA", "Views": 0, "Video played to 50%": 0.0, "CTR": 10.69, "Conversions": 8.0, "Account ID": "8934377519", "Clicks": 17, "Interaction Rate": 10.69, "Avg. position": 1.0, "Advertising Channel": "Search", "Advertising Sub Channel": "Search Mobile App", "Campaign ID": 754822233, "Avg. CPV": 0.0, "Campaign serving status": "eligible", "Avg. CPM": 4.27673, "Invalid clicks": 1, "End date": "", "Avg. Cost": 0.04, "Start date": "2017-02-13", "Mapping": false, "Engagements": 0, "Avg. CPC": 0.04, "Interactions": 17, "Date": "2017-03-04", "Video played to 100%": 0.0, "Cost": 0.68, "Interaction Types": ["Clicks"], "Video played to 75%": 0.0, "Video played to 25%": 0.0, "Campaign state": "paused", "Avg. CPE": 0.0, "Account Name": "Nikki Sea (Android)", "Impressions": 159}, {"View rate": 0.0, "Campaign": "VN_Search_Brand_Nikki", "Unique cookies": "", "Dept": "PG2", "Bid Strategy Type": "Target CPA", "Views": 0, "Video played to 50%": 0.0, "CTR": 17.7, "Conversions": 5977.0, "Account ID": "8934377519", "Clicks": 18928, "Interaction Rate": 17.7, "Avg. position": 1.0, "Advertising Channel": "Search", "Advertising Sub Channel": "Search Mobile App", "Campaign ID": 754816446, "Avg. CPV": 0.0, "Campaign serving status": "eligible", "Avg. CPM": 14.022748, "Invalid clicks": 2263, "End date": "", "Avg. Cost": 0.079205, "Start date": "2017-02-13", "Mapping": false, "Engagements": 0, "Avg. CPC": 0.079205, "Interactions": 18928, "Date": "2017-03-04", "Video played to 100%": 0.0, "Cost": 1499.2, "Interaction Types": ["Clicks"], "Video played to 75%": 0.0, "Video played to 25%": 0.0, "Campaign state": "paused", "Avg. CPE": 0.0, "Account Name": "Nikki Sea (Android)", "Impressions": 106912}, {"View rate": 0.0, "Campaign": "MY_Search_Brand_Nikki", "Unique cookies": "", "Dept": "PG2", "Bid Strategy Type": "Target CPA", "Views": 0, "Video played to 50%": 0.0, "CTR": 18.12, "Conversions": 42.0, "Account ID": "8934377519", "Clicks": 104, "Interaction Rate": 18.12, "Avg. position": 1.0, "Advertising Channel": "Search", "Advertising Sub Channel": "Search Mobile App", "Campaign ID": 754687178, "Avg. CPV": 0.0, "Campaign serving status": "eligible", "Avg. CPM": 13.885017, "Invalid clicks": 23, "End date": "", "Avg. Cost": 0.076635, "Start date": "2017-02-13", "Mapping": false, "Engagements": 0, "Avg. CPC": 0.076635, "Interactions": 104, "Date": "2017-03-04", "Video played to 100%": 0.0, "Cost": 7.97, "Interaction Types": ["Clicks"], "Video played to 75%": 0.0, "Video played to 25%": 0.0, "Campaign state": "paused", "Avg. CPE": 0.0, "Account Name": "Nikki Sea (Android)", "Impressions": 574}, {"View rate": 0.0, "Campaign": "LA_Search_Brand_Nikki", "Unique cookies": "", "Dept": "PG2", "Bid Strategy Type": "Target CPA", "Views": 0, "Video played to 50%": 0.0, "CTR": 24.29, "Conversions": 5.0, "Account ID": "8934377519", "Clicks": 17, "Interaction Rate": 24.29, "Avg. position": 1.0, "Advertising Channel": "Search", "Advertising Sub Channel": "Search Mobile App", "Campaign ID": 754691405, "Avg. CPV": 0.0, "Campaign serving status": "eligible", "Avg. CPM": 8.857143, "Invalid clicks": 2, "End date": "", "Avg. Cost": 0.036471, "Start date": "2017-02-13", "Mapping": false, "Engagements": 0, "Avg. CPC": 0.036471, "Interactions": 17, "Date": "2017-03-04", "Video played to 100%": 0.0, "Cost": 0.62, "Interaction Types": ["Clicks"], "Video played to 75%": 0.0, "Video played to 25%": 0.0, "Campaign state": "paused", "Avg. CPE": 0.0, "Account Name": "Nikki Sea (Android)", "Impressions": 70}, {"View rate": 0.0, "Campaign": "ID_Search_Brand_Nikki", "Unique cookies": "", "Dept": "PG2", "Bid Strategy Type": "Target CPA", "Views": 0, "Video played to 50%": 0.0, "CTR": 12.1, "Conversions": 57.0, "Account ID": "8934377519", "Clicks": 432, "Interaction Rate": 12.1, "Avg. position": 1.0, "Advertising Channel": "Search", "Advertising Sub Channel": "Search Mobile App", "Campaign ID": 754473068, "Avg. CPV": 0.0, "Campaign serving status": "eligible", "Avg. CPM": 28.0, "Invalid clicks": 23, "End date": "", "Avg. Cost": 0.231389, "Start date": "2017-02-13", "Mapping": false, "Engagements": 0, "Avg. CPC": 0.231389, "Interactions": 432, "Date": "2017-03-04", "Video played to 100%": 0.0, "Cost": 99.96, "Interaction Types": ["Clicks"], "Video played to 75%": 0.0, "Video played to 25%": 0.0, "Campaign state": "paused", "Avg. CPE": 0.0, "Account Name": "Nikki Sea (Android)", "Impressions": 3570}, {"View rate": 0.0, "Campaign": "CA_Search_Brand_Nikki", "Unique cookies": "", "Dept": "PG2", "Bid Strategy Type": "Target CPA", "Views": 0, "Video played to 50%": 0.0, "CTR": 53.19, "Conversions": 20.0, "Account ID": "8934377519", "Clicks": 50, "Interaction Rate": 53.19, "Avg. position": 1.0, "Advertising Channel": "Search", "Advertising Sub Channel": "Search Mobile App", "Campaign ID": 754494430, "Avg. CPV": 0.0, "Campaign serving status": "eligible", "Avg. CPM": 11.382979, "Invalid clicks": 5, "End date": "", "Avg. Cost": 0.0214, "Start date": "2017-02-13", "Mapping": false, "Engagements": 0, "Avg. CPC": 0.0214, "Interactions": 50, "Date": "2017-03-04", "Video played to 100%": 0.0, "Cost": 1.07, "Interaction Types": ["Clicks"], "Video played to 75%": 0.0, "Video played to 25%": 0.0, "Campaign state": "paused", "Avg. CPE": 0.0, "Account Name": "Nikki Sea (Android)", "Impressions": 94}, {"View rate": 0.0, "Campaign": "PH_Search_Brand_Nikki", "Unique cookies": "", "Dept": "PG2", "Bid Strategy Type": "Target CPA", "Views": 0, "Video played to 50%": 0.0, "CTR": 9.25, "Conversions": 92.0, "Account ID": "8934377519", "Clicks": 691, "Interaction Rate": 9.25, "Avg. position": 1.0, "Advertising Channel": "Search", "Advertising Sub Channel": "Search Mobile App", "Campaign ID": 754828509, "Avg. CPV": 0.0, "Campaign serving status": "eligible", "Avg. CPM": 13.365899, "Invalid clicks": 66, "End date": "", "Avg. Cost": 0.14453, "Start date": "2017-02-13", "Mapping": false, "Engagements": 0, "Avg. CPC": 0.14453, "Interactions": 691, "Date": "2017-03-04", "Video played to 100%": 0.0, "Cost": 99.87, "Interaction Types": ["Clicks"], "Video played to 75%": 0.0, "Video played to 25%": 0.0, "Campaign state": "paused", "Avg. CPE": 0.0, "Account Name": "Nikki Sea (Android)", "Impressions": 7472}, {"View rate": 0.0, "Campaign": "", "Unique cookies": "", "Dept": "PG2", "Bid Strategy Type": "", "Views": 0, "Video played to 50%": 0.0, "CTR": 17.03, "Conversions": 6201.0, "Account ID": "8934377519", "Clicks": 20239, "Interaction Rate": 17.03, "Avg. position": 1.0, "Advertising Channel": "", "Advertising Sub Channel": "", "Campaign ID": "", "Avg. CPV": 0.0, "Campaign serving status": "", "Avg. CPM": 14.382462, "Invalid clicks": 2383, "End date": "", "Avg. Cost": 0.084459, "Start date": "", "Mapping": false, "Engagements": 0, "Avg. CPC": 0.084459, "Interactions": 20239, "Date": "2017-03-04", "Video played to 100%": 0.0, "Cost": 1709.37, "Interaction Types": "", "Video played to 75%": 0.0, "Video played to 25%": 0.0, "Campaign state": "Total", "Avg. CPE": 0.0, "Account Name": "Nikki Sea (Android)", "Impressions": 118851}]