[{"View rate": 0.0, "Campaign": "Brand-term_VC-bmm-MOR", "Unique cookies": "", "Dept": "WPL", "Bid Strategy Type": "cpc", "Views": 0, "Video played to 50%": 0.0, "CTR": 44.23, "Conversions": 1.0, "Account ID": "6493618146", "Clicks": 23, "Interaction Rate": 44.23, "Avg. position": 1.0, "Advertising Channel": "Search", "Advertising Sub Channel": "", "Campaign ID": 718037242, "Avg. CPV": 0.0, "Campaign serving status": "eligible", "Avg. CPM": 15.576923, "Invalid clicks": 0, "End date": "", "Avg. Cost": 0.035217, "Start date": "2016-12-15", "Mapping": false, "Engagements": 0, "Avg. CPC": 0.035217, "Interactions": 23, "Date": "2017-03-02", "Video played to 100%": 0.0, "Cost": 0.81, "Interaction Types": ["Clicks"], "Video played to 75%": 0.0, "Video played to 25%": 0.0, "Campaign state": "paused", "Avg. CPE": 0.0, "Account Name": "[W] G1 - WPL - vc360", "Impressions": 52}, {"View rate": 0.0, "Campaign": "Gen-term_FH-G-HAY_game hay-ex", "Unique cookies": "", "Dept": "WPL", "Bid Strategy Type": "cpc", "Views": 0, "Video played to 50%": 0.0, "CTR": 12.5, "Conversions": 1.0, "Account ID": "6493618146", "Clicks": 1, "Interaction Rate": 12.5, "Avg. position": 2.4, "Advertising Channel": "Search", "Advertising Sub Channel": "", "Campaign ID": 718037470, "Avg. CPV": 0.0, "Campaign serving status": "eligible", "Avg. CPM": 7.5, "Invalid clicks": 0, "End date": "", "Avg. Cost": 0.06, "Start date": "2016-12-15", "Mapping": false, "Engagements": 0, "Avg. CPC": 0.06, "Interactions": 1, "Date": "2017-03-02", "Video played to 100%": 0.0, "Cost": 0.06, "Interaction Types": ["Clicks"], "Video played to 75%": 0.0, "Video played to 25%": 0.0, "Campaign state": "paused", "Avg. CPE": 0.0, "Account Name": "[W] G1 - WPL - vc360", "Impressions": 8}, {"View rate": 0.0, "Campaign": "Gen-term_FH-G-GO_game online-ex", "Unique cookies": "", "Dept": "WPL", "Bid Strategy Type": "cpc", "Views": 0, "Video played to 50%": 0.0, "CTR": 16.0, "Conversions": 4.0, "Account ID": "6493618146", "Clicks": 8, "Interaction Rate": 16.0, "Avg. position": 2.1, "Advertising Channel": "Search", "Advertising Sub Channel": "", "Campaign ID": 718037431, "Avg. CPV": 0.0, "Campaign serving status": "eligible", "Avg. CPM": 10.8, "Invalid clicks": 0, "End date": "", "Avg. Cost": 0.0675, "Start date": "2016-12-15", "Mapping": false, "Engagements": 0, "Avg. CPC": 0.0675, "Interactions": 8, "Date": "2017-03-02", "Video played to 100%": 0.0, "Cost": 0.54, "Interaction Types": ["Clicks"], "Video played to 75%": 0.0, "Video played to 25%": 0.0, "Campaign state": "paused", "Avg. CPE": 0.0, "Account Name": "[W] G1 - WPL - vc360", "Impressions": 50}, {"View rate": 0.0, "Campaign": "Gen-term_MT-G-NV_game nhap vai hay nhat-ex", "Unique cookies": "", "Dept": "WPL", "Bid Strategy Type": "cpc", "Views": 0, "Video played to 50%": 0.0, "CTR": 66.67, "Conversions": 0.0, "Account ID": "6493618146", "Clicks": 2, "Interaction Rate": 66.67, "Avg. position": 1.0, "Advertising Channel": "Search", "Advertising Sub Channel": "", "Campaign ID": 718037995, "Avg. CPV": 0.0, "Campaign serving status": "eligible", "Avg. CPM": 96.666667, "Invalid clicks": 0, "End date": "", "Avg. Cost": 0.145, "Start date": "2016-12-15", "Mapping": false, "Engagements": 0, "Avg. CPC": 0.145, "Interactions": 2, "Date": "2017-03-02", "Video played to 100%": 0.0, "Cost": 0.29, "Interaction Types": ["Clicks"], "Video played to 75%": 0.0, "Video played to 25%": 0.0, "Campaign state": "paused", "Avg. CPE": 0.0, "Account Name": "[W] G1 - WPL - vc360", "Impressions": 3}, {"View rate": 0.0, "Campaign": "Gen-term_MT-G-KH_game ki\u1ebfm hi\u1ec7p 2016-ex", "Unique cookies": "", "Dept": "WPL", "Bid Strategy Type": "cpc", "Views": 0, "Video played to 50%": 0.0, "CTR": 33.33, "Conversions": 1.0, "Account ID": "6493618146", "Clicks": 1, "Interaction Rate": 33.33, "Avg. position": 1.0, "Advertising Channel": "Search", "Advertising Sub Channel": "", "Campaign ID": 718365815, "Avg. CPV": 0.0, "Campaign serving status": "eligible", "Avg. CPM": 40.0, "Invalid clicks": 0, "End date": "", "Avg. Cost": 0.12, "Start date": "2016-12-15", "Mapping": false, "Engagements": 0, "Avg. CPC": 0.12, "Interactions": 1, "Date": "2017-03-02", "Video played to 100%": 0.0, "Cost": 0.12, "Interaction Types": ["Clicks"], "Video played to 75%": 0.0, "Video played to 25%": 0.0, "Campaign state": "paused", "Avg. CPE": 0.0, "Account Name": "[W] G1 - WPL - vc360", "Impressions": 3}, {"View rate": 0.0, "Campaign": "Gen-term_FH-G-NV_game nh\u1eadp vai-phr", "Unique cookies": "", "Dept": "WPL", "Bid Strategy Type": "cpc", "Views": 0, "Video played to 50%": 0.0, "CTR": 20.0, "Conversions": 0.0, "Account ID": "6493618146", "Clicks": 1, "Interaction Rate": 20.0, "Avg. position": 1.0, "Advertising Channel": "Search", "Advertising Sub Channel": "", "Campaign ID": 718368629, "Avg. CPV": 0.0, "Campaign serving status": "eligible", "Avg. CPM": 14.0, "Invalid clicks": 0, "End date": "", "Avg. Cost": 0.07, "Start date": "2016-12-15", "Mapping": false, "Engagements": 0, "Avg. CPC": 0.07, "Interactions": 1, "Date": "2017-03-02", "Video played to 100%": 0.0, "Cost": 0.07, "Interaction Types": ["Clicks"], "Video played to 75%": 0.0, "Video played to 25%": 0.0, "Campaign state": "paused", "Avg. CPE": 0.0, "Account Name": "[W] G1 - WPL - vc360", "Impressions": 5}, {"View rate": 0.0, "Campaign": "Gen-term_FH-G-KH_game ki\u1ebfm hi\u1ec7p-phr", "Unique cookies": "", "Dept": "WPL", "Bid Strategy Type": "cpc", "Views": 0, "Video played to 50%": 0.0, "CTR": 42.86, "Conversions": 0.0, "Account ID": "6493618146", "Clicks": 3, "Interaction Rate": 42.86, "Avg. position": 1.1, "Advertising Channel": "Search", "Advertising Sub Channel": "", "Campaign ID": 718368662, "Avg. CPV": 0.0, "Campaign serving status": "eligible", "Avg. CPM": 42.857143, "Invalid clicks": 0, "End date": "", "Avg. Cost": 0.1, "Start date": "2016-12-15", "Mapping": false, "Engagements": 0, "Avg. CPC": 0.1, "Interactions": 3, "Date": "2017-03-02", "Video played to 100%": 0.0, "Cost": 0.3, "Interaction Types": ["Clicks"], "Video played to 75%": 0.0, "Video played to 25%": 0.0, "Campaign state": "paused", "Avg. CPE": 0.0, "Account Name": "[W] G1 - WPL - vc360", "Impressions": 7}, {"View rate": 0.0, "Campaign": "Brand-term_VC-ex-MOR", "Unique cookies": "", "Dept": "WPL", "Bid Strategy Type": "cpc", "Views": 0, "Video played to 50%": 0.0, "CTR": 51.22, "Conversions": 5.0, "Account ID": "6493618146", "Clicks": 189, "Interaction Rate": 51.22, "Avg. position": 1.0, "Advertising Channel": "Search", "Advertising Sub Channel": "", "Campaign ID": 718037248, "Avg. CPV": 0.0, "Campaign serving status": "eligible", "Avg. CPM": 9.186992, "Invalid clicks": 5, "End date": "", "Avg. Cost": 0.017937, "Start date": "2016-12-15", "Mapping": false, "Engagements": 0, "Avg. CPC": 0.017937, "Interactions": 189, "Date": "2017-03-02", "Video played to 100%": 0.0, "Cost": 3.39, "Interaction Types": ["Clicks"], "Video played to 75%": 0.0, "Video played to 25%": 0.0, "Campaign state": "enabled", "Avg. CPE": 0.0, "Account Name": "[W] G1 - WPL - vc360", "Impressions": 369}, {"View rate": 0.0, "Campaign": "Gen-term_FH-G-3Q_game 3q-ex", "Unique cookies": "", "Dept": "WPL", "Bid Strategy Type": "cpc", "Views": 0, "Video played to 50%": 0.0, "CTR": 31.25, "Conversions": 1.0, "Account ID": "6493618146", "Clicks": 5, "Interaction Rate": 31.25, "Avg. position": 1.0, "Advertising Channel": "Search", "Advertising Sub Channel": "", "Campaign ID": 718037401, "Avg. CPV": 0.0, "Campaign serving status": "eligible", "Avg. CPM": 41.25, "Invalid clicks": 0, "End date": "", "Avg. Cost": 0.132, "Start date": "2016-12-15", "Mapping": false, "Engagements": 0, "Avg. CPC": 0.132, "Interactions": 5, "Date": "2017-03-02", "Video played to 100%": 0.0, "Cost": 0.66, "Interaction Types": ["Clicks"], "Video played to 75%": 0.0, "Video played to 25%": 0.0, "Campaign state": "paused", "Avg. CPE": 0.0, "Account Name": "[W] G1 - WPL - vc360", "Impressions": 16}, {"View rate": 0.0, "Campaign": "Gen-term_FH-G-TH_game ti\u00ean hi\u1ec7p-bmm", "Unique cookies": "", "Dept": "WPL", "Bid Strategy Type": "cpc", "Views": 0, "Video played to 50%": 0.0, "CTR": 20.0, "Conversions": 0.0, "Account ID": "6493618146", "Clicks": 1, "Interaction Rate": 20.0, "Avg. position": 1.0, "Advertising Channel": "Search", "Advertising Sub Channel": "", "Campaign ID": 718044850, "Avg. CPV": 0.0, "Campaign serving status": "eligible", "Avg. CPM": 36.0, "Invalid clicks": 0, "End date": "", "Avg. Cost": 0.18, "Start date": "2016-12-15", "Mapping": false, "Engagements": 0, "Avg. CPC": 0.18, "Interactions": 1, "Date": "2017-03-02", "Video played to 100%": 0.0, "Cost": 0.18, "Interaction Types": ["Clicks"], "Video played to 75%": 0.0, "Video played to 25%": 0.0, "Campaign state": "paused", "Avg. CPE": 0.0, "Account Name": "[W] G1 - WPL - vc360", "Impressions": 5}, {"View rate": 0.0, "Campaign": "Gen-term_FH-G-GO_game online-phr", "Unique cookies": "", "Dept": "WPL", "Bid Strategy Type": "cpc", "Views": 0, "Video played to 50%": 0.0, "CTR": 4.88, "Conversions": 1.0, "Account ID": "6493618146", "Clicks": 6, "Interaction Rate": 4.88, "Avg. position": 3.2, "Advertising Channel": "Search", "Advertising Sub Channel": "", "Campaign ID": 718368689, "Avg. CPV": 0.0, "Campaign serving status": "eligible", "Avg. CPM": 3.658537, "Invalid clicks": 1, "End date": "", "Avg. Cost": 0.075, "Start date": "2016-12-15", "Mapping": false, "Engagements": 0, "Avg. CPC": 0.075, "Interactions": 6, "Date": "2017-03-02", "Video played to 100%": 0.0, "Cost": 0.45, "Interaction Types": ["Clicks"], "Video played to 75%": 0.0, "Video played to 25%": 0.0, "Campaign state": "paused", "Avg. CPE": 0.0, "Account Name": "[W] G1 - WPL - vc360", "Impressions": 123}, {"View rate": 0.0, "Campaign": "Gen-term_MT-G-NV_game nh\u1eadp vai online-phr", "Unique cookies": "", "Dept": "WPL", "Bid Strategy Type": "cpc", "Views": 0, "Video played to 50%": 0.0, "CTR": 40.0, "Conversions": 2.0, "Account ID": "6493618146", "Clicks": 2, "Interaction Rate": 40.0, "Avg. position": 1.0, "Advertising Channel": "Search", "Advertising Sub Channel": "", "Campaign ID": 718369124, "Avg. CPV": 0.0, "Campaign serving status": "eligible", "Avg. CPM": 62.0, "Invalid clicks": 0, "End date": "", "Avg. Cost": 0.155, "Start date": "2016-12-15", "Mapping": false, "Engagements": 0, "Avg. CPC": 0.155, "Interactions": 2, "Date": "2017-03-02", "Video played to 100%": 0.0, "Cost": 0.31, "Interaction Types": ["Clicks"], "Video played to 75%": 0.0, "Video played to 25%": 0.0, "Campaign state": "paused", "Avg. CPE": 0.0, "Account Name": "[W] G1 - WPL - vc360", "Impressions": 5}, {"View rate": 0.0, "Campaign": "Gen-term_FH-W-HAY_webgame hay-phr", "Unique cookies": "", "Dept": "WPL", "Bid Strategy Type": "cpc", "Views": 0, "Video played to 50%": 0.0, "CTR": 9.09, "Conversions": 0.0, "Account ID": "6493618146", "Clicks": 1, "Interaction Rate": 9.09, "Avg. position": 1.4, "Advertising Channel": "Search", "Advertising Sub Channel": "", "Campaign ID": 718368959, "Avg. CPV": 0.0, "Campaign serving status": "eligible", "Avg. CPM": 0.909091, "Invalid clicks": 0, "End date": "", "Avg. Cost": 0.01, "Start date": "2016-12-15", "Mapping": false, "Engagements": 0, "Avg. CPC": 0.01, "Interactions": 1, "Date": "2017-03-02", "Video played to 100%": 0.0, "Cost": 0.01, "Interaction Types": ["Clicks"], "Video played to 75%": 0.0, "Video played to 25%": 0.0, "Campaign state": "paused", "Avg. CPE": 0.0, "Account Name": "[W] G1 - WPL - vc360", "Impressions": 11}, {"View rate": 0.0, "Campaign": "Brand-term_Vu Cuc Thien Ha", "Unique cookies": "", "Dept": "WPL", "Bid Strategy Type": "cpc", "Views": 0, "Video played to 50%": 0.0, "CTR": 74.16, "Conversions": 11.0, "Account ID": "6493618146", "Clicks": 376, "Interaction Rate": 74.16, "Avg. position": 1.0, "Advertising Channel": "Search", "Advertising Sub Channel": "", "Campaign ID": 718037212, "Avg. CPV": 0.0, "Campaign serving status": "eligible", "Avg. CPM": 10.966469, "Invalid clicks": 7, "End date": "", "Avg. Cost": 0.014787, "Start date": "2016-12-15", "Mapping": false, "Engagements": 0, "Avg. CPC": 0.014787, "Interactions": 376, "Date": "2017-03-02", "Video played to 100%": 0.0, "Cost": 5.56, "Interaction Types": ["Clicks"], "Video played to 75%": 0.0, "Video played to 25%": 0.0, "Campaign state": "paused", "Avg. CPE": 0.0, "Account Name": "[W] G1 - WPL - vc360", "Impressions": 507}, {"View rate": 0.0, "Campaign": "Brand-term_Vu Cuc-Online-MOR", "Unique cookies": "", "Dept": "WPL", "Bid Strategy Type": "cpc", "Views": 0, "Video played to 50%": 0.0, "CTR": 100.0, "Conversions": 0.0, "Account ID": "6493618146", "Clicks": 1, "Interaction Rate": 100.0, "Avg. position": 1.0, "Advertising Channel": "Search", "Advertising Sub Channel": "", "Campaign ID": 718037218, "Avg. CPV": 0.0, "Campaign serving status": "eligible", "Avg. CPM": 10.0, "Invalid clicks": 0, "End date": "", "Avg. Cost": 0.01, "Start date": "2016-12-15", "Mapping": false, "Engagements": 0, "Avg. CPC": 0.01, "Interactions": 1, "Date": "2017-03-02", "Video played to 100%": 0.0, "Cost": 0.01, "Interaction Types": ["Clicks"], "Video played to 75%": 0.0, "Video played to 25%": 0.0, "Campaign state": "paused", "Avg. CPE": 0.0, "Account Name": "[W] G1 - WPL - vc360", "Impressions": 1}, {"View rate": 0.0, "Campaign": "Brand-term_VC-br-MOR", "Unique cookies": "", "Dept": "WPL", "Bid Strategy Type": "cpc", "Views": 0, "Video played to 50%": 0.0, "CTR": 70.88, "Conversions": 14.0, "Account ID": "6493618146", "Clicks": 353, "Interaction Rate": 70.88, "Avg. position": 1.0, "Advertising Channel": "Search", "Advertising Sub Channel": "", "Campaign ID": 718037239, "Avg. CPV": 0.0, "Campaign serving status": "eligible", "Avg. CPM": 10.421687, "Invalid clicks": 3, "End date": "", "Avg. Cost": 0.014703, "Start date": "2016-12-15", "Mapping": false, "Engagements": 0, "Avg. CPC": 0.014703, "Interactions": 353, "Date": "2017-03-02", "Video played to 100%": 0.0, "Cost": 5.19, "Interaction Types": ["Clicks"], "Video played to 75%": 0.0, "Video played to 25%": 0.0, "Campaign state": "paused", "Avg. CPE": 0.0, "Account Name": "[W] G1 - WPL - vc360", "Impressions": 498}, {"View rate": 0.0, "Campaign": "Brand-term_VC-phr-MOR", "Unique cookies": "", "Dept": "WPL", "Bid Strategy Type": "cpc", "Views": 0, "Video played to 50%": 0.0, "CTR": 25.71, "Conversions": 1.0, "Account ID": "6493618146", "Clicks": 9, "Interaction Rate": 25.71, "Avg. position": 1.1, "Advertising Channel": "Search", "Advertising Sub Channel": "", "Campaign ID": 718037245, "Avg. CPV": 0.0, "Campaign serving status": "eligible", "Avg. CPM": 3.428571, "Invalid clicks": 0, "End date": "", "Avg. Cost": 0.013333, "Start date": "2016-12-15", "Mapping": false, "Engagements": 0, "Avg. CPC": 0.013333, "Interactions": 9, "Date": "2017-03-02", "Video played to 100%": 0.0, "Cost": 0.12, "Interaction Types": ["Clicks"], "Video played to 75%": 0.0, "Video played to 25%": 0.0, "Campaign state": "paused", "Avg. CPE": 0.0, "Account Name": "[W] G1 - WPL - vc360", "Impressions": 35}, {"View rate": 0.0, "Campaign": "Gen-term_FH-G-NEW_game m\u1edbi nh\u1ea5t-ex", "Unique cookies": "", "Dept": "WPL", "Bid Strategy Type": "cpc", "Views": 0, "Video played to 50%": 0.0, "CTR": 25.0, "Conversions": 1.0, "Account ID": "6493618146", "Clicks": 1, "Interaction Rate": 25.0, "Avg. position": 1.3, "Advertising Channel": "Search", "Advertising Sub Channel": "", "Campaign ID": 718037464, "Avg. CPV": 0.0, "Campaign serving status": "eligible", "Avg. CPM": 57.5, "Invalid clicks": 0, "End date": "", "Avg. Cost": 0.23, "Start date": "2016-12-15", "Mapping": false, "Engagements": 0, "Avg. CPC": 0.23, "Interactions": 1, "Date": "2017-03-02", "Video played to 100%": 0.0, "Cost": 0.23, "Interaction Types": ["Clicks"], "Video played to 75%": 0.0, "Video played to 25%": 0.0, "Campaign state": "paused", "Avg. CPE": 0.0, "Account Name": "[W] G1 - WPL - vc360", "Impressions": 4}, {"View rate": 0.0, "Campaign": "Brand-term_Vu Cuc-MOR", "Unique cookies": "", "Dept": "WPL", "Bid Strategy Type": "cpc", "Views": 0, "Video played to 50%": 0.0, "CTR": 74.01, "Conversions": 84.0, "Account ID": "6493618146", "Clicks": 2227, "Interaction Rate": 74.01, "Avg. position": 1.0, "Advertising Channel": "Search", "Advertising Sub Channel": "", "Campaign ID": 718037215, "Avg. CPV": 0.0, "Campaign serving status": "eligible", "Avg. CPM": 9.026255, "Invalid clicks": 54, "End date": "", "Avg. Cost": 0.012196, "Start date": "2016-12-15", "Mapping": false, "Engagements": 0, "Avg. CPC": 0.012196, "Interactions": 2227, "Date": "2017-03-02", "Video played to 100%": 0.0, "Cost": 27.16, "Interaction Types": ["Clicks"], "Video played to 75%": 0.0, "Video played to 25%": 0.0, "Campaign state": "enabled", "Avg. CPE": 0.0, "Account Name": "[W] G1 - WPL - vc360", "Impressions": 3009}, {"View rate": 0.0, "Campaign": "Gen-term_FH-W-W_webgame-ex", "Unique cookies": "", "Dept": "WPL", "Bid Strategy Type": "cpc", "Views": 0, "Video played to 50%": 0.0, "CTR": 22.86, "Conversions": 2.0, "Account ID": "6493618146", "Clicks": 8, "Interaction Rate": 22.86, "Avg. position": 1.0, "Advertising Channel": "Search", "Advertising Sub Channel": "", "Campaign ID": 718037503, "Avg. CPV": 0.0, "Campaign serving status": "eligible", "Avg. CPM": 11.142857, "Invalid clicks": 0, "End date": "", "Avg. Cost": 0.04875, "Start date": "2016-12-15", "Mapping": false, "Engagements": 0, "Avg. CPC": 0.04875, "Interactions": 8, "Date": "2017-03-02", "Video played to 100%": 0.0, "Cost": 0.39, "Interaction Types": ["Clicks"], "Video played to 75%": 0.0, "Video played to 25%": 0.0, "Campaign state": "paused", "Avg. CPE": 0.0, "Account Name": "[W] G1 - WPL - vc360", "Impressions": 35}, {"View rate": 0.0, "Campaign": "Gen-term_MT-G-3Q_game tam quoc online-ex", "Unique cookies": "", "Dept": "WPL", "Bid Strategy Type": "cpc", "Views": 0, "Video played to 50%": 0.0, "CTR": 50.0, "Conversions": 1.0, "Account ID": "6493618146", "Clicks": 1, "Interaction Rate": 50.0, "Avg. position": 2.0, "Advertising Channel": "Search", "Advertising Sub Channel": "", "Campaign ID": 718040047, "Avg. CPV": 0.0, "Campaign serving status": "eligible", "Avg. CPM": 65.0, "Invalid clicks": 0, "End date": "", "Avg. Cost": 0.13, "Start date": "2016-12-15", "Mapping": false, "Engagements": 0, "Avg. CPC": 0.13, "Interactions": 1, "Date": "2017-03-02", "Video played to 100%": 0.0, "Cost": 0.13, "Interaction Types": ["Clicks"], "Video played to 75%": 0.0, "Video played to 25%": 0.0, "Campaign state": "paused", "Avg. CPE": 0.0, "Account Name": "[W] G1 - WPL - vc360", "Impressions": 2}, {"View rate": 0.0, "Campaign": "Gen-term_MT-G-NV_game nhap vai 2d-phr", "Unique cookies": "", "Dept": "WPL", "Bid Strategy Type": "cpc", "Views": 0, "Video played to 50%": 0.0, "CTR": 50.0, "Conversions": 0.0, "Account ID": "6493618146", "Clicks": 1, "Interaction Rate": 50.0, "Avg. position": 1.0, "Advertising Channel": "Search", "Advertising Sub Channel": "", "Campaign ID": 718373955, "Avg. CPV": 0.0, "Campaign serving status": "eligible", "Avg. CPM": 40.0, "Invalid clicks": 0, "End date": "", "Avg. Cost": 0.08, "Start date": "2016-12-15", "Mapping": false, "Engagements": 0, "Avg. CPC": 0.08, "Interactions": 1, "Date": "2017-03-02", "Video played to 100%": 0.0, "Cost": 0.08, "Interaction Types": ["Clicks"], "Video played to 75%": 0.0, "Video played to 25%": 0.0, "Campaign state": "paused", "Avg. CPE": 0.0, "Account Name": "[W] G1 - WPL - vc360", "Impressions": 2}, {"View rate": 0.0, "Campaign": "Gen-term_FH-G-GO_game online-bmm", "Unique cookies": "", "Dept": "WPL", "Bid Strategy Type": "cpc", "Views": 0, "Video played to 50%": 0.0, "CTR": 12.54, "Conversions": 12.0, "Account ID": "6493618146", "Clicks": 39, "Interaction Rate": 12.54, "Avg. position": 2.9, "Advertising Channel": "Search", "Advertising Sub Channel": "", "Campaign ID": 718373975, "Avg. CPV": 0.0, "Campaign serving status": "eligible", "Avg. CPM": 10.385852, "Invalid clicks": 2, "End date": "", "Avg. Cost": 0.082821, "Start date": "2016-12-15", "Mapping": false, "Engagements": 0, "Avg. CPC": 0.082821, "Interactions": 39, "Date": "2017-03-02", "Video played to 100%": 0.0, "Cost": 3.23, "Interaction Types": ["Clicks"], "Video played to 75%": 0.0, "Video played to 25%": 0.0, "Campaign state": "paused", "Avg. CPE": 0.0, "Account Name": "[W] G1 - WPL - vc360", "Impressions": 311}, {"View rate": 0.0, "Campaign": "Gen-term_FH-G-MT_game may tinh-bmm", "Unique cookies": "", "Dept": "WPL", "Bid Strategy Type": "cpc", "Views": 0, "Video played to 50%": 0.0, "CTR": 5.88, "Conversions": 1.0, "Account ID": "6493618146", "Clicks": 1, "Interaction Rate": 5.88, "Avg. position": 3.5, "Advertising Channel": "Search", "Advertising Sub Channel": "", "Campaign ID": 718373984, "Avg. CPV": 0.0, "Campaign serving status": "eligible", "Avg. CPM": 1.764706, "Invalid clicks": 0, "End date": "", "Avg. Cost": 0.03, "Start date": "2016-12-15", "Mapping": false, "Engagements": 0, "Avg. CPC": 0.03, "Interactions": 1, "Date": "2017-03-02", "Video played to 100%": 0.0, "Cost": 0.03, "Interaction Types": ["Clicks"], "Video played to 75%": 0.0, "Video played to 25%": 0.0, "Campaign state": "paused", "Avg. CPE": 0.0, "Account Name": "[W] G1 - WPL - vc360", "Impressions": 17}, {"View rate": 0.0, "Campaign": "Gen-term_FH-W-HAY_webgame hay nhat-bmm", "Unique cookies": "", "Dept": "WPL", "Bid Strategy Type": "cpc", "Views": 0, "Video played to 50%": 0.0, "CTR": 50.0, "Conversions": 0.0, "Account ID": "6493618146", "Clicks": 1, "Interaction Rate": 50.0, "Avg. position": 1.0, "Advertising Channel": "Search", "Advertising Sub Channel": "", "Campaign ID": 718374371, "Avg. CPV": 0.0, "Campaign serving status": "eligible", "Avg. CPM": 75.0, "Invalid clicks": 0, "End date": "", "Avg. Cost": 0.15, "Start date": "2016-12-15", "Mapping": false, "Engagements": 0, "Avg. CPC": 0.15, "Interactions": 1, "Date": "2017-03-02", "Video played to 100%": 0.0, "Cost": 0.15, "Interaction Types": ["Clicks"], "Video played to 75%": 0.0, "Video played to 25%": 0.0, "Campaign state": "paused", "Avg. CPE": 0.0, "Account Name": "[W] G1 - WPL - vc360", "Impressions": 2}, {"View rate": 0.0, "Campaign": "Gen-term_FH-G-PC_game pc-bmm", "Unique cookies": "", "Dept": "WPL", "Bid Strategy Type": "cpc", "Views": 0, "Video played to 50%": 0.0, "CTR": 5.26, "Conversions": 0.0, "Account ID": "6493618146", "Clicks": 1, "Interaction Rate": 5.26, "Avg. position": 2.5, "Advertising Channel": "Search", "Advertising Sub Channel": "", "Campaign ID": 718373972, "Avg. CPV": 0.0, "Campaign serving status": "eligible", "Avg. CPM": 5.263158, "Invalid clicks": 0, "End date": "", "Avg. Cost": 0.1, "Start date": "2016-12-15", "Mapping": false, "Engagements": 0, "Avg. CPC": 0.1, "Interactions": 1, "Date": "2017-03-02", "Video played to 100%": 0.0, "Cost": 0.1, "Interaction Types": ["Clicks"], "Video played to 75%": 0.0, "Video played to 25%": 0.0, "Campaign state": "paused", "Avg. CPE": 0.0, "Account Name": "[W] G1 - WPL - vc360", "Impressions": 19}, {"View rate": 0.0, "Campaign": "Gen-term_MT-G-NV_game nhap vai moi nhat-phr", "Unique cookies": "", "Dept": "WPL", "Bid Strategy Type": "cpc", "Views": 0, "Video played to 50%": 0.0, "CTR": 58.33, "Conversions": 3.0, "Account ID": "6493618146", "Clicks": 7, "Interaction Rate": 58.33, "Avg. position": 1.0, "Advertising Channel": "Search", "Advertising Sub Channel": "", "Campaign ID": 718373973, "Avg. CPV": 0.0, "Campaign serving status": "eligible", "Avg. CPM": 90.833333, "Invalid clicks": 1, "End date": "", "Avg. Cost": 0.155714, "Start date": "2016-12-15", "Mapping": false, "Engagements": 0, "Avg. CPC": 0.155714, "Interactions": 7, "Date": "2017-03-02", "Video played to 100%": 0.0, "Cost": 1.09, "Interaction Types": ["Clicks"], "Video played to 75%": 0.0, "Video played to 25%": 0.0, "Campaign state": "paused", "Avg. CPE": 0.0, "Account Name": "[W] G1 - WPL - vc360", "Impressions": 12}, {"View rate": 0.0, "Campaign": "Gen-term_FH-G-TT_game truc tuyen-bmm", "Unique cookies": "", "Dept": "WPL", "Bid Strategy Type": "cpc", "Views": 0, "Video played to 50%": 0.0, "CTR": 4.55, "Conversions": 0.0, "Account ID": "6493618146", "Clicks": 1, "Interaction Rate": 4.55, "Avg. position": 2.2, "Advertising Channel": "Search", "Advertising Sub Channel": "", "Campaign ID": 718373990, "Avg. CPV": 0.0, "Campaign serving status": "eligible", "Avg. CPM": 7.727273, "Invalid clicks": 0, "End date": "", "Avg. Cost": 0.17, "Start date": "2016-12-15", "Mapping": false, "Engagements": 0, "Avg. CPC": 0.17, "Interactions": 1, "Date": "2017-03-02", "Video played to 100%": 0.0, "Cost": 0.17, "Interaction Types": ["Clicks"], "Video played to 75%": 0.0, "Video played to 25%": 0.0, "Campaign state": "paused", "Avg. CPE": 0.0, "Account Name": "[W] G1 - WPL - vc360", "Impressions": 22}, {"View rate": 0.0, "Campaign": "Gen-term_FH-W-TH_webgame ti\u00ean hi\u1ec7p-bmm", "Unique cookies": "", "Dept": "WPL", "Bid Strategy Type": "cpc", "Views": 0, "Video played to 50%": 0.0, "CTR": 25.0, "Conversions": 1.0, "Account ID": "6493618146", "Clicks": 1, "Interaction Rate": 25.0, "Avg. position": 1.0, "Advertising Channel": "Search", "Advertising Sub Channel": "", "Campaign ID": 718374185, "Avg. CPV": 0.0, "Campaign serving status": "eligible", "Avg. CPM": 67.5, "Invalid clicks": 0, "End date": "", "Avg. Cost": 0.27, "Start date": "2016-12-15", "Mapping": false, "Engagements": 0, "Avg. CPC": 0.27, "Interactions": 1, "Date": "2017-03-02", "Video played to 100%": 0.0, "Cost": 0.27, "Interaction Types": ["Clicks"], "Video played to 75%": 0.0, "Video played to 25%": 0.0, "Campaign state": "paused", "Avg. CPE": 0.0, "Account Name": "[W] G1 - WPL - vc360", "Impressions": 4}, {"View rate": 0.0, "Campaign": "Gen-term_MT-W-NV_webgame nhap vai hay-phr", "Unique cookies": "", "Dept": "WPL", "Bid Strategy Type": "cpc", "Views": 0, "Video played to 50%": 0.0, "CTR": 33.33, "Conversions": 0.0, "Account ID": "6493618146", "Clicks": 1, "Interaction Rate": 33.33, "Avg. position": 1.0, "Advertising Channel": "Search", "Advertising Sub Channel": "", "Campaign ID": 718375368, "Avg. CPV": 0.0, "Campaign serving status": "eligible", "Avg. CPM": 86.666667, "Invalid clicks": 0, "End date": "", "Avg. Cost": 0.26, "Start date": "2016-12-15", "Mapping": false, "Engagements": 0, "Avg. CPC": 0.26, "Interactions": 1, "Date": "2017-03-02", "Video played to 100%": 0.0, "Cost": 0.26, "Interaction Types": ["Clicks"], "Video played to 75%": 0.0, "Video played to 25%": 0.0, "Campaign state": "paused", "Avg. CPE": 0.0, "Account Name": "[W] G1 - WPL - vc360", "Impressions": 3}, {"View rate": 0.0, "Campaign": "Gen-term_MT-G-GO_game online hay-bmm", "Unique cookies": "", "Dept": "WPL", "Bid Strategy Type": "cpc", "Views": 0, "Video played to 50%": 0.0, "CTR": 100.0, "Conversions": 0.0, "Account ID": "6493618146", "Clicks": 1, "Interaction Rate": 100.0, "Avg. position": 3.0, "Advertising Channel": "Search", "Advertising Sub Channel": "", "Campaign ID": 718376099, "Avg. CPV": 0.0, "Campaign serving status": "eligible", "Avg. CPM": 110.0, "Invalid clicks": 0, "End date": "", "Avg. Cost": 0.11, "Start date": "2016-12-15", "Mapping": false, "Engagements": 0, "Avg. CPC": 0.11, "Interactions": 1, "Date": "2017-03-02", "Video played to 100%": 0.0, "Cost": 0.11, "Interaction Types": ["Clicks"], "Video played to 75%": 0.0, "Video played to 25%": 0.0, "Campaign state": "paused", "Avg. CPE": 0.0, "Account Name": "[W] G1 - WPL - vc360", "Impressions": 1}, {"View rate": 0.0, "Campaign": "Gen-term_MT-G-CLIENT_game client kiem hiep-bmm", "Unique cookies": "", "Dept": "WPL", "Bid Strategy Type": "cpc", "Views": 0, "Video played to 50%": 0.0, "CTR": 100.0, "Conversions": 0.0, "Account ID": "6493618146", "Clicks": 1, "Interaction Rate": 100.0, "Avg. position": 1.0, "Advertising Channel": "Search", "Advertising Sub Channel": "", "Campaign ID": 718376120, "Avg. CPV": 0.0, "Campaign serving status": "eligible", "Avg. CPM": 200.0, "Invalid clicks": 0, "End date": "", "Avg. Cost": 0.2, "Start date": "2016-12-15", "Mapping": false, "Engagements": 0, "Avg. CPC": 0.2, "Interactions": 1, "Date": "2017-03-02", "Video played to 100%": 0.0, "Cost": 0.2, "Interaction Types": ["Clicks"], "Video played to 75%": 0.0, "Video played to 25%": 0.0, "Campaign state": "paused", "Avg. CPE": 0.0, "Account Name": "[W] G1 - WPL - vc360", "Impressions": 1}, {"View rate": 0.0, "Campaign": "Gen-term_FH-G-NV_game nhap vai-phr", "Unique cookies": "", "Dept": "WPL", "Bid Strategy Type": "cpc", "Views": 0, "Video played to 50%": 0.0, "CTR": 23.53, "Conversions": 0.0, "Account ID": "6493618146", "Clicks": 4, "Interaction Rate": 23.53, "Avg. position": 1.3, "Advertising Channel": "Search", "Advertising Sub Channel": "", "Campaign ID": 718368632, "Avg. CPV": 0.0, "Campaign serving status": "eligible", "Avg. CPM": 20.588235, "Invalid clicks": 0, "End date": "", "Avg. Cost": 0.0875, "Start date": "2016-12-15", "Mapping": false, "Engagements": 0, "Avg. CPC": 0.0875, "Interactions": 4, "Date": "2017-03-02", "Video played to 100%": 0.0, "Cost": 0.35, "Interaction Types": ["Clicks"], "Video played to 75%": 0.0, "Video played to 25%": 0.0, "Campaign state": "paused", "Avg. CPE": 0.0, "Account Name": "[W] G1 - WPL - vc360", "Impressions": 17}, {"View rate": 0.0, "Campaign": "Gen-term_MT-G-GO_game online hay nhat-phr", "Unique cookies": "", "Dept": "WPL", "Bid Strategy Type": "cpc", "Views": 0, "Video played to 50%": 0.0, "CTR": 10.0, "Conversions": 1.0, "Account ID": "6493618146", "Clicks": 1, "Interaction Rate": 10.0, "Avg. position": 2.4, "Advertising Channel": "Search", "Advertising Sub Channel": "", "Campaign ID": 718371722, "Avg. CPV": 0.0, "Campaign serving status": "eligible", "Avg. CPM": 19.0, "Invalid clicks": 0, "End date": "", "Avg. Cost": 0.19, "Start date": "2016-12-15", "Mapping": false, "Engagements": 0, "Avg. CPC": 0.19, "Interactions": 1, "Date": "2017-03-02", "Video played to 100%": 0.0, "Cost": 0.19, "Interaction Types": ["Clicks"], "Video played to 75%": 0.0, "Video played to 25%": 0.0, "Campaign state": "paused", "Avg. CPE": 0.0, "Account Name": "[W] G1 - WPL - vc360", "Impressions": 10}, {"View rate": 0.0, "Campaign": "Gen-term_FH-W-NV_webgame nhap vai-bmm", "Unique cookies": "", "Dept": "WPL", "Bid Strategy Type": "cpc", "Views": 0, "Video played to 50%": 0.0, "CTR": 45.45, "Conversions": 0.0, "Account ID": "6493618146", "Clicks": 5, "Interaction Rate": 45.45, "Avg. position": 1.5, "Advertising Channel": "Search", "Advertising Sub Channel": "", "Campaign ID": 718374146, "Avg. CPV": 0.0, "Campaign serving status": "eligible", "Avg. CPM": 57.272727, "Invalid clicks": 0, "End date": "", "Avg. Cost": 0.126, "Start date": "2016-12-15", "Mapping": false, "Engagements": 0, "Avg. CPC": 0.126, "Interactions": 5, "Date": "2017-03-02", "Video played to 100%": 0.0, "Cost": 0.63, "Interaction Types": ["Clicks"], "Video played to 75%": 0.0, "Video played to 25%": 0.0, "Campaign state": "paused", "Avg. CPE": 0.0, "Account Name": "[W] G1 - WPL - vc360", "Impressions": 11}, {"View rate": 0.0, "Campaign": "Gen-term_FH-W-NEW_webgame m\u1edbi-bmm", "Unique cookies": "", "Dept": "WPL", "Bid Strategy Type": "cpc", "Views": 0, "Video played to 50%": 0.0, "CTR": 50.0, "Conversions": 0.0, "Account ID": "6493618146", "Clicks": 1, "Interaction Rate": 50.0, "Avg. position": 3.0, "Advertising Channel": "Search", "Advertising Sub Channel": "", "Campaign ID": 718374236, "Avg. CPV": 0.0, "Campaign serving status": "eligible", "Avg. CPM": 90.0, "Invalid clicks": 0, "End date": "", "Avg. Cost": 0.18, "Start date": "2016-12-15", "Mapping": false, "Engagements": 0, "Avg. CPC": 0.18, "Interactions": 1, "Date": "2017-03-02", "Video played to 100%": 0.0, "Cost": 0.18, "Interaction Types": ["Clicks"], "Video played to 75%": 0.0, "Video played to 25%": 0.0, "Campaign state": "paused", "Avg. CPE": 0.0, "Account Name": "[W] G1 - WPL - vc360", "Impressions": 2}, {"View rate": 0.0, "Campaign": "Gen-term_MT-G-NV_game nhap vai may tinh-bmm", "Unique cookies": "", "Dept": "WPL", "Bid Strategy Type": "cpc", "Views": 0, "Video played to 50%": 0.0, "CTR": 10.0, "Conversions": 0.0, "Account ID": "6493618146", "Clicks": 1, "Interaction Rate": 10.0, "Avg. position": 1.1, "Advertising Channel": "Search", "Advertising Sub Channel": "", "Campaign ID": 718374623, "Avg. CPV": 0.0, "Campaign serving status": "eligible", "Avg. CPM": 6.0, "Invalid clicks": 0, "End date": "", "Avg. Cost": 0.06, "Start date": "2016-12-15", "Mapping": false, "Engagements": 0, "Avg. CPC": 0.06, "Interactions": 1, "Date": "2017-03-02", "Video played to 100%": 0.0, "Cost": 0.06, "Interaction Types": ["Clicks"], "Video played to 75%": 0.0, "Video played to 25%": 0.0, "Campaign state": "paused", "Avg. CPE": 0.0, "Account Name": "[W] G1 - WPL - vc360", "Impressions": 10}, {"View rate": 0.0, "Campaign": "Gen-term_MT-G-NV_game nhap vai hay nhat-bmm", "Unique cookies": "", "Dept": "WPL", "Bid Strategy Type": "cpc", "Views": 0, "Video played to 50%": 0.0, "CTR": 100.0, "Conversions": 0.0, "Account ID": "6493618146", "Clicks": 1, "Interaction Rate": 100.0, "Avg. position": 1.0, "Advertising Channel": "Search", "Advertising Sub Channel": "", "Campaign ID": 718374659, "Avg. CPV": 0.0, "Campaign serving status": "eligible", "Avg. CPM": 70.0, "Invalid clicks": 0, "End date": "", "Avg. Cost": 0.07, "Start date": "2016-12-15", "Mapping": false, "Engagements": 0, "Avg. CPC": 0.07, "Interactions": 1, "Date": "2017-03-02", "Video played to 100%": 0.0, "Cost": 0.07, "Interaction Types": ["Clicks"], "Video played to 75%": 0.0, "Video played to 25%": 0.0, "Campaign state": "paused", "Avg. CPE": 0.0, "Account Name": "[W] G1 - WPL - vc360", "Impressions": 1}, {"View rate": 0.0, "Campaign": "Gen-term_MT-G-GO_game online hay nhat-bmm", "Unique cookies": "", "Dept": "WPL", "Bid Strategy Type": "cpc", "Views": 0, "Video played to 50%": 0.0, "CTR": 62.5, "Conversions": 1.0, "Account ID": "6493618146", "Clicks": 5, "Interaction Rate": 62.5, "Avg. position": 1.1, "Advertising Channel": "Search", "Advertising Sub Channel": "", "Campaign ID": 718376105, "Avg. CPV": 0.0, "Campaign serving status": "eligible", "Avg. CPM": 55.0, "Invalid clicks": 1, "End date": "", "Avg. Cost": 0.088, "Start date": "2016-12-15", "Mapping": false, "Engagements": 0, "Avg. CPC": 0.088, "Interactions": 5, "Date": "2017-03-02", "Video played to 100%": 0.0, "Cost": 0.44, "Interaction Types": ["Clicks"], "Video played to 75%": 0.0, "Video played to 25%": 0.0, "Campaign state": "paused", "Avg. CPE": 0.0, "Account Name": "[W] G1 - WPL - vc360", "Impressions": 8}, {"View rate": 0.0, "Campaign": "Gen-term_MT-G-KH_game kiem hiep nhap vai-phr", "Unique cookies": "", "Dept": "WPL", "Bid Strategy Type": "cpc", "Views": 0, "Video played to 50%": 0.0, "CTR": 25.0, "Conversions": 0.0, "Account ID": "6493618146", "Clicks": 1, "Interaction Rate": 25.0, "Avg. position": 1.3, "Advertising Channel": "Search", "Advertising Sub Channel": "", "Campaign ID": 718375806, "Avg. CPV": 0.0, "Campaign serving status": "eligible", "Avg. CPM": 32.5, "Invalid clicks": 0, "End date": "", "Avg. Cost": 0.13, "Start date": "2016-12-15", "Mapping": false, "Engagements": 0, "Avg. CPC": 0.13, "Interactions": 1, "Date": "2017-03-02", "Video played to 100%": 0.0, "Cost": 0.13, "Interaction Types": ["Clicks"], "Video played to 75%": 0.0, "Video played to 25%": 0.0, "Campaign state": "paused", "Avg. CPE": 0.0, "Account Name": "[W] G1 - WPL - vc360", "Impressions": 4}, {"View rate": 0.0, "Campaign": "Gen-term_FH-WG-BMM-MOR", "Unique cookies": "", "Dept": "WPL", "Bid Strategy Type": "cpc", "Views": 0, "Video played to 50%": 0.0, "CTR": 50.0, "Conversions": 1.0, "Account ID": "6493618146", "Clicks": 3, "Interaction Rate": 50.0, "Avg. position": 1.0, "Advertising Channel": "Search", "Advertising Sub Channel": "", "Campaign ID": 718378205, "Avg. CPV": 0.0, "Campaign serving status": "eligible", "Avg. CPM": 11.666667, "Invalid clicks": 0, "End date": "", "Avg. Cost": 0.023333, "Start date": "2016-12-15", "Mapping": false, "Engagements": 0, "Avg. CPC": 0.023333, "Interactions": 3, "Date": "2017-03-02", "Video played to 100%": 0.0, "Cost": 0.07, "Interaction Types": ["Clicks"], "Video played to 75%": 0.0, "Video played to 25%": 0.0, "Campaign state": "paused", "Avg. CPE": 0.0, "Account Name": "[W] G1 - WPL - vc360", "Impressions": 6}, {"View rate": 0.0, "Campaign": "Gen-term_MT-G-GO_game online ki\u1ebfm hi\u1ec7p-ex", "Unique cookies": "", "Dept": "WPL", "Bid Strategy Type": "cpc", "Views": 0, "Video played to 50%": 0.0, "CTR": 50.0, "Conversions": 0.0, "Account ID": "6493618146", "Clicks": 1, "Interaction Rate": 50.0, "Avg. position": 2.0, "Advertising Channel": "Search", "Advertising Sub Channel": "", "Campaign ID": 718371585, "Avg. CPV": 0.0, "Campaign serving status": "eligible", "Avg. CPM": 60.0, "Invalid clicks": 0, "End date": "", "Avg. Cost": 0.12, "Start date": "2016-12-15", "Mapping": false, "Engagements": 0, "Avg. CPC": 0.12, "Interactions": 1, "Date": "2017-03-02", "Video played to 100%": 0.0, "Cost": 0.12, "Interaction Types": ["Clicks"], "Video played to 75%": 0.0, "Video played to 25%": 0.0, "Campaign state": "paused", "Avg. CPE": 0.0, "Account Name": "[W] G1 - WPL - vc360", "Impressions": 2}, {"View rate": 0.0, "Campaign": "Gen-term_MT-G-GO_game online m\u1edbi-phr", "Unique cookies": "", "Dept": "WPL", "Bid Strategy Type": "cpc", "Views": 0, "Video played to 50%": 0.0, "CTR": 33.33, "Conversions": 0.0, "Account ID": "6493618146", "Clicks": 2, "Interaction Rate": 33.33, "Avg. position": 1.3, "Advertising Channel": "Search", "Advertising Sub Channel": "", "Campaign ID": 718371587, "Avg. CPV": 0.0, "Campaign serving status": "eligible", "Avg. CPM": 56.666667, "Invalid clicks": 0, "End date": "", "Avg. Cost": 0.17, "Start date": "2016-12-15", "Mapping": false, "Engagements": 0, "Avg. CPC": 0.17, "Interactions": 2, "Date": "2017-03-02", "Video played to 100%": 0.0, "Cost": 0.34, "Interaction Types": ["Clicks"], "Video played to 75%": 0.0, "Video played to 25%": 0.0, "Campaign state": "paused", "Avg. CPE": 0.0, "Account Name": "[W] G1 - WPL - vc360", "Impressions": 6}, {"View rate": 0.0, "Campaign": "Gen-term_FH-G-GVL_game v\u00f5 l\u00e2m-bmm", "Unique cookies": "", "Dept": "WPL", "Bid Strategy Type": "cpc", "Views": 0, "Video played to 50%": 0.0, "CTR": 20.0, "Conversions": 0.0, "Account ID": "6493618146", "Clicks": 1, "Interaction Rate": 20.0, "Avg. position": 2.0, "Advertising Channel": "Search", "Advertising Sub Channel": "", "Campaign ID": 718373960, "Avg. CPV": 0.0, "Campaign serving status": "eligible", "Avg. CPM": 6.0, "Invalid clicks": 0, "End date": "", "Avg. Cost": 0.03, "Start date": "2016-12-15", "Mapping": false, "Engagements": 0, "Avg. CPC": 0.03, "Interactions": 1, "Date": "2017-03-02", "Video played to 100%": 0.0, "Cost": 0.03, "Interaction Types": ["Clicks"], "Video played to 75%": 0.0, "Video played to 25%": 0.0, "Campaign state": "paused", "Avg. CPE": 0.0, "Account Name": "[W] G1 - WPL - vc360", "Impressions": 5}, {"View rate": 0.0, "Campaign": "Gen-term_MT-G-VL_game v\u00f5 l\u00e2m 2d-bmm", "Unique cookies": "", "Dept": "WPL", "Bid Strategy Type": "cpc", "Views": 0, "Video played to 50%": 0.0, "CTR": 75.0, "Conversions": 0.0, "Account ID": "6493618146", "Clicks": 3, "Interaction Rate": 75.0, "Avg. position": 1.3, "Advertising Channel": "Search", "Advertising Sub Channel": "", "Campaign ID": 718381119, "Avg. CPV": 0.0, "Campaign serving status": "eligible", "Avg. CPM": 155.0, "Invalid clicks": 0, "End date": "", "Avg. Cost": 0.206667, "Start date": "2016-12-15", "Mapping": false, "Engagements": 0, "Avg. CPC": 0.206667, "Interactions": 3, "Date": "2017-03-02", "Video played to 100%": 0.0, "Cost": 0.62, "Interaction Types": ["Clicks"], "Video played to 75%": 0.0, "Video played to 25%": 0.0, "Campaign state": "paused", "Avg. CPE": 0.0, "Account Name": "[W] G1 - WPL - vc360", "Impressions": 4}, {"View rate": 0.0, "Campaign": "Gen-term_MT-G-CT_game chien thuat hay nh\u1ea5t-bmm", "Unique cookies": "", "Dept": "WPL", "Bid Strategy Type": "cpc", "Views": 0, "Video played to 50%": 0.0, "CTR": 100.0, "Conversions": 1.0, "Account ID": "6493618146", "Clicks": 1, "Interaction Rate": 100.0, "Avg. position": 1.0, "Advertising Channel": "Search", "Advertising Sub Channel": "", "Campaign ID": 718378014, "Avg. CPV": 0.0, "Campaign serving status": "eligible", "Avg. CPM": 250.0, "Invalid clicks": 0, "End date": "", "Avg. Cost": 0.25, "Start date": "2016-12-15", "Mapping": false, "Engagements": 0, "Avg. CPC": 0.25, "Interactions": 1, "Date": "2017-03-02", "Video played to 100%": 0.0, "Cost": 0.25, "Interaction Types": ["Clicks"], "Video played to 75%": 0.0, "Video played to 25%": 0.0, "Campaign state": "paused", "Avg. CPE": 0.0, "Account Name": "[W] G1 - WPL - vc360", "Impressions": 1}, {"View rate": 0.0, "Campaign": "Gen-term_360Play-BM-Mor", "Unique cookies": "", "Dept": "WPL", "Bid Strategy Type": "cpc", "Views": 0, "Video played to 50%": 0.0, "CTR": 21.43, "Conversions": 10.0, "Account ID": "6493618146", "Clicks": 39, "Interaction Rate": 21.43, "Avg. position": 1.0, "Advertising Channel": "Search", "Advertising Sub Channel": "", "Campaign ID": 718378226, "Avg. CPV": 0.0, "Campaign serving status": "eligible", "Avg. CPM": 7.637363, "Invalid clicks": 2, "End date": "", "Avg. Cost": 0.035641, "Start date": "2016-12-15", "Mapping": false, "Engagements": 0, "Avg. CPC": 0.035641, "Interactions": 39, "Date": "2017-03-02", "Video played to 100%": 0.0, "Cost": 1.39, "Interaction Types": ["Clicks"], "Video played to 75%": 0.0, "Video played to 25%": 0.0, "Campaign state": "paused", "Avg. CPE": 0.0, "Account Name": "[W] G1 - WPL - vc360", "Impressions": 182}, {"View rate": 0.0, "Campaign": "Gen-term_MT-G-KH_game kiem hiep 2016-bmm", "Unique cookies": "", "Dept": "WPL", "Bid Strategy Type": "cpc", "Views": 0, "Video played to 50%": 0.0, "CTR": 50.0, "Conversions": 1.0, "Account ID": "6493618146", "Clicks": 2, "Interaction Rate": 50.0, "Avg. position": 1.5, "Advertising Channel": "Search", "Advertising Sub Channel": "", "Campaign ID": 718380396, "Avg. CPV": 0.0, "Campaign serving status": "eligible", "Avg. CPM": 115.0, "Invalid clicks": 0, "End date": "", "Avg. Cost": 0.23, "Start date": "2016-12-15", "Mapping": false, "Engagements": 0, "Avg. CPC": 0.23, "Interactions": 2, "Date": "2017-03-02", "Video played to 100%": 0.0, "Cost": 0.46, "Interaction Types": ["Clicks"], "Video played to 75%": 0.0, "Video played to 25%": 0.0, "Campaign state": "paused", "Avg. CPE": 0.0, "Account Name": "[W] G1 - WPL - vc360", "Impressions": 4}, {"View rate": 0.0, "Campaign": "Gen-term_FH-G-MT_game m\u00e1y t\u00ednh-bmm", "Unique cookies": "", "Dept": "WPL", "Bid Strategy Type": "cpc", "Views": 0, "Video played to 50%": 0.0, "CTR": 5.56, "Conversions": 0.0, "Account ID": "6493618146", "Clicks": 1, "Interaction Rate": 5.56, "Avg. position": 2.8, "Advertising Channel": "Search", "Advertising Sub Channel": "", "Campaign ID": 718373981, "Avg. CPV": 0.0, "Campaign serving status": "eligible", "Avg. CPM": 3.888889, "Invalid clicks": 0, "End date": "", "Avg. Cost": 0.07, "Start date": "2016-12-15", "Mapping": false, "Engagements": 0, "Avg. CPC": 0.07, "Interactions": 1, "Date": "2017-03-02", "Video played to 100%": 0.0, "Cost": 0.07, "Interaction Types": ["Clicks"], "Video played to 75%": 0.0, "Video played to 25%": 0.0, "Campaign state": "paused", "Avg. CPE": 0.0, "Account Name": "[W] G1 - WPL - vc360", "Impressions": 18}, {"View rate": 0.0, "Campaign": "Gen-term_MT-G-CT_game chi\u1ebfn thu\u1eadt m\u1edbi-phr", "Unique cookies": "", "Dept": "WPL", "Bid Strategy Type": "cpc", "Views": 0, "Video played to 50%": 0.0, "CTR": 33.33, "Conversions": 1.0, "Account ID": "6493618146", "Clicks": 1, "Interaction Rate": 33.33, "Avg. position": 1.3, "Advertising Channel": "Search", "Advertising Sub Channel": "", "Campaign ID": 718374171, "Avg. CPV": 0.0, "Campaign serving status": "eligible", "Avg. CPM": 80.0, "Invalid clicks": 0, "End date": "", "Avg. Cost": 0.24, "Start date": "2016-12-15", "Mapping": false, "Engagements": 0, "Avg. CPC": 0.24, "Interactions": 1, "Date": "2017-03-02", "Video played to 100%": 0.0, "Cost": 0.24, "Interaction Types": ["Clicks"], "Video played to 75%": 0.0, "Video played to 25%": 0.0, "Campaign state": "paused", "Avg. CPE": 0.0, "Account Name": "[W] G1 - WPL - vc360", "Impressions": 3}, {"View rate": 0.0, "Campaign": "Gen-term_MT-W-G16_webgame 2016 chi\u1ebfn thu\u1eadt-bmm", "Unique cookies": "", "Dept": "WPL", "Bid Strategy Type": "cpc", "Views": 0, "Video played to 50%": 0.0, "CTR": 33.33, "Conversions": 1.0, "Account ID": "6493618146", "Clicks": 1, "Interaction Rate": 33.33, "Avg. position": 1.0, "Advertising Channel": "Search", "Advertising Sub Channel": "", "Campaign ID": 718383540, "Avg. CPV": 0.0, "Campaign serving status": "eligible", "Avg. CPM": 103.333333, "Invalid clicks": 0, "End date": "", "Avg. Cost": 0.31, "Start date": "2016-12-15", "Mapping": false, "Engagements": 0, "Avg. CPC": 0.31, "Interactions": 1, "Date": "2017-03-02", "Video played to 100%": 0.0, "Cost": 0.31, "Interaction Types": ["Clicks"], "Video played to 75%": 0.0, "Video played to 25%": 0.0, "Campaign state": "paused", "Avg. CPE": 0.0, "Account Name": "[W] G1 - WPL - vc360", "Impressions": 3}, {"View rate": 0.0, "Campaign": "Gen-term_FH-Game-BM-MOR", "Unique cookies": "", "Dept": "WPL", "Bid Strategy Type": "cpc", "Views": 0, "Video played to 50%": 0.0, "CTR": 19.17, "Conversions": 13.0, "Account ID": "6493618146", "Clicks": 79, "Interaction Rate": 19.17, "Avg. position": 1.6, "Advertising Channel": "Search", "Advertising Sub Channel": "", "Campaign ID": 718383741, "Avg. CPV": 0.0, "Campaign serving status": "eligible", "Avg. CPM": 6.286408, "Invalid clicks": 4, "End date": "", "Avg. Cost": 0.032785, "Start date": "2016-12-15", "Mapping": false, "Engagements": 0, "Avg. CPC": 0.032785, "Interactions": 79, "Date": "2017-03-02", "Video played to 100%": 0.0, "Cost": 2.59, "Interaction Types": ["Clicks"], "Video played to 75%": 0.0, "Video played to 25%": 0.0, "Campaign state": "paused", "Avg. CPE": 0.0, "Account Name": "[W] G1 - WPL - vc360", "Impressions": 412}, {"View rate": 0.0, "Campaign": "GDN_remarketing", "Unique cookies": 138, "Dept": "WPL", "Bid Strategy Type": "cpc", "Views": 0, "Video played to 50%": 0.0, "CTR": 0.08, "Conversions": 0.0, "Account ID": "6493618146", "Clicks": 1, "Interaction Rate": 0.08, "Avg. position": 1.0, "Advertising Channel": "Display", "Advertising Sub Channel": "", "Campaign ID": 755752783, "Avg. CPV": 0.0, "Campaign serving status": "eligible", "Avg. CPM": 0.025402, "Invalid clicks": 3, "End date": "", "Avg. Cost": 0.03, "Start date": "2017-02-15", "Mapping": false, "Engagements": 0, "Avg. CPC": 0.03, "Interactions": 1, "Date": "2017-03-02", "Video played to 100%": 0.0, "Cost": 0.03, "Interaction Types": ["Clicks"], "Video played to 75%": 0.0, "Video played to 25%": 0.0, "Campaign state": "paused", "Avg. CPE": 0.0, "Account Name": "[W] G1 - WPL - vc360", "Impressions": 1181}, {"View rate": 0.0, "Campaign": "Gen-term_MT-G-PC_game pc 2016-bmm", "Unique cookies": "", "Dept": "WPL", "Bid Strategy Type": "cpc", "Views": 0, "Video played to 50%": 0.0, "CTR": 50.0, "Conversions": 0.0, "Account ID": "6493618146", "Clicks": 1, "Interaction Rate": 50.0, "Avg. position": 1.5, "Advertising Channel": "Search", "Advertising Sub Channel": "", "Campaign ID": 718375880, "Avg. CPV": 0.0, "Campaign serving status": "eligible", "Avg. CPM": 30.0, "Invalid clicks": 0, "End date": "", "Avg. Cost": 0.06, "Start date": "2016-12-15", "Mapping": false, "Engagements": 0, "Avg. CPC": 0.06, "Interactions": 1, "Date": "2017-03-02", "Video played to 100%": 0.0, "Cost": 0.06, "Interaction Types": ["Clicks"], "Video played to 75%": 0.0, "Video played to 25%": 0.0, "Campaign state": "paused", "Avg. CPE": 0.0, "Account Name": "[W] G1 - WPL - vc360", "Impressions": 2}, {"View rate": 0.0, "Campaign": "Gen-term_MT-G-KH_game kiem hiep moi nhat-phr", "Unique cookies": "", "Dept": "WPL", "Bid Strategy Type": "cpc", "Views": 0, "Video played to 50%": 0.0, "CTR": 100.0, "Conversions": 0.0, "Account ID": "6493618146", "Clicks": 1, "Interaction Rate": 100.0, "Avg. position": 1.0, "Advertising Channel": "Search", "Advertising Sub Channel": "", "Campaign ID": 718375899, "Avg. CPV": 0.0, "Campaign serving status": "eligible", "Avg. CPM": 120.0, "Invalid clicks": 0, "End date": "", "Avg. Cost": 0.12, "Start date": "2016-12-15", "Mapping": false, "Engagements": 0, "Avg. CPC": 0.12, "Interactions": 1, "Date": "2017-03-02", "Video played to 100%": 0.0, "Cost": 0.12, "Interaction Types": ["Clicks"], "Video played to 75%": 0.0, "Video played to 25%": 0.0, "Campaign state": "paused", "Avg. CPE": 0.0, "Account Name": "[W] G1 - WPL - vc360", "Impressions": 1}, {"View rate": 0.0, "Campaign": "Gen-term_MT-G-GO_game online 2.5D-bmm", "Unique cookies": "", "Dept": "WPL", "Bid Strategy Type": "cpc", "Views": 0, "Video played to 50%": 0.0, "CTR": 200.0, "Conversions": 0.0, "Account ID": "6493618146", "Clicks": 2, "Interaction Rate": 200.0, "Avg. position": 1.0, "Advertising Channel": "Search", "Advertising Sub Channel": "", "Campaign ID": 718376084, "Avg. CPV": 0.0, "Campaign serving status": "eligible", "Avg. CPM": 540.0, "Invalid clicks": 0, "End date": "", "Avg. Cost": 0.27, "Start date": "2016-12-15", "Mapping": false, "Engagements": 0, "Avg. CPC": 0.27, "Interactions": 2, "Date": "2017-03-02", "Video played to 100%": 0.0, "Cost": 0.54, "Interaction Types": ["Clicks"], "Video played to 75%": 0.0, "Video played to 25%": 0.0, "Campaign state": "paused", "Avg. CPE": 0.0, "Account Name": "[W] G1 - WPL - vc360", "Impressions": 1}, {"View rate": 0.0, "Campaign": "Gen-term_MT-G-3D_game 3d m\u1edbi-ex", "Unique cookies": "", "Dept": "WPL", "Bid Strategy Type": "cpc", "Views": 0, "Video played to 50%": 0.0, "CTR": 50.0, "Conversions": 0.0, "Account ID": "6493618146", "Clicks": 1, "Interaction Rate": 50.0, "Avg. position": 1.5, "Advertising Channel": "Search", "Advertising Sub Channel": "", "Campaign ID": 718368170, "Avg. CPV": 0.0, "Campaign serving status": "eligible", "Avg. CPM": 100.0, "Invalid clicks": 0, "End date": "", "Avg. Cost": 0.2, "Start date": "2016-12-15", "Mapping": false, "Engagements": 0, "Avg. CPC": 0.2, "Interactions": 1, "Date": "2017-03-02", "Video played to 100%": 0.0, "Cost": 0.2, "Interaction Types": ["Clicks"], "Video played to 75%": 0.0, "Video played to 25%": 0.0, "Campaign state": "paused", "Avg. CPE": 0.0, "Account Name": "[W] G1 - WPL - vc360", "Impressions": 2}, {"View rate": 0.0, "Campaign": "Gen-term_FH-G-CT_game chi\u1ebfn thu\u1eadt-phr", "Unique cookies": "", "Dept": "WPL", "Bid Strategy Type": "cpc", "Views": 0, "Video played to 50%": 0.0, "CTR": 14.29, "Conversions": 1.0, "Account ID": "6493618146", "Clicks": 2, "Interaction Rate": 14.29, "Avg. position": 1.1, "Advertising Channel": "Search", "Advertising Sub Channel": "", "Campaign ID": 718368635, "Avg. CPV": 0.0, "Campaign serving status": "eligible", "Avg. CPM": 8.571429, "Invalid clicks": 0, "End date": "", "Avg. Cost": 0.06, "Start date": "2016-12-15", "Mapping": false, "Engagements": 0, "Avg. CPC": 0.06, "Interactions": 2, "Date": "2017-03-02", "Video played to 100%": 0.0, "Cost": 0.12, "Interaction Types": ["Clicks"], "Video played to 75%": 0.0, "Video played to 25%": 0.0, "Campaign state": "paused", "Avg. CPE": 0.0, "Account Name": "[W] G1 - WPL - vc360", "Impressions": 14}, {"View rate": 0.0, "Campaign": "Gen-term_FH-G-HAY_game hay nh\u1ea5t-phr", "Unique cookies": "", "Dept": "WPL", "Bid Strategy Type": "cpc", "Views": 0, "Video played to 50%": 0.0, "CTR": 5.0, "Conversions": 0.0, "Account ID": "6493618146", "Clicks": 1, "Interaction Rate": 5.0, "Avg. position": 1.8, "Advertising Channel": "Search", "Advertising Sub Channel": "", "Campaign ID": 718368851, "Avg. CPV": 0.0, "Campaign serving status": "eligible", "Avg. CPM": 8.5, "Invalid clicks": 0, "End date": "", "Avg. Cost": 0.17, "Start date": "2016-12-15", "Mapping": false, "Engagements": 0, "Avg. CPC": 0.17, "Interactions": 1, "Date": "2017-03-02", "Video played to 100%": 0.0, "Cost": 0.17, "Interaction Types": ["Clicks"], "Video played to 75%": 0.0, "Video played to 25%": 0.0, "Campaign state": "paused", "Avg. CPE": 0.0, "Account Name": "[W] G1 - WPL - vc360", "Impressions": 20}, {"View rate": 0.0, "Campaign": "Gen-term_FH-W-W_webgame-phr", "Unique cookies": "", "Dept": "WPL", "Bid Strategy Type": "cpc", "Views": 0, "Video played to 50%": 0.0, "CTR": 46.15, "Conversions": 0.0, "Account ID": "6493618146", "Clicks": 6, "Interaction Rate": 46.15, "Avg. position": 2.0, "Advertising Channel": "Search", "Advertising Sub Channel": "", "Campaign ID": 718368881, "Avg. CPV": 0.0, "Campaign serving status": "eligible", "Avg. CPM": 17.692308, "Invalid clicks": 0, "End date": "", "Avg. Cost": 0.038333, "Start date": "2016-12-15", "Mapping": false, "Engagements": 0, "Avg. CPC": 0.038333, "Interactions": 6, "Date": "2017-03-02", "Video played to 100%": 0.0, "Cost": 0.23, "Interaction Types": ["Clicks"], "Video played to 75%": 0.0, "Video played to 25%": 0.0, "Campaign state": "paused", "Avg. CPE": 0.0, "Account Name": "[W] G1 - WPL - vc360", "Impressions": 13}, {"View rate": 0.0, "Campaign": "Gen-term_MT-G-GO_game online hay nh\u1ea5t-ex", "Unique cookies": "", "Dept": "WPL", "Bid Strategy Type": "cpc", "Views": 0, "Video played to 50%": 0.0, "CTR": 66.67, "Conversions": 0.0, "Account ID": "6493618146", "Clicks": 2, "Interaction Rate": 66.67, "Avg. position": 1.7, "Advertising Channel": "Search", "Advertising Sub Channel": "", "Campaign ID": 718371777, "Avg. CPV": 0.0, "Campaign serving status": "eligible", "Avg. CPM": 100.0, "Invalid clicks": 0, "End date": "", "Avg. Cost": 0.15, "Start date": "2016-12-15", "Mapping": false, "Engagements": 0, "Avg. CPC": 0.15, "Interactions": 2, "Date": "2017-03-02", "Video played to 100%": 0.0, "Cost": 0.3, "Interaction Types": ["Clicks"], "Video played to 75%": 0.0, "Video played to 25%": 0.0, "Campaign state": "paused", "Avg. CPE": 0.0, "Account Name": "[W] G1 - WPL - vc360", "Impressions": 3}, {"View rate": 0.0, "Campaign": "Gen-term_MT-W-GO_webgame online chien thuat-bmm", "Unique cookies": "", "Dept": "WPL", "Bid Strategy Type": "cpc", "Views": 0, "Video played to 50%": 0.0, "CTR": 100.0, "Conversions": 0.0, "Account ID": "6493618146", "Clicks": 1, "Interaction Rate": 100.0, "Avg. position": 1.0, "Advertising Channel": "Search", "Advertising Sub Channel": "", "Campaign ID": 718377347, "Avg. CPV": 0.0, "Campaign serving status": "eligible", "Avg. CPM": 110.0, "Invalid clicks": 0, "End date": "", "Avg. Cost": 0.11, "Start date": "2016-12-15", "Mapping": false, "Engagements": 0, "Avg. CPC": 0.11, "Interactions": 1, "Date": "2017-03-02", "Video played to 100%": 0.0, "Cost": 0.11, "Interaction Types": ["Clicks"], "Video played to 75%": 0.0, "Video played to 25%": 0.0, "Campaign state": "paused", "Avg. CPE": 0.0, "Account Name": "[W] G1 - WPL - vc360", "Impressions": 1}, {"View rate": 0.0, "Campaign": "Gen-term_MT-G-KH_game kiem hiep m\u1edbi nh\u1ea5t-bmm", "Unique cookies": "", "Dept": "WPL", "Bid Strategy Type": "cpc", "Views": 0, "Video played to 50%": 0.0, "CTR": 100.0, "Conversions": 0.0, "Account ID": "6493618146", "Clicks": 2, "Interaction Rate": 100.0, "Avg. position": 1.0, "Advertising Channel": "Search", "Advertising Sub Channel": "", "Campaign ID": 718380402, "Avg. CPV": 0.0, "Campaign serving status": "eligible", "Avg. CPM": 125.0, "Invalid clicks": 0, "End date": "", "Avg. Cost": 0.125, "Start date": "2016-12-15", "Mapping": false, "Engagements": 0, "Avg. CPC": 0.125, "Interactions": 2, "Date": "2017-03-02", "Video played to 100%": 0.0, "Cost": 0.25, "Interaction Types": ["Clicks"], "Video played to 75%": 0.0, "Video played to 25%": 0.0, "Campaign state": "paused", "Avg. CPE": 0.0, "Account Name": "[W] G1 - WPL - vc360", "Impressions": 2}, {"View rate": 0.0, "Campaign": "Gen-term_MT-G-KH_game kiem hiep hay nhat-bmm", "Unique cookies": "", "Dept": "WPL", "Bid Strategy Type": "cpc", "Views": 0, "Video played to 50%": 0.0, "CTR": 16.67, "Conversions": 1.0, "Account ID": "6493618146", "Clicks": 1, "Interaction Rate": 16.67, "Avg. position": 1.0, "Advertising Channel": "Search", "Advertising Sub Channel": "", "Campaign ID": 718380414, "Avg. CPV": 0.0, "Campaign serving status": "eligible", "Avg. CPM": 33.333333, "Invalid clicks": 1, "End date": "", "Avg. Cost": 0.2, "Start date": "2016-12-15", "Mapping": false, "Engagements": 0, "Avg. CPC": 0.2, "Interactions": 1, "Date": "2017-03-02", "Video played to 100%": 0.0, "Cost": 0.2, "Interaction Types": ["Clicks"], "Video played to 75%": 0.0, "Video played to 25%": 0.0, "Campaign state": "paused", "Avg. CPE": 0.0, "Account Name": "[W] G1 - WPL - vc360", "Impressions": 6}, {"View rate": 0.0, "Campaign": "Gen-term_MT-W-KH_webgame ki\u1ebfm hi\u1ec7p m\u1edbi-bmm", "Unique cookies": "", "Dept": "WPL", "Bid Strategy Type": "cpc", "Views": 0, "Video played to 50%": 0.0, "CTR": 25.0, "Conversions": 0.0, "Account ID": "6493618146", "Clicks": 1, "Interaction Rate": 25.0, "Avg. position": 1.0, "Advertising Channel": "Search", "Advertising Sub Channel": "", "Campaign ID": 718381872, "Avg. CPV": 0.0, "Campaign serving status": "eligible", "Avg. CPM": 40.0, "Invalid clicks": 0, "End date": "", "Avg. Cost": 0.16, "Start date": "2016-12-15", "Mapping": false, "Engagements": 0, "Avg. CPC": 0.16, "Interactions": 1, "Date": "2017-03-02", "Video played to 100%": 0.0, "Cost": 0.16, "Interaction Types": ["Clicks"], "Video played to 75%": 0.0, "Video played to 25%": 0.0, "Campaign state": "paused", "Avg. CPE": 0.0, "Account Name": "[W] G1 - WPL - vc360", "Impressions": 4}, {"View rate": 0.0, "Campaign": "Gen-term_MT-G-3D_game 3d m\u1edbi nh\u1ea5t-bmm", "Unique cookies": "", "Dept": "WPL", "Bid Strategy Type": "cpc", "Views": 0, "Video played to 50%": 0.0, "CTR": 28.57, "Conversions": 0.0, "Account ID": "6493618146", "Clicks": 2, "Interaction Rate": 28.57, "Avg. position": 1.3, "Advertising Channel": "Search", "Advertising Sub Channel": "", "Campaign ID": 718382526, "Avg. CPV": 0.0, "Campaign serving status": "eligible", "Avg. CPM": 37.142857, "Invalid clicks": 0, "End date": "", "Avg. Cost": 0.13, "Start date": "2016-12-15", "Mapping": false, "Engagements": 0, "Avg. CPC": 0.13, "Interactions": 2, "Date": "2017-03-02", "Video played to 100%": 0.0, "Cost": 0.26, "Interaction Types": ["Clicks"], "Video played to 75%": 0.0, "Video played to 25%": 0.0, "Campaign state": "paused", "Avg. CPE": 0.0, "Account Name": "[W] G1 - WPL - vc360", "Impressions": 7}, {"View rate": 0.0, "Campaign": "Gen-term_MT-G-G16_game 2016 moi nhat-bmm", "Unique cookies": "", "Dept": "WPL", "Bid Strategy Type": "cpc", "Views": 0, "Video played to 50%": 0.0, "CTR": 50.0, "Conversions": 0.0, "Account ID": "6493618146", "Clicks": 1, "Interaction Rate": 50.0, "Avg. position": 1.0, "Advertising Channel": "Search", "Advertising Sub Channel": "", "Campaign ID": 718382841, "Avg. CPV": 0.0, "Campaign serving status": "eligible", "Avg. CPM": 25.0, "Invalid clicks": 0, "End date": "", "Avg. Cost": 0.05, "Start date": "2016-12-15", "Mapping": false, "Engagements": 0, "Avg. CPC": 0.05, "Interactions": 1, "Date": "2017-03-02", "Video played to 100%": 0.0, "Cost": 0.05, "Interaction Types": ["Clicks"], "Video played to 75%": 0.0, "Video played to 25%": 0.0, "Campaign state": "paused", "Avg. CPE": 0.0, "Account Name": "[W] G1 - WPL - vc360", "Impressions": 2}, {"View rate": 0.0, "Campaign": "Gen-term_MT-W-G16_webgame 2016 chien thuat-bmm", "Unique cookies": "", "Dept": "WPL", "Bid Strategy Type": "cpc", "Views": 0, "Video played to 50%": 0.0, "CTR": 100.0, "Conversions": 1.0, "Account ID": "6493618146", "Clicks": 1, "Interaction Rate": 100.0, "Avg. position": 1.0, "Advertising Channel": "Search", "Advertising Sub Channel": "", "Campaign ID": 718383543, "Avg. CPV": 0.0, "Campaign serving status": "eligible", "Avg. CPM": 100.0, "Invalid clicks": 0, "End date": "", "Avg. Cost": 0.1, "Start date": "2016-12-15", "Mapping": false, "Engagements": 0, "Avg. CPC": 0.1, "Interactions": 1, "Date": "2017-03-02", "Video played to 100%": 0.0, "Cost": 0.1, "Interaction Types": ["Clicks"], "Video played to 75%": 0.0, "Video played to 25%": 0.0, "Campaign state": "paused", "Avg. CPE": 0.0, "Account Name": "[W] G1 - WPL - vc360", "Impressions": 1}, {"View rate": 0.0, "Campaign": "Competitor-term_Tram Ma", "Unique cookies": "", "Dept": "WPL", "Bid Strategy Type": "cpc", "Views": 0, "Video played to 50%": 0.0, "CTR": 66.67, "Conversions": 2.0, "Account ID": "6493618146", "Clicks": 2, "Interaction Rate": 66.67, "Avg. position": 1.0, "Advertising Channel": "Search", "Advertising Sub Channel": "", "Campaign ID": 718383597, "Avg. CPV": 0.0, "Campaign serving status": "eligible", "Avg. CPM": 10.0, "Invalid clicks": 0, "End date": "", "Avg. Cost": 0.015, "Start date": "2016-12-15", "Mapping": false, "Engagements": 0, "Avg. CPC": 0.015, "Interactions": 2, "Date": "2017-03-02", "Video played to 100%": 0.0, "Cost": 0.03, "Interaction Types": ["Clicks"], "Video played to 75%": 0.0, "Video played to 25%": 0.0, "Campaign state": "enabled", "Avg. CPE": 0.0, "Account Name": "[W] G1 - WPL - vc360", "Impressions": 3}, {"View rate": 0.0, "Campaign": "Gen-term_FH-Game-Phrase-MOR", "Unique cookies": "", "Dept": "WPL", "Bid Strategy Type": "cpc", "Views": 0, "Video played to 50%": 0.0, "CTR": 15.19, "Conversions": 4.0, "Account ID": "6493618146", "Clicks": 12, "Interaction Rate": 15.19, "Avg. position": 1.6, "Advertising Channel": "Search", "Advertising Sub Channel": "", "Campaign ID": 718383738, "Avg. CPV": 0.0, "Campaign serving status": "eligible", "Avg. CPM": 5.189873, "Invalid clicks": 0, "End date": "", "Avg. Cost": 0.034167, "Start date": "2016-12-15", "Mapping": false, "Engagements": 0, "Avg. CPC": 0.034167, "Interactions": 12, "Date": "2017-03-02", "Video played to 100%": 0.0, "Cost": 0.41, "Interaction Types": ["Clicks"], "Video played to 75%": 0.0, "Video played to 25%": 0.0, "Campaign state": "paused", "Avg. CPE": 0.0, "Account Name": "[W] G1 - WPL - vc360", "Impressions": 79}, {"View rate": 0.0, "Campaign": "Gen-term_MT-G-NV_game nh\u1eadp vai m\u1edbi-bmm", "Unique cookies": "", "Dept": "WPL", "Bid Strategy Type": "cpc", "Views": 0, "Video played to 50%": 0.0, "CTR": 41.67, "Conversions": 1.0, "Account ID": "6493618146", "Clicks": 5, "Interaction Rate": 41.67, "Avg. position": 1.2, "Advertising Channel": "Search", "Advertising Sub Channel": "", "Campaign ID": 718374440, "Avg. CPV": 0.0, "Campaign serving status": "eligible", "Avg. CPM": 39.166667, "Invalid clicks": 0, "End date": "", "Avg. Cost": 0.094, "Start date": "2016-12-15", "Mapping": false, "Engagements": 0, "Avg. CPC": 0.094, "Interactions": 5, "Date": "2017-03-02", "Video played to 100%": 0.0, "Cost": 0.47, "Interaction Types": ["Clicks"], "Video played to 75%": 0.0, "Video played to 25%": 0.0, "Campaign state": "paused", "Avg. CPE": 0.0, "Account Name": "[W] G1 - WPL - vc360", "Impressions": 12}, {"View rate": 0.0, "Campaign": "Gen-term_MT-G-NV_game nhap vai 3d-bmm", "Unique cookies": "", "Dept": "WPL", "Bid Strategy Type": "cpc", "Views": 0, "Video played to 50%": 0.0, "CTR": 25.0, "Conversions": 1.0, "Account ID": "6493618146", "Clicks": 1, "Interaction Rate": 25.0, "Avg. position": 1.3, "Advertising Channel": "Search", "Advertising Sub Channel": "", "Campaign ID": 718374635, "Avg. CPV": 0.0, "Campaign serving status": "eligible", "Avg. CPM": 25.0, "Invalid clicks": 0, "End date": "", "Avg. Cost": 0.1, "Start date": "2016-12-15", "Mapping": false, "Engagements": 0, "Avg. CPC": 0.1, "Interactions": 1, "Date": "2017-03-02", "Video played to 100%": 0.0, "Cost": 0.1, "Interaction Types": ["Clicks"], "Video played to 75%": 0.0, "Video played to 25%": 0.0, "Campaign state": "paused", "Avg. CPE": 0.0, "Account Name": "[W] G1 - WPL - vc360", "Impressions": 4}, {"View rate": 0.0, "Campaign": "Gen-term_MT-G-NV_game nhap vai hay nh\u1ea5t-bmm", "Unique cookies": "", "Dept": "WPL", "Bid Strategy Type": "cpc", "Views": 0, "Video played to 50%": 0.0, "CTR": 33.33, "Conversions": 2.0, "Account ID": "6493618146", "Clicks": 3, "Interaction Rate": 33.33, "Avg. position": 1.1, "Advertising Channel": "Search", "Advertising Sub Channel": "", "Campaign ID": 718374656, "Avg. CPV": 0.0, "Campaign serving status": "eligible", "Avg. CPM": 36.666667, "Invalid clicks": 0, "End date": "", "Avg. Cost": 0.11, "Start date": "2016-12-15", "Mapping": false, "Engagements": 0, "Avg. CPC": 0.11, "Interactions": 3, "Date": "2017-03-02", "Video played to 100%": 0.0, "Cost": 0.33, "Interaction Types": ["Clicks"], "Video played to 75%": 0.0, "Video played to 25%": 0.0, "Campaign state": "paused", "Avg. CPE": 0.0, "Account Name": "[W] G1 - WPL - vc360", "Impressions": 9}, {"View rate": 0.0, "Campaign": "Gen-term_FH-G-NEW_game m\u1edbi-bmm", "Unique cookies": "", "Dept": "WPL", "Bid Strategy Type": "cpc", "Views": 0, "Video played to 50%": 0.0, "CTR": 33.33, "Conversions": 0.0, "Account ID": "6493618146", "Clicks": 1, "Interaction Rate": 33.33, "Avg. position": 2.7, "Advertising Channel": "Search", "Advertising Sub Channel": "", "Campaign ID": 718374125, "Avg. CPV": 0.0, "Campaign serving status": "eligible", "Avg. CPM": 33.333333, "Invalid clicks": 0, "End date": "", "Avg. Cost": 0.1, "Start date": "2016-12-15", "Mapping": false, "Engagements": 0, "Avg. CPC": 0.1, "Interactions": 1, "Date": "2017-03-02", "Video played to 100%": 0.0, "Cost": 0.1, "Interaction Types": ["Clicks"], "Video played to 75%": 0.0, "Video played to 25%": 0.0, "Campaign state": "paused", "Avg. CPE": 0.0, "Account Name": "[W] G1 - WPL - vc360", "Impressions": 3}, {"View rate": 0.0, "Campaign": "Gen-term_MT-G-KH_game kiem hiep online-phr", "Unique cookies": "", "Dept": "WPL", "Bid Strategy Type": "cpc", "Views": 0, "Video played to 50%": 0.0, "CTR": 20.0, "Conversions": 0.0, "Account ID": "6493618146", "Clicks": 1, "Interaction Rate": 20.0, "Avg. position": 1.0, "Advertising Channel": "Search", "Advertising Sub Channel": "", "Campaign ID": 718375863, "Avg. CPV": 0.0, "Campaign serving status": "eligible", "Avg. CPM": 30.0, "Invalid clicks": 0, "End date": "", "Avg. Cost": 0.15, "Start date": "2016-12-15", "Mapping": false, "Engagements": 0, "Avg. CPC": 0.15, "Interactions": 1, "Date": "2017-03-02", "Video played to 100%": 0.0, "Cost": 0.15, "Interaction Types": ["Clicks"], "Video played to 75%": 0.0, "Video played to 25%": 0.0, "Campaign state": "paused", "Avg. CPE": 0.0, "Account Name": "[W] G1 - WPL - vc360", "Impressions": 5}, {"View rate": 0.0, "Campaign": "Gen-term_MT-G-KH_game kiem hiep 3d-phr", "Unique cookies": "", "Dept": "WPL", "Bid Strategy Type": "cpc", "Views": 0, "Video played to 50%": 0.0, "CTR": 14.29, "Conversions": 0.0, "Account ID": "6493618146", "Clicks": 1, "Interaction Rate": 14.29, "Avg. position": 1.4, "Advertising Channel": "Search", "Advertising Sub Channel": "", "Campaign ID": 718375884, "Avg. CPV": 0.0, "Campaign serving status": "eligible", "Avg. CPM": 11.428571, "Invalid clicks": 0, "End date": "", "Avg. Cost": 0.08, "Start date": "2016-12-15", "Mapping": false, "Engagements": 0, "Avg. CPC": 0.08, "Interactions": 1, "Date": "2017-03-02", "Video played to 100%": 0.0, "Cost": 0.08, "Interaction Types": ["Clicks"], "Video played to 75%": 0.0, "Video played to 25%": 0.0, "Campaign state": "paused", "Avg. CPE": 0.0, "Account Name": "[W] G1 - WPL - vc360", "Impressions": 7}, {"View rate": 0.0, "Campaign": "Gen-term_MT-G-GO_game online nh\u1eadp vai-bmm", "Unique cookies": "", "Dept": "WPL", "Bid Strategy Type": "cpc", "Views": 0, "Video played to 50%": 0.0, "CTR": 11.11, "Conversions": 0.0, "Account ID": "6493618146", "Clicks": 1, "Interaction Rate": 11.11, "Avg. position": 1.2, "Advertising Channel": "Search", "Advertising Sub Channel": "", "Campaign ID": 718376054, "Avg. CPV": 0.0, "Campaign serving status": "eligible", "Avg. CPM": 11.111111, "Invalid clicks": 0, "End date": "", "Avg. Cost": 0.1, "Start date": "2016-12-15", "Mapping": false, "Engagements": 0, "Avg. CPC": 0.1, "Interactions": 1, "Date": "2017-03-02", "Video played to 100%": 0.0, "Cost": 0.1, "Interaction Types": ["Clicks"], "Video played to 75%": 0.0, "Video played to 25%": 0.0, "Campaign state": "paused", "Avg. CPE": 0.0, "Account Name": "[W] G1 - WPL - vc360", "Impressions": 9}, {"View rate": 0.0, "Campaign": "Gen-term_MT-G-KH_game ki\u1ebfm hi\u1ec7p v\u00f5 l\u00e2m-bmm", "Unique cookies": "", "Dept": "WPL", "Bid Strategy Type": "cpc", "Views": 0, "Video played to 50%": 0.0, "CTR": 50.0, "Conversions": 0.0, "Account ID": "6493618146", "Clicks": 1, "Interaction Rate": 50.0, "Avg. position": 1.0, "Advertising Channel": "Search", "Advertising Sub Channel": "", "Campaign ID": 718380126, "Avg. CPV": 0.0, "Campaign serving status": "eligible", "Avg. CPM": 25.0, "Invalid clicks": 0, "End date": "", "Avg. Cost": 0.05, "Start date": "2016-12-15", "Mapping": false, "Engagements": 0, "Avg. CPC": 0.05, "Interactions": 1, "Date": "2017-03-02", "Video played to 100%": 0.0, "Cost": 0.05, "Interaction Types": ["Clicks"], "Video played to 75%": 0.0, "Video played to 25%": 0.0, "Campaign state": "paused", "Avg. CPE": 0.0, "Account Name": "[W] G1 - WPL - vc360", "Impressions": 2}, {"View rate": 0.0, "Campaign": "Gen-term_MT-G-TH_game ti\u00ean hi\u1ec7p hay-bmm", "Unique cookies": "", "Dept": "WPL", "Bid Strategy Type": "cpc", "Views": 0, "Video played to 50%": 0.0, "CTR": 50.0, "Conversions": 0.0, "Account ID": "6493618146", "Clicks": 1, "Interaction Rate": 50.0, "Avg. position": 1.0, "Advertising Channel": "Search", "Advertising Sub Channel": "", "Campaign ID": 718380636, "Avg. CPV": 0.0, "Campaign serving status": "eligible", "Avg. CPM": 100.0, "Invalid clicks": 0, "End date": "", "Avg. Cost": 0.2, "Start date": "2016-12-15", "Mapping": false, "Engagements": 0, "Avg. CPC": 0.2, "Interactions": 1, "Date": "2017-03-02", "Video played to 100%": 0.0, "Cost": 0.2, "Interaction Types": ["Clicks"], "Video played to 75%": 0.0, "Video played to 25%": 0.0, "Campaign state": "paused", "Avg. CPE": 0.0, "Account Name": "[W] G1 - WPL - vc360", "Impressions": 2}, {"View rate": 0.0, "Campaign": "Gen-term_MT-G-3D_game 3d m\u00e1y t\u00ednh-bmm", "Unique cookies": "", "Dept": "WPL", "Bid Strategy Type": "cpc", "Views": 0, "Video played to 50%": 0.0, "CTR": 20.0, "Conversions": 0.0, "Account ID": "6493618146", "Clicks": 1, "Interaction Rate": 20.0, "Avg. position": 1.0, "Advertising Channel": "Search", "Advertising Sub Channel": "", "Campaign ID": 718382391, "Avg. CPV": 0.0, "Campaign serving status": "eligible", "Avg. CPM": 24.0, "Invalid clicks": 0, "End date": "", "Avg. Cost": 0.12, "Start date": "2016-12-15", "Mapping": false, "Engagements": 0, "Avg. CPC": 0.12, "Interactions": 1, "Date": "2017-03-02", "Video played to 100%": 0.0, "Cost": 0.12, "Interaction Types": ["Clicks"], "Video played to 75%": 0.0, "Video played to 25%": 0.0, "Campaign state": "paused", "Avg. CPE": 0.0, "Account Name": "[W] G1 - WPL - vc360", "Impressions": 5}, {"View rate": 0.0, "Campaign": "Gen-term_MT-G-KH_game ki\u1ebfm hi\u1ec7p online-phr", "Unique cookies": "", "Dept": "WPL", "Bid Strategy Type": "cpc", "Views": 0, "Video played to 50%": 0.0, "CTR": 25.0, "Conversions": 1.0, "Account ID": "6493618146", "Clicks": 2, "Interaction Rate": 25.0, "Avg. position": 1.0, "Advertising Channel": "Search", "Advertising Sub Channel": "", "Campaign ID": 718375635, "Avg. CPV": 0.0, "Campaign serving status": "eligible", "Avg. CPM": 73.75, "Invalid clicks": 0, "End date": "", "Avg. Cost": 0.295, "Start date": "2016-12-15", "Mapping": false, "Engagements": 0, "Avg. CPC": 0.295, "Interactions": 2, "Date": "2017-03-02", "Video played to 100%": 0.0, "Cost": 0.59, "Interaction Types": ["Clicks"], "Video played to 75%": 0.0, "Video played to 25%": 0.0, "Campaign state": "paused", "Avg. CPE": 0.0, "Account Name": "[W] G1 - WPL - vc360", "Impressions": 8}, {"View rate": 0.0, "Campaign": "Gen-term_MT-G-MT_game m\u00e1y t\u00ednh 3d-bmm", "Unique cookies": "", "Dept": "WPL", "Bid Strategy Type": "cpc", "Views": 0, "Video played to 50%": 0.0, "CTR": 25.0, "Conversions": 0.0, "Account ID": "6493618146", "Clicks": 1, "Interaction Rate": 25.0, "Avg. position": 1.3, "Advertising Channel": "Search", "Advertising Sub Channel": "", "Campaign ID": 718376375, "Avg. CPV": 0.0, "Campaign serving status": "eligible", "Avg. CPM": 80.0, "Invalid clicks": 0, "End date": "", "Avg. Cost": 0.32, "Start date": "2016-12-15", "Mapping": false, "Engagements": 0, "Avg. CPC": 0.32, "Interactions": 1, "Date": "2017-03-02", "Video played to 100%": 0.0, "Cost": 0.32, "Interaction Types": ["Clicks"], "Video played to 75%": 0.0, "Video played to 25%": 0.0, "Campaign state": "paused", "Avg. CPE": 0.0, "Account Name": "[W] G1 - WPL - vc360", "Impressions": 4}, {"View rate": 0.0, "Campaign": "Gen-term_MT-G-CT_game chi\u1ebfn thu\u1eadt 2016-bmm", "Unique cookies": "", "Dept": "WPL", "Bid Strategy Type": "cpc", "Views": 0, "Video played to 50%": 0.0, "CTR": 50.0, "Conversions": 0.0, "Account ID": "6493618146", "Clicks": 1, "Interaction Rate": 50.0, "Avg. position": 1.0, "Advertising Channel": "Search", "Advertising Sub Channel": "", "Campaign ID": 718377795, "Avg. CPV": 0.0, "Campaign serving status": "eligible", "Avg. CPM": 190.0, "Invalid clicks": 0, "End date": "", "Avg. Cost": 0.38, "Start date": "2016-12-15", "Mapping": false, "Engagements": 0, "Avg. CPC": 0.38, "Interactions": 1, "Date": "2017-03-02", "Video played to 100%": 0.0, "Cost": 0.38, "Interaction Types": ["Clicks"], "Video played to 75%": 0.0, "Video played to 25%": 0.0, "Campaign state": "paused", "Avg. CPE": 0.0, "Account Name": "[W] G1 - WPL - vc360", "Impressions": 2}, {"View rate": 0.0, "Campaign": "Gen-term_MT-G-CT_game chi\u1ebfn thu\u1eadt moi nhat-bmm", "Unique cookies": "", "Dept": "WPL", "Bid Strategy Type": "cpc", "Views": 0, "Video played to 50%": 0.0, "CTR": 12.5, "Conversions": 1.0, "Account ID": "6493618146", "Clicks": 1, "Interaction Rate": 12.5, "Avg. position": 1.0, "Advertising Channel": "Search", "Advertising Sub Channel": "", "Campaign ID": 718377804, "Avg. CPV": 0.0, "Campaign serving status": "eligible", "Avg. CPM": 36.25, "Invalid clicks": 0, "End date": "", "Avg. Cost": 0.29, "Start date": "2016-12-15", "Mapping": false, "Engagements": 0, "Avg. CPC": 0.29, "Interactions": 1, "Date": "2017-03-02", "Video played to 100%": 0.0, "Cost": 0.29, "Interaction Types": ["Clicks"], "Video played to 75%": 0.0, "Video played to 25%": 0.0, "Campaign state": "paused", "Avg. CPE": 0.0, "Account Name": "[W] G1 - WPL - vc360", "Impressions": 8}, {"View rate": 0.0, "Campaign": "Gen-term_FH-WG-BM-MOR", "Unique cookies": "", "Dept": "WPL", "Bid Strategy Type": "cpc", "Views": 0, "Video played to 50%": 0.0, "CTR": 17.15, "Conversions": 15.0, "Account ID": "6493618146", "Clicks": 71, "Interaction Rate": 17.15, "Avg. position": 1.5, "Advertising Channel": "Search", "Advertising Sub Channel": "", "Campaign ID": 718378202, "Avg. CPV": 0.0, "Campaign serving status": "eligible", "Avg. CPM": 7.94686, "Invalid clicks": 4, "End date": "", "Avg. Cost": 0.046338, "Start date": "2016-12-15", "Mapping": false, "Engagements": 0, "Avg. CPC": 0.046338, "Interactions": 71, "Date": "2017-03-02", "Video played to 100%": 0.0, "Cost": 3.29, "Interaction Types": ["Clicks"], "Video played to 75%": 0.0, "Video played to 25%": 0.0, "Campaign state": "paused", "Avg. CPE": 0.0, "Account Name": "[W] G1 - WPL - vc360", "Impressions": 414}, {"View rate": 0.0, "Campaign": "Gen-term_360Game-BM-Mor", "Unique cookies": "", "Dept": "WPL", "Bid Strategy Type": "cpc", "Views": 0, "Video played to 50%": 0.0, "CTR": 28.12, "Conversions": 10.0, "Account ID": "6493618146", "Clicks": 160, "Interaction Rate": 28.12, "Avg. position": 1.1, "Advertising Channel": "Search", "Advertising Sub Channel": "", "Campaign ID": 718378223, "Avg. CPV": 0.0, "Campaign serving status": "eligible", "Avg. CPM": 6.309315, "Invalid clicks": 2, "End date": "", "Avg. Cost": 0.022438, "Start date": "2016-12-15", "Mapping": false, "Engagements": 0, "Avg. CPC": 0.022438, "Interactions": 160, "Date": "2017-03-02", "Video played to 100%": 0.0, "Cost": 3.59, "Interaction Types": ["Clicks"], "Video played to 75%": 0.0, "Video played to 25%": 0.0, "Campaign state": "paused", "Avg. CPE": 0.0, "Account Name": "[W] G1 - WPL - vc360", "Impressions": 569}, {"View rate": 0.0, "Campaign": "Gen-term_MT-G-VL_game v\u00f5 l\u00e2m m\u1edbi nh\u1ea5t-bmm", "Unique cookies": "", "Dept": "WPL", "Bid Strategy Type": "cpc", "Views": 0, "Video played to 50%": 0.0, "CTR": 55.56, "Conversions": 1.0, "Account ID": "6493618146", "Clicks": 5, "Interaction Rate": 55.56, "Avg. position": 1.0, "Advertising Channel": "Search", "Advertising Sub Channel": "", "Campaign ID": 718381134, "Avg. CPV": 0.0, "Campaign serving status": "eligible", "Avg. CPM": 107.777778, "Invalid clicks": 0, "End date": "", "Avg. Cost": 0.194, "Start date": "2016-12-15", "Mapping": false, "Engagements": 0, "Avg. CPC": 0.194, "Interactions": 5, "Date": "2017-03-02", "Video played to 100%": 0.0, "Cost": 0.97, "Interaction Types": ["Clicks"], "Video played to 75%": 0.0, "Video played to 25%": 0.0, "Campaign state": "paused", "Avg. CPE": 0.0, "Account Name": "[W] G1 - WPL - vc360", "Impressions": 9}, {"View rate": 0.0, "Campaign": "Gen-term_MT-G-GO_game online 3d-phr", "Unique cookies": "", "Dept": "WPL", "Bid Strategy Type": "cpc", "Views": 0, "Video played to 50%": 0.0, "CTR": 20.0, "Conversions": 0.0, "Account ID": "6493618146", "Clicks": 1, "Interaction Rate": 20.0, "Avg. position": 1.2, "Advertising Channel": "Search", "Advertising Sub Channel": "", "Campaign ID": 718377729, "Avg. CPV": 0.0, "Campaign serving status": "eligible", "Avg. CPM": 34.0, "Invalid clicks": 0, "End date": "", "Avg. Cost": 0.17, "Start date": "2016-12-15", "Mapping": false, "Engagements": 0, "Avg. CPC": 0.17, "Interactions": 1, "Date": "2017-03-02", "Video played to 100%": 0.0, "Cost": 0.17, "Interaction Types": ["Clicks"], "Video played to 75%": 0.0, "Video played to 25%": 0.0, "Campaign state": "paused", "Avg. CPE": 0.0, "Account Name": "[W] G1 - WPL - vc360", "Impressions": 5}, {"View rate": 0.0, "Campaign": "Gen-term_MT-W-2D_webgame 2d hay-bmm", "Unique cookies": "", "Dept": "WPL", "Bid Strategy Type": "cpc", "Views": 0, "Video played to 50%": 0.0, "CTR": 100.0, "Conversions": 1.0, "Account ID": "6493618146", "Clicks": 1, "Interaction Rate": 100.0, "Avg. position": 1.0, "Advertising Channel": "Search", "Advertising Sub Channel": "", "Campaign ID": 718383060, "Avg. CPV": 0.0, "Campaign serving status": "eligible", "Avg. CPM": 100.0, "Invalid clicks": 0, "End date": "", "Avg. Cost": 0.1, "Start date": "2016-12-15", "Mapping": false, "Engagements": 0, "Avg. CPC": 0.1, "Interactions": 1, "Date": "2017-03-02", "Video played to 100%": 0.0, "Cost": 0.1, "Interaction Types": ["Clicks"], "Video played to 75%": 0.0, "Video played to 25%": 0.0, "Campaign state": "paused", "Avg. CPE": 0.0, "Account Name": "[W] G1 - WPL - vc360", "Impressions": 1}, {"View rate": 0.0, "Campaign": "Gen-term_MT-Game-BMM-MOR", "Unique cookies": "", "Dept": "WPL", "Bid Strategy Type": "cpc", "Views": 0, "Video played to 50%": 0.0, "CTR": 11.11, "Conversions": 1.0, "Account ID": "6493618146", "Clicks": 1, "Interaction Rate": 11.11, "Avg. position": 1.1, "Advertising Channel": "Search", "Advertising Sub Channel": "", "Campaign ID": 718383735, "Avg. CPV": 0.0, "Campaign serving status": "eligible", "Avg. CPM": 4.444444, "Invalid clicks": 0, "End date": "", "Avg. Cost": 0.04, "Start date": "2016-12-15", "Mapping": false, "Engagements": 0, "Avg. CPC": 0.04, "Interactions": 1, "Date": "2017-03-02", "Video played to 100%": 0.0, "Cost": 0.04, "Interaction Types": ["Clicks"], "Video played to 75%": 0.0, "Video played to 25%": 0.0, "Campaign state": "paused", "Avg. CPE": 0.0, "Account Name": "[W] G1 - WPL - vc360", "Impressions": 9}, {"View rate": 0.0, "Campaign": "Gen-term_FH-Game-BMM-MOR", "Unique cookies": "", "Dept": "WPL", "Bid Strategy Type": "cpc", "Views": 0, "Video played to 50%": 0.0, "CTR": 40.0, "Conversions": 0.0, "Account ID": "6493618146", "Clicks": 2, "Interaction Rate": 40.0, "Avg. position": 2.6, "Advertising Channel": "Search", "Advertising Sub Channel": "", "Campaign ID": 718383744, "Avg. CPV": 0.0, "Campaign serving status": "eligible", "Avg. CPM": 20.0, "Invalid clicks": 0, "End date": "", "Avg. Cost": 0.05, "Start date": "2016-12-15", "Mapping": false, "Engagements": 0, "Avg. CPC": 0.05, "Interactions": 2, "Date": "2017-03-02", "Video played to 100%": 0.0, "Cost": 0.1, "Interaction Types": ["Clicks"], "Video played to 75%": 0.0, "Video played to 25%": 0.0, "Campaign state": "paused", "Avg. CPE": 0.0, "Account Name": "[W] G1 - WPL - vc360", "Impressions": 5}, {"View rate": 0.0, "Campaign": "Gen-term_FH-GO-BMM-MOR", "Unique cookies": "", "Dept": "WPL", "Bid Strategy Type": "cpc", "Views": 0, "Video played to 50%": 0.0, "CTR": 25.0, "Conversions": 0.0, "Account ID": "6493618146", "Clicks": 6, "Interaction Rate": 25.0, "Avg. position": 1.4, "Advertising Channel": "Search", "Advertising Sub Channel": "", "Campaign ID": 718383750, "Avg. CPV": 0.0, "Campaign serving status": "eligible", "Avg. CPM": 7.083333, "Invalid clicks": 2, "End date": "", "Avg. Cost": 0.028333, "Start date": "2016-12-15", "Mapping": false, "Engagements": 0, "Avg. CPC": 0.028333, "Interactions": 6, "Date": "2017-03-02", "Video played to 100%": 0.0, "Cost": 0.17, "Interaction Types": ["Clicks"], "Video played to 75%": 0.0, "Video played to 25%": 0.0, "Campaign state": "paused", "Avg. CPE": 0.0, "Account Name": "[W] G1 - WPL - vc360", "Impressions": 24}, {"View rate": 0.0, "Campaign": "", "Unique cookies": "", "Dept": "WPL", "Bid Strategy Type": "", "Views": 0, "Video played to 50%": 0.0, "CTR": 43.34, "Conversions": 220.0, "Account ID": "6493618146", "Clicks": 3735, "Interaction Rate": 43.34, "Avg. position": 1.2, "Advertising Channel": "", "Advertising Sub Channel": "", "Campaign ID": "", "Avg. CPV": 0.0, "Campaign serving status": "", "Avg. CPM": 8.733898, "Invalid clicks": 93, "End date": "", "Avg. Cost": 0.02015, "Start date": "", "Mapping": false, "Engagements": 0, "Avg. CPC": 0.02015, "Interactions": 3735, "Date": "2017-03-02", "Video played to 100%": 0.0, "Cost": 75.26, "Interaction Types": "", "Video played to 75%": 0.0, "Video played to 25%": 0.0, "Campaign state": "Total", "Avg. CPE": 0.0, "Account Name": "[W] G1 - WPL - vc360", "Impressions": 8617}]