[{"Campaign serving status": "eligible", "Advertising Channel": "Search", "Views": 0, "Avg. CPC": 0.035217, "Video played to 75%": 0.0, "Campaign state": "paused", "Video played to 50%": 0.0, "Interaction Rate": 44.23, "Mapping": false, "Account ID": "6493618146", "Start date": "2016-12-15", "Avg. CPE": 0.0, "Account Name": "[W] G1 - WPL - vc360", "Impressions": 52, "Video played to 25%": 0.0, "Engagements": 0, "Conversions": 1.0, "Video played to 100%": 0.0, "Avg. Cost": 0.035217, "Interactions": 23, "Clicks": 23, "Avg. CPV": 0.0, "Unique cookies": "", "Invalid clicks": 0, "Advertising Sub Channel": "", "Interaction Types": ["Clicks"], "Avg. position": 1.0, "Date": "2017-03-02", "CTR": 44.23, "Dept": "WPL", "View rate": 0.0, "Bid Strategy Type": "cpc", "Cost": 0.81, "Campaign ID": "718037242", "Avg. CPM": 15.576923, "Campaign": "Brand-term_VC-bmm-MOR", "End date": ""}, {"Campaign serving status": "eligible", "Advertising Channel": "Search", "Views": 0, "Avg. CPC": 0.06, "Video played to 75%": 0.0, "Campaign state": "paused", "Video played to 50%": 0.0, "Interaction Rate": 12.5, "Mapping": false, "Account ID": "6493618146", "Start date": "2016-12-15", "Avg. CPE": 0.0, "Account Name": "[W] G1 - WPL - vc360", "Impressions": 8, "Video played to 25%": 0.0, "Engagements": 0, "Conversions": 1.0, "Video played to 100%": 0.0, "Avg. Cost": 0.06, "Interactions": 1, "Clicks": 1, "Avg. CPV": 0.0, "Unique cookies": "", "Invalid clicks": 0, "Advertising Sub Channel": "", "Interaction Types": ["Clicks"], "Avg. position": 2.4, "Date": "2017-03-02", "CTR": 12.5, "Dept": "WPL", "View rate": 0.0, "Bid Strategy Type": "cpc", "Cost": 0.06, "Campaign ID": "718037470", "Avg. CPM": 7.5, "Campaign": "Gen-term_FH-G-HAY_game hay-ex", "End date": ""}, {"Campaign serving status": "eligible", "Advertising Channel": "Search", "Views": 0, "Avg. CPC": 0.0675, "Video played to 75%": 0.0, "Campaign state": "paused", "Video played to 50%": 0.0, "Interaction Rate": 16.0, "Mapping": false, "Account ID": "6493618146", "Start date": "2016-12-15", "Avg. CPE": 0.0, "Account Name": "[W] G1 - WPL - vc360", "Impressions": 50, "Video played to 25%": 0.0, "Engagements": 0, "Conversions": 4.0, "Video played to 100%": 0.0, "Avg. Cost": 0.0675, "Interactions": 8, "Clicks": 8, "Avg. CPV": 0.0, "Unique cookies": "", "Invalid clicks": 0, "Advertising Sub Channel": "", "Interaction Types": ["Clicks"], "Avg. position": 2.1, "Date": "2017-03-02", "CTR": 16.0, "Dept": "WPL", "View rate": 0.0, "Bid Strategy Type": "cpc", "Cost": 0.54, "Campaign ID": "718037431", "Avg. CPM": 10.8, "Campaign": "Gen-term_FH-G-GO_game online-ex", "End date": ""}, {"Campaign serving status": "eligible", "Advertising Channel": "Search", "Views": 0, "Avg. CPC": 0.145, "Video played to 75%": 0.0, "Campaign state": "paused", "Video played to 50%": 0.0, "Interaction Rate": 66.67, "Mapping": false, "Account ID": "6493618146", "Start date": "2016-12-15", "Avg. CPE": 0.0, "Account Name": "[W] G1 - WPL - vc360", "Impressions": 3, "Video played to 25%": 0.0, "Engagements": 0, "Conversions": 0.0, "Video played to 100%": 0.0, "Avg. Cost": 0.145, "Interactions": 2, "Clicks": 2, "Avg. CPV": 0.0, "Unique cookies": "", "Invalid clicks": 0, "Advertising Sub Channel": "", "Interaction Types": ["Clicks"], "Avg. position": 1.0, "Date": "2017-03-02", "CTR": 66.67, "Dept": "WPL", "View rate": 0.0, "Bid Strategy Type": "cpc", "Cost": 0.29, "Campaign ID": "718037995", "Avg. CPM": 96.666667, "Campaign": "Gen-term_MT-G-NV_game nhap vai hay nhat-ex", "End date": ""}, {"Campaign serving status": "eligible", "Advertising Channel": "Search", "Views": 0, "Avg. CPC": 0.12, "Video played to 75%": 0.0, "Campaign state": "paused", "Video played to 50%": 0.0, "Interaction Rate": 33.33, "Mapping": false, "Account ID": "6493618146", "Start date": "2016-12-15", "Avg. CPE": 0.0, "Account Name": "[W] G1 - WPL - vc360", "Impressions": 3, "Video played to 25%": 0.0, "Engagements": 0, "Conversions": 1.0, "Video played to 100%": 0.0, "Avg. Cost": 0.12, "Interactions": 1, "Clicks": 1, "Avg. CPV": 0.0, "Unique cookies": "", "Invalid clicks": 0, "Advertising Sub Channel": "", "Interaction Types": ["Clicks"], "Avg. position": 1.0, "Date": "2017-03-02", "CTR": 33.33, "Dept": "WPL", "View rate": 0.0, "Bid Strategy Type": "cpc", "Cost": 0.12, "Campaign ID": "718365815", "Avg. CPM": 40.0, "Campaign": "Gen-term_MT-G-KH_game ki\u1ebfm hi\u1ec7p 2016-ex", "End date": ""}, {"Campaign serving status": "eligible", "Advertising Channel": "Search", "Views": 0, "Avg. CPC": 0.07, "Video played to 75%": 0.0, "Campaign state": "paused", "Video played to 50%": 0.0, "Interaction Rate": 20.0, "Mapping": false, "Account ID": "6493618146", "Start date": "2016-12-15", "Avg. CPE": 0.0, "Account Name": "[W] G1 - WPL - vc360", "Impressions": 5, "Video played to 25%": 0.0, "Engagements": 0, "Conversions": 0.0, "Video played to 100%": 0.0, "Avg. Cost": 0.07, "Interactions": 1, "Clicks": 1, "Avg. CPV": 0.0, "Unique cookies": "", "Invalid clicks": 0, "Advertising Sub Channel": "", "Interaction Types": ["Clicks"], "Avg. position": 1.0, "Date": "2017-03-02", "CTR": 20.0, "Dept": "WPL", "View rate": 0.0, "Bid Strategy Type": "cpc", "Cost": 0.07, "Campaign ID": "718368629", "Avg. CPM": 14.0, "Campaign": "Gen-term_FH-G-NV_game nh\u1eadp vai-phr", "End date": ""}, {"Campaign serving status": "eligible", "Advertising Channel": "Search", "Views": 0, "Avg. CPC": 0.1, "Video played to 75%": 0.0, "Campaign state": "paused", "Video played to 50%": 0.0, "Interaction Rate": 42.86, "Mapping": false, "Account ID": "6493618146", "Start date": "2016-12-15", "Avg. CPE": 0.0, "Account Name": "[W] G1 - WPL - vc360", "Impressions": 7, "Video played to 25%": 0.0, "Engagements": 0, "Conversions": 0.0, "Video played to 100%": 0.0, "Avg. Cost": 0.1, "Interactions": 3, "Clicks": 3, "Avg. CPV": 0.0, "Unique cookies": "", "Invalid clicks": 0, "Advertising Sub Channel": "", "Interaction Types": ["Clicks"], "Avg. position": 1.1, "Date": "2017-03-02", "CTR": 42.86, "Dept": "WPL", "View rate": 0.0, "Bid Strategy Type": "cpc", "Cost": 0.3, "Campaign ID": "718368662", "Avg. CPM": 42.857143, "Campaign": "Gen-term_FH-G-KH_game ki\u1ebfm hi\u1ec7p-phr", "End date": ""}, {"Campaign serving status": "eligible", "Advertising Channel": "Search", "Views": 0, "Avg. CPC": 0.017937, "Video played to 75%": 0.0, "Campaign state": "enabled", "Video played to 50%": 0.0, "Interaction Rate": 51.22, "Mapping": false, "Account ID": "6493618146", "Start date": "2016-12-15", "Avg. CPE": 0.0, "Account Name": "[W] G1 - WPL - vc360", "Impressions": 369, "Video played to 25%": 0.0, "Engagements": 0, "Conversions": 5.0, "Video played to 100%": 0.0, "Avg. Cost": 0.017937, "Interactions": 189, "Clicks": 189, "Avg. CPV": 0.0, "Unique cookies": "", "Invalid clicks": 5, "Advertising Sub Channel": "", "Interaction Types": ["Clicks"], "Avg. position": 1.0, "Date": "2017-03-02", "CTR": 51.22, "Dept": "WPL", "View rate": 0.0, "Bid Strategy Type": "cpc", "Cost": 3.39, "Campaign ID": "718037248", "Avg. CPM": 9.186992, "Campaign": "Brand-term_VC-ex-MOR", "End date": ""}, {"Campaign serving status": "eligible", "Advertising Channel": "Search", "Views": 0, "Avg. CPC": 0.132, "Video played to 75%": 0.0, "Campaign state": "paused", "Video played to 50%": 0.0, "Interaction Rate": 31.25, "Mapping": false, "Account ID": "6493618146", "Start date": "2016-12-15", "Avg. CPE": 0.0, "Account Name": "[W] G1 - WPL - vc360", "Impressions": 16, "Video played to 25%": 0.0, "Engagements": 0, "Conversions": 1.0, "Video played to 100%": 0.0, "Avg. Cost": 0.132, "Interactions": 5, "Clicks": 5, "Avg. CPV": 0.0, "Unique cookies": "", "Invalid clicks": 0, "Advertising Sub Channel": "", "Interaction Types": ["Clicks"], "Avg. position": 1.0, "Date": "2017-03-02", "CTR": 31.25, "Dept": "WPL", "View rate": 0.0, "Bid Strategy Type": "cpc", "Cost": 0.66, "Campaign ID": "718037401", "Avg. CPM": 41.25, "Campaign": "Gen-term_FH-G-3Q_game 3q-ex", "End date": ""}, {"Campaign serving status": "eligible", "Advertising Channel": "Search", "Views": 0, "Avg. CPC": 0.18, "Video played to 75%": 0.0, "Campaign state": "paused", "Video played to 50%": 0.0, "Interaction Rate": 20.0, "Mapping": false, "Account ID": "6493618146", "Start date": "2016-12-15", "Avg. CPE": 0.0, "Account Name": "[W] G1 - WPL - vc360", "Impressions": 5, "Video played to 25%": 0.0, "Engagements": 0, "Conversions": 0.0, "Video played to 100%": 0.0, "Avg. Cost": 0.18, "Interactions": 1, "Clicks": 1, "Avg. CPV": 0.0, "Unique cookies": "", "Invalid clicks": 0, "Advertising Sub Channel": "", "Interaction Types": ["Clicks"], "Avg. position": 1.0, "Date": "2017-03-02", "CTR": 20.0, "Dept": "WPL", "View rate": 0.0, "Bid Strategy Type": "cpc", "Cost": 0.18, "Campaign ID": "718044850", "Avg. CPM": 36.0, "Campaign": "Gen-term_FH-G-TH_game ti\u00ean hi\u1ec7p-bmm", "End date": ""}, {"Campaign serving status": "eligible", "Advertising Channel": "Search", "Views": 0, "Avg. CPC": 0.075, "Video played to 75%": 0.0, "Campaign state": "paused", "Video played to 50%": 0.0, "Interaction Rate": 4.88, "Mapping": false, "Account ID": "6493618146", "Start date": "2016-12-15", "Avg. CPE": 0.0, "Account Name": "[W] G1 - WPL - vc360", "Impressions": 123, "Video played to 25%": 0.0, "Engagements": 0, "Conversions": 1.0, "Video played to 100%": 0.0, "Avg. Cost": 0.075, "Interactions": 6, "Clicks": 6, "Avg. CPV": 0.0, "Unique cookies": "", "Invalid clicks": 1, "Advertising Sub Channel": "", "Interaction Types": ["Clicks"], "Avg. position": 3.2, "Date": "2017-03-02", "CTR": 4.88, "Dept": "WPL", "View rate": 0.0, "Bid Strategy Type": "cpc", "Cost": 0.45, "Campaign ID": "718368689", "Avg. CPM": 3.658537, "Campaign": "Gen-term_FH-G-GO_game online-phr", "End date": ""}, {"Campaign serving status": "eligible", "Advertising Channel": "Search", "Views": 0, "Avg. CPC": 0.155, "Video played to 75%": 0.0, "Campaign state": "paused", "Video played to 50%": 0.0, "Interaction Rate": 40.0, "Mapping": false, "Account ID": "6493618146", "Start date": "2016-12-15", "Avg. CPE": 0.0, "Account Name": "[W] G1 - WPL - vc360", "Impressions": 5, "Video played to 25%": 0.0, "Engagements": 0, "Conversions": 2.0, "Video played to 100%": 0.0, "Avg. Cost": 0.155, "Interactions": 2, "Clicks": 2, "Avg. CPV": 0.0, "Unique cookies": "", "Invalid clicks": 0, "Advertising Sub Channel": "", "Interaction Types": ["Clicks"], "Avg. position": 1.0, "Date": "2017-03-02", "CTR": 40.0, "Dept": "WPL", "View rate": 0.0, "Bid Strategy Type": "cpc", "Cost": 0.31, "Campaign ID": "718369124", "Avg. CPM": 62.0, "Campaign": "Gen-term_MT-G-NV_game nh\u1eadp vai online-phr", "End date": ""}, {"Campaign serving status": "eligible", "Advertising Channel": "Search", "Views": 0, "Avg. CPC": 0.01, "Video played to 75%": 0.0, "Campaign state": "paused", "Video played to 50%": 0.0, "Interaction Rate": 9.09, "Mapping": false, "Account ID": "6493618146", "Start date": "2016-12-15", "Avg. CPE": 0.0, "Account Name": "[W] G1 - WPL - vc360", "Impressions": 11, "Video played to 25%": 0.0, "Engagements": 0, "Conversions": 0.0, "Video played to 100%": 0.0, "Avg. Cost": 0.01, "Interactions": 1, "Clicks": 1, "Avg. CPV": 0.0, "Unique cookies": "", "Invalid clicks": 0, "Advertising Sub Channel": "", "Interaction Types": ["Clicks"], "Avg. position": 1.4, "Date": "2017-03-02", "CTR": 9.09, "Dept": "WPL", "View rate": 0.0, "Bid Strategy Type": "cpc", "Cost": 0.01, "Campaign ID": "718368959", "Avg. CPM": 0.909091, "Campaign": "Gen-term_FH-W-HAY_webgame hay-phr", "End date": ""}, {"Campaign serving status": "eligible", "Advertising Channel": "Search", "Views": 0, "Avg. CPC": 0.014787, "Video played to 75%": 0.0, "Campaign state": "paused", "Video played to 50%": 0.0, "Interaction Rate": 74.16, "Mapping": false, "Account ID": "6493618146", "Start date": "2016-12-15", "Avg. CPE": 0.0, "Account Name": "[W] G1 - WPL - vc360", "Impressions": 507, "Video played to 25%": 0.0, "Engagements": 0, "Conversions": 11.0, "Video played to 100%": 0.0, "Avg. Cost": 0.014787, "Interactions": 376, "Clicks": 376, "Avg. CPV": 0.0, "Unique cookies": "", "Invalid clicks": 7, "Advertising Sub Channel": "", "Interaction Types": ["Clicks"], "Avg. position": 1.0, "Date": "2017-03-02", "CTR": 74.16, "Dept": "WPL", "View rate": 0.0, "Bid Strategy Type": "cpc", "Cost": 5.56, "Campaign ID": "718037212", "Avg. CPM": 10.966469, "Campaign": "Brand-term_Vu Cuc Thien Ha", "End date": ""}, {"Campaign serving status": "eligible", "Advertising Channel": "Search", "Views": 0, "Avg. CPC": 0.01, "Video played to 75%": 0.0, "Campaign state": "paused", "Video played to 50%": 0.0, "Interaction Rate": 100.0, "Mapping": false, "Account ID": "6493618146", "Start date": "2016-12-15", "Avg. CPE": 0.0, "Account Name": "[W] G1 - WPL - vc360", "Impressions": 1, "Video played to 25%": 0.0, "Engagements": 0, "Conversions": 0.0, "Video played to 100%": 0.0, "Avg. Cost": 0.01, "Interactions": 1, "Clicks": 1, "Avg. CPV": 0.0, "Unique cookies": "", "Invalid clicks": 0, "Advertising Sub Channel": "", "Interaction Types": ["Clicks"], "Avg. position": 1.0, "Date": "2017-03-02", "CTR": 100.0, "Dept": "WPL", "View rate": 0.0, "Bid Strategy Type": "cpc", "Cost": 0.01, "Campaign ID": "718037218", "Avg. CPM": 10.0, "Campaign": "Brand-term_Vu Cuc-Online-MOR", "End date": ""}, {"Campaign serving status": "eligible", "Advertising Channel": "Search", "Views": 0, "Avg. CPC": 0.014703, "Video played to 75%": 0.0, "Campaign state": "paused", "Video played to 50%": 0.0, "Interaction Rate": 70.88, "Mapping": false, "Account ID": "6493618146", "Start date": "2016-12-15", "Avg. CPE": 0.0, "Account Name": "[W] G1 - WPL - vc360", "Impressions": 498, "Video played to 25%": 0.0, "Engagements": 0, "Conversions": 14.0, "Video played to 100%": 0.0, "Avg. Cost": 0.014703, "Interactions": 353, "Clicks": 353, "Avg. CPV": 0.0, "Unique cookies": "", "Invalid clicks": 3, "Advertising Sub Channel": "", "Interaction Types": ["Clicks"], "Avg. position": 1.0, "Date": "2017-03-02", "CTR": 70.88, "Dept": "WPL", "View rate": 0.0, "Bid Strategy Type": "cpc", "Cost": 5.19, "Campaign ID": "718037239", "Avg. CPM": 10.421687, "Campaign": "Brand-term_VC-br-MOR", "End date": ""}, {"Campaign serving status": "eligible", "Advertising Channel": "Search", "Views": 0, "Avg. CPC": 0.013333, "Video played to 75%": 0.0, "Campaign state": "paused", "Video played to 50%": 0.0, "Interaction Rate": 25.71, "Mapping": false, "Account ID": "6493618146", "Start date": "2016-12-15", "Avg. CPE": 0.0, "Account Name": "[W] G1 - WPL - vc360", "Impressions": 35, "Video played to 25%": 0.0, "Engagements": 0, "Conversions": 1.0, "Video played to 100%": 0.0, "Avg. Cost": 0.013333, "Interactions": 9, "Clicks": 9, "Avg. CPV": 0.0, "Unique cookies": "", "Invalid clicks": 0, "Advertising Sub Channel": "", "Interaction Types": ["Clicks"], "Avg. position": 1.1, "Date": "2017-03-02", "CTR": 25.71, "Dept": "WPL", "View rate": 0.0, "Bid Strategy Type": "cpc", "Cost": 0.12, "Campaign ID": "718037245", "Avg. CPM": 3.428571, "Campaign": "Brand-term_VC-phr-MOR", "End date": ""}, {"Campaign serving status": "eligible", "Advertising Channel": "Search", "Views": 0, "Avg. CPC": 0.23, "Video played to 75%": 0.0, "Campaign state": "paused", "Video played to 50%": 0.0, "Interaction Rate": 25.0, "Mapping": false, "Account ID": "6493618146", "Start date": "2016-12-15", "Avg. CPE": 0.0, "Account Name": "[W] G1 - WPL - vc360", "Impressions": 4, "Video played to 25%": 0.0, "Engagements": 0, "Conversions": 1.0, "Video played to 100%": 0.0, "Avg. Cost": 0.23, "Interactions": 1, "Clicks": 1, "Avg. CPV": 0.0, "Unique cookies": "", "Invalid clicks": 0, "Advertising Sub Channel": "", "Interaction Types": ["Clicks"], "Avg. position": 1.3, "Date": "2017-03-02", "CTR": 25.0, "Dept": "WPL", "View rate": 0.0, "Bid Strategy Type": "cpc", "Cost": 0.23, "Campaign ID": "718037464", "Avg. CPM": 57.5, "Campaign": "Gen-term_FH-G-NEW_game m\u1edbi nh\u1ea5t-ex", "End date": ""}, {"Campaign serving status": "eligible", "Advertising Channel": "Search", "Views": 0, "Avg. CPC": 0.012196, "Video played to 75%": 0.0, "Campaign state": "enabled", "Video played to 50%": 0.0, "Interaction Rate": 74.01, "Mapping": false, "Account ID": "6493618146", "Start date": "2016-12-15", "Avg. CPE": 0.0, "Account Name": "[W] G1 - WPL - vc360", "Impressions": 3009, "Video played to 25%": 0.0, "Engagements": 0, "Conversions": 84.0, "Video played to 100%": 0.0, "Avg. Cost": 0.012196, "Interactions": 2227, "Clicks": 2227, "Avg. CPV": 0.0, "Unique cookies": "", "Invalid clicks": 54, "Advertising Sub Channel": "", "Interaction Types": ["Clicks"], "Avg. position": 1.0, "Date": "2017-03-02", "CTR": 74.01, "Dept": "WPL", "View rate": 0.0, "Bid Strategy Type": "cpc", "Cost": 27.16, "Campaign ID": "718037215", "Avg. CPM": 9.026255, "Campaign": "Brand-term_Vu Cuc-MOR", "End date": ""}, {"Campaign serving status": "eligible", "Advertising Channel": "Search", "Views": 0, "Avg. CPC": 0.04875, "Video played to 75%": 0.0, "Campaign state": "paused", "Video played to 50%": 0.0, "Interaction Rate": 22.86, "Mapping": false, "Account ID": "6493618146", "Start date": "2016-12-15", "Avg. CPE": 0.0, "Account Name": "[W] G1 - WPL - vc360", "Impressions": 35, "Video played to 25%": 0.0, "Engagements": 0, "Conversions": 2.0, "Video played to 100%": 0.0, "Avg. Cost": 0.04875, "Interactions": 8, "Clicks": 8, "Avg. CPV": 0.0, "Unique cookies": "", "Invalid clicks": 0, "Advertising Sub Channel": "", "Interaction Types": ["Clicks"], "Avg. position": 1.0, "Date": "2017-03-02", "CTR": 22.86, "Dept": "WPL", "View rate": 0.0, "Bid Strategy Type": "cpc", "Cost": 0.39, "Campaign ID": "718037503", "Avg. CPM": 11.142857, "Campaign": "Gen-term_FH-W-W_webgame-ex", "End date": ""}, {"Campaign serving status": "eligible", "Advertising Channel": "Search", "Views": 0, "Avg. CPC": 0.13, "Video played to 75%": 0.0, "Campaign state": "paused", "Video played to 50%": 0.0, "Interaction Rate": 50.0, "Mapping": false, "Account ID": "6493618146", "Start date": "2016-12-15", "Avg. CPE": 0.0, "Account Name": "[W] G1 - WPL - vc360", "Impressions": 2, "Video played to 25%": 0.0, "Engagements": 0, "Conversions": 1.0, "Video played to 100%": 0.0, "Avg. Cost": 0.13, "Interactions": 1, "Clicks": 1, "Avg. CPV": 0.0, "Unique cookies": "", "Invalid clicks": 0, "Advertising Sub Channel": "", "Interaction Types": ["Clicks"], "Avg. position": 2.0, "Date": "2017-03-02", "CTR": 50.0, "Dept": "WPL", "View rate": 0.0, "Bid Strategy Type": "cpc", "Cost": 0.13, "Campaign ID": "718040047", "Avg. CPM": 65.0, "Campaign": "Gen-term_MT-G-3Q_game tam quoc online-ex", "End date": ""}, {"Campaign serving status": "eligible", "Advertising Channel": "Search", "Views": 0, "Avg. CPC": 0.08, "Video played to 75%": 0.0, "Campaign state": "paused", "Video played to 50%": 0.0, "Interaction Rate": 50.0, "Mapping": false, "Account ID": "6493618146", "Start date": "2016-12-15", "Avg. CPE": 0.0, "Account Name": "[W] G1 - WPL - vc360", "Impressions": 2, "Video played to 25%": 0.0, "Engagements": 0, "Conversions": 0.0, "Video played to 100%": 0.0, "Avg. Cost": 0.08, "Interactions": 1, "Clicks": 1, "Avg. CPV": 0.0, "Unique cookies": "", "Invalid clicks": 0, "Advertising Sub Channel": "", "Interaction Types": ["Clicks"], "Avg. position": 1.0, "Date": "2017-03-02", "CTR": 50.0, "Dept": "WPL", "View rate": 0.0, "Bid Strategy Type": "cpc", "Cost": 0.08, "Campaign ID": "718373955", "Avg. CPM": 40.0, "Campaign": "Gen-term_MT-G-NV_game nhap vai 2d-phr", "End date": ""}, {"Campaign serving status": "eligible", "Advertising Channel": "Search", "Views": 0, "Avg. CPC": 0.082821, "Video played to 75%": 0.0, "Campaign state": "paused", "Video played to 50%": 0.0, "Interaction Rate": 12.54, "Mapping": false, "Account ID": "6493618146", "Start date": "2016-12-15", "Avg. CPE": 0.0, "Account Name": "[W] G1 - WPL - vc360", "Impressions": 311, "Video played to 25%": 0.0, "Engagements": 0, "Conversions": 12.0, "Video played to 100%": 0.0, "Avg. Cost": 0.082821, "Interactions": 39, "Clicks": 39, "Avg. CPV": 0.0, "Unique cookies": "", "Invalid clicks": 2, "Advertising Sub Channel": "", "Interaction Types": ["Clicks"], "Avg. position": 2.9, "Date": "2017-03-02", "CTR": 12.54, "Dept": "WPL", "View rate": 0.0, "Bid Strategy Type": "cpc", "Cost": 3.23, "Campaign ID": "718373975", "Avg. CPM": 10.385852, "Campaign": "Gen-term_FH-G-GO_game online-bmm", "End date": ""}, {"Campaign serving status": "eligible", "Advertising Channel": "Search", "Views": 0, "Avg. CPC": 0.03, "Video played to 75%": 0.0, "Campaign state": "paused", "Video played to 50%": 0.0, "Interaction Rate": 5.88, "Mapping": false, "Account ID": "6493618146", "Start date": "2016-12-15", "Avg. CPE": 0.0, "Account Name": "[W] G1 - WPL - vc360", "Impressions": 17, "Video played to 25%": 0.0, "Engagements": 0, "Conversions": 1.0, "Video played to 100%": 0.0, "Avg. Cost": 0.03, "Interactions": 1, "Clicks": 1, "Avg. CPV": 0.0, "Unique cookies": "", "Invalid clicks": 0, "Advertising Sub Channel": "", "Interaction Types": ["Clicks"], "Avg. position": 3.5, "Date": "2017-03-02", "CTR": 5.88, "Dept": "WPL", "View rate": 0.0, "Bid Strategy Type": "cpc", "Cost": 0.03, "Campaign ID": "718373984", "Avg. CPM": 1.764706, "Campaign": "Gen-term_FH-G-MT_game may tinh-bmm", "End date": ""}, {"Campaign serving status": "eligible", "Advertising Channel": "Search", "Views": 0, "Avg. CPC": 0.15, "Video played to 75%": 0.0, "Campaign state": "paused", "Video played to 50%": 0.0, "Interaction Rate": 50.0, "Mapping": false, "Account ID": "6493618146", "Start date": "2016-12-15", "Avg. CPE": 0.0, "Account Name": "[W] G1 - WPL - vc360", "Impressions": 2, "Video played to 25%": 0.0, "Engagements": 0, "Conversions": 0.0, "Video played to 100%": 0.0, "Avg. Cost": 0.15, "Interactions": 1, "Clicks": 1, "Avg. CPV": 0.0, "Unique cookies": "", "Invalid clicks": 0, "Advertising Sub Channel": "", "Interaction Types": ["Clicks"], "Avg. position": 1.0, "Date": "2017-03-02", "CTR": 50.0, "Dept": "WPL", "View rate": 0.0, "Bid Strategy Type": "cpc", "Cost": 0.15, "Campaign ID": "718374371", "Avg. CPM": 75.0, "Campaign": "Gen-term_FH-W-HAY_webgame hay nhat-bmm", "End date": ""}, {"Campaign serving status": "eligible", "Advertising Channel": "Search", "Views": 0, "Avg. CPC": 0.1, "Video played to 75%": 0.0, "Campaign state": "paused", "Video played to 50%": 0.0, "Interaction Rate": 5.26, "Mapping": false, "Account ID": "6493618146", "Start date": "2016-12-15", "Avg. CPE": 0.0, "Account Name": "[W] G1 - WPL - vc360", "Impressions": 19, "Video played to 25%": 0.0, "Engagements": 0, "Conversions": 0.0, "Video played to 100%": 0.0, "Avg. Cost": 0.1, "Interactions": 1, "Clicks": 1, "Avg. CPV": 0.0, "Unique cookies": "", "Invalid clicks": 0, "Advertising Sub Channel": "", "Interaction Types": ["Clicks"], "Avg. position": 2.5, "Date": "2017-03-02", "CTR": 5.26, "Dept": "WPL", "View rate": 0.0, "Bid Strategy Type": "cpc", "Cost": 0.1, "Campaign ID": "718373972", "Avg. CPM": 5.263158, "Campaign": "Gen-term_FH-G-PC_game pc-bmm", "End date": ""}, {"Campaign serving status": "eligible", "Advertising Channel": "Search", "Views": 0, "Avg. CPC": 0.155714, "Video played to 75%": 0.0, "Campaign state": "paused", "Video played to 50%": 0.0, "Interaction Rate": 58.33, "Mapping": false, "Account ID": "6493618146", "Start date": "2016-12-15", "Avg. CPE": 0.0, "Account Name": "[W] G1 - WPL - vc360", "Impressions": 12, "Video played to 25%": 0.0, "Engagements": 0, "Conversions": 3.0, "Video played to 100%": 0.0, "Avg. Cost": 0.155714, "Interactions": 7, "Clicks": 7, "Avg. CPV": 0.0, "Unique cookies": "", "Invalid clicks": 1, "Advertising Sub Channel": "", "Interaction Types": ["Clicks"], "Avg. position": 1.0, "Date": "2017-03-02", "CTR": 58.33, "Dept": "WPL", "View rate": 0.0, "Bid Strategy Type": "cpc", "Cost": 1.09, "Campaign ID": "718373973", "Avg. CPM": 90.833333, "Campaign": "Gen-term_MT-G-NV_game nhap vai moi nhat-phr", "End date": ""}, {"Campaign serving status": "eligible", "Advertising Channel": "Search", "Views": 0, "Avg. CPC": 0.17, "Video played to 75%": 0.0, "Campaign state": "paused", "Video played to 50%": 0.0, "Interaction Rate": 4.55, "Mapping": false, "Account ID": "6493618146", "Start date": "2016-12-15", "Avg. CPE": 0.0, "Account Name": "[W] G1 - WPL - vc360", "Impressions": 22, "Video played to 25%": 0.0, "Engagements": 0, "Conversions": 0.0, "Video played to 100%": 0.0, "Avg. Cost": 0.17, "Interactions": 1, "Clicks": 1, "Avg. CPV": 0.0, "Unique cookies": "", "Invalid clicks": 0, "Advertising Sub Channel": "", "Interaction Types": ["Clicks"], "Avg. position": 2.2, "Date": "2017-03-02", "CTR": 4.55, "Dept": "WPL", "View rate": 0.0, "Bid Strategy Type": "cpc", "Cost": 0.17, "Campaign ID": "718373990", "Avg. CPM": 7.727273, "Campaign": "Gen-term_FH-G-TT_game truc tuyen-bmm", "End date": ""}, {"Campaign serving status": "eligible", "Advertising Channel": "Search", "Views": 0, "Avg. CPC": 0.27, "Video played to 75%": 0.0, "Campaign state": "paused", "Video played to 50%": 0.0, "Interaction Rate": 25.0, "Mapping": false, "Account ID": "6493618146", "Start date": "2016-12-15", "Avg. CPE": 0.0, "Account Name": "[W] G1 - WPL - vc360", "Impressions": 4, "Video played to 25%": 0.0, "Engagements": 0, "Conversions": 1.0, "Video played to 100%": 0.0, "Avg. Cost": 0.27, "Interactions": 1, "Clicks": 1, "Avg. CPV": 0.0, "Unique cookies": "", "Invalid clicks": 0, "Advertising Sub Channel": "", "Interaction Types": ["Clicks"], "Avg. position": 1.0, "Date": "2017-03-02", "CTR": 25.0, "Dept": "WPL", "View rate": 0.0, "Bid Strategy Type": "cpc", "Cost": 0.27, "Campaign ID": "718374185", "Avg. CPM": 67.5, "Campaign": "Gen-term_FH-W-TH_webgame ti\u00ean hi\u1ec7p-bmm", "End date": ""}, {"Campaign serving status": "eligible", "Advertising Channel": "Search", "Views": 0, "Avg. CPC": 0.26, "Video played to 75%": 0.0, "Campaign state": "paused", "Video played to 50%": 0.0, "Interaction Rate": 33.33, "Mapping": false, "Account ID": "6493618146", "Start date": "2016-12-15", "Avg. CPE": 0.0, "Account Name": "[W] G1 - WPL - vc360", "Impressions": 3, "Video played to 25%": 0.0, "Engagements": 0, "Conversions": 0.0, "Video played to 100%": 0.0, "Avg. Cost": 0.26, "Interactions": 1, "Clicks": 1, "Avg. CPV": 0.0, "Unique cookies": "", "Invalid clicks": 0, "Advertising Sub Channel": "", "Interaction Types": ["Clicks"], "Avg. position": 1.0, "Date": "2017-03-02", "CTR": 33.33, "Dept": "WPL", "View rate": 0.0, "Bid Strategy Type": "cpc", "Cost": 0.26, "Campaign ID": "718375368", "Avg. CPM": 86.666667, "Campaign": "Gen-term_MT-W-NV_webgame nhap vai hay-phr", "End date": ""}, {"Campaign serving status": "eligible", "Advertising Channel": "Search", "Views": 0, "Avg. CPC": 0.11, "Video played to 75%": 0.0, "Campaign state": "paused", "Video played to 50%": 0.0, "Interaction Rate": 100.0, "Mapping": false, "Account ID": "6493618146", "Start date": "2016-12-15", "Avg. CPE": 0.0, "Account Name": "[W] G1 - WPL - vc360", "Impressions": 1, "Video played to 25%": 0.0, "Engagements": 0, "Conversions": 0.0, "Video played to 100%": 0.0, "Avg. Cost": 0.11, "Interactions": 1, "Clicks": 1, "Avg. CPV": 0.0, "Unique cookies": "", "Invalid clicks": 0, "Advertising Sub Channel": "", "Interaction Types": ["Clicks"], "Avg. position": 3.0, "Date": "2017-03-02", "CTR": 100.0, "Dept": "WPL", "View rate": 0.0, "Bid Strategy Type": "cpc", "Cost": 0.11, "Campaign ID": "718376099", "Avg. CPM": 110.0, "Campaign": "Gen-term_MT-G-GO_game online hay-bmm", "End date": ""}, {"Campaign serving status": "eligible", "Advertising Channel": "Search", "Views": 0, "Avg. CPC": 0.2, "Video played to 75%": 0.0, "Campaign state": "paused", "Video played to 50%": 0.0, "Interaction Rate": 100.0, "Mapping": false, "Account ID": "6493618146", "Start date": "2016-12-15", "Avg. CPE": 0.0, "Account Name": "[W] G1 - WPL - vc360", "Impressions": 1, "Video played to 25%": 0.0, "Engagements": 0, "Conversions": 0.0, "Video played to 100%": 0.0, "Avg. Cost": 0.2, "Interactions": 1, "Clicks": 1, "Avg. CPV": 0.0, "Unique cookies": "", "Invalid clicks": 0, "Advertising Sub Channel": "", "Interaction Types": ["Clicks"], "Avg. position": 1.0, "Date": "2017-03-02", "CTR": 100.0, "Dept": "WPL", "View rate": 0.0, "Bid Strategy Type": "cpc", "Cost": 0.2, "Campaign ID": "718376120", "Avg. CPM": 200.0, "Campaign": "Gen-term_MT-G-CLIENT_game client kiem hiep-bmm", "End date": ""}, {"Campaign serving status": "eligible", "Advertising Channel": "Search", "Views": 0, "Avg. CPC": 0.0875, "Video played to 75%": 0.0, "Campaign state": "paused", "Video played to 50%": 0.0, "Interaction Rate": 23.53, "Mapping": false, "Account ID": "6493618146", "Start date": "2016-12-15", "Avg. CPE": 0.0, "Account Name": "[W] G1 - WPL - vc360", "Impressions": 17, "Video played to 25%": 0.0, "Engagements": 0, "Conversions": 0.0, "Video played to 100%": 0.0, "Avg. Cost": 0.0875, "Interactions": 4, "Clicks": 4, "Avg. CPV": 0.0, "Unique cookies": "", "Invalid clicks": 0, "Advertising Sub Channel": "", "Interaction Types": ["Clicks"], "Avg. position": 1.3, "Date": "2017-03-02", "CTR": 23.53, "Dept": "WPL", "View rate": 0.0, "Bid Strategy Type": "cpc", "Cost": 0.35, "Campaign ID": "718368632", "Avg. CPM": 20.588235, "Campaign": "Gen-term_FH-G-NV_game nhap vai-phr", "End date": ""}, {"Campaign serving status": "eligible", "Advertising Channel": "Search", "Views": 0, "Avg. CPC": 0.19, "Video played to 75%": 0.0, "Campaign state": "paused", "Video played to 50%": 0.0, "Interaction Rate": 10.0, "Mapping": false, "Account ID": "6493618146", "Start date": "2016-12-15", "Avg. CPE": 0.0, "Account Name": "[W] G1 - WPL - vc360", "Impressions": 10, "Video played to 25%": 0.0, "Engagements": 0, "Conversions": 1.0, "Video played to 100%": 0.0, "Avg. Cost": 0.19, "Interactions": 1, "Clicks": 1, "Avg. CPV": 0.0, "Unique cookies": "", "Invalid clicks": 0, "Advertising Sub Channel": "", "Interaction Types": ["Clicks"], "Avg. position": 2.4, "Date": "2017-03-02", "CTR": 10.0, "Dept": "WPL", "View rate": 0.0, "Bid Strategy Type": "cpc", "Cost": 0.19, "Campaign ID": "718371722", "Avg. CPM": 19.0, "Campaign": "Gen-term_MT-G-GO_game online hay nhat-phr", "End date": ""}, {"Campaign serving status": "eligible", "Advertising Channel": "Search", "Views": 0, "Avg. CPC": 0.126, "Video played to 75%": 0.0, "Campaign state": "paused", "Video played to 50%": 0.0, "Interaction Rate": 45.45, "Mapping": false, "Account ID": "6493618146", "Start date": "2016-12-15", "Avg. CPE": 0.0, "Account Name": "[W] G1 - WPL - vc360", "Impressions": 11, "Video played to 25%": 0.0, "Engagements": 0, "Conversions": 0.0, "Video played to 100%": 0.0, "Avg. Cost": 0.126, "Interactions": 5, "Clicks": 5, "Avg. CPV": 0.0, "Unique cookies": "", "Invalid clicks": 0, "Advertising Sub Channel": "", "Interaction Types": ["Clicks"], "Avg. position": 1.5, "Date": "2017-03-02", "CTR": 45.45, "Dept": "WPL", "View rate": 0.0, "Bid Strategy Type": "cpc", "Cost": 0.63, "Campaign ID": "718374146", "Avg. CPM": 57.272727, "Campaign": "Gen-term_FH-W-NV_webgame nhap vai-bmm", "End date": ""}, {"Campaign serving status": "eligible", "Advertising Channel": "Search", "Views": 0, "Avg. CPC": 0.18, "Video played to 75%": 0.0, "Campaign state": "paused", "Video played to 50%": 0.0, "Interaction Rate": 50.0, "Mapping": false, "Account ID": "6493618146", "Start date": "2016-12-15", "Avg. CPE": 0.0, "Account Name": "[W] G1 - WPL - vc360", "Impressions": 2, "Video played to 25%": 0.0, "Engagements": 0, "Conversions": 0.0, "Video played to 100%": 0.0, "Avg. Cost": 0.18, "Interactions": 1, "Clicks": 1, "Avg. CPV": 0.0, "Unique cookies": "", "Invalid clicks": 0, "Advertising Sub Channel": "", "Interaction Types": ["Clicks"], "Avg. position": 3.0, "Date": "2017-03-02", "CTR": 50.0, "Dept": "WPL", "View rate": 0.0, "Bid Strategy Type": "cpc", "Cost": 0.18, "Campaign ID": "718374236", "Avg. CPM": 90.0, "Campaign": "Gen-term_FH-W-NEW_webgame m\u1edbi-bmm", "End date": ""}, {"Campaign serving status": "eligible", "Advertising Channel": "Search", "Views": 0, "Avg. CPC": 0.06, "Video played to 75%": 0.0, "Campaign state": "paused", "Video played to 50%": 0.0, "Interaction Rate": 10.0, "Mapping": false, "Account ID": "6493618146", "Start date": "2016-12-15", "Avg. CPE": 0.0, "Account Name": "[W] G1 - WPL - vc360", "Impressions": 10, "Video played to 25%": 0.0, "Engagements": 0, "Conversions": 0.0, "Video played to 100%": 0.0, "Avg. Cost": 0.06, "Interactions": 1, "Clicks": 1, "Avg. CPV": 0.0, "Unique cookies": "", "Invalid clicks": 0, "Advertising Sub Channel": "", "Interaction Types": ["Clicks"], "Avg. position": 1.1, "Date": "2017-03-02", "CTR": 10.0, "Dept": "WPL", "View rate": 0.0, "Bid Strategy Type": "cpc", "Cost": 0.06, "Campaign ID": "718374623", "Avg. CPM": 6.0, "Campaign": "Gen-term_MT-G-NV_game nhap vai may tinh-bmm", "End date": ""}, {"Campaign serving status": "eligible", "Advertising Channel": "Search", "Views": 0, "Avg. CPC": 0.07, "Video played to 75%": 0.0, "Campaign state": "paused", "Video played to 50%": 0.0, "Interaction Rate": 100.0, "Mapping": false, "Account ID": "6493618146", "Start date": "2016-12-15", "Avg. CPE": 0.0, "Account Name": "[W] G1 - WPL - vc360", "Impressions": 1, "Video played to 25%": 0.0, "Engagements": 0, "Conversions": 0.0, "Video played to 100%": 0.0, "Avg. Cost": 0.07, "Interactions": 1, "Clicks": 1, "Avg. CPV": 0.0, "Unique cookies": "", "Invalid clicks": 0, "Advertising Sub Channel": "", "Interaction Types": ["Clicks"], "Avg. position": 1.0, "Date": "2017-03-02", "CTR": 100.0, "Dept": "WPL", "View rate": 0.0, "Bid Strategy Type": "cpc", "Cost": 0.07, "Campaign ID": "718374659", "Avg. CPM": 70.0, "Campaign": "Gen-term_MT-G-NV_game nhap vai hay nhat-bmm", "End date": ""}, {"Campaign serving status": "eligible", "Advertising Channel": "Search", "Views": 0, "Avg. CPC": 0.088, "Video played to 75%": 0.0, "Campaign state": "paused", "Video played to 50%": 0.0, "Interaction Rate": 62.5, "Mapping": false, "Account ID": "6493618146", "Start date": "2016-12-15", "Avg. CPE": 0.0, "Account Name": "[W] G1 - WPL - vc360", "Impressions": 8, "Video played to 25%": 0.0, "Engagements": 0, "Conversions": 1.0, "Video played to 100%": 0.0, "Avg. Cost": 0.088, "Interactions": 5, "Clicks": 5, "Avg. CPV": 0.0, "Unique cookies": "", "Invalid clicks": 1, "Advertising Sub Channel": "", "Interaction Types": ["Clicks"], "Avg. position": 1.1, "Date": "2017-03-02", "CTR": 62.5, "Dept": "WPL", "View rate": 0.0, "Bid Strategy Type": "cpc", "Cost": 0.44, "Campaign ID": "718376105", "Avg. CPM": 55.0, "Campaign": "Gen-term_MT-G-GO_game online hay nhat-bmm", "End date": ""}, {"Campaign serving status": "eligible", "Advertising Channel": "Search", "Views": 0, "Avg. CPC": 0.13, "Video played to 75%": 0.0, "Campaign state": "paused", "Video played to 50%": 0.0, "Interaction Rate": 25.0, "Mapping": false, "Account ID": "6493618146", "Start date": "2016-12-15", "Avg. CPE": 0.0, "Account Name": "[W] G1 - WPL - vc360", "Impressions": 4, "Video played to 25%": 0.0, "Engagements": 0, "Conversions": 0.0, "Video played to 100%": 0.0, "Avg. Cost": 0.13, "Interactions": 1, "Clicks": 1, "Avg. CPV": 0.0, "Unique cookies": "", "Invalid clicks": 0, "Advertising Sub Channel": "", "Interaction Types": ["Clicks"], "Avg. position": 1.3, "Date": "2017-03-02", "CTR": 25.0, "Dept": "WPL", "View rate": 0.0, "Bid Strategy Type": "cpc", "Cost": 0.13, "Campaign ID": "718375806", "Avg. CPM": 32.5, "Campaign": "Gen-term_MT-G-KH_game kiem hiep nhap vai-phr", "End date": ""}, {"Campaign serving status": "eligible", "Advertising Channel": "Search", "Views": 0, "Avg. CPC": 0.023333, "Video played to 75%": 0.0, "Campaign state": "paused", "Video played to 50%": 0.0, "Interaction Rate": 50.0, "Mapping": false, "Account ID": "6493618146", "Start date": "2016-12-15", "Avg. CPE": 0.0, "Account Name": "[W] G1 - WPL - vc360", "Impressions": 6, "Video played to 25%": 0.0, "Engagements": 0, "Conversions": 1.0, "Video played to 100%": 0.0, "Avg. Cost": 0.023333, "Interactions": 3, "Clicks": 3, "Avg. CPV": 0.0, "Unique cookies": "", "Invalid clicks": 0, "Advertising Sub Channel": "", "Interaction Types": ["Clicks"], "Avg. position": 1.0, "Date": "2017-03-02", "CTR": 50.0, "Dept": "WPL", "View rate": 0.0, "Bid Strategy Type": "cpc", "Cost": 0.07, "Campaign ID": "718378205", "Avg. CPM": 11.666667, "Campaign": "Gen-term_FH-WG-BMM-MOR", "End date": ""}, {"Campaign serving status": "eligible", "Advertising Channel": "Search", "Views": 0, "Avg. CPC": 0.12, "Video played to 75%": 0.0, "Campaign state": "paused", "Video played to 50%": 0.0, "Interaction Rate": 50.0, "Mapping": false, "Account ID": "6493618146", "Start date": "2016-12-15", "Avg. CPE": 0.0, "Account Name": "[W] G1 - WPL - vc360", "Impressions": 2, "Video played to 25%": 0.0, "Engagements": 0, "Conversions": 0.0, "Video played to 100%": 0.0, "Avg. Cost": 0.12, "Interactions": 1, "Clicks": 1, "Avg. CPV": 0.0, "Unique cookies": "", "Invalid clicks": 0, "Advertising Sub Channel": "", "Interaction Types": ["Clicks"], "Avg. position": 2.0, "Date": "2017-03-02", "CTR": 50.0, "Dept": "WPL", "View rate": 0.0, "Bid Strategy Type": "cpc", "Cost": 0.12, "Campaign ID": "718371585", "Avg. CPM": 60.0, "Campaign": "Gen-term_MT-G-GO_game online ki\u1ebfm hi\u1ec7p-ex", "End date": ""}, {"Campaign serving status": "eligible", "Advertising Channel": "Search", "Views": 0, "Avg. CPC": 0.17, "Video played to 75%": 0.0, "Campaign state": "paused", "Video played to 50%": 0.0, "Interaction Rate": 33.33, "Mapping": false, "Account ID": "6493618146", "Start date": "2016-12-15", "Avg. CPE": 0.0, "Account Name": "[W] G1 - WPL - vc360", "Impressions": 6, "Video played to 25%": 0.0, "Engagements": 0, "Conversions": 0.0, "Video played to 100%": 0.0, "Avg. Cost": 0.17, "Interactions": 2, "Clicks": 2, "Avg. CPV": 0.0, "Unique cookies": "", "Invalid clicks": 0, "Advertising Sub Channel": "", "Interaction Types": ["Clicks"], "Avg. position": 1.3, "Date": "2017-03-02", "CTR": 33.33, "Dept": "WPL", "View rate": 0.0, "Bid Strategy Type": "cpc", "Cost": 0.34, "Campaign ID": "718371587", "Avg. CPM": 56.666667, "Campaign": "Gen-term_MT-G-GO_game online m\u1edbi-phr", "End date": ""}, {"Campaign serving status": "eligible", "Advertising Channel": "Search", "Views": 0, "Avg. CPC": 0.03, "Video played to 75%": 0.0, "Campaign state": "paused", "Video played to 50%": 0.0, "Interaction Rate": 20.0, "Mapping": false, "Account ID": "6493618146", "Start date": "2016-12-15", "Avg. CPE": 0.0, "Account Name": "[W] G1 - WPL - vc360", "Impressions": 5, "Video played to 25%": 0.0, "Engagements": 0, "Conversions": 0.0, "Video played to 100%": 0.0, "Avg. Cost": 0.03, "Interactions": 1, "Clicks": 1, "Avg. CPV": 0.0, "Unique cookies": "", "Invalid clicks": 0, "Advertising Sub Channel": "", "Interaction Types": ["Clicks"], "Avg. position": 2.0, "Date": "2017-03-02", "CTR": 20.0, "Dept": "WPL", "View rate": 0.0, "Bid Strategy Type": "cpc", "Cost": 0.03, "Campaign ID": "718373960", "Avg. CPM": 6.0, "Campaign": "Gen-term_FH-G-GVL_game v\u00f5 l\u00e2m-bmm", "End date": ""}, {"Campaign serving status": "eligible", "Advertising Channel": "Search", "Views": 0, "Avg. CPC": 0.206667, "Video played to 75%": 0.0, "Campaign state": "paused", "Video played to 50%": 0.0, "Interaction Rate": 75.0, "Mapping": false, "Account ID": "6493618146", "Start date": "2016-12-15", "Avg. CPE": 0.0, "Account Name": "[W] G1 - WPL - vc360", "Impressions": 4, "Video played to 25%": 0.0, "Engagements": 0, "Conversions": 0.0, "Video played to 100%": 0.0, "Avg. Cost": 0.206667, "Interactions": 3, "Clicks": 3, "Avg. CPV": 0.0, "Unique cookies": "", "Invalid clicks": 0, "Advertising Sub Channel": "", "Interaction Types": ["Clicks"], "Avg. position": 1.3, "Date": "2017-03-02", "CTR": 75.0, "Dept": "WPL", "View rate": 0.0, "Bid Strategy Type": "cpc", "Cost": 0.62, "Campaign ID": "718381119", "Avg. CPM": 155.0, "Campaign": "Gen-term_MT-G-VL_game v\u00f5 l\u00e2m 2d-bmm", "End date": ""}, {"Campaign serving status": "eligible", "Advertising Channel": "Search", "Views": 0, "Avg. CPC": 0.25, "Video played to 75%": 0.0, "Campaign state": "paused", "Video played to 50%": 0.0, "Interaction Rate": 100.0, "Mapping": false, "Account ID": "6493618146", "Start date": "2016-12-15", "Avg. CPE": 0.0, "Account Name": "[W] G1 - WPL - vc360", "Impressions": 1, "Video played to 25%": 0.0, "Engagements": 0, "Conversions": 1.0, "Video played to 100%": 0.0, "Avg. Cost": 0.25, "Interactions": 1, "Clicks": 1, "Avg. CPV": 0.0, "Unique cookies": "", "Invalid clicks": 0, "Advertising Sub Channel": "", "Interaction Types": ["Clicks"], "Avg. position": 1.0, "Date": "2017-03-02", "CTR": 100.0, "Dept": "WPL", "View rate": 0.0, "Bid Strategy Type": "cpc", "Cost": 0.25, "Campaign ID": "718378014", "Avg. CPM": 250.0, "Campaign": "Gen-term_MT-G-CT_game chien thuat hay nh\u1ea5t-bmm", "End date": ""}, {"Campaign serving status": "eligible", "Advertising Channel": "Search", "Views": 0, "Avg. CPC": 0.035641, "Video played to 75%": 0.0, "Campaign state": "paused", "Video played to 50%": 0.0, "Interaction Rate": 21.43, "Mapping": false, "Account ID": "6493618146", "Start date": "2016-12-15", "Avg. CPE": 0.0, "Account Name": "[W] G1 - WPL - vc360", "Impressions": 182, "Video played to 25%": 0.0, "Engagements": 0, "Conversions": 10.0, "Video played to 100%": 0.0, "Avg. Cost": 0.035641, "Interactions": 39, "Clicks": 39, "Avg. CPV": 0.0, "Unique cookies": "", "Invalid clicks": 2, "Advertising Sub Channel": "", "Interaction Types": ["Clicks"], "Avg. position": 1.0, "Date": "2017-03-02", "CTR": 21.43, "Dept": "WPL", "View rate": 0.0, "Bid Strategy Type": "cpc", "Cost": 1.39, "Campaign ID": "718378226", "Avg. CPM": 7.637363, "Campaign": "Gen-term_360Play-BM-Mor", "End date": ""}, {"Campaign serving status": "eligible", "Advertising Channel": "Search", "Views": 0, "Avg. CPC": 0.23, "Video played to 75%": 0.0, "Campaign state": "paused", "Video played to 50%": 0.0, "Interaction Rate": 50.0, "Mapping": false, "Account ID": "6493618146", "Start date": "2016-12-15", "Avg. CPE": 0.0, "Account Name": "[W] G1 - WPL - vc360", "Impressions": 4, "Video played to 25%": 0.0, "Engagements": 0, "Conversions": 1.0, "Video played to 100%": 0.0, "Avg. Cost": 0.23, "Interactions": 2, "Clicks": 2, "Avg. CPV": 0.0, "Unique cookies": "", "Invalid clicks": 0, "Advertising Sub Channel": "", "Interaction Types": ["Clicks"], "Avg. position": 1.5, "Date": "2017-03-02", "CTR": 50.0, "Dept": "WPL", "View rate": 0.0, "Bid Strategy Type": "cpc", "Cost": 0.46, "Campaign ID": "718380396", "Avg. CPM": 115.0, "Campaign": "Gen-term_MT-G-KH_game kiem hiep 2016-bmm", "End date": ""}, {"Campaign serving status": "eligible", "Advertising Channel": "Search", "Views": 0, "Avg. CPC": 0.07, "Video played to 75%": 0.0, "Campaign state": "paused", "Video played to 50%": 0.0, "Interaction Rate": 5.56, "Mapping": false, "Account ID": "6493618146", "Start date": "2016-12-15", "Avg. CPE": 0.0, "Account Name": "[W] G1 - WPL - vc360", "Impressions": 18, "Video played to 25%": 0.0, "Engagements": 0, "Conversions": 0.0, "Video played to 100%": 0.0, "Avg. Cost": 0.07, "Interactions": 1, "Clicks": 1, "Avg. CPV": 0.0, "Unique cookies": "", "Invalid clicks": 0, "Advertising Sub Channel": "", "Interaction Types": ["Clicks"], "Avg. position": 2.8, "Date": "2017-03-02", "CTR": 5.56, "Dept": "WPL", "View rate": 0.0, "Bid Strategy Type": "cpc", "Cost": 0.07, "Campaign ID": "718373981", "Avg. CPM": 3.888889, "Campaign": "Gen-term_FH-G-MT_game m\u00e1y t\u00ednh-bmm", "End date": ""}, {"Campaign serving status": "eligible", "Advertising Channel": "Search", "Views": 0, "Avg. CPC": 0.24, "Video played to 75%": 0.0, "Campaign state": "paused", "Video played to 50%": 0.0, "Interaction Rate": 33.33, "Mapping": false, "Account ID": "6493618146", "Start date": "2016-12-15", "Avg. CPE": 0.0, "Account Name": "[W] G1 - WPL - vc360", "Impressions": 3, "Video played to 25%": 0.0, "Engagements": 0, "Conversions": 1.0, "Video played to 100%": 0.0, "Avg. Cost": 0.24, "Interactions": 1, "Clicks": 1, "Avg. CPV": 0.0, "Unique cookies": "", "Invalid clicks": 0, "Advertising Sub Channel": "", "Interaction Types": ["Clicks"], "Avg. position": 1.3, "Date": "2017-03-02", "CTR": 33.33, "Dept": "WPL", "View rate": 0.0, "Bid Strategy Type": "cpc", "Cost": 0.24, "Campaign ID": "718374171", "Avg. CPM": 80.0, "Campaign": "Gen-term_MT-G-CT_game chi\u1ebfn thu\u1eadt m\u1edbi-phr", "End date": ""}, {"Campaign serving status": "eligible", "Advertising Channel": "Search", "Views": 0, "Avg. CPC": 0.31, "Video played to 75%": 0.0, "Campaign state": "paused", "Video played to 50%": 0.0, "Interaction Rate": 33.33, "Mapping": false, "Account ID": "6493618146", "Start date": "2016-12-15", "Avg. CPE": 0.0, "Account Name": "[W] G1 - WPL - vc360", "Impressions": 3, "Video played to 25%": 0.0, "Engagements": 0, "Conversions": 1.0, "Video played to 100%": 0.0, "Avg. Cost": 0.31, "Interactions": 1, "Clicks": 1, "Avg. CPV": 0.0, "Unique cookies": "", "Invalid clicks": 0, "Advertising Sub Channel": "", "Interaction Types": ["Clicks"], "Avg. position": 1.0, "Date": "2017-03-02", "CTR": 33.33, "Dept": "WPL", "View rate": 0.0, "Bid Strategy Type": "cpc", "Cost": 0.31, "Campaign ID": "718383540", "Avg. CPM": 103.333333, "Campaign": "Gen-term_MT-W-G16_webgame 2016 chi\u1ebfn thu\u1eadt-bmm", "End date": ""}, {"Campaign serving status": "eligible", "Advertising Channel": "Search", "Views": 0, "Avg. CPC": 0.032785, "Video played to 75%": 0.0, "Campaign state": "paused", "Video played to 50%": 0.0, "Interaction Rate": 19.17, "Mapping": false, "Account ID": "6493618146", "Start date": "2016-12-15", "Avg. CPE": 0.0, "Account Name": "[W] G1 - WPL - vc360", "Impressions": 412, "Video played to 25%": 0.0, "Engagements": 0, "Conversions": 13.0, "Video played to 100%": 0.0, "Avg. Cost": 0.032785, "Interactions": 79, "Clicks": 79, "Avg. CPV": 0.0, "Unique cookies": "", "Invalid clicks": 4, "Advertising Sub Channel": "", "Interaction Types": ["Clicks"], "Avg. position": 1.6, "Date": "2017-03-02", "CTR": 19.17, "Dept": "WPL", "View rate": 0.0, "Bid Strategy Type": "cpc", "Cost": 2.59, "Campaign ID": "718383741", "Avg. CPM": 6.286408, "Campaign": "Gen-term_FH-Game-BM-MOR", "End date": ""}, {"Campaign serving status": "eligible", "Advertising Channel": "Display", "Views": 0, "Avg. CPC": 0.03, "Video played to 75%": 0.0, "Campaign state": "paused", "Video played to 50%": 0.0, "Interaction Rate": 0.08, "Mapping": false, "Account ID": "6493618146", "Start date": "2017-02-15", "Avg. CPE": 0.0, "Account Name": "[W] G1 - WPL - vc360", "Impressions": 1181, "Video played to 25%": 0.0, "Engagements": 0, "Conversions": 0.0, "Video played to 100%": 0.0, "Avg. Cost": 0.03, "Interactions": 1, "Clicks": 1, "Avg. CPV": 0.0, "Unique cookies": 138, "Invalid clicks": 3, "Advertising Sub Channel": "", "Interaction Types": ["Clicks"], "Avg. position": 1.0, "Date": "2017-03-02", "CTR": 0.08, "Dept": "WPL", "View rate": 0.0, "Bid Strategy Type": "cpc", "Cost": 0.03, "Campaign ID": "755752783", "Avg. CPM": 0.025402, "Campaign": "GDN_remarketing", "End date": ""}, {"Campaign serving status": "eligible", "Advertising Channel": "Search", "Views": 0, "Avg. CPC": 0.06, "Video played to 75%": 0.0, "Campaign state": "paused", "Video played to 50%": 0.0, "Interaction Rate": 50.0, "Mapping": false, "Account ID": "6493618146", "Start date": "2016-12-15", "Avg. CPE": 0.0, "Account Name": "[W] G1 - WPL - vc360", "Impressions": 2, "Video played to 25%": 0.0, "Engagements": 0, "Conversions": 0.0, "Video played to 100%": 0.0, "Avg. Cost": 0.06, "Interactions": 1, "Clicks": 1, "Avg. CPV": 0.0, "Unique cookies": "", "Invalid clicks": 0, "Advertising Sub Channel": "", "Interaction Types": ["Clicks"], "Avg. position": 1.5, "Date": "2017-03-02", "CTR": 50.0, "Dept": "WPL", "View rate": 0.0, "Bid Strategy Type": "cpc", "Cost": 0.06, "Campaign ID": "718375880", "Avg. CPM": 30.0, "Campaign": "Gen-term_MT-G-PC_game pc 2016-bmm", "End date": ""}, {"Campaign serving status": "eligible", "Advertising Channel": "Search", "Views": 0, "Avg. CPC": 0.12, "Video played to 75%": 0.0, "Campaign state": "paused", "Video played to 50%": 0.0, "Interaction Rate": 100.0, "Mapping": false, "Account ID": "6493618146", "Start date": "2016-12-15", "Avg. CPE": 0.0, "Account Name": "[W] G1 - WPL - vc360", "Impressions": 1, "Video played to 25%": 0.0, "Engagements": 0, "Conversions": 0.0, "Video played to 100%": 0.0, "Avg. Cost": 0.12, "Interactions": 1, "Clicks": 1, "Avg. CPV": 0.0, "Unique cookies": "", "Invalid clicks": 0, "Advertising Sub Channel": "", "Interaction Types": ["Clicks"], "Avg. position": 1.0, "Date": "2017-03-02", "CTR": 100.0, "Dept": "WPL", "View rate": 0.0, "Bid Strategy Type": "cpc", "Cost": 0.12, "Campaign ID": "718375899", "Avg. CPM": 120.0, "Campaign": "Gen-term_MT-G-KH_game kiem hiep moi nhat-phr", "End date": ""}, {"Campaign serving status": "eligible", "Advertising Channel": "Search", "Views": 0, "Avg. CPC": 0.27, "Video played to 75%": 0.0, "Campaign state": "paused", "Video played to 50%": 0.0, "Interaction Rate": 200.0, "Mapping": false, "Account ID": "6493618146", "Start date": "2016-12-15", "Avg. CPE": 0.0, "Account Name": "[W] G1 - WPL - vc360", "Impressions": 1, "Video played to 25%": 0.0, "Engagements": 0, "Conversions": 0.0, "Video played to 100%": 0.0, "Avg. Cost": 0.27, "Interactions": 2, "Clicks": 2, "Avg. CPV": 0.0, "Unique cookies": "", "Invalid clicks": 0, "Advertising Sub Channel": "", "Interaction Types": ["Clicks"], "Avg. position": 1.0, "Date": "2017-03-02", "CTR": 200.0, "Dept": "WPL", "View rate": 0.0, "Bid Strategy Type": "cpc", "Cost": 0.54, "Campaign ID": "718376084", "Avg. CPM": 540.0, "Campaign": "Gen-term_MT-G-GO_game online 2.5D-bmm", "End date": ""}, {"Campaign serving status": "eligible", "Advertising Channel": "Search", "Views": 0, "Avg. CPC": 0.2, "Video played to 75%": 0.0, "Campaign state": "paused", "Video played to 50%": 0.0, "Interaction Rate": 50.0, "Mapping": false, "Account ID": "6493618146", "Start date": "2016-12-15", "Avg. CPE": 0.0, "Account Name": "[W] G1 - WPL - vc360", "Impressions": 2, "Video played to 25%": 0.0, "Engagements": 0, "Conversions": 0.0, "Video played to 100%": 0.0, "Avg. Cost": 0.2, "Interactions": 1, "Clicks": 1, "Avg. CPV": 0.0, "Unique cookies": "", "Invalid clicks": 0, "Advertising Sub Channel": "", "Interaction Types": ["Clicks"], "Avg. position": 1.5, "Date": "2017-03-02", "CTR": 50.0, "Dept": "WPL", "View rate": 0.0, "Bid Strategy Type": "cpc", "Cost": 0.2, "Campaign ID": "718368170", "Avg. CPM": 100.0, "Campaign": "Gen-term_MT-G-3D_game 3d m\u1edbi-ex", "End date": ""}, {"Campaign serving status": "eligible", "Advertising Channel": "Search", "Views": 0, "Avg. CPC": 0.06, "Video played to 75%": 0.0, "Campaign state": "paused", "Video played to 50%": 0.0, "Interaction Rate": 14.29, "Mapping": false, "Account ID": "6493618146", "Start date": "2016-12-15", "Avg. CPE": 0.0, "Account Name": "[W] G1 - WPL - vc360", "Impressions": 14, "Video played to 25%": 0.0, "Engagements": 0, "Conversions": 1.0, "Video played to 100%": 0.0, "Avg. Cost": 0.06, "Interactions": 2, "Clicks": 2, "Avg. CPV": 0.0, "Unique cookies": "", "Invalid clicks": 0, "Advertising Sub Channel": "", "Interaction Types": ["Clicks"], "Avg. position": 1.1, "Date": "2017-03-02", "CTR": 14.29, "Dept": "WPL", "View rate": 0.0, "Bid Strategy Type": "cpc", "Cost": 0.12, "Campaign ID": "718368635", "Avg. CPM": 8.571429, "Campaign": "Gen-term_FH-G-CT_game chi\u1ebfn thu\u1eadt-phr", "End date": ""}, {"Campaign serving status": "eligible", "Advertising Channel": "Search", "Views": 0, "Avg. CPC": 0.17, "Video played to 75%": 0.0, "Campaign state": "paused", "Video played to 50%": 0.0, "Interaction Rate": 5.0, "Mapping": false, "Account ID": "6493618146", "Start date": "2016-12-15", "Avg. CPE": 0.0, "Account Name": "[W] G1 - WPL - vc360", "Impressions": 20, "Video played to 25%": 0.0, "Engagements": 0, "Conversions": 0.0, "Video played to 100%": 0.0, "Avg. Cost": 0.17, "Interactions": 1, "Clicks": 1, "Avg. CPV": 0.0, "Unique cookies": "", "Invalid clicks": 0, "Advertising Sub Channel": "", "Interaction Types": ["Clicks"], "Avg. position": 1.8, "Date": "2017-03-02", "CTR": 5.0, "Dept": "WPL", "View rate": 0.0, "Bid Strategy Type": "cpc", "Cost": 0.17, "Campaign ID": "718368851", "Avg. CPM": 8.5, "Campaign": "Gen-term_FH-G-HAY_game hay nh\u1ea5t-phr", "End date": ""}, {"Campaign serving status": "eligible", "Advertising Channel": "Search", "Views": 0, "Avg. CPC": 0.038333, "Video played to 75%": 0.0, "Campaign state": "paused", "Video played to 50%": 0.0, "Interaction Rate": 46.15, "Mapping": false, "Account ID": "6493618146", "Start date": "2016-12-15", "Avg. CPE": 0.0, "Account Name": "[W] G1 - WPL - vc360", "Impressions": 13, "Video played to 25%": 0.0, "Engagements": 0, "Conversions": 0.0, "Video played to 100%": 0.0, "Avg. Cost": 0.038333, "Interactions": 6, "Clicks": 6, "Avg. CPV": 0.0, "Unique cookies": "", "Invalid clicks": 0, "Advertising Sub Channel": "", "Interaction Types": ["Clicks"], "Avg. position": 2.0, "Date": "2017-03-02", "CTR": 46.15, "Dept": "WPL", "View rate": 0.0, "Bid Strategy Type": "cpc", "Cost": 0.23, "Campaign ID": "718368881", "Avg. CPM": 17.692308, "Campaign": "Gen-term_FH-W-W_webgame-phr", "End date": ""}, {"Campaign serving status": "eligible", "Advertising Channel": "Search", "Views": 0, "Avg. CPC": 0.15, "Video played to 75%": 0.0, "Campaign state": "paused", "Video played to 50%": 0.0, "Interaction Rate": 66.67, "Mapping": false, "Account ID": "6493618146", "Start date": "2016-12-15", "Avg. CPE": 0.0, "Account Name": "[W] G1 - WPL - vc360", "Impressions": 3, "Video played to 25%": 0.0, "Engagements": 0, "Conversions": 0.0, "Video played to 100%": 0.0, "Avg. Cost": 0.15, "Interactions": 2, "Clicks": 2, "Avg. CPV": 0.0, "Unique cookies": "", "Invalid clicks": 0, "Advertising Sub Channel": "", "Interaction Types": ["Clicks"], "Avg. position": 1.7, "Date": "2017-03-02", "CTR": 66.67, "Dept": "WPL", "View rate": 0.0, "Bid Strategy Type": "cpc", "Cost": 0.3, "Campaign ID": "718371777", "Avg. CPM": 100.0, "Campaign": "Gen-term_MT-G-GO_game online hay nh\u1ea5t-ex", "End date": ""}, {"Campaign serving status": "eligible", "Advertising Channel": "Search", "Views": 0, "Avg. CPC": 0.11, "Video played to 75%": 0.0, "Campaign state": "paused", "Video played to 50%": 0.0, "Interaction Rate": 100.0, "Mapping": false, "Account ID": "6493618146", "Start date": "2016-12-15", "Avg. CPE": 0.0, "Account Name": "[W] G1 - WPL - vc360", "Impressions": 1, "Video played to 25%": 0.0, "Engagements": 0, "Conversions": 0.0, "Video played to 100%": 0.0, "Avg. Cost": 0.11, "Interactions": 1, "Clicks": 1, "Avg. CPV": 0.0, "Unique cookies": "", "Invalid clicks": 0, "Advertising Sub Channel": "", "Interaction Types": ["Clicks"], "Avg. position": 1.0, "Date": "2017-03-02", "CTR": 100.0, "Dept": "WPL", "View rate": 0.0, "Bid Strategy Type": "cpc", "Cost": 0.11, "Campaign ID": "718377347", "Avg. CPM": 110.0, "Campaign": "Gen-term_MT-W-GO_webgame online chien thuat-bmm", "End date": ""}, {"Campaign serving status": "eligible", "Advertising Channel": "Search", "Views": 0, "Avg. CPC": 0.125, "Video played to 75%": 0.0, "Campaign state": "paused", "Video played to 50%": 0.0, "Interaction Rate": 100.0, "Mapping": false, "Account ID": "6493618146", "Start date": "2016-12-15", "Avg. CPE": 0.0, "Account Name": "[W] G1 - WPL - vc360", "Impressions": 2, "Video played to 25%": 0.0, "Engagements": 0, "Conversions": 0.0, "Video played to 100%": 0.0, "Avg. Cost": 0.125, "Interactions": 2, "Clicks": 2, "Avg. CPV": 0.0, "Unique cookies": "", "Invalid clicks": 0, "Advertising Sub Channel": "", "Interaction Types": ["Clicks"], "Avg. position": 1.0, "Date": "2017-03-02", "CTR": 100.0, "Dept": "WPL", "View rate": 0.0, "Bid Strategy Type": "cpc", "Cost": 0.25, "Campaign ID": "718380402", "Avg. CPM": 125.0, "Campaign": "Gen-term_MT-G-KH_game kiem hiep m\u1edbi nh\u1ea5t-bmm", "End date": ""}, {"Campaign serving status": "eligible", "Advertising Channel": "Search", "Views": 0, "Avg. CPC": 0.2, "Video played to 75%": 0.0, "Campaign state": "paused", "Video played to 50%": 0.0, "Interaction Rate": 16.67, "Mapping": false, "Account ID": "6493618146", "Start date": "2016-12-15", "Avg. CPE": 0.0, "Account Name": "[W] G1 - WPL - vc360", "Impressions": 6, "Video played to 25%": 0.0, "Engagements": 0, "Conversions": 1.0, "Video played to 100%": 0.0, "Avg. Cost": 0.2, "Interactions": 1, "Clicks": 1, "Avg. CPV": 0.0, "Unique cookies": "", "Invalid clicks": 1, "Advertising Sub Channel": "", "Interaction Types": ["Clicks"], "Avg. position": 1.0, "Date": "2017-03-02", "CTR": 16.67, "Dept": "WPL", "View rate": 0.0, "Bid Strategy Type": "cpc", "Cost": 0.2, "Campaign ID": "718380414", "Avg. CPM": 33.333333, "Campaign": "Gen-term_MT-G-KH_game kiem hiep hay nhat-bmm", "End date": ""}, {"Campaign serving status": "eligible", "Advertising Channel": "Search", "Views": 0, "Avg. CPC": 0.16, "Video played to 75%": 0.0, "Campaign state": "paused", "Video played to 50%": 0.0, "Interaction Rate": 25.0, "Mapping": false, "Account ID": "6493618146", "Start date": "2016-12-15", "Avg. CPE": 0.0, "Account Name": "[W] G1 - WPL - vc360", "Impressions": 4, "Video played to 25%": 0.0, "Engagements": 0, "Conversions": 0.0, "Video played to 100%": 0.0, "Avg. Cost": 0.16, "Interactions": 1, "Clicks": 1, "Avg. CPV": 0.0, "Unique cookies": "", "Invalid clicks": 0, "Advertising Sub Channel": "", "Interaction Types": ["Clicks"], "Avg. position": 1.0, "Date": "2017-03-02", "CTR": 25.0, "Dept": "WPL", "View rate": 0.0, "Bid Strategy Type": "cpc", "Cost": 0.16, "Campaign ID": "718381872", "Avg. CPM": 40.0, "Campaign": "Gen-term_MT-W-KH_webgame ki\u1ebfm hi\u1ec7p m\u1edbi-bmm", "End date": ""}, {"Campaign serving status": "eligible", "Advertising Channel": "Search", "Views": 0, "Avg. CPC": 0.13, "Video played to 75%": 0.0, "Campaign state": "paused", "Video played to 50%": 0.0, "Interaction Rate": 28.57, "Mapping": false, "Account ID": "6493618146", "Start date": "2016-12-15", "Avg. CPE": 0.0, "Account Name": "[W] G1 - WPL - vc360", "Impressions": 7, "Video played to 25%": 0.0, "Engagements": 0, "Conversions": 0.0, "Video played to 100%": 0.0, "Avg. Cost": 0.13, "Interactions": 2, "Clicks": 2, "Avg. CPV": 0.0, "Unique cookies": "", "Invalid clicks": 0, "Advertising Sub Channel": "", "Interaction Types": ["Clicks"], "Avg. position": 1.3, "Date": "2017-03-02", "CTR": 28.57, "Dept": "WPL", "View rate": 0.0, "Bid Strategy Type": "cpc", "Cost": 0.26, "Campaign ID": "718382526", "Avg. CPM": 37.142857, "Campaign": "Gen-term_MT-G-3D_game 3d m\u1edbi nh\u1ea5t-bmm", "End date": ""}, {"Campaign serving status": "eligible", "Advertising Channel": "Search", "Views": 0, "Avg. CPC": 0.05, "Video played to 75%": 0.0, "Campaign state": "paused", "Video played to 50%": 0.0, "Interaction Rate": 50.0, "Mapping": false, "Account ID": "6493618146", "Start date": "2016-12-15", "Avg. CPE": 0.0, "Account Name": "[W] G1 - WPL - vc360", "Impressions": 2, "Video played to 25%": 0.0, "Engagements": 0, "Conversions": 0.0, "Video played to 100%": 0.0, "Avg. Cost": 0.05, "Interactions": 1, "Clicks": 1, "Avg. CPV": 0.0, "Unique cookies": "", "Invalid clicks": 0, "Advertising Sub Channel": "", "Interaction Types": ["Clicks"], "Avg. position": 1.0, "Date": "2017-03-02", "CTR": 50.0, "Dept": "WPL", "View rate": 0.0, "Bid Strategy Type": "cpc", "Cost": 0.05, "Campaign ID": "718382841", "Avg. CPM": 25.0, "Campaign": "Gen-term_MT-G-G16_game 2016 moi nhat-bmm", "End date": ""}, {"Campaign serving status": "eligible", "Advertising Channel": "Search", "Views": 0, "Avg. CPC": 0.1, "Video played to 75%": 0.0, "Campaign state": "paused", "Video played to 50%": 0.0, "Interaction Rate": 100.0, "Mapping": false, "Account ID": "6493618146", "Start date": "2016-12-15", "Avg. CPE": 0.0, "Account Name": "[W] G1 - WPL - vc360", "Impressions": 1, "Video played to 25%": 0.0, "Engagements": 0, "Conversions": 1.0, "Video played to 100%": 0.0, "Avg. Cost": 0.1, "Interactions": 1, "Clicks": 1, "Avg. CPV": 0.0, "Unique cookies": "", "Invalid clicks": 0, "Advertising Sub Channel": "", "Interaction Types": ["Clicks"], "Avg. position": 1.0, "Date": "2017-03-02", "CTR": 100.0, "Dept": "WPL", "View rate": 0.0, "Bid Strategy Type": "cpc", "Cost": 0.1, "Campaign ID": "718383543", "Avg. CPM": 100.0, "Campaign": "Gen-term_MT-W-G16_webgame 2016 chien thuat-bmm", "End date": ""}, {"Campaign serving status": "eligible", "Advertising Channel": "Search", "Views": 0, "Avg. CPC": 0.015, "Video played to 75%": 0.0, "Campaign state": "enabled", "Video played to 50%": 0.0, "Interaction Rate": 66.67, "Mapping": false, "Account ID": "6493618146", "Start date": "2016-12-15", "Avg. CPE": 0.0, "Account Name": "[W] G1 - WPL - vc360", "Impressions": 3, "Video played to 25%": 0.0, "Engagements": 0, "Conversions": 2.0, "Video played to 100%": 0.0, "Avg. Cost": 0.015, "Interactions": 2, "Clicks": 2, "Avg. CPV": 0.0, "Unique cookies": "", "Invalid clicks": 0, "Advertising Sub Channel": "", "Interaction Types": ["Clicks"], "Avg. position": 1.0, "Date": "2017-03-02", "CTR": 66.67, "Dept": "WPL", "View rate": 0.0, "Bid Strategy Type": "cpc", "Cost": 0.03, "Campaign ID": "718383597", "Avg. CPM": 10.0, "Campaign": "Competitor-term_Tram Ma", "End date": ""}, {"Campaign serving status": "eligible", "Advertising Channel": "Search", "Views": 0, "Avg. CPC": 0.034167, "Video played to 75%": 0.0, "Campaign state": "paused", "Video played to 50%": 0.0, "Interaction Rate": 15.19, "Mapping": false, "Account ID": "6493618146", "Start date": "2016-12-15", "Avg. CPE": 0.0, "Account Name": "[W] G1 - WPL - vc360", "Impressions": 79, "Video played to 25%": 0.0, "Engagements": 0, "Conversions": 4.0, "Video played to 100%": 0.0, "Avg. Cost": 0.034167, "Interactions": 12, "Clicks": 12, "Avg. CPV": 0.0, "Unique cookies": "", "Invalid clicks": 0, "Advertising Sub Channel": "", "Interaction Types": ["Clicks"], "Avg. position": 1.6, "Date": "2017-03-02", "CTR": 15.19, "Dept": "WPL", "View rate": 0.0, "Bid Strategy Type": "cpc", "Cost": 0.41, "Campaign ID": "718383738", "Avg. CPM": 5.189873, "Campaign": "Gen-term_FH-Game-Phrase-MOR", "End date": ""}, {"Campaign serving status": "eligible", "Advertising Channel": "Search", "Views": 0, "Avg. CPC": 0.094, "Video played to 75%": 0.0, "Campaign state": "paused", "Video played to 50%": 0.0, "Interaction Rate": 41.67, "Mapping": false, "Account ID": "6493618146", "Start date": "2016-12-15", "Avg. CPE": 0.0, "Account Name": "[W] G1 - WPL - vc360", "Impressions": 12, "Video played to 25%": 0.0, "Engagements": 0, "Conversions": 1.0, "Video played to 100%": 0.0, "Avg. Cost": 0.094, "Interactions": 5, "Clicks": 5, "Avg. CPV": 0.0, "Unique cookies": "", "Invalid clicks": 0, "Advertising Sub Channel": "", "Interaction Types": ["Clicks"], "Avg. position": 1.2, "Date": "2017-03-02", "CTR": 41.67, "Dept": "WPL", "View rate": 0.0, "Bid Strategy Type": "cpc", "Cost": 0.47, "Campaign ID": "718374440", "Avg. CPM": 39.166667, "Campaign": "Gen-term_MT-G-NV_game nh\u1eadp vai m\u1edbi-bmm", "End date": ""}, {"Campaign serving status": "eligible", "Advertising Channel": "Search", "Views": 0, "Avg. CPC": 0.1, "Video played to 75%": 0.0, "Campaign state": "paused", "Video played to 50%": 0.0, "Interaction Rate": 25.0, "Mapping": false, "Account ID": "6493618146", "Start date": "2016-12-15", "Avg. CPE": 0.0, "Account Name": "[W] G1 - WPL - vc360", "Impressions": 4, "Video played to 25%": 0.0, "Engagements": 0, "Conversions": 1.0, "Video played to 100%": 0.0, "Avg. Cost": 0.1, "Interactions": 1, "Clicks": 1, "Avg. CPV": 0.0, "Unique cookies": "", "Invalid clicks": 0, "Advertising Sub Channel": "", "Interaction Types": ["Clicks"], "Avg. position": 1.3, "Date": "2017-03-02", "CTR": 25.0, "Dept": "WPL", "View rate": 0.0, "Bid Strategy Type": "cpc", "Cost": 0.1, "Campaign ID": "718374635", "Avg. CPM": 25.0, "Campaign": "Gen-term_MT-G-NV_game nhap vai 3d-bmm", "End date": ""}, {"Campaign serving status": "eligible", "Advertising Channel": "Search", "Views": 0, "Avg. CPC": 0.11, "Video played to 75%": 0.0, "Campaign state": "paused", "Video played to 50%": 0.0, "Interaction Rate": 33.33, "Mapping": false, "Account ID": "6493618146", "Start date": "2016-12-15", "Avg. CPE": 0.0, "Account Name": "[W] G1 - WPL - vc360", "Impressions": 9, "Video played to 25%": 0.0, "Engagements": 0, "Conversions": 2.0, "Video played to 100%": 0.0, "Avg. Cost": 0.11, "Interactions": 3, "Clicks": 3, "Avg. CPV": 0.0, "Unique cookies": "", "Invalid clicks": 0, "Advertising Sub Channel": "", "Interaction Types": ["Clicks"], "Avg. position": 1.1, "Date": "2017-03-02", "CTR": 33.33, "Dept": "WPL", "View rate": 0.0, "Bid Strategy Type": "cpc", "Cost": 0.33, "Campaign ID": "718374656", "Avg. CPM": 36.666667, "Campaign": "Gen-term_MT-G-NV_game nhap vai hay nh\u1ea5t-bmm", "End date": ""}, {"Campaign serving status": "eligible", "Advertising Channel": "Search", "Views": 0, "Avg. CPC": 0.1, "Video played to 75%": 0.0, "Campaign state": "paused", "Video played to 50%": 0.0, "Interaction Rate": 33.33, "Mapping": false, "Account ID": "6493618146", "Start date": "2016-12-15", "Avg. CPE": 0.0, "Account Name": "[W] G1 - WPL - vc360", "Impressions": 3, "Video played to 25%": 0.0, "Engagements": 0, "Conversions": 0.0, "Video played to 100%": 0.0, "Avg. Cost": 0.1, "Interactions": 1, "Clicks": 1, "Avg. CPV": 0.0, "Unique cookies": "", "Invalid clicks": 0, "Advertising Sub Channel": "", "Interaction Types": ["Clicks"], "Avg. position": 2.7, "Date": "2017-03-02", "CTR": 33.33, "Dept": "WPL", "View rate": 0.0, "Bid Strategy Type": "cpc", "Cost": 0.1, "Campaign ID": "718374125", "Avg. CPM": 33.333333, "Campaign": "Gen-term_FH-G-NEW_game m\u1edbi-bmm", "End date": ""}, {"Campaign serving status": "eligible", "Advertising Channel": "Search", "Views": 0, "Avg. CPC": 0.15, "Video played to 75%": 0.0, "Campaign state": "paused", "Video played to 50%": 0.0, "Interaction Rate": 20.0, "Mapping": false, "Account ID": "6493618146", "Start date": "2016-12-15", "Avg. CPE": 0.0, "Account Name": "[W] G1 - WPL - vc360", "Impressions": 5, "Video played to 25%": 0.0, "Engagements": 0, "Conversions": 0.0, "Video played to 100%": 0.0, "Avg. Cost": 0.15, "Interactions": 1, "Clicks": 1, "Avg. CPV": 0.0, "Unique cookies": "", "Invalid clicks": 0, "Advertising Sub Channel": "", "Interaction Types": ["Clicks"], "Avg. position": 1.0, "Date": "2017-03-02", "CTR": 20.0, "Dept": "WPL", "View rate": 0.0, "Bid Strategy Type": "cpc", "Cost": 0.15, "Campaign ID": "718375863", "Avg. CPM": 30.0, "Campaign": "Gen-term_MT-G-KH_game kiem hiep online-phr", "End date": ""}, {"Campaign serving status": "eligible", "Advertising Channel": "Search", "Views": 0, "Avg. CPC": 0.08, "Video played to 75%": 0.0, "Campaign state": "paused", "Video played to 50%": 0.0, "Interaction Rate": 14.29, "Mapping": false, "Account ID": "6493618146", "Start date": "2016-12-15", "Avg. CPE": 0.0, "Account Name": "[W] G1 - WPL - vc360", "Impressions": 7, "Video played to 25%": 0.0, "Engagements": 0, "Conversions": 0.0, "Video played to 100%": 0.0, "Avg. Cost": 0.08, "Interactions": 1, "Clicks": 1, "Avg. CPV": 0.0, "Unique cookies": "", "Invalid clicks": 0, "Advertising Sub Channel": "", "Interaction Types": ["Clicks"], "Avg. position": 1.4, "Date": "2017-03-02", "CTR": 14.29, "Dept": "WPL", "View rate": 0.0, "Bid Strategy Type": "cpc", "Cost": 0.08, "Campaign ID": "718375884", "Avg. CPM": 11.428571, "Campaign": "Gen-term_MT-G-KH_game kiem hiep 3d-phr", "End date": ""}, {"Campaign serving status": "eligible", "Advertising Channel": "Search", "Views": 0, "Avg. CPC": 0.1, "Video played to 75%": 0.0, "Campaign state": "paused", "Video played to 50%": 0.0, "Interaction Rate": 11.11, "Mapping": false, "Account ID": "6493618146", "Start date": "2016-12-15", "Avg. CPE": 0.0, "Account Name": "[W] G1 - WPL - vc360", "Impressions": 9, "Video played to 25%": 0.0, "Engagements": 0, "Conversions": 0.0, "Video played to 100%": 0.0, "Avg. Cost": 0.1, "Interactions": 1, "Clicks": 1, "Avg. CPV": 0.0, "Unique cookies": "", "Invalid clicks": 0, "Advertising Sub Channel": "", "Interaction Types": ["Clicks"], "Avg. position": 1.2, "Date": "2017-03-02", "CTR": 11.11, "Dept": "WPL", "View rate": 0.0, "Bid Strategy Type": "cpc", "Cost": 0.1, "Campaign ID": "718376054", "Avg. CPM": 11.111111, "Campaign": "Gen-term_MT-G-GO_game online nh\u1eadp vai-bmm", "End date": ""}, {"Campaign serving status": "eligible", "Advertising Channel": "Search", "Views": 0, "Avg. CPC": 0.05, "Video played to 75%": 0.0, "Campaign state": "paused", "Video played to 50%": 0.0, "Interaction Rate": 50.0, "Mapping": false, "Account ID": "6493618146", "Start date": "2016-12-15", "Avg. CPE": 0.0, "Account Name": "[W] G1 - WPL - vc360", "Impressions": 2, "Video played to 25%": 0.0, "Engagements": 0, "Conversions": 0.0, "Video played to 100%": 0.0, "Avg. Cost": 0.05, "Interactions": 1, "Clicks": 1, "Avg. CPV": 0.0, "Unique cookies": "", "Invalid clicks": 0, "Advertising Sub Channel": "", "Interaction Types": ["Clicks"], "Avg. position": 1.0, "Date": "2017-03-02", "CTR": 50.0, "Dept": "WPL", "View rate": 0.0, "Bid Strategy Type": "cpc", "Cost": 0.05, "Campaign ID": "718380126", "Avg. CPM": 25.0, "Campaign": "Gen-term_MT-G-KH_game ki\u1ebfm hi\u1ec7p v\u00f5 l\u00e2m-bmm", "End date": ""}, {"Campaign serving status": "eligible", "Advertising Channel": "Search", "Views": 0, "Avg. CPC": 0.2, "Video played to 75%": 0.0, "Campaign state": "paused", "Video played to 50%": 0.0, "Interaction Rate": 50.0, "Mapping": false, "Account ID": "6493618146", "Start date": "2016-12-15", "Avg. CPE": 0.0, "Account Name": "[W] G1 - WPL - vc360", "Impressions": 2, "Video played to 25%": 0.0, "Engagements": 0, "Conversions": 0.0, "Video played to 100%": 0.0, "Avg. Cost": 0.2, "Interactions": 1, "Clicks": 1, "Avg. CPV": 0.0, "Unique cookies": "", "Invalid clicks": 0, "Advertising Sub Channel": "", "Interaction Types": ["Clicks"], "Avg. position": 1.0, "Date": "2017-03-02", "CTR": 50.0, "Dept": "WPL", "View rate": 0.0, "Bid Strategy Type": "cpc", "Cost": 0.2, "Campaign ID": "718380636", "Avg. CPM": 100.0, "Campaign": "Gen-term_MT-G-TH_game ti\u00ean hi\u1ec7p hay-bmm", "End date": ""}, {"Campaign serving status": "eligible", "Advertising Channel": "Search", "Views": 0, "Avg. CPC": 0.12, "Video played to 75%": 0.0, "Campaign state": "paused", "Video played to 50%": 0.0, "Interaction Rate": 20.0, "Mapping": false, "Account ID": "6493618146", "Start date": "2016-12-15", "Avg. CPE": 0.0, "Account Name": "[W] G1 - WPL - vc360", "Impressions": 5, "Video played to 25%": 0.0, "Engagements": 0, "Conversions": 0.0, "Video played to 100%": 0.0, "Avg. Cost": 0.12, "Interactions": 1, "Clicks": 1, "Avg. CPV": 0.0, "Unique cookies": "", "Invalid clicks": 0, "Advertising Sub Channel": "", "Interaction Types": ["Clicks"], "Avg. position": 1.0, "Date": "2017-03-02", "CTR": 20.0, "Dept": "WPL", "View rate": 0.0, "Bid Strategy Type": "cpc", "Cost": 0.12, "Campaign ID": "718382391", "Avg. CPM": 24.0, "Campaign": "Gen-term_MT-G-3D_game 3d m\u00e1y t\u00ednh-bmm", "End date": ""}, {"Campaign serving status": "eligible", "Advertising Channel": "Search", "Views": 0, "Avg. CPC": 0.295, "Video played to 75%": 0.0, "Campaign state": "paused", "Video played to 50%": 0.0, "Interaction Rate": 25.0, "Mapping": false, "Account ID": "6493618146", "Start date": "2016-12-15", "Avg. CPE": 0.0, "Account Name": "[W] G1 - WPL - vc360", "Impressions": 8, "Video played to 25%": 0.0, "Engagements": 0, "Conversions": 1.0, "Video played to 100%": 0.0, "Avg. Cost": 0.295, "Interactions": 2, "Clicks": 2, "Avg. CPV": 0.0, "Unique cookies": "", "Invalid clicks": 0, "Advertising Sub Channel": "", "Interaction Types": ["Clicks"], "Avg. position": 1.0, "Date": "2017-03-02", "CTR": 25.0, "Dept": "WPL", "View rate": 0.0, "Bid Strategy Type": "cpc", "Cost": 0.59, "Campaign ID": "718375635", "Avg. CPM": 73.75, "Campaign": "Gen-term_MT-G-KH_game ki\u1ebfm hi\u1ec7p online-phr", "End date": ""}, {"Campaign serving status": "eligible", "Advertising Channel": "Search", "Views": 0, "Avg. CPC": 0.32, "Video played to 75%": 0.0, "Campaign state": "paused", "Video played to 50%": 0.0, "Interaction Rate": 25.0, "Mapping": false, "Account ID": "6493618146", "Start date": "2016-12-15", "Avg. CPE": 0.0, "Account Name": "[W] G1 - WPL - vc360", "Impressions": 4, "Video played to 25%": 0.0, "Engagements": 0, "Conversions": 0.0, "Video played to 100%": 0.0, "Avg. Cost": 0.32, "Interactions": 1, "Clicks": 1, "Avg. CPV": 0.0, "Unique cookies": "", "Invalid clicks": 0, "Advertising Sub Channel": "", "Interaction Types": ["Clicks"], "Avg. position": 1.3, "Date": "2017-03-02", "CTR": 25.0, "Dept": "WPL", "View rate": 0.0, "Bid Strategy Type": "cpc", "Cost": 0.32, "Campaign ID": "718376375", "Avg. CPM": 80.0, "Campaign": "Gen-term_MT-G-MT_game m\u00e1y t\u00ednh 3d-bmm", "End date": ""}, {"Campaign serving status": "eligible", "Advertising Channel": "Search", "Views": 0, "Avg. CPC": 0.38, "Video played to 75%": 0.0, "Campaign state": "paused", "Video played to 50%": 0.0, "Interaction Rate": 50.0, "Mapping": false, "Account ID": "6493618146", "Start date": "2016-12-15", "Avg. CPE": 0.0, "Account Name": "[W] G1 - WPL - vc360", "Impressions": 2, "Video played to 25%": 0.0, "Engagements": 0, "Conversions": 0.0, "Video played to 100%": 0.0, "Avg. Cost": 0.38, "Interactions": 1, "Clicks": 1, "Avg. CPV": 0.0, "Unique cookies": "", "Invalid clicks": 0, "Advertising Sub Channel": "", "Interaction Types": ["Clicks"], "Avg. position": 1.0, "Date": "2017-03-02", "CTR": 50.0, "Dept": "WPL", "View rate": 0.0, "Bid Strategy Type": "cpc", "Cost": 0.38, "Campaign ID": "718377795", "Avg. CPM": 190.0, "Campaign": "Gen-term_MT-G-CT_game chi\u1ebfn thu\u1eadt 2016-bmm", "End date": ""}, {"Campaign serving status": "eligible", "Advertising Channel": "Search", "Views": 0, "Avg. CPC": 0.29, "Video played to 75%": 0.0, "Campaign state": "paused", "Video played to 50%": 0.0, "Interaction Rate": 12.5, "Mapping": false, "Account ID": "6493618146", "Start date": "2016-12-15", "Avg. CPE": 0.0, "Account Name": "[W] G1 - WPL - vc360", "Impressions": 8, "Video played to 25%": 0.0, "Engagements": 0, "Conversions": 1.0, "Video played to 100%": 0.0, "Avg. Cost": 0.29, "Interactions": 1, "Clicks": 1, "Avg. CPV": 0.0, "Unique cookies": "", "Invalid clicks": 0, "Advertising Sub Channel": "", "Interaction Types": ["Clicks"], "Avg. position": 1.0, "Date": "2017-03-02", "CTR": 12.5, "Dept": "WPL", "View rate": 0.0, "Bid Strategy Type": "cpc", "Cost": 0.29, "Campaign ID": "718377804", "Avg. CPM": 36.25, "Campaign": "Gen-term_MT-G-CT_game chi\u1ebfn thu\u1eadt moi nhat-bmm", "End date": ""}, {"Campaign serving status": "eligible", "Advertising Channel": "Search", "Views": 0, "Avg. CPC": 0.046338, "Video played to 75%": 0.0, "Campaign state": "paused", "Video played to 50%": 0.0, "Interaction Rate": 17.15, "Mapping": false, "Account ID": "6493618146", "Start date": "2016-12-15", "Avg. CPE": 0.0, "Account Name": "[W] G1 - WPL - vc360", "Impressions": 414, "Video played to 25%": 0.0, "Engagements": 0, "Conversions": 15.0, "Video played to 100%": 0.0, "Avg. Cost": 0.046338, "Interactions": 71, "Clicks": 71, "Avg. CPV": 0.0, "Unique cookies": "", "Invalid clicks": 4, "Advertising Sub Channel": "", "Interaction Types": ["Clicks"], "Avg. position": 1.5, "Date": "2017-03-02", "CTR": 17.15, "Dept": "WPL", "View rate": 0.0, "Bid Strategy Type": "cpc", "Cost": 3.29, "Campaign ID": "718378202", "Avg. CPM": 7.94686, "Campaign": "Gen-term_FH-WG-BM-MOR", "End date": ""}, {"Campaign serving status": "eligible", "Advertising Channel": "Search", "Views": 0, "Avg. CPC": 0.022438, "Video played to 75%": 0.0, "Campaign state": "paused", "Video played to 50%": 0.0, "Interaction Rate": 28.12, "Mapping": false, "Account ID": "6493618146", "Start date": "2016-12-15", "Avg. CPE": 0.0, "Account Name": "[W] G1 - WPL - vc360", "Impressions": 569, "Video played to 25%": 0.0, "Engagements": 0, "Conversions": 10.0, "Video played to 100%": 0.0, "Avg. Cost": 0.022438, "Interactions": 160, "Clicks": 160, "Avg. CPV": 0.0, "Unique cookies": "", "Invalid clicks": 2, "Advertising Sub Channel": "", "Interaction Types": ["Clicks"], "Avg. position": 1.1, "Date": "2017-03-02", "CTR": 28.12, "Dept": "WPL", "View rate": 0.0, "Bid Strategy Type": "cpc", "Cost": 3.59, "Campaign ID": "718378223", "Avg. CPM": 6.309315, "Campaign": "Gen-term_360Game-BM-Mor", "End date": ""}, {"Campaign serving status": "eligible", "Advertising Channel": "Search", "Views": 0, "Avg. CPC": 0.194, "Video played to 75%": 0.0, "Campaign state": "paused", "Video played to 50%": 0.0, "Interaction Rate": 55.56, "Mapping": false, "Account ID": "6493618146", "Start date": "2016-12-15", "Avg. CPE": 0.0, "Account Name": "[W] G1 - WPL - vc360", "Impressions": 9, "Video played to 25%": 0.0, "Engagements": 0, "Conversions": 1.0, "Video played to 100%": 0.0, "Avg. Cost": 0.194, "Interactions": 5, "Clicks": 5, "Avg. CPV": 0.0, "Unique cookies": "", "Invalid clicks": 0, "Advertising Sub Channel": "", "Interaction Types": ["Clicks"], "Avg. position": 1.0, "Date": "2017-03-02", "CTR": 55.56, "Dept": "WPL", "View rate": 0.0, "Bid Strategy Type": "cpc", "Cost": 0.97, "Campaign ID": "718381134", "Avg. CPM": 107.777778, "Campaign": "Gen-term_MT-G-VL_game v\u00f5 l\u00e2m m\u1edbi nh\u1ea5t-bmm", "End date": ""}, {"Campaign serving status": "eligible", "Advertising Channel": "Search", "Views": 0, "Avg. CPC": 0.17, "Video played to 75%": 0.0, "Campaign state": "paused", "Video played to 50%": 0.0, "Interaction Rate": 20.0, "Mapping": false, "Account ID": "6493618146", "Start date": "2016-12-15", "Avg. CPE": 0.0, "Account Name": "[W] G1 - WPL - vc360", "Impressions": 5, "Video played to 25%": 0.0, "Engagements": 0, "Conversions": 0.0, "Video played to 100%": 0.0, "Avg. Cost": 0.17, "Interactions": 1, "Clicks": 1, "Avg. CPV": 0.0, "Unique cookies": "", "Invalid clicks": 0, "Advertising Sub Channel": "", "Interaction Types": ["Clicks"], "Avg. position": 1.2, "Date": "2017-03-02", "CTR": 20.0, "Dept": "WPL", "View rate": 0.0, "Bid Strategy Type": "cpc", "Cost": 0.17, "Campaign ID": "718377729", "Avg. CPM": 34.0, "Campaign": "Gen-term_MT-G-GO_game online 3d-phr", "End date": ""}, {"Campaign serving status": "eligible", "Advertising Channel": "Search", "Views": 0, "Avg. CPC": 0.1, "Video played to 75%": 0.0, "Campaign state": "paused", "Video played to 50%": 0.0, "Interaction Rate": 100.0, "Mapping": false, "Account ID": "6493618146", "Start date": "2016-12-15", "Avg. CPE": 0.0, "Account Name": "[W] G1 - WPL - vc360", "Impressions": 1, "Video played to 25%": 0.0, "Engagements": 0, "Conversions": 1.0, "Video played to 100%": 0.0, "Avg. Cost": 0.1, "Interactions": 1, "Clicks": 1, "Avg. CPV": 0.0, "Unique cookies": "", "Invalid clicks": 0, "Advertising Sub Channel": "", "Interaction Types": ["Clicks"], "Avg. position": 1.0, "Date": "2017-03-02", "CTR": 100.0, "Dept": "WPL", "View rate": 0.0, "Bid Strategy Type": "cpc", "Cost": 0.1, "Campaign ID": "718383060", "Avg. CPM": 100.0, "Campaign": "Gen-term_MT-W-2D_webgame 2d hay-bmm", "End date": ""}, {"Campaign serving status": "eligible", "Advertising Channel": "Search", "Views": 0, "Avg. CPC": 0.04, "Video played to 75%": 0.0, "Campaign state": "paused", "Video played to 50%": 0.0, "Interaction Rate": 11.11, "Mapping": false, "Account ID": "6493618146", "Start date": "2016-12-15", "Avg. CPE": 0.0, "Account Name": "[W] G1 - WPL - vc360", "Impressions": 9, "Video played to 25%": 0.0, "Engagements": 0, "Conversions": 1.0, "Video played to 100%": 0.0, "Avg. Cost": 0.04, "Interactions": 1, "Clicks": 1, "Avg. CPV": 0.0, "Unique cookies": "", "Invalid clicks": 0, "Advertising Sub Channel": "", "Interaction Types": ["Clicks"], "Avg. position": 1.1, "Date": "2017-03-02", "CTR": 11.11, "Dept": "WPL", "View rate": 0.0, "Bid Strategy Type": "cpc", "Cost": 0.04, "Campaign ID": "718383735", "Avg. CPM": 4.444444, "Campaign": "Gen-term_MT-Game-BMM-MOR", "End date": ""}, {"Campaign serving status": "eligible", "Advertising Channel": "Search", "Views": 0, "Avg. CPC": 0.05, "Video played to 75%": 0.0, "Campaign state": "paused", "Video played to 50%": 0.0, "Interaction Rate": 40.0, "Mapping": false, "Account ID": "6493618146", "Start date": "2016-12-15", "Avg. CPE": 0.0, "Account Name": "[W] G1 - WPL - vc360", "Impressions": 5, "Video played to 25%": 0.0, "Engagements": 0, "Conversions": 0.0, "Video played to 100%": 0.0, "Avg. Cost": 0.05, "Interactions": 2, "Clicks": 2, "Avg. CPV": 0.0, "Unique cookies": "", "Invalid clicks": 0, "Advertising Sub Channel": "", "Interaction Types": ["Clicks"], "Avg. position": 2.6, "Date": "2017-03-02", "CTR": 40.0, "Dept": "WPL", "View rate": 0.0, "Bid Strategy Type": "cpc", "Cost": 0.1, "Campaign ID": "718383744", "Avg. CPM": 20.0, "Campaign": "Gen-term_FH-Game-BMM-MOR", "End date": ""}, {"Campaign serving status": "eligible", "Advertising Channel": "Search", "Views": 0, "Avg. CPC": 0.028333, "Video played to 75%": 0.0, "Campaign state": "paused", "Video played to 50%": 0.0, "Interaction Rate": 25.0, "Mapping": false, "Account ID": "6493618146", "Start date": "2016-12-15", "Avg. CPE": 0.0, "Account Name": "[W] G1 - WPL - vc360", "Impressions": 24, "Video played to 25%": 0.0, "Engagements": 0, "Conversions": 0.0, "Video played to 100%": 0.0, "Avg. Cost": 0.028333, "Interactions": 6, "Clicks": 6, "Avg. CPV": 0.0, "Unique cookies": "", "Invalid clicks": 2, "Advertising Sub Channel": "", "Interaction Types": ["Clicks"], "Avg. position": 1.4, "Date": "2017-03-02", "CTR": 25.0, "Dept": "WPL", "View rate": 0.0, "Bid Strategy Type": "cpc", "Cost": 0.17, "Campaign ID": "718383750", "Avg. CPM": 7.083333, "Campaign": "Gen-term_FH-GO-BMM-MOR", "End date": ""}, {"Campaign serving status": "", "Advertising Channel": "", "Views": 0, "Avg. CPC": 0.02015, "Video played to 75%": 0.0, "Campaign state": "Total", "Video played to 50%": 0.0, "Interaction Rate": 43.34, "Mapping": false, "Account ID": "6493618146", "Start date": "", "Avg. CPE": 0.0, "Account Name": "[W] G1 - WPL - vc360", "Impressions": 8617, "Video played to 25%": 0.0, "Engagements": 0, "Conversions": 220.0, "Video played to 100%": 0.0, "Avg. Cost": 0.02015, "Interactions": 3735, "Clicks": 3735, "Avg. CPV": 0.0, "Unique cookies": "", "Invalid clicks": 93, "Advertising Sub Channel": "", "Interaction Types": "", "Avg. position": 1.2, "Date": "2017-03-02", "CTR": 43.34, "Dept": "WPL", "View rate": 0.0, "Bid Strategy Type": "", "Cost": 75.26, "Campaign ID": "", "Avg. CPM": 8.733898, "Campaign": "", "End date": ""}]